run_id,attempt_id,attempt_number,supersedes_attempt_id,game_id,model_key,model_family,model_id,requested_provider,observed_provider,requested_endpoint,observed_endpoint,requested_quantization,observed_quantization,track,i2_identity,started_at,finished_at,duration_ms,trace_id,span_id,hidden_code,code_length,symbol_set_size,initial_query_credits,queries_used,credits_remaining,final_answer,positions_correct,final_score,solved,submission_type,num_model_calls,num_http_attempts,num_transport_retries,num_invalid_responses,total_input_tokens,total_output_tokens,total_reasoning_tokens,total_cached_tokens,total_cache_write_tokens,total_tokens,total_cost_usd,token_totals_complete,cost_total_complete,cache_hit_detected,prompt_hash,inference_settings,routing_settings,run_status,analysis_eligible,exclusion_reasons,error_category,error_message,parse_error,interaction_trace
7b30d92f-f95a-4bd2-9534-240ae6522bea,7b30d92f-f95a-4bd2-9534-240ae6522bea,1,,5,deepseek,deepseek-v4-flash-0731,deepseek/deepseek-v4-flash-0731,baidu,Baidu,baidu/fp8,,,,B,same_model_instance,2026-08-16T09:59:24.892Z,2026-08-16T09:59:28.689Z,3797,3d3baa6feb49226c87c6bc0788fe1936,1057ab6dad3ad967,HGGGADC,7,10,10,0,10,AAAAAAA,1,0.14285714285714285,false,partial,1,1,0,0,263,7,,,,270,1.78388e-05,true,true,false,beac9c73922a2ffe8812688677869d60b795a42f7917e7d966869980810162d3,"{""max_tokens"":8192,""temperature"":null,""top_p"":null,""top_k"":null,""min_p"":null,""seed"":null,""reasoning"":{""enabled"":false,""effort"":null,""max_tokens"":null,""exclude"":true},""thinking"":null}","{""endpoint_slug"":""baidu/fp8"",""quantizations"":null,""allow_fallbacks"":false,""require_parameters"":true}",completed,true,[],,,,"[{""step"":1,""credits_before"":10,""http_attempts"":[{""attempt_number"":1,""started_at"":""2026-08-16T09:59:24.892Z"",""finished_at"":""2026-08-16T09:59:28.689Z"",""duration_ms"":3797,""status_code"":200,""error_category"":null,""error_message"":null,""usage"":{""input_tokens"":263,""output_tokens"":7,""reasoning_tokens"":null,""cached_tokens"":null,""cache_write_tokens"":null,""total_tokens"":270},""cost_usd"":1.78388e-05,""generation_id"":""gen-1786874367-ziHsRsKzEHXkKUDsHY0d"",""response_cache_status"":""UNKNOWN"",""observed_provider"":""Baidu"",""observed_endpoint"":null,""observed_quantization"":null}],""response_cache_status"":""UNKNOWN"",""raw_action_valid"":true,""action_received"":""SUBMIT"",""value"":""AAAAAAA"",""action_applied"":""SUBMIT"",""coerced_at_zero_credits"":false,""credits_remaining"":10}]"
b53a05ac-1089-4d1f-842f-195314ee918d,b53a05ac-1089-4d1f-842f-195314ee918d,1,,1,deepseek,deepseek-v4-flash-0731,deepseek/deepseek-v4-flash-0731,baidu,Baidu,baidu/fp8,,,,B,same_model_instance,2026-08-16T10:01:01.894Z,2026-08-16T10:01:25.622Z,23728,3d3baa6feb49226c87c6bc0788fe1936,84870adbb76792c5,EBICIJB,7,10,10,0,10,ABCDEFG,1,0.14285714285714285,false,partial,1,1,0,0,263,7,,256,,270,4.64968e-06,true,true,false,beac9c73922a2ffe8812688677869d60b795a42f7917e7d966869980810162d3,"{""max_tokens"":8192,""temperature"":null,""top_p"":null,""top_k"":null,""min_p"":null,""seed"":null,""reasoning"":{""enabled"":false,""effort"":null,""max_tokens"":null,""exclude"":true},""thinking"":null}","{""endpoint_slug"":""baidu/fp8"",""quantizations"":null,""allow_fallbacks"":false,""require_parameters"":true}",completed,true,[],,,,"[{""step"":1,""credits_before"":10,""http_attempts"":[{""attempt_number"":1,""started_at"":""2026-08-16T10:01:01.894Z"",""finished_at"":""2026-08-16T10:01:25.622Z"",""duration_ms"":23728,""status_code"":200,""error_category"":null,""error_message"":null,""usage"":{""input_tokens"":263,""output_tokens"":7,""reasoning_tokens"":null,""cached_tokens"":256,""cache_write_tokens"":null,""total_tokens"":270},""cost_usd"":4.64968e-06,""generation_id"":""gen-1786874484-awCPp24F4noYESGrA6Cn"",""response_cache_status"":""UNKNOWN"",""observed_provider"":""Baidu"",""observed_endpoint"":null,""observed_quantization"":null}],""response_cache_status"":""UNKNOWN"",""raw_action_valid"":true,""action_received"":""SUBMIT"",""value"":""ABCDEFG"",""action_applied"":""SUBMIT"",""coerced_at_zero_credits"":false,""credits_remaining"":10}]"
973b2ede-301e-4a3d-8b5d-8e392db3a984,973b2ede-301e-4a3d-8b5d-8e392db3a984,1,,11,deepseek,deepseek-v4-flash-0731,deepseek/deepseek-v4-flash-0731,baidu,Baidu,baidu/fp8,,,,B,same_model_instance,2026-08-16T10:01:58.876Z,2026-08-16T10:02:23.097Z,24221,3d3baa6feb49226c87c6bc0788fe1936,285fbb51991f0b6c,EAJHABB,7,10,10,0,10,AAAAAAA,2,0.2857142857142857,false,partial,1,1,0,0,263,7,,256,,270,4.64968e-06,true,true,false,beac9c73922a2ffe8812688677869d60b795a42f7917e7d966869980810162d3,"{""max_tokens"":8192,""temperature"":null,""top_p"":null,""top_k"":null,""min_p"":null,""seed"":null,""reasoning"":{""enabled"":false,""effort"":null,""max_tokens"":null,""exclude"":true},""thinking"":null}","{""endpoint_slug"":""baidu/fp8"",""quantizations"":null,""allow_fallbacks"":false,""require_parameters"":true}",completed,true,[],,,,"[{""step"":1,""credits_before"":10,""http_attempts"":[{""attempt_number"":1,""started_at"":""2026-08-16T10:01:58.877Z"",""finished_at"":""2026-08-16T10:02:23.096Z"",""duration_ms"":24220,""status_code"":200,""error_category"":null,""error_message"":null,""usage"":{""input_tokens"":263,""output_tokens"":7,""reasoning_tokens"":null,""cached_tokens"":256,""cache_write_tokens"":null,""total_tokens"":270},""cost_usd"":4.64968e-06,""generation_id"":""gen-1786874541-8gtDU60ZrUPMDbRyRPMn"",""response_cache_status"":""UNKNOWN"",""observed_provider"":""Baidu"",""observed_endpoint"":null,""observed_quantization"":null}],""response_cache_status"":""UNKNOWN"",""raw_action_valid"":true,""action_received"":""SUBMIT"",""value"":""AAAAAAA"",""action_applied"":""SUBMIT"",""coerced_at_zero_credits"":false,""credits_remaining"":10}]"
629ea596-468d-4bd2-a2b2-68f764bf553a,629ea596-468d-4bd2-a2b2-68f764bf553a,1,,3,deepseek,deepseek-v4-flash-0731,deepseek/deepseek-v4-flash-0731,baidu,Baidu,baidu/fp8,,,,B,same_model_instance,2026-08-16T10:02:25.719Z,2026-08-16T10:02:49.779Z,24060,3d3baa6feb49226c87c6bc0788fe1936,dccff9dd662b0ceb,ABJFIBD,7,10,10,0,10,AAAAAAA,1,0.14285714285714285,false,partial,1,1,0,0,263,7,,256,,270,4.64968e-06,true,true,false,beac9c73922a2ffe8812688677869d60b795a42f7917e7d966869980810162d3,"{""max_tokens"":8192,""temperature"":null,""top_p"":null,""top_k"":null,""min_p"":null,""seed"":null,""reasoning"":{""enabled"":false,""effort"":null,""max_tokens"":null,""exclude"":true},""thinking"":null}","{""endpoint_slug"":""baidu/fp8"",""quantizations"":null,""allow_fallbacks"":false,""require_parameters"":true}",completed,true,[],,,,"[{""step"":1,""credits_before"":10,""http_attempts"":[{""attempt_number"":1,""started_at"":""2026-08-16T10:02:25.719Z"",""finished_at"":""2026-08-16T10:02:49.779Z"",""duration_ms"":24060,""status_code"":200,""error_category"":null,""error_message"":null,""usage"":{""input_tokens"":263,""output_tokens"":7,""reasoning_tokens"":null,""cached_tokens"":256,""cache_write_tokens"":null,""total_tokens"":270},""cost_usd"":4.64968e-06,""generation_id"":""gen-1786874568-QxU8F6vmQPILwE1Lg26T"",""response_cache_status"":""UNKNOWN"",""observed_provider"":""Baidu"",""observed_endpoint"":null,""observed_quantization"":null}],""response_cache_status"":""UNKNOWN"",""raw_action_valid"":true,""action_received"":""SUBMIT"",""value"":""AAAAAAA"",""action_applied"":""SUBMIT"",""coerced_at_zero_credits"":false,""credits_remaining"":10}]"
11eca680-c4b3-43be-94d1-5eedfec84fcd,11eca680-c4b3-43be-94d1-5eedfec84fcd,1,,7,deepseek,deepseek-v4-flash-0731,deepseek/deepseek-v4-flash-0731,baidu,Baidu,baidu/fp8,,,,C,different_model,2026-08-16T10:01:10.626Z,2026-08-16T10:09:20.739Z,490113,3d3baa6feb49226c87c6bc0788fe1936,f6f042b7182a1016,AAFFCCF,7,10,10,1,9,ABCDEFG,1,0.14285714285714285,false,partial,3,3,0,1,2333,727,,1280,,3060,0.0001779372,true,true,false,2ac8682c462a8f01ea519b44aa73090e57243476b55eaf2539123ca100c55ab6,"{""max_tokens"":8192,""temperature"":null,""top_p"":null,""top_k"":null,""min_p"":null,""seed"":null,""reasoning"":{""enabled"":false,""effort"":null,""max_tokens"":null,""exclude"":true},""thinking"":null}","{""endpoint_slug"":""baidu/fp8"",""quantizations"":null,""allow_fallbacks"":false,""require_parameters"":true}",completed,true,[],,,response must be exactly QUERY <symbols> or SUBMIT <symbols>,"[{""step"":1,""credits_before"":10,""http_attempts"":[{""attempt_number"":1,""started_at"":""2026-08-16T10:01:10.626Z"",""finished_at"":""2026-08-16T10:01:39.764Z"",""duration_ms"":29137,""status_code"":200,""error_category"":null,""error_message"":null,""usage"":{""input_tokens"":268,""output_tokens"":714,""reasoning_tokens"":null,""cached_tokens"":256,""cache_write_tokens"":null,""total_tokens"":982},""cost_usd"":9.603328e-05,""generation_id"":""gen-1786874493-3Znm0aTf5BhWnXy2PnxD"",""response_cache_status"":""UNKNOWN"",""observed_provider"":""Baidu"",""observed_endpoint"":null,""observed_quantization"":null}],""response_cache_status"":""UNKNOWN"",""raw_action_valid"":false,""action"":null,""parse_error"":""response must be exactly QUERY <symbols> or SUBMIT <symbols>"",""consecutive_invalid_responses"":1},{""step"":2,""credits_before"":10,""http_attempts"":[{""attempt_number"":1,""started_at"":""2026-08-16T10:05:07.890Z"",""finished_at"":""2026-08-16T10:05:32.043Z"",""duration_ms"":24153,""status_code"":200,""error_category"":null,""error_message"":null,""usage"":{""input_tokens"":1016,""output_tokens"":6,""reasoning_tokens"":null,""cached_tokens"":256,""cache_write_tokens"":null,""total_tokens"":1022},""cost_usd"":5.301408e-05,""generation_id"":""gen-1786874730-4LlzQBY52vAExwVdCwyp"",""response_cache_status"":""UNKNOWN"",""observed_provider"":""Baidu"",""observed_endpoint"":null,""observed_quantization"":null}],""response_cache_status"":""UNKNOWN"",""raw_action_valid"":true,""action_received"":""QUERY"",""value"":""ABCDEFG"",""action_applied"":""QUERY"",""feedback"":{""exact"":1,""misplaced"":2},""credits_remaining"":9},{""step"":3,""credits_before"":9,""http_attempts"":[{""attempt_number"":1,""started_at"":""2026-08-16T10:08:56.297Z"",""finished_at"":""2026-08-16T10:09:20.739Z"",""duration_ms"":24442,""status_code"":200,""error_category"":null,""error_message"":null,""usage"":{""input_tokens"":1049,""output_tokens"":7,""reasoning_tokens"":null,""cached_tokens"":768,""cache_write_tokens"":null,""total_tokens"":1056},""cost_usd"":2.888984e-05,""generation_id"":""gen-1786874958-kHIPD7feurslghGDufyr"",""response_cache_status"":""UNKNOWN"",""observed_provider"":""Baidu"",""observed_endpoint"":null,""observed_quantization"":null}],""response_cache_status"":""UNKNOWN"",""raw_action_valid"":true,""action_received"":""SUBMIT"",""value"":""ABCDEFG"",""action_applied"":""SUBMIT"",""coerced_at_zero_credits"":false,""credits_remaining"":9}]"
9221b247-36a1-4c17-962d-bbc344a8cccf,9221b247-36a1-4c17-962d-bbc344a8cccf,1,,16,deepseek,deepseek-v4-flash-0731,deepseek/deepseek-v4-flash-0731,baidu,Baidu,baidu/fp8,,,,A,continuation,2026-08-16T09:59:24.891Z,2026-08-16T10:18:34.363Z,1149472,3d3baa6feb49226c87c6bc0788fe1936,f3e1f463f8d58cb8,DJDEICH,7,10,10,3,7,,,,,,6,6,0,3,2070,41,,1280,,2111,7.26432e-05,true,true,false,a193e42687075f855a907c617cb6eb43c5979e687d22273bbab4c0919af923ac,"{""max_tokens"":8192,""temperature"":null,""top_p"":null,""top_k"":null,""min_p"":null,""seed"":null,""reasoning"":{""enabled"":false,""effort"":null,""max_tokens"":null,""exclude"":true},""thinking"":null}","{""endpoint_slug"":""baidu/fp8"",""quantizations"":null,""allow_fallbacks"":false,""require_parameters"":true}",invalid_submission,false,"[""invalid_submission""]",invalid_format,response must contain exactly 7 symbols,response must contain exactly 7 symbols,"[{""step"":1,""credits_before"":10,""http_attempts"":[{""attempt_number"":1,""started_at"":""2026-08-16T09:59:24.892Z"",""finished_at"":""2026-08-16T09:59:25.636Z"",""duration_ms"":745,""status_code"":200,""error_category"":null,""error_message"":null,""usage"":{""input_tokens"":258,""output_tokens"":6,""reasoning_tokens"":null,""cached_tokens"":null,""cache_write_tokens"":null,""total_tokens"":264},""cost_usd"":1.7388e-05,""generation_id"":""gen-1786874364-csKXi78e4fnGxcSxEKJr"",""response_cache_status"":""UNKNOWN"",""observed_provider"":""Baidu"",""observed_endpoint"":null,""observed_quantization"":null}],""response_cache_status"":""UNKNOWN"",""raw_action_valid"":true,""action_received"":""QUERY"",""value"":""ABCDEFG"",""action_applied"":""QUERY"",""feedback"":{""exact"":0,""misplaced"":3},""credits_remaining"":9},{""step"":2,""credits_before"":9,""http_attempts"":[{""attempt_number"":1,""started_at"":""2026-08-16T10:03:01.658Z"",""finished_at"":""2026-08-16T10:03:25.810Z"",""duration_ms"":24152,""status_code"":200,""error_category"":null,""error_message"":null,""usage"":{""input_tokens"":291,""output_tokens"":6,""reasoning_tokens"":null,""cached_tokens"":256,""cache_write_tokens"":null,""total_tokens"":297},""cost_usd"":6.32408e-06,""generation_id"":""gen-1786874604-aWYx7n5mCNkHBrjljZu7"",""response_cache_status"":""UNKNOWN"",""observed_provider"":""Baidu"",""observed_endpoint"":null,""observed_quantization"":null}],""response_cache_status"":""UNKNOWN"",""raw_action_valid"":true,""action_received"":""QUERY"",""value"":""HABCDEF"",""action_applied"":""QUERY"",""feedback"":{""exact"":0,""misplaced"":4},""credits_remaining"":8},{""step"":3,""credits_before"":8,""http_attempts"":[{""attempt_number"":1,""started_at"":""2026-08-16T10:06:49.909Z"",""finished_at"":""2026-08-16T10:07:14.060Z"",""duration_ms"":24151,""status_code"":200,""error_category"":null,""error_message"":null,""usage"":{""input_tokens"":324,""output_tokens"":6,""reasoning_tokens"":null,""cached_tokens"":256,""cache_write_tokens"":null,""total_tokens"":330},""cost_usd"":8.44928e-06,""generation_id"":""gen-1786874832-VzaXOpClLLA5YsrDqlGg"",""response_cache_status"":""UNKNOWN"",""observed_provider"":""Baidu"",""observed_endpoint"":null,""observed_quantization"":null}],""response_cache_status"":""UNKNOWN"",""raw_action_valid"":true,""action_received"":""QUERY"",""value"":""ABCDEHI"",""action_applied"":""QUERY"",""feedback"":{""exact"":0,""misplaced"":5},""credits_remaining"":7},{""step"":4,""credits_before"":7,""http_attempts"":[{""attempt_number"":1,""started_at"":""2026-08-16T10:10:38.577Z"",""finished_at"":""2026-08-16T10:11:02.565Z"",""duration_ms"":23988,""status_code"":200,""error_category"":null,""error_message"":null,""usage"":{""input_tokens"":357,""output_tokens"":8,""reasoning_tokens"":null,""cached_tokens"":256,""cache_write_tokens"":null,""total_tokens"":365},""cost_usd"":1.083208e-05,""generation_id"":""gen-1786875061-ccfeilwST6N9nGIWtJDu"",""response_cache_status"":""UNKNOWN"",""observed_provider"":""Baidu"",""observed_endpoint"":null,""observed_quantization"":null}],""response_cache_status"":""UNKNOWN"",""raw_action_valid"":false,""action"":null,""parse_error"":""response must contain exactly 7 symbols"",""consecutive_invalid_responses"":1},{""step"":5,""credits_before"":7,""http_attempts"":[{""attempt_number"":1,""started_at"":""2026-08-16T10:14:23.985Z"",""finished_at"":""2026-08-16T10:14:48.295Z"",""duration_ms"":24311,""status_code"":200,""error_category"":null,""error_message"":null,""usage"":{""input_tokens"":399,""output_tokens"":8,""reasoning_tokens"":null,""cached_tokens"":256,""cache_write_tokens"":null,""total_tokens"":407},""cost_usd"":1.353688e-05,""generation_id"":""gen-1786875286-pT4QkUdoHUmxRM6Blb7T"",""response_cache_status"":""UNKNOWN"",""observed_provider"":""Baidu"",""observed_endpoint"":null,""observed_quantization"":null}],""response_cache_status"":""UNKNOWN"",""raw_action_valid"":false,""action"":null,""parse_error"":""response must contain exactly 7 symbols"",""consecutive_invalid_responses"":2},{""step"":6,""credits_before"":7,""http_attempts"":[{""attempt_number"":1,""started_at"":""2026-08-16T10:18:13.353Z"",""finished_at"":""2026-08-16T10:18:34.363Z"",""duration_ms"":21010,""status_code"":200,""error_category"":null,""error_message"":null,""usage"":{""input_tokens"":441,""output_tokens"":7,""reasoning_tokens"":null,""cached_tokens"":256,""cache_write_tokens"":null,""total_tokens"":448},""cost_usd"":1.611288e-05,""generation_id"":""gen-1786875512-DwcY0kPv8gXUWzpnX6D3"",""response_cache_status"":""UNKNOWN"",""observed_provider"":""Baidu"",""observed_endpoint"":null,""observed_quantization"":null}],""response_cache_status"":""UNKNOWN"",""raw_action_valid"":false,""action"":null,""parse_error"":""response must contain exactly 7 symbols"",""consecutive_invalid_responses"":3}]"
9e092ea5-ba84-4a61-91e4-ed3e2d4cfcd8,9e092ea5-ba84-4a61-91e4-ed3e2d4cfcd8,1,,20,deepseek,deepseek-v4-flash-0731,deepseek/deepseek-v4-flash-0731,baidu,Baidu,baidu/fp8,,,,C,different_model,2026-08-16T10:02:31.729Z,2026-08-16T10:25:25.943Z,1374214,3d3baa6feb49226c87c6bc0788fe1936,324635474d25071f,CFEBGDD,7,10,10,4,6,,,,,,7,7,0,3,2591,44,,1792,,2635,8.020375999999999e-05,true,true,false,2ac8682c462a8f01ea519b44aa73090e57243476b55eaf2539123ca100c55ab6,"{""max_tokens"":8192,""temperature"":null,""top_p"":null,""top_k"":null,""min_p"":null,""seed"":null,""reasoning"":{""enabled"":false,""effort"":null,""max_tokens"":null,""exclude"":true},""thinking"":null}","{""endpoint_slug"":""baidu/fp8"",""quantizations"":null,""allow_fallbacks"":false,""require_parameters"":true}",invalid_submission,false,"[""invalid_submission""]",invalid_format,response contains invalid symbols: KM,response contains invalid symbols: KM,"[{""step"":1,""credits_before"":10,""http_attempts"":[{""attempt_number"":1,""started_at"":""2026-08-16T10:02:31.729Z"",""finished_at"":""2026-08-16T10:02:52.676Z"",""duration_ms"":20947,""status_code"":200,""error_category"":null,""error_message"":null,""usage"":{""input_tokens"":268,""output_tokens"":6,""reasoning_tokens"":null,""cached_tokens"":256,""cache_write_tokens"":null,""total_tokens"":274},""cost_usd"":4.84288e-06,""generation_id"":""gen-1786874571-9yeYXIii40V2BXaPNShO"",""response_cache_status"":""UNKNOWN"",""observed_provider"":""Baidu"",""observed_endpoint"":null,""observed_quantization"":null}],""response_cache_status"":""UNKNOWN"",""raw_action_valid"":true,""action_received"":""QUERY"",""value"":""ABCDEFG"",""action_applied"":""QUERY"",""feedback"":{""exact"":0,""misplaced"":6},""credits_remaining"":9},{""step"":2,""credits_before"":9,""http_attempts"":[{""attempt_number"":1,""started_at"":""2026-08-16T10:06:17.065Z"",""finished_at"":""2026-08-16T10:06:41.136Z"",""duration_ms"":24070,""status_code"":200,""error_category"":null,""error_message"":null,""usage"":{""input_tokens"":301,""output_tokens"":6,""reasoning_tokens"":null,""cached_tokens"":256,""cache_write_tokens"":null,""total_tokens"":307},""cost_usd"":6.96808e-06,""generation_id"":""gen-1786874799-DZzoPwqoXkTMlWLxLZ6y"",""response_cache_status"":""UNKNOWN"",""observed_provider"":""Baidu"",""observed_endpoint"":null,""observed_quantization"":null}],""response_cache_status"":""UNKNOWN"",""raw_action_valid"":true,""action_received"":""QUERY"",""value"":""ABCDEFH"",""action_applied"":""QUERY"",""feedback"":{""exact"":0,""misplaced"":5},""credits_remaining"":8},{""step"":3,""credits_before"":8,""http_attempts"":[{""attempt_number"":1,""started_at"":""2026-08-16T10:10:05.423Z"",""finished_at"":""2026-08-16T10:10:29.472Z"",""duration_ms"":24049,""status_code"":200,""error_category"":null,""error_message"":null,""usage"":{""input_tokens"":334,""output_tokens"":6,""reasoning_tokens"":null,""cached_tokens"":256,""cache_write_tokens"":null,""total_tokens"":340},""cost_usd"":9.09328e-06,""generation_id"":""gen-1786875028-W5gGAGNagD32NLX9k7Yv"",""response_cache_status"":""UNKNOWN"",""observed_provider"":""Baidu"",""observed_endpoint"":null,""observed_quantization"":null}],""response_cache_status"":""UNKNOWN"",""raw_action_valid"":true,""action_received"":""QUERY"",""value"":""ABCDEHI"",""action_applied"":""QUERY"",""feedback"":{""exact"":0,""misplaced"":4},""credits_remaining"":7},{""step"":4,""credits_before"":7,""http_attempts"":[{""attempt_number"":1,""started_at"":""2026-08-16T10:13:53.964Z"",""finished_at"":""2026-08-16T10:14:15.038Z"",""duration_ms"":21074,""status_code"":200,""error_category"":null,""error_message"":null,""usage"":{""input_tokens"":367,""output_tokens"":6,""reasoning_tokens"":null,""cached_tokens"":256,""cache_write_tokens"":null,""total_tokens"":373},""cost_usd"":1.121848e-05,""generation_id"":""gen-1786875253-dRjLiOZNQ1J4nV2QVOiQ"",""response_cache_status"":""UNKNOWN"",""observed_provider"":""Baidu"",""observed_endpoint"":null,""observed_quantization"":null}],""response_cache_status"":""UNKNOWN"",""raw_action_valid"":true,""action_received"":""QUERY"",""value"":""ABCDIJH"",""action_applied"":""QUERY"",""feedback"":{""exact"":0,""misplaced"":3},""credits_remaining"":6},{""step"":5,""credits_before"":6,""http_attempts"":[{""attempt_number"":1,""started_at"":""2026-08-16T10:17:36.700Z"",""finished_at"":""2026-08-16T10:18:00.564Z"",""duration_ms"":23864,""status_code"":200,""error_category"":null,""error_message"":null,""usage"":{""input_tokens"":400,""output_tokens"":6,""reasoning_tokens"":null,""cached_tokens"":256,""cache_write_tokens"":null,""total_tokens"":406},""cost_usd"":1.334368e-05,""generation_id"":""gen-1786875479-x62DRccVBBw928m8Mxif"",""response_cache_status"":""UNKNOWN"",""observed_provider"":""Baidu"",""observed_endpoint"":null,""observed_quantization"":null}],""response_cache_status"":""UNKNOWN"",""raw_action_valid"":false,""action"":null,""parse_error"":""response contains invalid symbols: K"",""consecutive_invalid_responses"":1},{""step"":6,""credits_before"":6,""http_attempts"":[{""attempt_number"":1,""started_at"":""2026-08-16T10:21:27.859Z"",""finished_at"":""2026-08-16T10:21:46.090Z"",""duration_ms"":18232,""status_code"":200,""error_category"":null,""error_message"":null,""usage"":{""input_tokens"":440,""output_tokens"":7,""reasoning_tokens"":null,""cached_tokens"":256,""cache_write_tokens"":null,""total_tokens"":447},""cost_usd"":1.604848e-05,""generation_id"":""gen-1786875704-pTD3gwUUpEVxWfqaA1rP"",""response_cache_status"":""UNKNOWN"",""observed_provider"":""Baidu"",""observed_endpoint"":null,""observed_quantization"":null}],""response_cache_status"":""UNKNOWN"",""raw_action_valid"":false,""action"":null,""parse_error"":""response contains invalid symbols: KL"",""consecutive_invalid_responses"":2},{""step"":7,""credits_before"":6,""http_attempts"":[{""attempt_number"":1,""started_at"":""2026-08-16T10:25:01.435Z"",""finished_at"":""2026-08-16T10:25:25.942Z"",""duration_ms"":24507,""status_code"":200,""error_category"":null,""error_message"":null,""usage"":{""input_tokens"":481,""output_tokens"":7,""reasoning_tokens"":null,""cached_tokens"":256,""cache_write_tokens"":null,""total_tokens"":488},""cost_usd"":1.868888e-05,""generation_id"":""gen-1786875923-vYS6zLcLlQI05jIrMlKi"",""response_cache_status"":""UNKNOWN"",""observed_provider"":""Baidu"",""observed_endpoint"":null,""observed_quantization"":null}],""response_cache_status"":""UNKNOWN"",""raw_action_valid"":false,""action"":null,""parse_error"":""response contains invalid symbols: KM"",""consecutive_invalid_responses"":3}]"
d3bcfadd-0054-4a40-8342-7eca63b483b1,d3bcfadd-0054-4a40-8342-7eca63b483b1,1,,9,deepseek,deepseek-v4-flash-0731,deepseek/deepseek-v4-flash-0731,baidu,Baidu,baidu/fp8,,,,C,different_model,2026-08-16T10:00:49.575Z,2026-08-16T10:27:37.650Z,1608075,3d3baa6feb49226c87c6bc0788fe1936,41ca31621cc36c35,FJHFGFB,7,10,10,6,4,BBBBBBB,1,0.14285714285714285,false,partial,8,8,0,1,3092,53,,2048,,3145,0.00010043824,true,true,false,2ac8682c462a8f01ea519b44aa73090e57243476b55eaf2539123ca100c55ab6,"{""max_tokens"":8192,""temperature"":null,""top_p"":null,""top_k"":null,""min_p"":null,""seed"":null,""reasoning"":{""enabled"":false,""effort"":null,""max_tokens"":null,""exclude"":true},""thinking"":null}","{""endpoint_slug"":""baidu/fp8"",""quantizations"":null,""allow_fallbacks"":false,""require_parameters"":true}",completed,true,[],,,response must be exactly QUERY <symbols> or SUBMIT <symbols>,"[{""step"":1,""credits_before"":10,""http_attempts"":[{""attempt_number"":1,""started_at"":""2026-08-16T10:00:49.575Z"",""finished_at"":""2026-08-16T10:01:13.629Z"",""duration_ms"":24054,""status_code"":200,""error_category"":null,""error_message"":null,""usage"":{""input_tokens"":268,""output_tokens"":6,""reasoning_tokens"":null,""cached_tokens"":256,""cache_write_tokens"":null,""total_tokens"":274},""cost_usd"":4.84288e-06,""generation_id"":""gen-1786874472-VirGwhCfOcujSLqgx6cm"",""response_cache_status"":""UNKNOWN"",""observed_provider"":""Baidu"",""observed_endpoint"":null,""observed_quantization"":null}],""response_cache_status"":""UNKNOWN"",""raw_action_valid"":true,""action_received"":""QUERY"",""value"":""AAAAAAA"",""action_applied"":""QUERY"",""feedback"":{""exact"":0,""misplaced"":0},""credits_remaining"":9},{""step"":2,""credits_before"":9,""http_attempts"":[{""attempt_number"":1,""started_at"":""2026-08-16T10:04:46.856Z"",""finished_at"":""2026-08-16T10:05:10.797Z"",""duration_ms"":23941,""status_code"":200,""error_category"":null,""error_message"":null,""usage"":{""input_tokens"":301,""output_tokens"":6,""reasoning_tokens"":null,""cached_tokens"":256,""cache_write_tokens"":null,""total_tokens"":307},""cost_usd"":6.96808e-06,""generation_id"":""gen-1786874709-e345v0HM1rVjyAWWgXBd"",""response_cache_status"":""UNKNOWN"",""observed_provider"":""Baidu"",""observed_endpoint"":null,""observed_quantization"":null}],""response_cache_status"":""UNKNOWN"",""raw_action_valid"":true,""action_received"":""QUERY"",""value"":""BBBBBBB"",""action_applied"":""QUERY"",""feedback"":{""exact"":1,""misplaced"":0},""credits_remaining"":8},{""step"":3,""credits_before"":8,""http_attempts"":[{""attempt_number"":1,""started_at"":""2026-08-16T10:08:35.270Z"",""finished_at"":""2026-08-16T10:08:59.462Z"",""duration_ms"":24192,""status_code"":200,""error_category"":null,""error_message"":null,""usage"":{""input_tokens"":334,""output_tokens"":6,""reasoning_tokens"":null,""cached_tokens"":256,""cache_write_tokens"":null,""total_tokens"":340},""cost_usd"":9.09328e-06,""generation_id"":""gen-1786874937-d6tr9czFAsM4TTpNqUEP"",""response_cache_status"":""UNKNOWN"",""observed_provider"":""Baidu"",""observed_endpoint"":null,""observed_quantization"":null}],""response_cache_status"":""UNKNOWN"",""raw_action_valid"":true,""action_received"":""QUERY"",""value"":""CCCCCCC"",""action_applied"":""QUERY"",""feedback"":{""exact"":0,""misplaced"":0},""credits_remaining"":7},{""step"":4,""credits_before"":7,""http_attempts"":[{""attempt_number"":1,""started_at"":""2026-08-16T10:12:24.033Z"",""finished_at"":""2026-08-16T10:12:47.761Z"",""duration_ms"":23728,""status_code"":200,""error_category"":null,""error_message"":null,""usage"":{""input_tokens"":367,""output_tokens"":7,""reasoning_tokens"":null,""cached_tokens"":256,""cache_write_tokens"":null,""total_tokens"":374},""cost_usd"":1.134728e-05,""generation_id"":""gen-1786875166-IuNpmKVTc5nQHbylvSTd"",""response_cache_status"":""UNKNOWN"",""observed_provider"":""Baidu"",""observed_endpoint"":null,""observed_quantization"":null}],""response_cache_status"":""UNKNOWN"",""raw_action_valid"":true,""action_received"":""QUERY"",""value"":""DDDDDDD"",""action_applied"":""QUERY"",""feedback"":{""exact"":0,""misplaced"":0},""credits_remaining"":6},{""step"":5,""credits_before"":6,""http_attempts"":[{""attempt_number"":1,""started_at"":""2026-08-16T10:16:09.193Z"",""finished_at"":""2026-08-16T10:16:33.553Z"",""duration_ms"":24360,""status_code"":200,""error_category"":null,""error_message"":null,""usage"":{""input_tokens"":401,""output_tokens"":7,""reasoning_tokens"":null,""cached_tokens"":256,""cache_write_tokens"":null,""total_tokens"":408},""cost_usd"":1.353688e-05,""generation_id"":""gen-1786875391-GZ6p0tEeiZqrTEdbcB1i"",""response_cache_status"":""UNKNOWN"",""observed_provider"":""Baidu"",""observed_endpoint"":null,""observed_quantization"":null}],""response_cache_status"":""UNKNOWN"",""raw_action_valid"":true,""action_received"":""QUERY"",""value"":""EEEEEEE"",""action_applied"":""QUERY"",""feedback"":{""exact"":0,""misplaced"":0},""credits_remaining"":5},{""step"":6,""credits_before"":5,""http_attempts"":[{""attempt_number"":1,""started_at"":""2026-08-16T10:19:51.910Z"",""finished_at"":""2026-08-16T10:20:15.692Z"",""duration_ms"":23782,""status_code"":200,""error_category"":null,""error_message"":null,""usage"":{""input_tokens"":435,""output_tokens"":7,""reasoning_tokens"":null,""cached_tokens"":256,""cache_write_tokens"":null,""total_tokens"":442},""cost_usd"":1.572648e-05,""generation_id"":""gen-1786875614-DEmQ2JnsEBcSHgCTz3aE"",""response_cache_status"":""UNKNOWN"",""observed_provider"":""Baidu"",""observed_endpoint"":null,""observed_quantization"":null}],""response_cache_status"":""UNKNOWN"",""raw_action_valid"":false,""action"":null,""parse_error"":""response must be exactly QUERY <symbols> or SUBMIT <symbols>"",""consecutive_invalid_responses"":1},{""step"":7,""credits_before"":5,""http_attempts"":[{""attempt_number"":1,""started_at"":""2026-08-16T10:23:34.968Z"",""finished_at"":""2026-08-16T10:23:58.072Z"",""duration_ms"":23104,""status_code"":200,""error_category"":null,""error_message"":null,""usage"":{""input_tokens"":476,""output_tokens"":7,""reasoning_tokens"":null,""cached_tokens"":256,""cache_write_tokens"":null,""total_tokens"":483},""cost_usd"":1.836688e-05,""generation_id"":""gen-1786875836-IPR941FK7oeHPkrC7tKh"",""response_cache_status"":""UNKNOWN"",""observed_provider"":""Baidu"",""observed_endpoint"":null,""observed_quantization"":null}],""response_cache_status"":""UNKNOWN"",""raw_action_valid"":true,""action_received"":""QUERY"",""value"":""GGGGGGG"",""action_applied"":""QUERY"",""feedback"":{""exact"":1,""misplaced"":0},""credits_remaining"":4},{""step"":8,""credits_before"":4,""http_attempts"":[{""attempt_number"":1,""started_at"":""2026-08-16T10:27:13.848Z"",""finished_at"":""2026-08-16T10:27:37.649Z"",""duration_ms"":23801,""status_code"":200,""error_category"":null,""error_message"":null,""usage"":{""input_tokens"":510,""output_tokens"":7,""reasoning_tokens"":null,""cached_tokens"":256,""cache_write_tokens"":null,""total_tokens"":517},""cost_usd"":2.055648e-05,""generation_id"":""gen-1786876056-Mii5F19C04zN2Rpy0YMr"",""response_cache_status"":""UNKNOWN"",""observed_provider"":""Baidu"",""observed_endpoint"":null,""observed_quantization"":null}],""response_cache_status"":""UNKNOWN"",""raw_action_valid"":true,""action_received"":""SUBMIT"",""value"":""BBBBBBB"",""action_applied"":""SUBMIT"",""coerced_at_zero_credits"":false,""credits_remaining"":4}]"
e774c922-96e3-4a6c-b06f-6e21fbd89562,e774c922-96e3-4a6c-b06f-6e21fbd89562,1,,13,deepseek,deepseek-v4-flash-0731,deepseek/deepseek-v4-flash-0731,baidu,Baidu,baidu/fp8,,,,D,none,2026-08-16T10:00:19.551Z,2026-08-16T10:30:53.176Z,1833626,3d3baa6feb49226c87c6bc0788fe1936,06051d137098d1e6,GCFCGGH,7,10,10,8,2,EFGEFGJ,1,0.14285714285714285,false,partial,9,9,0,0,3318,65,,1792,,3383,0.00012972736,true,true,false,35eb269349366de62767de54014a2ee9e18f1c8ac55a4d1100739e287293bf0b,"{""max_tokens"":8192,""temperature"":null,""top_p"":null,""top_k"":null,""min_p"":null,""seed"":null,""reasoning"":{""enabled"":false,""effort"":null,""max_tokens"":null,""exclude"":true},""thinking"":null}","{""endpoint_slug"":""baidu/fp8"",""quantizations"":null,""allow_fallbacks"":false,""require_parameters"":true}",completed,true,[],,,,"[{""step"":1,""credits_before"":10,""http_attempts"":[{""attempt_number"":1,""started_at"":""2026-08-16T10:00:19.551Z"",""finished_at"":""2026-08-16T10:00:43.567Z"",""duration_ms"":24016,""status_code"":200,""error_category"":null,""error_message"":null,""usage"":{""input_tokens"":234,""output_tokens"":6,""reasoning_tokens"":null,""cached_tokens"":null,""cache_write_tokens"":null,""total_tokens"":240},""cost_usd"":1.58424e-05,""generation_id"":""gen-1786874442-rZe88FAvr8IwaIGjsftq"",""response_cache_status"":""UNKNOWN"",""observed_provider"":""Baidu"",""observed_endpoint"":null,""observed_quantization"":null}],""response_cache_status"":""UNKNOWN"",""raw_action_valid"":true,""action_received"":""QUERY"",""value"":""ABCDEFG"",""action_applied"":""QUERY"",""feedback"":{""exact"":0,""misplaced"":3},""credits_remaining"":9},{""step"":2,""credits_before"":9,""http_attempts"":[{""attempt_number"":1,""started_at"":""2026-08-16T10:04:16.719Z"",""finished_at"":""2026-08-16T10:04:40.841Z"",""duration_ms"":24122,""status_code"":200,""error_category"":null,""error_message"":null,""usage"":{""input_tokens"":267,""output_tokens"":6,""reasoning_tokens"":null,""cached_tokens"":null,""cache_write_tokens"":null,""total_tokens"":273},""cost_usd"":1.79676e-05,""generation_id"":""gen-1786874679-vfT4Y3DHBUHw7K0UpeTD"",""response_cache_status"":""UNKNOWN"",""observed_provider"":""Baidu"",""observed_endpoint"":null,""observed_quantization"":null}],""response_cache_status"":""UNKNOWN"",""raw_action_valid"":true,""action_received"":""QUERY"",""value"":""HIJABCD"",""action_applied"":""QUERY"",""feedback"":{""exact"":0,""misplaced"":2},""credits_remaining"":8},{""step"":3,""credits_before"":8,""http_attempts"":[{""attempt_number"":1,""started_at"":""2026-08-16T10:08:05.443Z"",""finished_at"":""2026-08-16T10:08:29.168Z"",""duration_ms"":23725,""status_code"":200,""error_category"":null,""error_message"":null,""usage"":{""input_tokens"":300,""output_tokens"":7,""reasoning_tokens"":null,""cached_tokens"":256,""cache_write_tokens"":null,""total_tokens"":307},""cost_usd"":7.03248e-06,""generation_id"":""gen-1786874907-oxgl1XQTC4RQLTKK8EGw"",""response_cache_status"":""UNKNOWN"",""observed_provider"":""Baidu"",""observed_endpoint"":null,""observed_quantization"":null}],""response_cache_status"":""UNKNOWN"",""raw_action_valid"":true,""action_received"":""QUERY"",""value"":""EFGHIJH"",""action_applied"":""QUERY"",""feedback"":{""exact"":1,""misplaced"":2},""credits_remaining"":7},{""step"":4,""credits_before"":7,""http_attempts"":[{""attempt_number"":1,""started_at"":""2026-08-16T10:11:54.138Z"",""finished_at"":""2026-08-16T10:12:17.702Z"",""duration_ms"":23564,""status_code"":200,""error_category"":null,""error_message"":null,""usage"":{""input_tokens"":334,""output_tokens"":7,""reasoning_tokens"":null,""cached_tokens"":256,""cache_write_tokens"":null,""total_tokens"":341},""cost_usd"":9.22208e-06,""generation_id"":""gen-1786875136-05TXu7DSmUajn4BgDBUO"",""response_cache_status"":""UNKNOWN"",""observed_provider"":""Baidu"",""observed_endpoint"":null,""observed_quantization"":null}],""response_cache_status"":""UNKNOWN"",""raw_action_valid"":true,""action_received"":""QUERY"",""value"":""AABBCCD"",""action_applied"":""QUERY"",""feedback"":{""exact"":0,""misplaced"":2},""credits_remaining"":6},{""step"":5,""credits_before"":6,""http_attempts"":[{""attempt_number"":1,""started_at"":""2026-08-16T10:15:39.262Z"",""finished_at"":""2026-08-16T10:16:03.238Z"",""duration_ms"":23976,""status_code"":200,""error_category"":null,""error_message"":null,""usage"":{""input_tokens"":368,""output_tokens"":7,""reasoning_tokens"":null,""cached_tokens"":256,""cache_write_tokens"":null,""total_tokens"":375},""cost_usd"":1.141168e-05,""generation_id"":""gen-1786875361-qUHwAgO3XX2zAU0QlBr5"",""response_cache_status"":""UNKNOWN"",""observed_provider"":""Baidu"",""observed_endpoint"":null,""observed_quantization"":null}],""response_cache_status"":""UNKNOWN"",""raw_action_valid"":true,""action_received"":""QUERY"",""value"":""DDDEEEF"",""action_applied"":""QUERY"",""feedback"":{""exact"":0,""misplaced"":1},""credits_remaining"":5},{""step"":6,""credits_before"":5,""http_attempts"":[{""attempt_number"":1,""started_at"":""2026-08-16T10:19:24.666Z"",""finished_at"":""2026-08-16T10:19:49.393Z"",""duration_ms"":24727,""status_code"":200,""error_category"":null,""error_message"":null,""usage"":{""input_tokens"":402,""output_tokens"":7,""reasoning_tokens"":null,""cached_tokens"":256,""cache_write_tokens"":null,""total_tokens"":409},""cost_usd"":1.360128e-05,""generation_id"":""gen-1786875587-IQ0Qn1l5C9wjAJ2wjj5j"",""response_cache_status"":""UNKNOWN"",""observed_provider"":""Baidu"",""observed_endpoint"":null,""observed_quantization"":null}],""response_cache_status"":""UNKNOWN"",""raw_action_valid"":true,""action_received"":""QUERY"",""value"":""FGHIJFG"",""action_applied"":""QUERY"",""feedback"":{""exact"":0,""misplaced"":4},""credits_remaining"":4},{""step"":7,""credits_before"":4,""http_attempts"":[{""attempt_number"":1,""started_at"":""2026-08-16T10:23:07.064Z"",""finished_at"":""2026-08-16T10:23:31.096Z"",""duration_ms"":24032,""status_code"":200,""error_category"":null,""error_message"":null,""usage"":{""input_tokens"":436,""output_tokens"":8,""reasoning_tokens"":null,""cached_tokens"":256,""cache_write_tokens"":null,""total_tokens"":444},""cost_usd"":1.591968e-05,""generation_id"":""gen-1786875809-wI8MuUlfIQY9xaQkTTss"",""response_cache_status"":""UNKNOWN"",""observed_provider"":""Baidu"",""observed_endpoint"":null,""observed_quantization"":null}],""response_cache_status"":""UNKNOWN"",""raw_action_valid"":true,""action_received"":""QUERY"",""value"":""GGHHIIJ"",""action_applied"":""QUERY"",""feedback"":{""exact"":1,""misplaced"":2},""credits_remaining"":3},{""step"":8,""credits_before"":3,""http_attempts"":[{""attempt_number"":1,""started_at"":""2026-08-16T10:26:49.602Z"",""finished_at"":""2026-08-16T10:27:13.847Z"",""duration_ms"":24245,""status_code"":200,""error_category"":null,""error_message"":null,""usage"":{""input_tokens"":471,""output_tokens"":8,""reasoning_tokens"":null,""cached_tokens"":256,""cache_write_tokens"":null,""total_tokens"":479},""cost_usd"":1.817368e-05,""generation_id"":""gen-1786876032-L1AQLQBEEraZRxJYqQ3F"",""response_cache_status"":""UNKNOWN"",""observed_provider"":""Baidu"",""observed_endpoint"":null,""observed_quantization"":null}],""response_cache_status"":""UNKNOWN"",""raw_action_valid"":true,""action_received"":""QUERY"",""value"":""HIJHIHI"",""action_applied"":""QUERY"",""feedback"":{""exact"":0,""misplaced"":1},""credits_remaining"":2},{""step"":9,""credits_before"":2,""http_attempts"":[{""attempt_number"":1,""started_at"":""2026-08-16T10:30:31.919Z"",""finished_at"":""2026-08-16T10:30:53.176Z"",""duration_ms"":21257,""status_code"":200,""error_category"":null,""error_message"":null,""usage"":{""input_tokens"":506,""output_tokens"":9,""reasoning_tokens"":null,""cached_tokens"":256,""cache_write_tokens"":null,""total_tokens"":515},""cost_usd"":2.055648e-05,""generation_id"":""gen-1786876251-qDToZtg5reKWLs4vTYwx"",""response_cache_status"":""UNKNOWN"",""observed_provider"":""Baidu"",""observed_endpoint"":null,""observed_quantization"":null}],""response_cache_status"":""UNKNOWN"",""raw_action_valid"":true,""action_received"":""SUBMIT"",""value"":""EFGEFGJ"",""action_applied"":""SUBMIT"",""coerced_at_zero_credits"":false,""credits_remaining"":2}]"
6e76e603-e53c-462b-b0ce-51a5549b3c60,6e76e603-e53c-462b-b0ce-51a5549b3c60,1,,7,deepseek,deepseek-v4-flash-0731,deepseek/deepseek-v4-flash-0731,baidu,Baidu,baidu/fp8,,,,B,same_model_instance,2026-08-16T09:59:40.495Z,2026-08-16T10:33:23.771Z,2023277,3d3baa6feb49226c87c6bc0788fe1936,da10bd303dd4707a,AAFFCCF,7,10,10,9,1,JJJJJJJ,0,0.0,false,partial,10,10,0,0,4127,65,,2816,,4192,0.00012907048,true,true,false,beac9c73922a2ffe8812688677869d60b795a42f7917e7d966869980810162d3,"{""max_tokens"":8192,""temperature"":null,""top_p"":null,""top_k"":null,""min_p"":null,""seed"":null,""reasoning"":{""enabled"":false,""effort"":null,""max_tokens"":null,""exclude"":true},""thinking"":null}","{""endpoint_slug"":""baidu/fp8"",""quantizations"":null,""allow_fallbacks"":false,""require_parameters"":true}",completed,true,[],,,,"[{""step"":1,""credits_before"":10,""http_attempts"":[{""attempt_number"":1,""started_at"":""2026-08-16T09:59:40.495Z"",""finished_at"":""2026-08-16T09:59:58.462Z"",""duration_ms"":17967,""status_code"":200,""error_category"":null,""error_message"":null,""usage"":{""input_tokens"":263,""output_tokens"":6,""reasoning_tokens"":null,""cached_tokens"":256,""cache_write_tokens"":null,""total_tokens"":269},""cost_usd"":4.52088e-06,""generation_id"":""gen-1786874397-e1xqRlxNXn8u5aVf5l4d"",""response_cache_status"":""UNKNOWN"",""observed_provider"":""Baidu"",""observed_endpoint"":null,""observed_quantization"":null}],""response_cache_status"":""UNKNOWN"",""raw_action_valid"":true,""action_received"":""QUERY"",""value"":""AAAAAAA"",""action_applied"":""QUERY"",""feedback"":{""exact"":2,""misplaced"":0},""credits_remaining"":9},{""step"":2,""credits_before"":9,""http_attempts"":[{""attempt_number"":1,""started_at"":""2026-08-16T10:03:28.945Z"",""finished_at"":""2026-08-16T10:03:52.686Z"",""duration_ms"":23742,""status_code"":200,""error_category"":null,""error_message"":null,""usage"":{""input_tokens"":296,""output_tokens"":6,""reasoning_tokens"":null,""cached_tokens"":256,""cache_write_tokens"":null,""total_tokens"":302},""cost_usd"":6.64608e-06,""generation_id"":""gen-1786874631-n5R3f0gWQppm0hUqTUwj"",""response_cache_status"":""UNKNOWN"",""observed_provider"":""Baidu"",""observed_endpoint"":null,""observed_quantization"":null}],""response_cache_status"":""UNKNOWN"",""raw_action_valid"":true,""action_received"":""QUERY"",""value"":""BBBBBBB"",""action_applied"":""QUERY"",""feedback"":{""exact"":0,""misplaced"":0},""credits_remaining"":8},{""step"":3,""credits_before"":8,""http_attempts"":[{""attempt_number"":1,""started_at"":""2026-08-16T10:07:17.027Z"",""finished_at"":""2026-08-16T10:07:41.448Z"",""duration_ms"":24420,""status_code"":200,""error_category"":null,""error_message"":null,""usage"":{""input_tokens"":329,""output_tokens"":6,""reasoning_tokens"":null,""cached_tokens"":256,""cache_write_tokens"":null,""total_tokens"":335},""cost_usd"":8.77128e-06,""generation_id"":""gen-1786874859-QipzoFQypDe900ukgiEn"",""response_cache_status"":""UNKNOWN"",""observed_provider"":""Baidu"",""observed_endpoint"":null,""observed_quantization"":null}],""response_cache_status"":""UNKNOWN"",""raw_action_valid"":true,""action_received"":""QUERY"",""value"":""CCCCCCC"",""action_applied"":""QUERY"",""feedback"":{""exact"":2,""misplaced"":0},""credits_remaining"":7},{""step"":4,""credits_before"":7,""http_attempts"":[{""attempt_number"":1,""started_at"":""2026-08-16T10:11:05.530Z"",""finished_at"":""2026-08-16T10:11:29.733Z"",""duration_ms"":24204,""status_code"":200,""error_category"":null,""error_message"":null,""usage"":{""input_tokens"":362,""output_tokens"":7,""reasoning_tokens"":null,""cached_tokens"":256,""cache_write_tokens"":null,""total_tokens"":369},""cost_usd"":1.102528e-05,""generation_id"":""gen-1786875088-smiayrTLdhoPYrwFbMIC"",""response_cache_status"":""UNKNOWN"",""observed_provider"":""Baidu"",""observed_endpoint"":null,""observed_quantization"":null}],""response_cache_status"":""UNKNOWN"",""raw_action_valid"":true,""action_received"":""QUERY"",""value"":""DDDDDDD"",""action_applied"":""QUERY"",""feedback"":{""exact"":0,""misplaced"":0},""credits_remaining"":6},{""step"":5,""credits_before"":6,""http_attempts"":[{""attempt_number"":1,""started_at"":""2026-08-16T10:14:51.103Z"",""finished_at"":""2026-08-16T10:15:15.121Z"",""duration_ms"":24018,""status_code"":200,""error_category"":null,""error_message"":null,""usage"":{""input_tokens"":396,""output_tokens"":7,""reasoning_tokens"":null,""cached_tokens"":256,""cache_write_tokens"":null,""total_tokens"":403},""cost_usd"":1.321488e-05,""generation_id"":""gen-1786875313-jKzJAFcsSOQ1O5jA7uKa"",""response_cache_status"":""UNKNOWN"",""observed_provider"":""Baidu"",""observed_endpoint"":null,""observed_quantization"":null}],""response_cache_status"":""UNKNOWN"",""raw_action_valid"":true,""action_received"":""QUERY"",""value"":""EEEEEEE"",""action_applied"":""QUERY"",""feedback"":{""exact"":0,""misplaced"":0},""credits_remaining"":5},{""step"":6,""credits_before"":5,""http_attempts"":[{""attempt_number"":1,""started_at"":""2026-08-16T10:18:36.893Z"",""finished_at"":""2026-08-16T10:19:00.867Z"",""duration_ms"":23974,""status_code"":200,""error_category"":null,""error_message"":null,""usage"":{""input_tokens"":430,""output_tokens"":5,""reasoning_tokens"":null,""cached_tokens"":256,""cache_write_tokens"":null,""total_tokens"":435},""cost_usd"":1.514688e-05,""generation_id"":""gen-1786875539-EQTCKcewaH5ErpXm08AV"",""response_cache_status"":""UNKNOWN"",""observed_provider"":""Baidu"",""observed_endpoint"":null,""observed_quantization"":null}],""response_cache_status"":""UNKNOWN"",""raw_action_valid"":true,""action_received"":""QUERY"",""value"":""FFFFFFF"",""action_applied"":""QUERY"",""feedback"":{""exact"":3,""misplaced"":0},""credits_remaining"":4},{""step"":7,""credits_before"":4,""http_attempts"":[{""attempt_number"":1,""started_at"":""2026-08-16T10:22:20.659Z"",""finished_at"":""2026-08-16T10:22:40.529Z"",""duration_ms"":19869,""status_code"":200,""error_category"":null,""error_message"":null,""usage"":{""input_tokens"":462,""output_tokens"":7,""reasoning_tokens"":null,""cached_tokens"":256,""cache_write_tokens"":null,""total_tokens"":469},""cost_usd"":1.746528e-05,""generation_id"":""gen-1786875758-1uzohbuRRidbziYpZwfr"",""response_cache_status"":""UNKNOWN"",""observed_provider"":""Baidu"",""observed_endpoint"":null,""observed_quantization"":null}],""response_cache_status"":""UNKNOWN"",""raw_action_valid"":true,""action_received"":""QUERY"",""value"":""GGGGGGG"",""action_applied"":""QUERY"",""feedback"":{""exact"":0,""misplaced"":0},""credits_remaining"":3},{""step"":8,""credits_before"":3,""http_attempts"":[{""attempt_number"":1,""started_at"":""2026-08-16T10:25:55.416Z"",""finished_at"":""2026-08-16T10:26:16.452Z"",""duration_ms"":21036,""status_code"":200,""error_category"":null,""error_message"":null,""usage"":{""input_tokens"":496,""output_tokens"":7,""reasoning_tokens"":null,""cached_tokens"":256,""cache_write_tokens"":null,""total_tokens"":503},""cost_usd"":1.965488e-05,""generation_id"":""gen-1786875975-GsFRXQfifQ0EtQVGSBJF"",""response_cache_status"":""UNKNOWN"",""observed_provider"":""Baidu"",""observed_endpoint"":null,""observed_quantization"":null}],""response_cache_status"":""UNKNOWN"",""raw_action_valid"":true,""action_received"":""QUERY"",""value"":""HHHHHHH"",""action_applied"":""QUERY"",""feedback"":{""exact"":0,""misplaced"":0},""credits_remaining"":2},{""step"":9,""credits_before"":2,""http_attempts"":[{""attempt_number"":1,""started_at"":""2026-08-16T10:29:29.518Z"",""finished_at"":""2026-08-16T10:29:49.744Z"",""duration_ms"":20226,""status_code"":200,""error_category"":null,""error_message"":null,""usage"":{""input_tokens"":530,""output_tokens"":6,""reasoning_tokens"":null,""cached_tokens"":256,""cache_write_tokens"":null,""total_tokens"":536},""cost_usd"":2.171568e-05,""generation_id"":""gen-1786876188-gn2y9820jLRpkHw8U8mF"",""response_cache_status"":""UNKNOWN"",""observed_provider"":""Baidu"",""observed_endpoint"":null,""observed_quantization"":null}],""response_cache_status"":""UNKNOWN"",""raw_action_valid"":true,""action_received"":""QUERY"",""value"":""IIIIIII"",""action_applied"":""QUERY"",""feedback"":{""exact"":0,""misplaced"":0},""credits_remaining"":1},{""step"":10,""credits_before"":1,""http_attempts"":[{""attempt_number"":1,""started_at"":""2026-08-16T10:32:59.030Z"",""finished_at"":""2026-08-16T10:33:23.771Z"",""duration_ms"":24741,""status_code"":200,""error_category"":null,""error_message"":null,""usage"":{""input_tokens"":563,""output_tokens"":8,""reasoning_tokens"":null,""cached_tokens"":512,""cache_write_tokens"":null,""total_tokens"":571},""cost_usd"":1.090936e-05,""generation_id"":""gen-1786876401-Mes3dEHMzVOk9csxAuaw"",""response_cache_status"":""UNKNOWN"",""observed_provider"":""Baidu"",""observed_endpoint"":null,""observed_quantization"":null}],""response_cache_status"":""UNKNOWN"",""raw_action_valid"":true,""action_received"":""SUBMIT"",""value"":""JJJJJJJ"",""action_applied"":""SUBMIT"",""coerced_at_zero_credits"":false,""credits_remaining"":1}]"
460c01fa-1ef9-4d90-b0af-c0c80ce10433,460c01fa-1ef9-4d90-b0af-c0c80ce10433,1,,5,deepseek,deepseek-v4-flash-0731,deepseek/deepseek-v4-flash-0731,baidu,Baidu,baidu/fp8,,,,A,continuation,2026-08-16T09:59:28.738Z,2026-08-16T10:33:53.863Z,2065125,3d3baa6feb49226c87c6bc0788fe1936,9a889267f457a218,HGGGADC,7,10,10,5,5,DAHHCCE,0,0.0,false,partial,10,10,0,4,20574,8253,,10496,,28827,0.00184719808,true,true,false,a193e42687075f855a907c617cb6eb43c5979e687d22273bbab4c0919af923ac,"{""max_tokens"":8192,""temperature"":null,""top_p"":null,""top_k"":null,""min_p"":null,""seed"":null,""reasoning"":{""enabled"":false,""effort"":null,""max_tokens"":null,""exclude"":true},""thinking"":null}","{""endpoint_slug"":""baidu/fp8"",""quantizations"":null,""allow_fallbacks"":false,""require_parameters"":true}",completed,true,[],,,response must contain exactly 7 symbols,"[{""step"":1,""credits_before"":10,""http_attempts"":[{""attempt_number"":1,""started_at"":""2026-08-16T09:59:28.738Z"",""finished_at"":""2026-08-16T09:59:52.751Z"",""duration_ms"":24013,""status_code"":200,""error_category"":null,""error_message"":null,""usage"":{""input_tokens"":258,""output_tokens"":6,""reasoning_tokens"":null,""cached_tokens"":256,""cache_write_tokens"":null,""total_tokens"":264},""cost_usd"":4.19888e-06,""generation_id"":""gen-1786874391-g7BHSVNPZptComs7x9zz"",""response_cache_status"":""UNKNOWN"",""observed_provider"":""Baidu"",""observed_endpoint"":null,""observed_quantization"":null}],""response_cache_status"":""UNKNOWN"",""raw_action_valid"":true,""action_received"":""QUERY"",""value"":""ABCDEFG"",""action_applied"":""QUERY"",""feedback"":{""exact"":0,""misplaced"":4},""credits_remaining"":9},{""step"":2,""credits_before"":9,""http_attempts"":[{""attempt_number"":1,""started_at"":""2026-08-16T10:03:25.811Z"",""finished_at"":""2026-08-16T10:03:49.933Z"",""duration_ms"":24122,""status_code"":200,""error_category"":null,""error_message"":null,""usage"":{""input_tokens"":291,""output_tokens"":6,""reasoning_tokens"":null,""cached_tokens"":256,""cache_write_tokens"":null,""total_tokens"":297},""cost_usd"":6.32408e-06,""generation_id"":""gen-1786874628-OxQ8MnaDKc7cjFHLkDOE"",""response_cache_status"":""UNKNOWN"",""observed_provider"":""Baidu"",""observed_endpoint"":null,""observed_quantization"":null}],""response_cache_status"":""UNKNOWN"",""raw_action_valid"":false,""action"":null,""parse_error"":""response must contain exactly 7 symbols"",""consecutive_invalid_responses"":1},{""step"":3,""credits_before"":9,""http_attempts"":[{""attempt_number"":1,""started_at"":""2026-08-16T10:07:14.061Z"",""finished_at"":""2026-08-16T10:07:38.212Z"",""duration_ms"":24152,""status_code"":200,""error_category"":null,""error_message"":null,""usage"":{""input_tokens"":331,""output_tokens"":6,""reasoning_tokens"":null,""cached_tokens"":256,""cache_write_tokens"":null,""total_tokens"":337},""cost_usd"":8.90008e-06,""generation_id"":""gen-1786874856-Kasfi1S5ikuXRWfmXCzv"",""response_cache_status"":""UNKNOWN"",""observed_provider"":""Baidu"",""observed_endpoint"":null,""observed_quantization"":null}],""response_cache_status"":""UNKNOWN"",""raw_action_valid"":true,""action_received"":""QUERY"",""value"":""HIJABCD"",""action_applied"":""QUERY"",""feedback"":{""exact"":1,""misplaced"":3},""credits_remaining"":8},{""step"":4,""credits_before"":8,""http_attempts"":[{""attempt_number"":1,""started_at"":""2026-08-16T10:11:02.566Z"",""finished_at"":""2026-08-16T10:11:26.784Z"",""duration_ms"":24218,""status_code"":200,""error_category"":null,""error_message"":null,""usage"":{""input_tokens"":364,""output_tokens"":7,""reasoning_tokens"":null,""cached_tokens"":256,""cache_write_tokens"":null,""total_tokens"":371},""cost_usd"":1.115408e-05,""generation_id"":""gen-1786875085-V5LQ27Dahy9oKVKzvbEV"",""response_cache_status"":""UNKNOWN"",""observed_provider"":""Baidu"",""observed_endpoint"":null,""observed_quantization"":null}],""response_cache_status"":""UNKNOWN"",""raw_action_valid"":false,""action"":null,""parse_error"":""response must contain exactly 7 symbols"",""consecutive_invalid_responses"":1},{""step"":5,""credits_before"":8,""http_attempts"":[{""attempt_number"":1,""started_at"":""2026-08-16T10:14:48.296Z"",""finished_at"":""2026-08-16T10:15:12.208Z"",""duration_ms"":23912,""status_code"":200,""error_category"":null,""error_message"":null,""usage"":{""input_tokens"":405,""output_tokens"":7,""reasoning_tokens"":null,""cached_tokens"":256,""cache_write_tokens"":null,""total_tokens"":412},""cost_usd"":1.379448e-05,""generation_id"":""gen-1786875310-P92YvFQPrWJ63zyfAo9I"",""response_cache_status"":""UNKNOWN"",""observed_provider"":""Baidu"",""observed_endpoint"":null,""observed_quantization"":null}],""response_cache_status"":""UNKNOWN"",""raw_action_valid"":true,""action_received"":""QUERY"",""value"":""CDEFGHI"",""action_applied"":""QUERY"",""feedback"":{""exact"":0,""misplaced"":4},""credits_remaining"":7},{""step"":6,""credits_before"":7,""http_attempts"":[{""attempt_number"":1,""started_at"":""2026-08-16T10:18:34.417Z"",""finished_at"":""2026-08-16T10:18:57.651Z"",""duration_ms"":23235,""status_code"":200,""error_category"":null,""error_message"":null,""usage"":{""input_tokens"":439,""output_tokens"":6,""reasoning_tokens"":null,""cached_tokens"":256,""cache_write_tokens"":null,""total_tokens"":445},""cost_usd"":1.585528e-05,""generation_id"":""gen-1786875536-5i9v2tpO0mzleMJOP55k"",""response_cache_status"":""UNKNOWN"",""observed_provider"":""Baidu"",""observed_endpoint"":null,""observed_quantization"":null}],""response_cache_status"":""UNKNOWN"",""raw_action_valid"":true,""action_received"":""QUERY"",""value"":""DEFGHIJ"",""action_applied"":""QUERY"",""feedback"":{""exact"":1,""misplaced"":2},""credits_remaining"":6},{""step"":7,""credits_before"":6,""http_attempts"":[{""attempt_number"":1,""started_at"":""2026-08-16T10:22:16.155Z"",""finished_at"":""2026-08-16T10:22:37.272Z"",""duration_ms"":21117,""status_code"":200,""error_category"":null,""error_message"":null,""usage"":{""input_tokens"":472,""output_tokens"":7,""reasoning_tokens"":null,""cached_tokens"":256,""cache_write_tokens"":null,""total_tokens"":479},""cost_usd"":1.810928e-05,""generation_id"":""gen-1786875755-hnWV0zWyZWxTkas7vPzp"",""response_cache_status"":""UNKNOWN"",""observed_provider"":""Baidu"",""observed_endpoint"":null,""observed_quantization"":null}],""response_cache_status"":""UNKNOWN"",""raw_action_valid"":true,""action_received"":""QUERY"",""value"":""EFGHIJA"",""action_applied"":""QUERY"",""feedback"":{""exact"":1,""misplaced"":2},""credits_remaining"":5},{""step"":8,""credits_before"":5,""http_attempts"":[{""attempt_number"":1,""started_at"":""2026-08-16T10:25:46.366Z"",""finished_at"":""2026-08-16T10:26:45.913Z"",""duration_ms"":59548,""status_code"":200,""error_category"":null,""error_message"":null,""usage"":{""input_tokens"":506,""output_tokens"":8192,""reasoning_tokens"":null,""cached_tokens"":256,""cache_write_tokens"":null,""total_tokens"":8698},""cost_usd"":0.00107452688,""generation_id"":""gen-1786875968-6wFRWXTW9ANgivI60Ype"",""response_cache_status"":""UNKNOWN"",""observed_provider"":""Baidu"",""observed_endpoint"":null,""observed_quantization"":null}],""response_cache_status"":""UNKNOWN"",""raw_action_valid"":false,""action"":null,""parse_error"":""response must be exactly QUERY <symbols> or SUBMIT <symbols>"",""consecutive_invalid_responses"":1},{""step"":9,""credits_before"":5,""http_attempts"":[{""attempt_number"":1,""started_at"":""2026-08-16T10:30:02.601Z"",""finished_at"":""2026-08-16T10:30:23.002Z"",""duration_ms"":20401,""status_code"":200,""error_category"":null,""error_message"":null,""usage"":{""input_tokens"":8733,""output_tokens"":8,""reasoning_tokens"":null,""cached_tokens"":256,""cache_write_tokens"":null,""total_tokens"":8741},""cost_usd"":0.00055024648,""generation_id"":""gen-1786876221-hvEciesuWtA9FoP6nBRJ"",""response_cache_status"":""UNKNOWN"",""observed_provider"":""Baidu"",""observed_endpoint"":null,""observed_quantization"":null}],""response_cache_status"":""UNKNOWN"",""raw_action_valid"":false,""action"":null,""parse_error"":""response must contain exactly 7 symbols"",""consecutive_invalid_responses"":2},{""step"":10,""credits_before"":5,""http_attempts"":[{""attempt_number"":1,""started_at"":""2026-08-16T10:33:29.174Z"",""finished_at"":""2026-08-16T10:33:53.862Z"",""duration_ms"":24688,""status_code"":200,""error_category"":null,""error_message"":null,""usage"":{""input_tokens"":8775,""output_tokens"":8,""reasoning_tokens"":null,""cached_tokens"":8192,""cache_write_tokens"":null,""total_tokens"":8783},""cost_usd"":0.00014408856,""generation_id"":""gen-1786876431-gB3O6okvwQwIFRO0KEbg"",""response_cache_status"":""UNKNOWN"",""observed_provider"":""Baidu"",""observed_endpoint"":null,""observed_quantization"":null}],""response_cache_status"":""UNKNOWN"",""raw_action_valid"":true,""action_received"":""SUBMIT"",""value"":""DAHHCCE"",""action_applied"":""SUBMIT"",""coerced_at_zero_credits"":false,""credits_remaining"":5}]"
7894f53a-5a60-40f5-a6d5-54dfa7de04ae,7894f53a-5a60-40f5-a6d5-54dfa7de04ae,1,,6,deepseek,deepseek-v4-flash-0731,deepseek/deepseek-v4-flash-0731,baidu,Baidu,baidu/fp8,,,,D,none,2026-08-16T09:59:58.463Z,2026-08-16T10:33:59.119Z,2040656,3d3baa6feb49226c87c6bc0788fe1936,20518da1bb46e30c,DGFDDHH,7,10,10,9,1,DDDDDDH,4,0.5714285714285714,false,partial,10,10,0,0,3846,68,,2304,,3914,0.00013773872,true,true,false,35eb269349366de62767de54014a2ee9e18f1c8ac55a4d1100739e287293bf0b,"{""max_tokens"":8192,""temperature"":null,""top_p"":null,""top_k"":null,""min_p"":null,""seed"":null,""reasoning"":{""enabled"":false,""effort"":null,""max_tokens"":null,""exclude"":true},""thinking"":null}","{""endpoint_slug"":""baidu/fp8"",""quantizations"":null,""allow_fallbacks"":false,""require_parameters"":true}",completed,true,[],,,,"[{""step"":1,""credits_before"":10,""http_attempts"":[{""attempt_number"":1,""started_at"":""2026-08-16T09:59:58.463Z"",""finished_at"":""2026-08-16T10:00:19.550Z"",""duration_ms"":21087,""status_code"":200,""error_category"":null,""error_message"":null,""usage"":{""input_tokens"":234,""output_tokens"":6,""reasoning_tokens"":null,""cached_tokens"":null,""cache_write_tokens"":null,""total_tokens"":240},""cost_usd"":1.58424e-05,""generation_id"":""gen-1786874418-vztKOrv07zNDU8etQ5jx"",""response_cache_status"":""UNKNOWN"",""observed_provider"":""Baidu"",""observed_endpoint"":null,""observed_quantization"":null}],""response_cache_status"":""UNKNOWN"",""raw_action_valid"":true,""action_received"":""QUERY"",""value"":""AAAAAAA"",""action_applied"":""QUERY"",""feedback"":{""exact"":0,""misplaced"":0},""credits_remaining"":9},{""step"":2,""credits_before"":9,""http_attempts"":[{""attempt_number"":1,""started_at"":""2026-08-16T10:03:52.687Z"",""finished_at"":""2026-08-16T10:04:16.718Z"",""duration_ms"":24031,""status_code"":200,""error_category"":null,""error_message"":null,""usage"":{""input_tokens"":267,""output_tokens"":6,""reasoning_tokens"":null,""cached_tokens"":256,""cache_write_tokens"":null,""total_tokens"":273},""cost_usd"":4.77848e-06,""generation_id"":""gen-1786874655-3ZDNkhglHZ2tpJqDcxAF"",""response_cache_status"":""UNKNOWN"",""observed_provider"":""Baidu"",""observed_endpoint"":null,""observed_quantization"":null}],""response_cache_status"":""UNKNOWN"",""raw_action_valid"":true,""action_received"":""QUERY"",""value"":""BBBBBBB"",""action_applied"":""QUERY"",""feedback"":{""exact"":0,""misplaced"":0},""credits_remaining"":8},{""step"":3,""credits_before"":8,""http_attempts"":[{""attempt_number"":1,""started_at"":""2026-08-16T10:07:41.449Z"",""finished_at"":""2026-08-16T10:08:05.442Z"",""duration_ms"":23994,""status_code"":200,""error_category"":null,""error_message"":null,""usage"":{""input_tokens"":300,""output_tokens"":6,""reasoning_tokens"":null,""cached_tokens"":256,""cache_write_tokens"":null,""total_tokens"":306},""cost_usd"":6.90368e-06,""generation_id"":""gen-1786874883-giCOzt3b0lazaTohjZHj"",""response_cache_status"":""UNKNOWN"",""observed_provider"":""Baidu"",""observed_endpoint"":null,""observed_quantization"":null}],""response_cache_status"":""UNKNOWN"",""raw_action_valid"":true,""action_received"":""QUERY"",""value"":""CCCCCCC"",""action_applied"":""QUERY"",""feedback"":{""exact"":0,""misplaced"":0},""credits_remaining"":7},{""step"":4,""credits_before"":7,""http_attempts"":[{""attempt_number"":1,""started_at"":""2026-08-16T10:11:29.734Z"",""finished_at"":""2026-08-16T10:11:54.137Z"",""duration_ms"":24403,""status_code"":200,""error_category"":null,""error_message"":null,""usage"":{""input_tokens"":333,""output_tokens"":7,""reasoning_tokens"":null,""cached_tokens"":256,""cache_write_tokens"":null,""total_tokens"":340},""cost_usd"":9.15768e-06,""generation_id"":""gen-1786875112-r9HrEZ0DAxXp0nTKqqg2"",""response_cache_status"":""UNKNOWN"",""observed_provider"":""Baidu"",""observed_endpoint"":null,""observed_quantization"":null}],""response_cache_status"":""UNKNOWN"",""raw_action_valid"":true,""action_received"":""QUERY"",""value"":""DDDDDDD"",""action_applied"":""QUERY"",""feedback"":{""exact"":3,""misplaced"":0},""credits_remaining"":6},{""step"":5,""credits_before"":6,""http_attempts"":[{""attempt_number"":1,""started_at"":""2026-08-16T10:15:15.122Z"",""finished_at"":""2026-08-16T10:15:39.261Z"",""duration_ms"":24139,""status_code"":200,""error_category"":null,""error_message"":null,""usage"":{""input_tokens"":367,""output_tokens"":7,""reasoning_tokens"":null,""cached_tokens"":256,""cache_write_tokens"":null,""total_tokens"":374},""cost_usd"":1.134728e-05,""generation_id"":""gen-1786875337-G9n2T1bugeRozceSahlo"",""response_cache_status"":""UNKNOWN"",""observed_provider"":""Baidu"",""observed_endpoint"":null,""observed_quantization"":null}],""response_cache_status"":""UNKNOWN"",""raw_action_valid"":true,""action_received"":""QUERY"",""value"":""DDDDDDE"",""action_applied"":""QUERY"",""feedback"":{""exact"":3,""misplaced"":0},""credits_remaining"":5},{""step"":6,""credits_before"":5,""http_attempts"":[{""attempt_number"":1,""started_at"":""2026-08-16T10:19:03.720Z"",""finished_at"":""2026-08-16T10:19:24.665Z"",""duration_ms"":20945,""status_code"":200,""error_category"":null,""error_message"":null,""usage"":{""input_tokens"":401,""output_tokens"":7,""reasoning_tokens"":null,""cached_tokens"":256,""cache_write_tokens"":null,""total_tokens"":408},""cost_usd"":1.353688e-05,""generation_id"":""gen-1786875563-W8ZJcTemgeFjMON4Vmog"",""response_cache_status"":""UNKNOWN"",""observed_provider"":""Baidu"",""observed_endpoint"":null,""observed_quantization"":null}],""response_cache_status"":""UNKNOWN"",""raw_action_valid"":true,""action_received"":""QUERY"",""value"":""DDDDDDF"",""action_applied"":""QUERY"",""feedback"":{""exact"":3,""misplaced"":1},""credits_remaining"":4},{""step"":7,""credits_before"":4,""http_attempts"":[{""attempt_number"":1,""started_at"":""2026-08-16T10:22:46.140Z"",""finished_at"":""2026-08-16T10:23:07.063Z"",""duration_ms"":20923,""status_code"":200,""error_category"":null,""error_message"":null,""usage"":{""input_tokens"":435,""output_tokens"":7,""reasoning_tokens"":null,""cached_tokens"":256,""cache_write_tokens"":null,""total_tokens"":442},""cost_usd"":1.572648e-05,""generation_id"":""gen-1786875785-SSHCiaL40hC9UcP9kA9X"",""response_cache_status"":""UNKNOWN"",""observed_provider"":""Baidu"",""observed_endpoint"":null,""observed_quantization"":null}],""response_cache_status"":""UNKNOWN"",""raw_action_valid"":true,""action_received"":""QUERY"",""value"":""DDDDDDG"",""action_applied"":""QUERY"",""feedback"":{""exact"":3,""misplaced"":1},""credits_remaining"":3},{""step"":8,""credits_before"":3,""http_attempts"":[{""attempt_number"":1,""started_at"":""2026-08-16T10:26:31.831Z"",""finished_at"":""2026-08-16T10:26:49.601Z"",""duration_ms"":17770,""status_code"":200,""error_category"":null,""error_message"":null,""usage"":{""input_tokens"":469,""output_tokens"":7,""reasoning_tokens"":null,""cached_tokens"":256,""cache_write_tokens"":null,""total_tokens"":476},""cost_usd"":1.791608e-05,""generation_id"":""gen-1786876008-eDvBFvO3gLeLqKxDAJfi"",""response_cache_status"":""UNKNOWN"",""observed_provider"":""Baidu"",""observed_endpoint"":null,""observed_quantization"":null}],""response_cache_status"":""UNKNOWN"",""raw_action_valid"":true,""action_received"":""QUERY"",""value"":""DDDDDDH"",""action_applied"":""QUERY"",""feedback"":{""exact"":4,""misplaced"":0},""credits_remaining"":2},{""step"":9,""credits_before"":2,""http_attempts"":[{""attempt_number"":1,""started_at"":""2026-08-16T10:30:07.967Z"",""finished_at"":""2026-08-16T10:30:28.854Z"",""duration_ms"":20887,""status_code"":200,""error_category"":null,""error_message"":null,""usage"":{""input_tokens"":503,""output_tokens"":7,""reasoning_tokens"":null,""cached_tokens"":256,""cache_write_tokens"":null,""total_tokens"":510},""cost_usd"":2.010568e-05,""generation_id"":""gen-1786876227-ZPmxQlVs5edkya2hlm3A"",""response_cache_status"":""UNKNOWN"",""observed_provider"":""Baidu"",""observed_endpoint"":null,""observed_quantization"":null}],""response_cache_status"":""UNKNOWN"",""raw_action_valid"":true,""action_received"":""QUERY"",""value"":""DDDDDDI"",""action_applied"":""QUERY"",""feedback"":{""exact"":3,""misplaced"":0},""credits_remaining"":1},{""step"":10,""credits_before"":1,""http_attempts"":[{""attempt_number"":1,""started_at"":""2026-08-16T10:33:35.115Z"",""finished_at"":""2026-08-16T10:33:59.118Z"",""duration_ms"":24004,""status_code"":200,""error_category"":null,""error_message"":null,""usage"":{""input_tokens"":537,""output_tokens"":8,""reasoning_tokens"":null,""cached_tokens"":256,""cache_write_tokens"":null,""total_tokens"":545},""cost_usd"":2.242408e-05,""generation_id"":""gen-1786876437-9YXxlbpVKNTJrfonUCLg"",""response_cache_status"":""UNKNOWN"",""observed_provider"":""Baidu"",""observed_endpoint"":null,""observed_quantization"":null}],""response_cache_status"":""UNKNOWN"",""raw_action_valid"":true,""action_received"":""SUBMIT"",""value"":""DDDDDDH"",""action_applied"":""SUBMIT"",""coerced_at_zero_credits"":false,""credits_remaining"":1}]"
cf849b17-c4d3-4f70-913a-cb4de79ca623,cf849b17-c4d3-4f70-913a-cb4de79ca623,1,,10,deepseek,deepseek-v4-flash-0731,deepseek/deepseek-v4-flash-0731,baidu,Baidu,baidu/fp8,,,,C,different_model,2026-08-16T10:01:37.700Z,2026-08-16T10:35:32.320Z,2034620,3d3baa6feb49226c87c6bc0788fe1936,1742655b7f41d1ef,CJDHJHF,7,10,10,8,2,CCCCCCH,1,0.14285714285714285,false,partial,10,10,0,1,4208,65,,2816,,4273,0.00013428688000000002,true,true,false,2ac8682c462a8f01ea519b44aa73090e57243476b55eaf2539123ca100c55ab6,"{""max_tokens"":8192,""temperature"":null,""top_p"":null,""top_k"":null,""min_p"":null,""seed"":null,""reasoning"":{""enabled"":false,""effort"":null,""max_tokens"":null,""exclude"":true},""thinking"":null}","{""endpoint_slug"":""baidu/fp8"",""quantizations"":null,""allow_fallbacks"":false,""require_parameters"":true}",completed,true,[],,,response must be exactly QUERY <symbols> or SUBMIT <symbols>,"[{""step"":1,""credits_before"":10,""http_attempts"":[{""attempt_number"":1,""started_at"":""2026-08-16T10:01:37.701Z"",""finished_at"":""2026-08-16T10:01:58.876Z"",""duration_ms"":21175,""status_code"":200,""error_category"":null,""error_message"":null,""usage"":{""input_tokens"":268,""output_tokens"":6,""reasoning_tokens"":null,""cached_tokens"":256,""cache_write_tokens"":null,""total_tokens"":274},""cost_usd"":4.84288e-06,""generation_id"":""gen-1786874517-37IZdOTNHgazR9atUldu"",""response_cache_status"":""UNKNOWN"",""observed_provider"":""Baidu"",""observed_endpoint"":null,""observed_quantization"":null}],""response_cache_status"":""UNKNOWN"",""raw_action_valid"":true,""action_received"":""QUERY"",""value"":""AAAAAAA"",""action_applied"":""QUERY"",""feedback"":{""exact"":0,""misplaced"":0},""credits_remaining"":9},{""step"":2,""credits_before"":9,""http_attempts"":[{""attempt_number"":1,""started_at"":""2026-08-16T10:05:28.931Z"",""finished_at"":""2026-08-16T10:05:52.909Z"",""duration_ms"":23978,""status_code"":200,""error_category"":null,""error_message"":null,""usage"":{""input_tokens"":301,""output_tokens"":6,""reasoning_tokens"":null,""cached_tokens"":256,""cache_write_tokens"":null,""total_tokens"":307},""cost_usd"":6.96808e-06,""generation_id"":""gen-1786874751-vGFzdsLVaZYB73dliIh5"",""response_cache_status"":""UNKNOWN"",""observed_provider"":""Baidu"",""observed_endpoint"":null,""observed_quantization"":null}],""response_cache_status"":""UNKNOWN"",""raw_action_valid"":true,""action_received"":""QUERY"",""value"":""BBBBBBB"",""action_applied"":""QUERY"",""feedback"":{""exact"":0,""misplaced"":0},""credits_remaining"":8},{""step"":3,""credits_before"":8,""http_attempts"":[{""attempt_number"":1,""started_at"":""2026-08-16T10:09:17.412Z"",""finished_at"":""2026-08-16T10:09:41.349Z"",""duration_ms"":23937,""status_code"":200,""error_category"":null,""error_message"":null,""usage"":{""input_tokens"":334,""output_tokens"":6,""reasoning_tokens"":null,""cached_tokens"":256,""cache_write_tokens"":null,""total_tokens"":340},""cost_usd"":9.09328e-06,""generation_id"":""gen-1786874979-qYHIbpK60x45nc3azB4B"",""response_cache_status"":""UNKNOWN"",""observed_provider"":""Baidu"",""observed_endpoint"":null,""observed_quantization"":null}],""response_cache_status"":""UNKNOWN"",""raw_action_valid"":true,""action_received"":""QUERY"",""value"":""CCCCCCC"",""action_applied"":""QUERY"",""feedback"":{""exact"":1,""misplaced"":0},""credits_remaining"":7},{""step"":4,""credits_before"":7,""http_attempts"":[{""attempt_number"":1,""started_at"":""2026-08-16T10:13:03.152Z"",""finished_at"":""2026-08-16T10:13:27.104Z"",""duration_ms"":23952,""status_code"":200,""error_category"":null,""error_message"":null,""usage"":{""input_tokens"":367,""output_tokens"":7,""reasoning_tokens"":null,""cached_tokens"":256,""cache_write_tokens"":null,""total_tokens"":374},""cost_usd"":1.134728e-05,""generation_id"":""gen-1786875205-IUqN4qFEgPzw87vBkEeu"",""response_cache_status"":""UNKNOWN"",""observed_provider"":""Baidu"",""observed_endpoint"":null,""observed_quantization"":null}],""response_cache_status"":""UNKNOWN"",""raw_action_valid"":true,""action_received"":""QUERY"",""value"":""DDDDDDD"",""action_applied"":""QUERY"",""feedback"":{""exact"":1,""misplaced"":0},""credits_remaining"":6},{""step"":5,""credits_before"":6,""http_attempts"":[{""attempt_number"":1,""started_at"":""2026-08-16T10:16:48.477Z"",""finished_at"":""2026-08-16T10:17:13.366Z"",""duration_ms"":24890,""status_code"":200,""error_category"":null,""error_message"":null,""usage"":{""input_tokens"":401,""output_tokens"":7,""reasoning_tokens"":null,""cached_tokens"":256,""cache_write_tokens"":null,""total_tokens"":408},""cost_usd"":1.353688e-05,""generation_id"":""gen-1786875430-Qr6l8nGNJxPaBDJKJGBk"",""response_cache_status"":""UNKNOWN"",""observed_provider"":""Baidu"",""observed_endpoint"":null,""observed_quantization"":null}],""response_cache_status"":""UNKNOWN"",""raw_action_valid"":true,""action_received"":""QUERY"",""value"":""EEEEEEE"",""action_applied"":""QUERY"",""feedback"":{""exact"":0,""misplaced"":0},""credits_remaining"":5},{""step"":6,""credits_before"":5,""http_attempts"":[{""attempt_number"":1,""started_at"":""2026-08-16T10:20:34.092Z"",""finished_at"":""2026-08-16T10:20:57.975Z"",""duration_ms"":23883,""status_code"":200,""error_category"":null,""error_message"":null,""usage"":{""input_tokens"":435,""output_tokens"":7,""reasoning_tokens"":null,""cached_tokens"":256,""cache_write_tokens"":null,""total_tokens"":442},""cost_usd"":1.572648e-05,""generation_id"":""gen-1786875656-dE0GHLXm7SoZwXDD9hJs"",""response_cache_status"":""UNKNOWN"",""observed_provider"":""Baidu"",""observed_endpoint"":null,""observed_quantization"":null}],""response_cache_status"":""UNKNOWN"",""raw_action_valid"":false,""action"":null,""parse_error"":""response must be exactly QUERY <symbols> or SUBMIT <symbols>"",""consecutive_invalid_responses"":1},{""step"":7,""credits_before"":5,""http_attempts"":[{""attempt_number"":1,""started_at"":""2026-08-16T10:24:16.340Z"",""finished_at"":""2026-08-16T10:24:40.486Z"",""duration_ms"":24146,""status_code"":200,""error_category"":null,""error_message"":null,""usage"":{""input_tokens"":476,""output_tokens"":5,""reasoning_tokens"":null,""cached_tokens"":256,""cache_write_tokens"":null,""total_tokens"":481},""cost_usd"":1.810928e-05,""generation_id"":""gen-1786875878-yG3MM7P1FKo2JSepxNhQ"",""response_cache_status"":""UNKNOWN"",""observed_provider"":""Baidu"",""observed_endpoint"":null,""observed_quantization"":null}],""response_cache_status"":""UNKNOWN"",""raw_action_valid"":true,""action_received"":""QUERY"",""value"":""FFFFFFF"",""action_applied"":""QUERY"",""feedback"":{""exact"":1,""misplaced"":0},""credits_remaining"":4},{""step"":8,""credits_before"":4,""http_attempts"":[{""attempt_number"":1,""started_at"":""2026-08-16T10:28:01.737Z"",""finished_at"":""2026-08-16T10:28:23.342Z"",""duration_ms"":21604,""status_code"":200,""error_category"":null,""error_message"":null,""usage"":{""input_tokens"":508,""output_tokens"":7,""reasoning_tokens"":null,""cached_tokens"":256,""cache_write_tokens"":null,""total_tokens"":515},""cost_usd"":2.042768e-05,""generation_id"":""gen-1786876101-VinYHwA5f2H3MaFxNKoL"",""response_cache_status"":""UNKNOWN"",""observed_provider"":""Baidu"",""observed_endpoint"":null,""observed_quantization"":null}],""response_cache_status"":""UNKNOWN"",""raw_action_valid"":true,""action_received"":""QUERY"",""value"":""GGGGGGG"",""action_applied"":""QUERY"",""feedback"":{""exact"":0,""misplaced"":0},""credits_remaining"":3},{""step"":9,""credits_before"":3,""http_attempts"":[{""attempt_number"":1,""started_at"":""2026-08-16T10:31:34.940Z"",""finished_at"":""2026-08-16T10:32:00.446Z"",""duration_ms"":25507,""status_code"":200,""error_category"":null,""error_message"":null,""usage"":{""input_tokens"":542,""output_tokens"":7,""reasoning_tokens"":null,""cached_tokens"":256,""cache_write_tokens"":null,""total_tokens"":549},""cost_usd"":2.261728e-05,""generation_id"":""gen-1786876317-Krwq7uasI2FTDnzYcmYz"",""response_cache_status"":""UNKNOWN"",""observed_provider"":""Baidu"",""observed_endpoint"":null,""observed_quantization"":null}],""response_cache_status"":""UNKNOWN"",""raw_action_valid"":true,""action_received"":""QUERY"",""value"":""HHHHHHH"",""action_applied"":""QUERY"",""feedback"":{""exact"":2,""misplaced"":0},""credits_remaining"":2},{""step"":10,""credits_before"":2,""http_attempts"":[{""attempt_number"":1,""started_at"":""2026-08-16T10:35:08.156Z"",""finished_at"":""2026-08-16T10:35:32.320Z"",""duration_ms"":24163,""status_code"":200,""error_category"":null,""error_message"":null,""usage"":{""input_tokens"":576,""output_tokens"":7,""reasoning_tokens"":null,""cached_tokens"":512,""cache_write_tokens"":null,""total_tokens"":583},""cost_usd"":1.161776e-05,""generation_id"":""gen-1786876530-W5zTOD0HpwZB393s9BlB"",""response_cache_status"":""UNKNOWN"",""observed_provider"":""Baidu"",""observed_endpoint"":null,""observed_quantization"":null}],""response_cache_status"":""UNKNOWN"",""raw_action_valid"":true,""action_received"":""SUBMIT"",""value"":""CCCCCCH"",""action_applied"":""SUBMIT"",""coerced_at_zero_credits"":false,""credits_remaining"":2}]"
d7c2ccd2-a77b-406e-945a-0f272cc87c71,d7c2ccd2-a77b-406e-945a-0f272cc87c71,1,,20,deepseek,deepseek-v4-flash-0731,deepseek/deepseek-v4-flash-0731,baidu,Baidu,baidu/fp8,,,,A,continuation,2026-08-16T10:02:01.636Z,2026-08-16T10:35:50.432Z,2028796,3d3baa6feb49226c87c6bc0788fe1936,a608999516f91080,CFEBGDD,7,10,10,9,1,BCDEFGH,0,0.0,false,partial,10,10,0,0,4072,64,,2816,,4136,0.00012539968000000002,true,true,false,a193e42687075f855a907c617cb6eb43c5979e687d22273bbab4c0919af923ac,"{""max_tokens"":8192,""temperature"":null,""top_p"":null,""top_k"":null,""min_p"":null,""seed"":null,""reasoning"":{""enabled"":false,""effort"":null,""max_tokens"":null,""exclude"":true},""thinking"":null}","{""endpoint_slug"":""baidu/fp8"",""quantizations"":null,""allow_fallbacks"":false,""require_parameters"":true}",completed,true,[],,,,"[{""step"":1,""credits_before"":10,""http_attempts"":[{""attempt_number"":1,""started_at"":""2026-08-16T10:02:01.636Z"",""finished_at"":""2026-08-16T10:02:25.718Z"",""duration_ms"":24082,""status_code"":200,""error_category"":null,""error_message"":null,""usage"":{""input_tokens"":258,""output_tokens"":6,""reasoning_tokens"":null,""cached_tokens"":256,""cache_write_tokens"":null,""total_tokens"":264},""cost_usd"":4.19888e-06,""generation_id"":""gen-1786874544-opw4qMutUuyRZFJraLuU"",""response_cache_status"":""UNKNOWN"",""observed_provider"":""Baidu"",""observed_endpoint"":null,""observed_quantization"":null}],""response_cache_status"":""UNKNOWN"",""raw_action_valid"":true,""action_received"":""QUERY"",""value"":""ABCDEFG"",""action_applied"":""QUERY"",""feedback"":{""exact"":0,""misplaced"":6},""credits_remaining"":9},{""step"":2,""credits_before"":9,""http_attempts"":[{""attempt_number"":1,""started_at"":""2026-08-16T10:05:52.910Z"",""finished_at"":""2026-08-16T10:06:17.065Z"",""duration_ms"":24155,""status_code"":200,""error_category"":null,""error_message"":null,""usage"":{""input_tokens"":291,""output_tokens"":6,""reasoning_tokens"":null,""cached_tokens"":256,""cache_write_tokens"":null,""total_tokens"":297},""cost_usd"":6.32408e-06,""generation_id"":""gen-1786874775-9ECeuVosEhvctDHNHU5m"",""response_cache_status"":""UNKNOWN"",""observed_provider"":""Baidu"",""observed_endpoint"":null,""observed_quantization"":null}],""response_cache_status"":""UNKNOWN"",""raw_action_valid"":true,""action_received"":""QUERY"",""value"":""ABCDEFH"",""action_applied"":""QUERY"",""feedback"":{""exact"":0,""misplaced"":5},""credits_remaining"":8},{""step"":3,""credits_before"":8,""http_attempts"":[{""attempt_number"":1,""started_at"":""2026-08-16T10:09:41.351Z"",""finished_at"":""2026-08-16T10:10:05.422Z"",""duration_ms"":24071,""status_code"":200,""error_category"":null,""error_message"":null,""usage"":{""input_tokens"":324,""output_tokens"":6,""reasoning_tokens"":null,""cached_tokens"":256,""cache_write_tokens"":null,""total_tokens"":330},""cost_usd"":8.44928e-06,""generation_id"":""gen-1786875004-FEXNfkqjlW9lDNcJBrkk"",""response_cache_status"":""UNKNOWN"",""observed_provider"":""Baidu"",""observed_endpoint"":null,""observed_quantization"":null}],""response_cache_status"":""UNKNOWN"",""raw_action_valid"":true,""action_received"":""QUERY"",""value"":""ABCDFGH"",""action_applied"":""QUERY"",""feedback"":{""exact"":0,""misplaced"":5},""credits_remaining"":7},{""step"":4,""credits_before"":7,""http_attempts"":[{""attempt_number"":1,""started_at"":""2026-08-16T10:13:27.105Z"",""finished_at"":""2026-08-16T10:13:50.921Z"",""duration_ms"":23817,""status_code"":200,""error_category"":null,""error_message"":null,""usage"":{""input_tokens"":357,""output_tokens"":6,""reasoning_tokens"":null,""cached_tokens"":256,""cache_write_tokens"":null,""total_tokens"":363},""cost_usd"":1.057448e-05,""generation_id"":""gen-1786875229-s1uWm2V4Xg4baN2Z9wGw"",""response_cache_status"":""UNKNOWN"",""observed_provider"":""Baidu"",""observed_endpoint"":null,""observed_quantization"":null}],""response_cache_status"":""UNKNOWN"",""raw_action_valid"":true,""action_received"":""QUERY"",""value"":""ABCEFGH"",""action_applied"":""QUERY"",""feedback"":{""exact"":0,""misplaced"":5},""credits_remaining"":6},{""step"":5,""credits_before"":6,""http_attempts"":[{""attempt_number"":1,""started_at"":""2026-08-16T10:17:09.477Z"",""finished_at"":""2026-08-16T10:17:33.550Z"",""duration_ms"":24073,""status_code"":200,""error_category"":null,""error_message"":null,""usage"":{""input_tokens"":390,""output_tokens"":6,""reasoning_tokens"":null,""cached_tokens"":256,""cache_write_tokens"":null,""total_tokens"":396},""cost_usd"":1.269968e-05,""generation_id"":""gen-1786875451-1HuVBqCSX13dCQ6tLYgU"",""response_cache_status"":""UNKNOWN"",""observed_provider"":""Baidu"",""observed_endpoint"":null,""observed_quantization"":null}],""response_cache_status"":""UNKNOWN"",""raw_action_valid"":true,""action_received"":""QUERY"",""value"":""ABDEFGH"",""action_applied"":""QUERY"",""feedback"":{""exact"":0,""misplaced"":5},""credits_remaining"":5},{""step"":6,""credits_before"":5,""http_attempts"":[{""attempt_number"":1,""started_at"":""2026-08-16T10:20:54.772Z"",""finished_at"":""2026-08-16T10:21:19.019Z"",""duration_ms"":24247,""status_code"":200,""error_category"":null,""error_message"":null,""usage"":{""input_tokens"":423,""output_tokens"":7,""reasoning_tokens"":null,""cached_tokens"":256,""cache_write_tokens"":null,""total_tokens"":430},""cost_usd"":1.495368e-05,""generation_id"":""gen-1786875677-C6mvRo3bfF6UKCQAEm0q"",""response_cache_status"":""UNKNOWN"",""observed_provider"":""Baidu"",""observed_endpoint"":null,""observed_quantization"":null}],""response_cache_status"":""UNKNOWN"",""raw_action_valid"":true,""action_received"":""QUERY"",""value"":""ACDEFGH"",""action_applied"":""QUERY"",""feedback"":{""exact"":0,""misplaced"":5},""credits_remaining"":4},{""step"":7,""credits_before"":4,""http_attempts"":[{""attempt_number"":1,""started_at"":""2026-08-16T10:24:35.601Z"",""finished_at"":""2026-08-16T10:24:58.455Z"",""duration_ms"":22854,""status_code"":200,""error_category"":null,""error_message"":null,""usage"":{""input_tokens"":457,""output_tokens"":7,""reasoning_tokens"":null,""cached_tokens"":256,""cache_write_tokens"":null,""total_tokens"":464},""cost_usd"":1.714328e-05,""generation_id"":""gen-1786875896-XZ1gGfVOi7KBKIIuucmp"",""response_cache_status"":""UNKNOWN"",""observed_provider"":""Baidu"",""observed_endpoint"":null,""observed_quantization"":null}],""response_cache_status"":""UNKNOWN"",""raw_action_valid"":true,""action_received"":""QUERY"",""value"":""BCDEFGH"",""action_applied"":""QUERY"",""feedback"":{""exact"":0,""misplaced"":6},""credits_remaining"":3},{""step"":8,""credits_before"":3,""http_attempts"":[{""attempt_number"":1,""started_at"":""2026-08-16T10:28:16.769Z"",""finished_at"":""2026-08-16T10:28:41.173Z"",""duration_ms"":24404,""status_code"":200,""error_category"":null,""error_message"":null,""usage"":{""input_tokens"":491,""output_tokens"":6,""reasoning_tokens"":null,""cached_tokens"":256,""cache_write_tokens"":null,""total_tokens"":497},""cost_usd"":1.920408e-05,""generation_id"":""gen-1786876119-yxM304mEJr2sS42bGwpz"",""response_cache_status"":""UNKNOWN"",""observed_provider"":""Baidu"",""observed_endpoint"":null,""observed_quantization"":null}],""response_cache_status"":""UNKNOWN"",""raw_action_valid"":true,""action_received"":""QUERY"",""value"":""ABCDEFI"",""action_applied"":""QUERY"",""feedback"":{""exact"":0,""misplaced"":5},""credits_remaining"":2},{""step"":9,""credits_before"":2,""http_attempts"":[{""attempt_number"":1,""started_at"":""2026-08-16T10:31:54.562Z"",""finished_at"":""2026-08-16T10:32:17.130Z"",""duration_ms"":22568,""status_code"":200,""error_category"":null,""error_message"":null,""usage"":{""input_tokens"":524,""output_tokens"":6,""reasoning_tokens"":null,""cached_tokens"":256,""cache_write_tokens"":null,""total_tokens"":530},""cost_usd"":2.132928e-05,""generation_id"":""gen-1786876335-R5D7eOctvHamS8Uwch2A"",""response_cache_status"":""UNKNOWN"",""observed_provider"":""Baidu"",""observed_endpoint"":null,""observed_quantization"":null}],""response_cache_status"":""UNKNOWN"",""raw_action_valid"":true,""action_received"":""QUERY"",""value"":""ABCDEIJ"",""action_applied"":""QUERY"",""feedback"":{""exact"":0,""misplaced"":4},""credits_remaining"":1},{""step"":10,""credits_before"":1,""http_attempts"":[{""attempt_number"":1,""started_at"":""2026-08-16T10:35:27.751Z"",""finished_at"":""2026-08-16T10:35:50.432Z"",""duration_ms"":22681,""status_code"":200,""error_category"":null,""error_message"":null,""usage"":{""input_tokens"":557,""output_tokens"":8,""reasoning_tokens"":null,""cached_tokens"":512,""cache_write_tokens"":null,""total_tokens"":565},""cost_usd"":1.052296e-05,""generation_id"":""gen-1786876548-Jr5H5CJEM0VlDfd4V4py"",""response_cache_status"":""UNKNOWN"",""observed_provider"":""Baidu"",""observed_endpoint"":null,""observed_quantization"":null}],""response_cache_status"":""UNKNOWN"",""raw_action_valid"":true,""action_received"":""SUBMIT"",""value"":""BCDEFGH"",""action_applied"":""SUBMIT"",""coerced_at_zero_credits"":false,""credits_remaining"":1}]"
566bd43d-d62d-4d3a-a127-0becc33e4f96,566bd43d-d62d-4d3a-a127-0becc33e4f96,1,,5,deepseek,deepseek-v4-flash-0731,deepseek/deepseek-v4-flash-0731,baidu,Baidu,baidu/fp8,,,,C,different_model,2026-08-16T09:59:43.463Z,2026-08-16T10:36:59.623Z,2236160,3d3baa6feb49226c87c6bc0788fe1936,998b4f5c7a5a6636,HGGGADC,7,10,10,10,0,AABCDEF,0,0.0,false,partial,11,11,0,0,4777,70,,3328,,4847,0.00014519624000000001,true,true,false,2ac8682c462a8f01ea519b44aa73090e57243476b55eaf2539123ca100c55ab6,"{""max_tokens"":8192,""temperature"":null,""top_p"":null,""top_k"":null,""min_p"":null,""seed"":null,""reasoning"":{""enabled"":false,""effort"":null,""max_tokens"":null,""exclude"":true},""thinking"":null}","{""endpoint_slug"":""baidu/fp8"",""quantizations"":null,""allow_fallbacks"":false,""require_parameters"":true}",completed,true,[],,,,"[{""step"":1,""credits_before"":10,""http_attempts"":[{""attempt_number"":1,""started_at"":""2026-08-16T09:59:43.463Z"",""finished_at"":""2026-08-16T10:00:01.573Z"",""duration_ms"":18110,""status_code"":200,""error_category"":null,""error_message"":null,""usage"":{""input_tokens"":268,""output_tokens"":6,""reasoning_tokens"":null,""cached_tokens"":256,""cache_write_tokens"":null,""total_tokens"":274},""cost_usd"":4.84288e-06,""generation_id"":""gen-1786874400-afWFUxFkELcXmNiB0Il9"",""response_cache_status"":""UNKNOWN"",""observed_provider"":""Baidu"",""observed_endpoint"":null,""observed_quantization"":null}],""response_cache_status"":""UNKNOWN"",""raw_action_valid"":true,""action_received"":""QUERY"",""value"":""ABCDEFG"",""action_applied"":""QUERY"",""feedback"":{""exact"":0,""misplaced"":4},""credits_remaining"":9},{""step"":2,""credits_before"":9,""http_attempts"":[{""attempt_number"":1,""started_at"":""2026-08-16T10:03:32.268Z"",""finished_at"":""2026-08-16T10:03:55.897Z"",""duration_ms"":23629,""status_code"":200,""error_category"":null,""error_message"":null,""usage"":{""input_tokens"":301,""output_tokens"":6,""reasoning_tokens"":null,""cached_tokens"":256,""cache_write_tokens"":null,""total_tokens"":307},""cost_usd"":6.96808e-06,""generation_id"":""gen-1786874634-369LGTsJBlHVBNVkiJDj"",""response_cache_status"":""UNKNOWN"",""observed_provider"":""Baidu"",""observed_endpoint"":null,""observed_quantization"":null}],""response_cache_status"":""UNKNOWN"",""raw_action_valid"":true,""action_received"":""QUERY"",""value"":""HABCDEF"",""action_applied"":""QUERY"",""feedback"":{""exact"":1,""misplaced"":3},""credits_remaining"":8},{""step"":3,""credits_before"":8,""http_attempts"":[{""attempt_number"":1,""started_at"":""2026-08-16T10:07:20.121Z"",""finished_at"":""2026-08-16T10:07:44.114Z"",""duration_ms"":23993,""status_code"":200,""error_category"":null,""error_message"":null,""usage"":{""input_tokens"":334,""output_tokens"":6,""reasoning_tokens"":null,""cached_tokens"":256,""cache_write_tokens"":null,""total_tokens"":340},""cost_usd"":9.09328e-06,""generation_id"":""gen-1786874862-z7ilcxLe1nqbOWf6lBKi"",""response_cache_status"":""UNKNOWN"",""observed_provider"":""Baidu"",""observed_endpoint"":null,""observed_quantization"":null}],""response_cache_status"":""UNKNOWN"",""raw_action_valid"":true,""action_received"":""QUERY"",""value"":""GABCDEF"",""action_applied"":""QUERY"",""feedback"":{""exact"":0,""misplaced"":4},""credits_remaining"":7},{""step"":4,""credits_before"":7,""http_attempts"":[{""attempt_number"":1,""started_at"":""2026-08-16T10:11:08.808Z"",""finished_at"":""2026-08-16T10:11:32.744Z"",""duration_ms"":23936,""status_code"":200,""error_category"":null,""error_message"":null,""usage"":{""input_tokens"":367,""output_tokens"":6,""reasoning_tokens"":null,""cached_tokens"":256,""cache_write_tokens"":null,""total_tokens"":373},""cost_usd"":1.121848e-05,""generation_id"":""gen-1786875091-7tCWQnOnK1tXhibS1FJQ"",""response_cache_status"":""UNKNOWN"",""observed_provider"":""Baidu"",""observed_endpoint"":null,""observed_quantization"":null}],""response_cache_status"":""UNKNOWN"",""raw_action_valid"":true,""action_received"":""QUERY"",""value"":""FABCDEH"",""action_applied"":""QUERY"",""feedback"":{""exact"":0,""misplaced"":4},""credits_remaining"":6},{""step"":5,""credits_before"":6,""http_attempts"":[{""attempt_number"":1,""started_at"":""2026-08-16T10:14:54.033Z"",""finished_at"":""2026-08-16T10:15:18.881Z"",""duration_ms"":24848,""status_code"":200,""error_category"":null,""error_message"":null,""usage"":{""input_tokens"":400,""output_tokens"":7,""reasoning_tokens"":null,""cached_tokens"":256,""cache_write_tokens"":null,""total_tokens"":407},""cost_usd"":1.347248e-05,""generation_id"":""gen-1786875316-sZcsCnBkEZGyFG0R31dM"",""response_cache_status"":""UNKNOWN"",""observed_provider"":""Baidu"",""observed_endpoint"":null,""observed_quantization"":null}],""response_cache_status"":""UNKNOWN"",""raw_action_valid"":true,""action_received"":""QUERY"",""value"":""EABCDFG"",""action_applied"":""QUERY"",""feedback"":{""exact"":0,""misplaced"":4},""credits_remaining"":5},{""step"":6,""credits_before"":5,""http_attempts"":[{""attempt_number"":1,""started_at"":""2026-08-16T10:18:40.041Z"",""finished_at"":""2026-08-16T10:19:03.719Z"",""duration_ms"":23678,""status_code"":200,""error_category"":null,""error_message"":null,""usage"":{""input_tokens"":434,""output_tokens"":7,""reasoning_tokens"":null,""cached_tokens"":256,""cache_write_tokens"":null,""total_tokens"":441},""cost_usd"":1.566208e-05,""generation_id"":""gen-1786875542-vBCN2MtEWntpeT5ntVua"",""response_cache_status"":""UNKNOWN"",""observed_provider"":""Baidu"",""observed_endpoint"":null,""observed_quantization"":null}],""response_cache_status"":""UNKNOWN"",""raw_action_valid"":true,""action_received"":""QUERY"",""value"":""DABCEFG"",""action_applied"":""QUERY"",""feedback"":{""exact"":0,""misplaced"":4},""credits_remaining"":4},{""step"":7,""credits_before"":4,""http_attempts"":[{""attempt_number"":1,""started_at"":""2026-08-16T10:22:22.744Z"",""finished_at"":""2026-08-16T10:22:43.482Z"",""duration_ms"":20739,""status_code"":200,""error_category"":null,""error_message"":null,""usage"":{""input_tokens"":468,""output_tokens"":6,""reasoning_tokens"":null,""cached_tokens"":256,""cache_write_tokens"":null,""total_tokens"":474},""cost_usd"":1.772288e-05,""generation_id"":""gen-1786875761-hYKMpcJWTyhCqWeiHEMd"",""response_cache_status"":""UNKNOWN"",""observed_provider"":""Baidu"",""observed_endpoint"":null,""observed_quantization"":null}],""response_cache_status"":""UNKNOWN"",""raw_action_valid"":true,""action_received"":""QUERY"",""value"":""CABDEFG"",""action_applied"":""QUERY"",""feedback"":{""exact"":0,""misplaced"":4},""credits_remaining"":3},{""step"":8,""credits_before"":3,""http_attempts"":[{""attempt_number"":1,""started_at"":""2026-08-16T10:26:01.694Z"",""finished_at"":""2026-08-16T10:26:22.637Z"",""duration_ms"":20943,""status_code"":200,""error_category"":null,""error_message"":null,""usage"":{""input_tokens"":501,""output_tokens"":7,""reasoning_tokens"":null,""cached_tokens"":256,""cache_write_tokens"":null,""total_tokens"":508},""cost_usd"":1.997688e-05,""generation_id"":""gen-1786875981-ZnyIa4W8sqXZSTGLQqFB"",""response_cache_status"":""UNKNOWN"",""observed_provider"":""Baidu"",""observed_endpoint"":null,""observed_quantization"":null}],""response_cache_status"":""UNKNOWN"",""raw_action_valid"":true,""action_received"":""QUERY"",""value"":""BCDEFGA"",""action_applied"":""QUERY"",""feedback"":{""exact"":0,""misplaced"":4},""credits_remaining"":2},{""step"":9,""credits_before"":2,""http_attempts"":[{""attempt_number"":1,""started_at"":""2026-08-16T10:29:38.655Z"",""finished_at"":""2026-08-16T10:29:56.112Z"",""duration_ms"":17458,""status_code"":200,""error_category"":null,""error_message"":null,""usage"":{""input_tokens"":535,""output_tokens"":6,""reasoning_tokens"":null,""cached_tokens"":256,""cache_write_tokens"":null,""total_tokens"":541},""cost_usd"":2.203768e-05,""generation_id"":""gen-1786876194-uKe8bjgCwVrcZCPrXtKL"",""response_cache_status"":""UNKNOWN"",""observed_provider"":""Baidu"",""observed_endpoint"":null,""observed_quantization"":null}],""response_cache_status"":""UNKNOWN"",""raw_action_valid"":true,""action_received"":""QUERY"",""value"":""ABCDEFH"",""action_applied"":""QUERY"",""feedback"":{""exact"":0,""misplaced"":4},""credits_remaining"":1},{""step"":10,""credits_before"":1,""http_attempts"":[{""attempt_number"":1,""started_at"":""2026-08-16T10:33:09.665Z"",""finished_at"":""2026-08-16T10:33:29.173Z"",""duration_ms"":19509,""status_code"":200,""error_category"":null,""error_message"":null,""usage"":{""input_tokens"":568,""output_tokens"":6,""reasoning_tokens"":null,""cached_tokens"":512,""cache_write_tokens"":null,""total_tokens"":574},""cost_usd"":1.097376e-05,""generation_id"":""gen-1786876407-qG8Q7K4RgVLdS9ggLgka"",""response_cache_status"":""UNKNOWN"",""observed_provider"":""Baidu"",""observed_endpoint"":null,""observed_quantization"":null}],""response_cache_status"":""UNKNOWN"",""raw_action_valid"":true,""action_received"":""QUERY"",""value"":""ABCDEFI"",""action_applied"":""QUERY"",""feedback"":{""exact"":0,""misplaced"":3},""credits_remaining"":0},{""step"":11,""credits_before"":0,""http_attempts"":[{""attempt_number"":1,""started_at"":""2026-08-16T10:36:36.130Z"",""finished_at"":""2026-08-16T10:36:59.622Z"",""duration_ms"":23492,""status_code"":200,""error_category"":null,""error_message"":null,""usage"":{""input_tokens"":601,""output_tokens"":7,""reasoning_tokens"":null,""cached_tokens"":512,""cache_write_tokens"":null,""total_tokens"":608},""cost_usd"":1.322776e-05,""generation_id"":""gen-1786876618-XeYxwwDooyYF1iKcl9ZM"",""response_cache_status"":""UNKNOWN"",""observed_provider"":""Baidu"",""observed_endpoint"":null,""observed_quantization"":null}],""response_cache_status"":""UNKNOWN"",""raw_action_valid"":true,""action_received"":""SUBMIT"",""value"":""AABCDEF"",""action_applied"":""SUBMIT"",""coerced_at_zero_credits"":false,""credits_remaining"":0}]"
435a1a6e-638f-4ce0-9b1d-0161159b5449,435a1a6e-638f-4ce0-9b1d-0161159b5449,1,,20,deepseek,deepseek-v4-flash-0731,deepseek/deepseek-v4-flash-0731,baidu,Baidu,baidu/fp8,,,,D,none,2026-08-16T09:59:43.534Z,2026-08-16T10:37:05.910Z,2242376,3d3baa6feb49226c87c6bc0788fe1936,215fae1f1d05fe76,CFEBGDD,7,10,10,10,0,CBBBBBB,2,0.2857142857142857,false,partial,11,11,0,0,4425,76,,2560,,4501,0.0001628676,true,true,false,35eb269349366de62767de54014a2ee9e18f1c8ac55a4d1100739e287293bf0b,"{""max_tokens"":8192,""temperature"":null,""top_p"":null,""top_k"":null,""min_p"":null,""seed"":null,""reasoning"":{""enabled"":false,""effort"":null,""max_tokens"":null,""exclude"":true},""thinking"":null}","{""endpoint_slug"":""baidu/fp8"",""quantizations"":null,""allow_fallbacks"":false,""require_parameters"":true}",completed,true,[],,,,"[{""step"":1,""credits_before"":10,""http_attempts"":[{""attempt_number"":1,""started_at"":""2026-08-16T09:59:43.534Z"",""finished_at"":""2026-08-16T10:00:05.066Z"",""duration_ms"":21532,""status_code"":200,""error_category"":null,""error_message"":null,""usage"":{""input_tokens"":234,""output_tokens"":6,""reasoning_tokens"":null,""cached_tokens"":null,""cache_write_tokens"":null,""total_tokens"":240},""cost_usd"":1.58424e-05,""generation_id"":""gen-1786874403-OlBtA0PYZT9yCBAj32dz"",""response_cache_status"":""UNKNOWN"",""observed_provider"":""Baidu"",""observed_endpoint"":null,""observed_quantization"":null}],""response_cache_status"":""UNKNOWN"",""raw_action_valid"":true,""action_received"":""QUERY"",""value"":""AAAAAAA"",""action_applied"":""QUERY"",""feedback"":{""exact"":0,""misplaced"":0},""credits_remaining"":9},{""step"":2,""credits_before"":9,""http_attempts"":[{""attempt_number"":1,""started_at"":""2026-08-16T10:03:37.905Z"",""finished_at"":""2026-08-16T10:04:01.783Z"",""duration_ms"":23879,""status_code"":200,""error_category"":null,""error_message"":null,""usage"":{""input_tokens"":267,""output_tokens"":6,""reasoning_tokens"":null,""cached_tokens"":null,""cache_write_tokens"":null,""total_tokens"":273},""cost_usd"":1.79676e-05,""generation_id"":""gen-1786874640-5skCSJlqgtCFhuxBIDkO"",""response_cache_status"":""UNKNOWN"",""observed_provider"":""Baidu"",""observed_endpoint"":null,""observed_quantization"":null}],""response_cache_status"":""UNKNOWN"",""raw_action_valid"":true,""action_received"":""QUERY"",""value"":""BBBBBBB"",""action_applied"":""QUERY"",""feedback"":{""exact"":1,""misplaced"":0},""credits_remaining"":8},{""step"":3,""credits_before"":8,""http_attempts"":[{""attempt_number"":1,""started_at"":""2026-08-16T10:07:32.266Z"",""finished_at"":""2026-08-16T10:07:50.453Z"",""duration_ms"":18188,""status_code"":200,""error_category"":null,""error_message"":null,""usage"":{""input_tokens"":300,""output_tokens"":7,""reasoning_tokens"":null,""cached_tokens"":256,""cache_write_tokens"":null,""total_tokens"":307},""cost_usd"":7.03248e-06,""generation_id"":""gen-1786874868-Y1hHn0KXWn7T9T1PMUF9"",""response_cache_status"":""UNKNOWN"",""observed_provider"":""Baidu"",""observed_endpoint"":null,""observed_quantization"":null}],""response_cache_status"":""UNKNOWN"",""raw_action_valid"":true,""action_received"":""QUERY"",""value"":""CBBBBBB"",""action_applied"":""QUERY"",""feedback"":{""exact"":2,""misplaced"":0},""credits_remaining"":7},{""step"":4,""credits_before"":7,""http_attempts"":[{""attempt_number"":1,""started_at"":""2026-08-16T10:11:14.643Z"",""finished_at"":""2026-08-16T10:11:38.690Z"",""duration_ms"":24047,""status_code"":200,""error_category"":null,""error_message"":null,""usage"":{""input_tokens"":334,""output_tokens"":7,""reasoning_tokens"":null,""cached_tokens"":256,""cache_write_tokens"":null,""total_tokens"":341},""cost_usd"":9.22208e-06,""generation_id"":""gen-1786875097-FM5MH1u1KdaydCRwkQlh"",""response_cache_status"":""UNKNOWN"",""observed_provider"":""Baidu"",""observed_endpoint"":null,""observed_quantization"":null}],""response_cache_status"":""UNKNOWN"",""raw_action_valid"":true,""action_received"":""QUERY"",""value"":""DBBBBBB"",""action_applied"":""QUERY"",""feedback"":{""exact"":1,""misplaced"":1},""credits_remaining"":6},{""step"":5,""credits_before"":6,""http_attempts"":[{""attempt_number"":1,""started_at"":""2026-08-16T10:15:00.033Z"",""finished_at"":""2026-08-16T10:15:25.688Z"",""duration_ms"":25655,""status_code"":200,""error_category"":null,""error_message"":null,""usage"":{""input_tokens"":368,""output_tokens"":7,""reasoning_tokens"":null,""cached_tokens"":256,""cache_write_tokens"":null,""total_tokens"":375},""cost_usd"":1.141168e-05,""generation_id"":""gen-1786875322-nXrIwlfDyQpnUgVwiIu2"",""response_cache_status"":""UNKNOWN"",""observed_provider"":""Baidu"",""observed_endpoint"":null,""observed_quantization"":null}],""response_cache_status"":""UNKNOWN"",""raw_action_valid"":true,""action_received"":""QUERY"",""value"":""EBBBBBB"",""action_applied"":""QUERY"",""feedback"":{""exact"":1,""misplaced"":1},""credits_remaining"":5},{""step"":6,""credits_before"":5,""http_attempts"":[{""attempt_number"":1,""started_at"":""2026-08-16T10:18:45.608Z"",""finished_at"":""2026-08-16T10:19:09.627Z"",""duration_ms"":24019,""status_code"":200,""error_category"":null,""error_message"":null,""usage"":{""input_tokens"":402,""output_tokens"":7,""reasoning_tokens"":null,""cached_tokens"":256,""cache_write_tokens"":null,""total_tokens"":409},""cost_usd"":1.360128e-05,""generation_id"":""gen-1786875548-kel4zMNDQqJoqo1BZ7q4"",""response_cache_status"":""UNKNOWN"",""observed_provider"":""Baidu"",""observed_endpoint"":null,""observed_quantization"":null}],""response_cache_status"":""UNKNOWN"",""raw_action_valid"":true,""action_received"":""QUERY"",""value"":""FBBBBBB"",""action_applied"":""QUERY"",""feedback"":{""exact"":1,""misplaced"":1},""credits_remaining"":4},{""step"":7,""credits_before"":4,""http_attempts"":[{""attempt_number"":1,""started_at"":""2026-08-16T10:22:28.825Z"",""finished_at"":""2026-08-16T10:22:49.158Z"",""duration_ms"":20333,""status_code"":200,""error_category"":null,""error_message"":null,""usage"":{""input_tokens"":436,""output_tokens"":7,""reasoning_tokens"":null,""cached_tokens"":256,""cache_write_tokens"":null,""total_tokens"":443},""cost_usd"":1.579088e-05,""generation_id"":""gen-1786875767-4nxCkJGwYkAD4Zn2OkKP"",""response_cache_status"":""UNKNOWN"",""observed_provider"":""Baidu"",""observed_endpoint"":null,""observed_quantization"":null}],""response_cache_status"":""UNKNOWN"",""raw_action_valid"":true,""action_received"":""QUERY"",""value"":""GBBBBBB"",""action_applied"":""QUERY"",""feedback"":{""exact"":1,""misplaced"":1},""credits_remaining"":3},{""step"":8,""credits_before"":3,""http_attempts"":[{""attempt_number"":1,""started_at"":""2026-08-16T10:26:13.428Z"",""finished_at"":""2026-08-16T10:26:28.711Z"",""duration_ms"":15283,""status_code"":200,""error_category"":null,""error_message"":null,""usage"":{""input_tokens"":470,""output_tokens"":7,""reasoning_tokens"":null,""cached_tokens"":256,""cache_write_tokens"":null,""total_tokens"":477},""cost_usd"":1.798048e-05,""generation_id"":""gen-1786875987-ibIyB7Xm7qFtzKUhQBWJ"",""response_cache_status"":""UNKNOWN"",""observed_provider"":""Baidu"",""observed_endpoint"":null,""observed_quantization"":null}],""response_cache_status"":""UNKNOWN"",""raw_action_valid"":true,""action_received"":""QUERY"",""value"":""HBBBBBB"",""action_applied"":""QUERY"",""feedback"":{""exact"":1,""misplaced"":0},""credits_remaining"":2},{""step"":9,""credits_before"":2,""http_attempts"":[{""attempt_number"":1,""started_at"":""2026-08-16T10:29:43.387Z"",""finished_at"":""2026-08-16T10:30:02.600Z"",""duration_ms"":19214,""status_code"":200,""error_category"":null,""error_message"":null,""usage"":{""input_tokens"":504,""output_tokens"":7,""reasoning_tokens"":null,""cached_tokens"":256,""cache_write_tokens"":null,""total_tokens"":511},""cost_usd"":2.017008e-05,""generation_id"":""gen-1786876200-eAo3hHoPc4L4uzfKIp1O"",""response_cache_status"":""UNKNOWN"",""observed_provider"":""Baidu"",""observed_endpoint"":null,""observed_quantization"":null}],""response_cache_status"":""UNKNOWN"",""raw_action_valid"":true,""action_received"":""QUERY"",""value"":""IBBBBBB"",""action_applied"":""QUERY"",""feedback"":{""exact"":1,""misplaced"":0},""credits_remaining"":1},{""step"":10,""credits_before"":1,""http_attempts"":[{""attempt_number"":1,""started_at"":""2026-08-16T10:33:13.371Z"",""finished_at"":""2026-08-16T10:33:35.114Z"",""duration_ms"":21743,""status_code"":200,""error_category"":null,""error_message"":null,""usage"":{""input_tokens"":538,""output_tokens"":7,""reasoning_tokens"":null,""cached_tokens"":256,""cache_write_tokens"":null,""total_tokens"":545},""cost_usd"":2.235968e-05,""generation_id"":""gen-1786876413-xzU5dohN8JFYOxa3zFpL"",""response_cache_status"":""UNKNOWN"",""observed_provider"":""Baidu"",""observed_endpoint"":null,""observed_quantization"":null}],""response_cache_status"":""UNKNOWN"",""raw_action_valid"":true,""action_received"":""QUERY"",""value"":""JBBBBBB"",""action_applied"":""QUERY"",""feedback"":{""exact"":1,""misplaced"":0},""credits_remaining"":0},{""step"":11,""credits_before"":0,""http_attempts"":[{""attempt_number"":1,""started_at"":""2026-08-16T10:36:41.788Z"",""finished_at"":""2026-08-16T10:37:05.909Z"",""duration_ms"":24122,""status_code"":200,""error_category"":null,""error_message"":null,""usage"":{""input_tokens"":572,""output_tokens"":8,""reasoning_tokens"":null,""cached_tokens"":512,""cache_write_tokens"":null,""total_tokens"":580},""cost_usd"":1.148896e-05,""generation_id"":""gen-1786876624-r2W0lKhK3UwQj4wwSVeE"",""response_cache_status"":""UNKNOWN"",""observed_provider"":""Baidu"",""observed_endpoint"":null,""observed_quantization"":null}],""response_cache_status"":""UNKNOWN"",""raw_action_valid"":true,""action_received"":""SUBMIT"",""value"":""CBBBBBB"",""action_applied"":""SUBMIT"",""coerced_at_zero_credits"":false,""credits_remaining"":0}]"
bcec4e4d-6676-40f9-b9c2-c9013b7e45ab,bcec4e4d-6676-40f9-b9c2-c9013b7e45ab,1,,16,deepseek,deepseek-v4-flash-0731,deepseek/deepseek-v4-flash-0731,baidu,Baidu,baidu/fp8,,,,C,different_model,2026-08-16T09:59:43.545Z,2026-08-16T10:37:09.053Z,2245508,3d3baa6feb49226c87c6bc0788fe1936,4a37b7c197974ac7,DJDEICH,7,10,10,10,0,CCCCCCC,1,0.14285714285714285,false,partial,11,11,0,0,4773,71,,3328,,4844,0.00014506743999999998,true,true,false,2ac8682c462a8f01ea519b44aa73090e57243476b55eaf2539123ca100c55ab6,"{""max_tokens"":8192,""temperature"":null,""top_p"":null,""top_k"":null,""min_p"":null,""seed"":null,""reasoning"":{""enabled"":false,""effort"":null,""max_tokens"":null,""exclude"":true},""thinking"":null}","{""endpoint_slug"":""baidu/fp8"",""quantizations"":null,""allow_fallbacks"":false,""require_parameters"":true}",completed,true,[],,,,"[{""step"":1,""credits_before"":10,""http_attempts"":[{""attempt_number"":1,""started_at"":""2026-08-16T09:59:43.545Z"",""finished_at"":""2026-08-16T10:00:07.555Z"",""duration_ms"":24010,""status_code"":200,""error_category"":null,""error_message"":null,""usage"":{""input_tokens"":268,""output_tokens"":6,""reasoning_tokens"":null,""cached_tokens"":256,""cache_write_tokens"":null,""total_tokens"":274},""cost_usd"":4.84288e-06,""generation_id"":""gen-1786874406-OKgEqLk2S9bWbafvp8Mz"",""response_cache_status"":""UNKNOWN"",""observed_provider"":""Baidu"",""observed_endpoint"":null,""observed_quantization"":null}],""response_cache_status"":""UNKNOWN"",""raw_action_valid"":true,""action_received"":""QUERY"",""value"":""AAAAAAA"",""action_applied"":""QUERY"",""feedback"":{""exact"":0,""misplaced"":0},""credits_remaining"":9},{""step"":2,""credits_before"":9,""http_attempts"":[{""attempt_number"":1,""started_at"":""2026-08-16T10:03:41.123Z"",""finished_at"":""2026-08-16T10:04:05.382Z"",""duration_ms"":24259,""status_code"":200,""error_category"":null,""error_message"":null,""usage"":{""input_tokens"":301,""output_tokens"":6,""reasoning_tokens"":null,""cached_tokens"":256,""cache_write_tokens"":null,""total_tokens"":307},""cost_usd"":6.96808e-06,""generation_id"":""gen-1786874643-49VOyyXFRA9JtylQXEek"",""response_cache_status"":""UNKNOWN"",""observed_provider"":""Baidu"",""observed_endpoint"":null,""observed_quantization"":null}],""response_cache_status"":""UNKNOWN"",""raw_action_valid"":true,""action_received"":""QUERY"",""value"":""BBBBBBB"",""action_applied"":""QUERY"",""feedback"":{""exact"":0,""misplaced"":0},""credits_remaining"":8},{""step"":3,""credits_before"":8,""http_attempts"":[{""attempt_number"":1,""started_at"":""2026-08-16T10:07:34.845Z"",""finished_at"":""2026-08-16T10:07:53.211Z"",""duration_ms"":18366,""status_code"":200,""error_category"":null,""error_message"":null,""usage"":{""input_tokens"":334,""output_tokens"":6,""reasoning_tokens"":null,""cached_tokens"":256,""cache_write_tokens"":null,""total_tokens"":340},""cost_usd"":9.09328e-06,""generation_id"":""gen-1786874871-iPllGLdVPnlaF7RQWoUt"",""response_cache_status"":""UNKNOWN"",""observed_provider"":""Baidu"",""observed_endpoint"":null,""observed_quantization"":null}],""response_cache_status"":""UNKNOWN"",""raw_action_valid"":true,""action_received"":""QUERY"",""value"":""CCCCCCC"",""action_applied"":""QUERY"",""feedback"":{""exact"":1,""misplaced"":0},""credits_remaining"":7},{""step"":4,""credits_before"":7,""http_attempts"":[{""attempt_number"":1,""started_at"":""2026-08-16T10:11:17.606Z"",""finished_at"":""2026-08-16T10:11:42.416Z"",""duration_ms"":24811,""status_code"":200,""error_category"":null,""error_message"":null,""usage"":{""input_tokens"":367,""output_tokens"":6,""reasoning_tokens"":null,""cached_tokens"":256,""cache_write_tokens"":null,""total_tokens"":373},""cost_usd"":1.121848e-05,""generation_id"":""gen-1786875100-pssS31VkghxgNTnk4CbX"",""response_cache_status"":""UNKNOWN"",""observed_provider"":""Baidu"",""observed_endpoint"":null,""observed_quantization"":null}],""response_cache_status"":""UNKNOWN"",""raw_action_valid"":true,""action_received"":""QUERY"",""value"":""CCCCCCD"",""action_applied"":""QUERY"",""feedback"":{""exact"":1,""misplaced"":1},""credits_remaining"":6},{""step"":5,""credits_before"":6,""http_attempts"":[{""attempt_number"":1,""started_at"":""2026-08-16T10:15:07.139Z"",""finished_at"":""2026-08-16T10:15:27.241Z"",""duration_ms"":20102,""status_code"":200,""error_category"":null,""error_message"":null,""usage"":{""input_tokens"":400,""output_tokens"":6,""reasoning_tokens"":null,""cached_tokens"":256,""cache_write_tokens"":null,""total_tokens"":406},""cost_usd"":1.334368e-05,""generation_id"":""gen-1786875325-yrPUqtxlsN4hAJlrnIeA"",""response_cache_status"":""UNKNOWN"",""observed_provider"":""Baidu"",""observed_endpoint"":null,""observed_quantization"":null}],""response_cache_status"":""UNKNOWN"",""raw_action_valid"":true,""action_received"":""QUERY"",""value"":""CCCCCDC"",""action_applied"":""QUERY"",""feedback"":{""exact"":0,""misplaced"":2},""credits_remaining"":5},{""step"":6,""credits_before"":5,""http_attempts"":[{""attempt_number"":1,""started_at"":""2026-08-16T10:18:48.605Z"",""finished_at"":""2026-08-16T10:19:12.862Z"",""duration_ms"":24257,""status_code"":200,""error_category"":null,""error_message"":null,""usage"":{""input_tokens"":433,""output_tokens"":6,""reasoning_tokens"":null,""cached_tokens"":256,""cache_write_tokens"":null,""total_tokens"":439},""cost_usd"":1.546888e-05,""generation_id"":""gen-1786875551-EZHqmIzeIh3kRmiYBMGW"",""response_cache_status"":""UNKNOWN"",""observed_provider"":""Baidu"",""observed_endpoint"":null,""observed_quantization"":null}],""response_cache_status"":""UNKNOWN"",""raw_action_valid"":true,""action_received"":""QUERY"",""value"":""CCCCCDD"",""action_applied"":""QUERY"",""feedback"":{""exact"":0,""misplaced"":3},""credits_remaining"":4},{""step"":7,""credits_before"":4,""http_attempts"":[{""attempt_number"":1,""started_at"":""2026-08-16T10:22:37.273Z"",""finished_at"":""2026-08-16T10:22:53.603Z"",""duration_ms"":16330,""status_code"":200,""error_category"":null,""error_message"":null,""usage"":{""input_tokens"":466,""output_tokens"":7,""reasoning_tokens"":null,""cached_tokens"":256,""cache_write_tokens"":null,""total_tokens"":473},""cost_usd"":1.772288e-05,""generation_id"":""gen-1786875770-KmK4EwTX3v7Pq3v1MIlY"",""response_cache_status"":""UNKNOWN"",""observed_provider"":""Baidu"",""observed_endpoint"":null,""observed_quantization"":null}],""response_cache_status"":""UNKNOWN"",""raw_action_valid"":true,""action_received"":""QUERY"",""value"":""DDDDDDD"",""action_applied"":""QUERY"",""feedback"":{""exact"":2,""misplaced"":0},""credits_remaining"":3},{""step"":8,""credits_before"":3,""http_attempts"":[{""attempt_number"":1,""started_at"":""2026-08-16T10:26:14.011Z"",""finished_at"":""2026-08-16T10:26:31.830Z"",""duration_ms"":17819,""status_code"":200,""error_category"":null,""error_message"":null,""usage"":{""input_tokens"":500,""output_tokens"":7,""reasoning_tokens"":null,""cached_tokens"":256,""cache_write_tokens"":null,""total_tokens"":507},""cost_usd"":1.991248e-05,""generation_id"":""gen-1786875990-swg2mFf9tB468Kn8NkUT"",""response_cache_status"":""UNKNOWN"",""observed_provider"":""Baidu"",""observed_endpoint"":null,""observed_quantization"":null}],""response_cache_status"":""UNKNOWN"",""raw_action_valid"":true,""action_received"":""QUERY"",""value"":""DDDDDDE"",""action_applied"":""QUERY"",""feedback"":{""exact"":2,""misplaced"":1},""credits_remaining"":2},{""step"":9,""credits_before"":2,""http_attempts"":[{""attempt_number"":1,""started_at"":""2026-08-16T10:29:44.229Z"",""finished_at"":""2026-08-16T10:30:04.818Z"",""duration_ms"":20589,""status_code"":200,""error_category"":null,""error_message"":null,""usage"":{""input_tokens"":534,""output_tokens"":7,""reasoning_tokens"":null,""cached_tokens"":256,""cache_write_tokens"":null,""total_tokens"":541},""cost_usd"":2.210208e-05,""generation_id"":""gen-1786876203-WJGR2yn1PllAOCyNlGYr"",""response_cache_status"":""UNKNOWN"",""observed_provider"":""Baidu"",""observed_endpoint"":null,""observed_quantization"":null}],""response_cache_status"":""UNKNOWN"",""raw_action_valid"":true,""action_received"":""QUERY"",""value"":""EEEEEEE"",""action_applied"":""QUERY"",""feedback"":{""exact"":1,""misplaced"":0},""credits_remaining"":1},{""step"":10,""credits_before"":1,""http_attempts"":[{""attempt_number"":1,""started_at"":""2026-08-16T10:33:14.382Z"",""finished_at"":""2026-08-16T10:33:38.873Z"",""duration_ms"":24491,""status_code"":200,""error_category"":null,""error_message"":null,""usage"":{""input_tokens"":568,""output_tokens"":7,""reasoning_tokens"":null,""cached_tokens"":512,""cache_write_tokens"":null,""total_tokens"":575},""cost_usd"":1.110256e-05,""generation_id"":""gen-1786876416-y40hXBwA9MCCtmmr9qyz"",""response_cache_status"":""UNKNOWN"",""observed_provider"":""Baidu"",""observed_endpoint"":null,""observed_quantization"":null}],""response_cache_status"":""UNKNOWN"",""raw_action_valid"":true,""action_received"":""QUERY"",""value"":""EEEEEEF"",""action_applied"":""QUERY"",""feedback"":{""exact"":1,""misplaced"":0},""credits_remaining"":0},{""step"":11,""credits_before"":0,""http_attempts"":[{""attempt_number"":1,""started_at"":""2026-08-16T10:36:44.617Z"",""finished_at"":""2026-08-16T10:37:09.053Z"",""duration_ms"":24436,""status_code"":200,""error_category"":null,""error_message"":null,""usage"":{""input_tokens"":602,""output_tokens"":7,""reasoning_tokens"":null,""cached_tokens"":512,""cache_write_tokens"":null,""total_tokens"":609},""cost_usd"":1.329216e-05,""generation_id"":""gen-1786876627-S3ViPV48Pt1SKSlqeUKK"",""response_cache_status"":""UNKNOWN"",""observed_provider"":""Baidu"",""observed_endpoint"":null,""observed_quantization"":null}],""response_cache_status"":""UNKNOWN"",""raw_action_valid"":true,""action_received"":""SUBMIT"",""value"":""CCCCCCC"",""action_applied"":""SUBMIT"",""coerced_at_zero_credits"":false,""credits_remaining"":0}]"
5d5a96dd-0e0c-4257-a9e4-bf501b2ae2a1,5d5a96dd-0e0c-4257-a9e4-bf501b2ae2a1,1,,2,deepseek,deepseek-v4-flash-0731,deepseek/deepseek-v4-flash-0731,baidu,Baidu,baidu/fp8,,,,A,continuation,2026-08-16T09:59:46.692Z,2026-08-16T10:37:11.607Z,2244916,3d3baa6feb49226c87c6bc0788fe1936,9c98f78efa2a1be4,GICEAIF,7,10,10,10,0,ABCDEAF,2,0.2857142857142857,false,partial,11,11,0,0,4653,67,,3328,,4720,0.00013682424,true,true,false,a193e42687075f855a907c617cb6eb43c5979e687d22273bbab4c0919af923ac,"{""max_tokens"":8192,""temperature"":null,""top_p"":null,""top_k"":null,""min_p"":null,""seed"":null,""reasoning"":{""enabled"":false,""effort"":null,""max_tokens"":null,""exclude"":true},""thinking"":null}","{""endpoint_slug"":""baidu/fp8"",""quantizations"":null,""allow_fallbacks"":false,""require_parameters"":true}",completed,true,[],,,,"[{""step"":1,""credits_before"":10,""http_attempts"":[{""attempt_number"":1,""started_at"":""2026-08-16T09:59:46.692Z"",""finished_at"":""2026-08-16T10:00:11.155Z"",""duration_ms"":24464,""status_code"":200,""error_category"":null,""error_message"":null,""usage"":{""input_tokens"":258,""output_tokens"":6,""reasoning_tokens"":null,""cached_tokens"":256,""cache_write_tokens"":null,""total_tokens"":264},""cost_usd"":4.19888e-06,""generation_id"":""gen-1786874409-AkQS5CioHelrAxpVGWWS"",""response_cache_status"":""UNKNOWN"",""observed_provider"":""Baidu"",""observed_endpoint"":null,""observed_quantization"":null}],""response_cache_status"":""UNKNOWN"",""raw_action_valid"":true,""action_received"":""QUERY"",""value"":""AAAAAAA"",""action_applied"":""QUERY"",""feedback"":{""exact"":1,""misplaced"":0},""credits_remaining"":9},{""step"":2,""credits_before"":9,""http_attempts"":[{""attempt_number"":1,""started_at"":""2026-08-16T10:03:44.117Z"",""finished_at"":""2026-08-16T10:04:08.185Z"",""duration_ms"":24069,""status_code"":200,""error_category"":null,""error_message"":null,""usage"":{""input_tokens"":291,""output_tokens"":6,""reasoning_tokens"":null,""cached_tokens"":256,""cache_write_tokens"":null,""total_tokens"":297},""cost_usd"":6.32408e-06,""generation_id"":""gen-1786874646-BtIyHQnkWnr8tzALWQRT"",""response_cache_status"":""UNKNOWN"",""observed_provider"":""Baidu"",""observed_endpoint"":null,""observed_quantization"":null}],""response_cache_status"":""UNKNOWN"",""raw_action_valid"":true,""action_received"":""QUERY"",""value"":""ABABABA"",""action_applied"":""QUERY"",""feedback"":{""exact"":1,""misplaced"":0},""credits_remaining"":8},{""step"":3,""credits_before"":8,""http_attempts"":[{""attempt_number"":1,""started_at"":""2026-08-16T10:07:35.099Z"",""finished_at"":""2026-08-16T10:07:56.567Z"",""duration_ms"":21468,""status_code"":200,""error_category"":null,""error_message"":null,""usage"":{""input_tokens"":324,""output_tokens"":6,""reasoning_tokens"":null,""cached_tokens"":256,""cache_write_tokens"":null,""total_tokens"":330},""cost_usd"":8.44928e-06,""generation_id"":""gen-1786874874-eaZjqiJEhXE7cxBFKf8F"",""response_cache_status"":""UNKNOWN"",""observed_provider"":""Baidu"",""observed_endpoint"":null,""observed_quantization"":null}],""response_cache_status"":""UNKNOWN"",""raw_action_valid"":true,""action_received"":""QUERY"",""value"":""ABCABCA"",""action_applied"":""QUERY"",""feedback"":{""exact"":1,""misplaced"":1},""credits_remaining"":7},{""step"":4,""credits_before"":7,""http_attempts"":[{""attempt_number"":1,""started_at"":""2026-08-16T10:11:20.762Z"",""finished_at"":""2026-08-16T10:11:44.925Z"",""duration_ms"":24162,""status_code"":200,""error_category"":null,""error_message"":null,""usage"":{""input_tokens"":357,""output_tokens"":6,""reasoning_tokens"":null,""cached_tokens"":256,""cache_write_tokens"":null,""total_tokens"":363},""cost_usd"":1.057448e-05,""generation_id"":""gen-1786875103-A4LFzA7N8YIXwbEF9C42"",""response_cache_status"":""UNKNOWN"",""observed_provider"":""Baidu"",""observed_endpoint"":null,""observed_quantization"":null}],""response_cache_status"":""UNKNOWN"",""raw_action_valid"":true,""action_received"":""QUERY"",""value"":""ABCDEFG"",""action_applied"":""QUERY"",""feedback"":{""exact"":1,""misplaced"":4},""credits_remaining"":6},{""step"":5,""credits_before"":6,""http_attempts"":[{""attempt_number"":1,""started_at"":""2026-08-16T10:15:09.563Z"",""finished_at"":""2026-08-16T10:15:30.125Z"",""duration_ms"":20561,""status_code"":200,""error_category"":null,""error_message"":null,""usage"":{""input_tokens"":390,""output_tokens"":6,""reasoning_tokens"":null,""cached_tokens"":256,""cache_write_tokens"":null,""total_tokens"":396},""cost_usd"":1.269968e-05,""generation_id"":""gen-1786875328-7Srr2eFbSP9Z2lMDx6hv"",""response_cache_status"":""UNKNOWN"",""observed_provider"":""Baidu"",""observed_endpoint"":null,""observed_quantization"":null}],""response_cache_status"":""UNKNOWN"",""raw_action_valid"":true,""action_received"":""QUERY"",""value"":""ABCDEAF"",""action_applied"":""QUERY"",""feedback"":{""exact"":2,""misplaced"":2},""credits_remaining"":5},{""step"":6,""credits_before"":5,""http_attempts"":[{""attempt_number"":1,""started_at"":""2026-08-16T10:18:51.718Z"",""finished_at"":""2026-08-16T10:19:15.721Z"",""duration_ms"":24003,""status_code"":200,""error_category"":null,""error_message"":null,""usage"":{""input_tokens"":423,""output_tokens"":6,""reasoning_tokens"":null,""cached_tokens"":256,""cache_write_tokens"":null,""total_tokens"":429},""cost_usd"":1.482488e-05,""generation_id"":""gen-1786875554-KCVpnnAMMfn2tRw12er8"",""response_cache_status"":""UNKNOWN"",""observed_provider"":""Baidu"",""observed_endpoint"":null,""observed_quantization"":null}],""response_cache_status"":""UNKNOWN"",""raw_action_valid"":true,""action_received"":""QUERY"",""value"":""ABCDEBF"",""action_applied"":""QUERY"",""feedback"":{""exact"":2,""misplaced"":2},""credits_remaining"":4},{""step"":7,""credits_before"":4,""http_attempts"":[{""attempt_number"":1,""started_at"":""2026-08-16T10:22:39.949Z"",""finished_at"":""2026-08-16T10:22:55.236Z"",""duration_ms"":15287,""status_code"":200,""error_category"":null,""error_message"":null,""usage"":{""input_tokens"":456,""output_tokens"":6,""reasoning_tokens"":null,""cached_tokens"":256,""cache_write_tokens"":null,""total_tokens"":462},""cost_usd"":1.695008e-05,""generation_id"":""gen-1786875773-cGA962w3S092164PDZjY"",""response_cache_status"":""UNKNOWN"",""observed_provider"":""Baidu"",""observed_endpoint"":null,""observed_quantization"":null}],""response_cache_status"":""UNKNOWN"",""raw_action_valid"":true,""action_received"":""QUERY"",""value"":""ABCDEFB"",""action_applied"":""QUERY"",""feedback"":{""exact"":1,""misplaced"":3},""credits_remaining"":3},{""step"":8,""credits_before"":3,""http_attempts"":[{""attempt_number"":1,""started_at"":""2026-08-16T10:26:16.453Z"",""finished_at"":""2026-08-16T10:26:35.473Z"",""duration_ms"":19020,""status_code"":200,""error_category"":null,""error_message"":null,""usage"":{""input_tokens"":489,""output_tokens"":6,""reasoning_tokens"":null,""cached_tokens"":256,""cache_write_tokens"":null,""total_tokens"":495},""cost_usd"":1.907528e-05,""generation_id"":""gen-1786875993-NSShmiz37watXYCK4K8W"",""response_cache_status"":""UNKNOWN"",""observed_provider"":""Baidu"",""observed_endpoint"":null,""observed_quantization"":null}],""response_cache_status"":""UNKNOWN"",""raw_action_valid"":true,""action_received"":""QUERY"",""value"":""ABCDECA"",""action_applied"":""QUERY"",""feedback"":{""exact"":1,""misplaced"":2},""credits_remaining"":2},{""step"":9,""credits_before"":2,""http_attempts"":[{""attempt_number"":1,""started_at"":""2026-08-16T10:29:48.285Z"",""finished_at"":""2026-08-16T10:30:07.966Z"",""duration_ms"":19681,""status_code"":200,""error_category"":null,""error_message"":null,""usage"":{""input_tokens"":522,""output_tokens"":6,""reasoning_tokens"":null,""cached_tokens"":256,""cache_write_tokens"":null,""total_tokens"":528},""cost_usd"":2.120048e-05,""generation_id"":""gen-1786876206-Ha76FbrMqzsZVX7b9SLp"",""response_cache_status"":""UNKNOWN"",""observed_provider"":""Baidu"",""observed_endpoint"":null,""observed_quantization"":null}],""response_cache_status"":""UNKNOWN"",""raw_action_valid"":true,""action_received"":""QUERY"",""value"":""ABCDECF"",""action_applied"":""QUERY"",""feedback"":{""exact"":2,""misplaced"":2},""credits_remaining"":1},{""step"":10,""credits_before"":1,""http_attempts"":[{""attempt_number"":1,""started_at"":""2026-08-16T10:33:20.257Z"",""finished_at"":""2026-08-16T10:33:41.625Z"",""duration_ms"":21368,""status_code"":200,""error_category"":null,""error_message"":null,""usage"":{""input_tokens"":555,""output_tokens"":6,""reasoning_tokens"":null,""cached_tokens"":512,""cache_write_tokens"":null,""total_tokens"":561},""cost_usd"":1.013656e-05,""generation_id"":""gen-1786876419-VZNeNwwVtlmkNiDt5wkj"",""response_cache_status"":""UNKNOWN"",""observed_provider"":""Baidu"",""observed_endpoint"":null,""observed_quantization"":null}],""response_cache_status"":""UNKNOWN"",""raw_action_valid"":true,""action_received"":""QUERY"",""value"":""ABCDECG"",""action_applied"":""QUERY"",""feedback"":{""exact"":1,""misplaced"":3},""credits_remaining"":0},{""step"":11,""credits_before"":0,""http_attempts"":[{""attempt_number"":1,""started_at"":""2026-08-16T10:36:51.004Z"",""finished_at"":""2026-08-16T10:37:11.607Z"",""duration_ms"":20603,""status_code"":200,""error_category"":null,""error_message"":null,""usage"":{""input_tokens"":588,""output_tokens"":7,""reasoning_tokens"":null,""cached_tokens"":512,""cache_write_tokens"":null,""total_tokens"":595},""cost_usd"":1.239056e-05,""generation_id"":""gen-1786876630-LJKcqNGOeM21QsQCOp0L"",""response_cache_status"":""UNKNOWN"",""observed_provider"":""Baidu"",""observed_endpoint"":null,""observed_quantization"":null}],""response_cache_status"":""UNKNOWN"",""raw_action_valid"":true,""action_received"":""SUBMIT"",""value"":""ABCDEAF"",""action_applied"":""SUBMIT"",""coerced_at_zero_credits"":false,""credits_remaining"":0}]"
46c62cc3-3f9e-47ca-935f-7055a7ba26b4,46c62cc3-3f9e-47ca-935f-7055a7ba26b4,1,,10,deepseek,deepseek-v4-flash-0731,deepseek/deepseek-v4-flash-0731,baidu,Baidu,baidu/fp8,,,,B,same_model_instance,2026-08-16T10:00:03.863Z,2026-08-16T10:37:33.122Z,2249260,3d3baa6feb49226c87c6bc0788fe1936,73ead48290ac7d6b,CJDHJHF,7,10,10,10,0,CCCCCCH,1,0.14285714285714285,false,partial,11,11,0,0,4720,70,,3328,,4790,0.00014152544000000001,true,true,false,beac9c73922a2ffe8812688677869d60b795a42f7917e7d966869980810162d3,"{""max_tokens"":8192,""temperature"":null,""top_p"":null,""top_k"":null,""min_p"":null,""seed"":null,""reasoning"":{""enabled"":false,""effort"":null,""max_tokens"":null,""exclude"":true},""thinking"":null}","{""endpoint_slug"":""baidu/fp8"",""quantizations"":null,""allow_fallbacks"":false,""require_parameters"":true}",completed,true,[],,,,"[{""step"":1,""credits_before"":10,""http_attempts"":[{""attempt_number"":1,""started_at"":""2026-08-16T10:00:03.863Z"",""finished_at"":""2026-08-16T10:00:25.707Z"",""duration_ms"":21845,""status_code"":200,""error_category"":null,""error_message"":null,""usage"":{""input_tokens"":263,""output_tokens"":6,""reasoning_tokens"":null,""cached_tokens"":256,""cache_write_tokens"":null,""total_tokens"":269},""cost_usd"":4.52088e-06,""generation_id"":""gen-1786874424-L3se8pFIop4B3VffJAz3"",""response_cache_status"":""UNKNOWN"",""observed_provider"":""Baidu"",""observed_endpoint"":null,""observed_quantization"":null}],""response_cache_status"":""UNKNOWN"",""raw_action_valid"":true,""action_received"":""QUERY"",""value"":""AAAAAAA"",""action_applied"":""QUERY"",""feedback"":{""exact"":0,""misplaced"":0},""credits_remaining"":9},{""step"":2,""credits_before"":9,""http_attempts"":[{""attempt_number"":1,""started_at"":""2026-08-16T10:03:58.820Z"",""finished_at"":""2026-08-16T10:04:22.962Z"",""duration_ms"":24142,""status_code"":200,""error_category"":null,""error_message"":null,""usage"":{""input_tokens"":296,""output_tokens"":6,""reasoning_tokens"":null,""cached_tokens"":256,""cache_write_tokens"":null,""total_tokens"":302},""cost_usd"":6.64608e-06,""generation_id"":""gen-1786874661-l6asKlmGpvSNJNDXQMKK"",""response_cache_status"":""UNKNOWN"",""observed_provider"":""Baidu"",""observed_endpoint"":null,""observed_quantization"":null}],""response_cache_status"":""UNKNOWN"",""raw_action_valid"":true,""action_received"":""QUERY"",""value"":""BBBBBBB"",""action_applied"":""QUERY"",""feedback"":{""exact"":0,""misplaced"":0},""credits_remaining"":8},{""step"":3,""credits_before"":8,""http_attempts"":[{""attempt_number"":1,""started_at"":""2026-08-16T10:07:47.674Z"",""finished_at"":""2026-08-16T10:08:11.869Z"",""duration_ms"":24196,""status_code"":200,""error_category"":null,""error_message"":null,""usage"":{""input_tokens"":329,""output_tokens"":6,""reasoning_tokens"":null,""cached_tokens"":256,""cache_write_tokens"":null,""total_tokens"":335},""cost_usd"":8.77128e-06,""generation_id"":""gen-1786874890-B8lr493l4dy9YcfNTmUT"",""response_cache_status"":""UNKNOWN"",""observed_provider"":""Baidu"",""observed_endpoint"":null,""observed_quantization"":null}],""response_cache_status"":""UNKNOWN"",""raw_action_valid"":true,""action_received"":""QUERY"",""value"":""CCCCCCC"",""action_applied"":""QUERY"",""feedback"":{""exact"":1,""misplaced"":0},""credits_remaining"":7},{""step"":4,""credits_before"":7,""http_attempts"":[{""attempt_number"":1,""started_at"":""2026-08-16T10:11:35.987Z"",""finished_at"":""2026-08-16T10:11:59.796Z"",""duration_ms"":23809,""status_code"":200,""error_category"":null,""error_message"":null,""usage"":{""input_tokens"":362,""output_tokens"":6,""reasoning_tokens"":null,""cached_tokens"":256,""cache_write_tokens"":null,""total_tokens"":368},""cost_usd"":1.089648e-05,""generation_id"":""gen-1786875118-6gWYmxLOF8Dr6a1g6qxm"",""response_cache_status"":""UNKNOWN"",""observed_provider"":""Baidu"",""observed_endpoint"":null,""observed_quantization"":null}],""response_cache_status"":""UNKNOWN"",""raw_action_valid"":true,""action_received"":""QUERY"",""value"":""CDCCCCC"",""action_applied"":""QUERY"",""feedback"":{""exact"":1,""misplaced"":1},""credits_remaining"":6},{""step"":5,""credits_before"":6,""http_attempts"":[{""attempt_number"":1,""started_at"":""2026-08-16T10:15:21.231Z"",""finished_at"":""2026-08-16T10:15:45.145Z"",""duration_ms"":23914,""status_code"":200,""error_category"":null,""error_message"":null,""usage"":{""input_tokens"":395,""output_tokens"":7,""reasoning_tokens"":null,""cached_tokens"":256,""cache_write_tokens"":null,""total_tokens"":402},""cost_usd"":1.315048e-05,""generation_id"":""gen-1786875343-BSJiIX44h1jP2VTnSz9z"",""response_cache_status"":""UNKNOWN"",""observed_provider"":""Baidu"",""observed_endpoint"":null,""observed_quantization"":null}],""response_cache_status"":""UNKNOWN"",""raw_action_valid"":true,""action_received"":""QUERY"",""value"":""DDDDDDD"",""action_applied"":""QUERY"",""feedback"":{""exact"":1,""misplaced"":0},""credits_remaining"":5},{""step"":6,""credits_before"":5,""http_attempts"":[{""attempt_number"":1,""started_at"":""2026-08-16T10:19:09.628Z"",""finished_at"":""2026-08-16T10:19:30.978Z"",""duration_ms"":21351,""status_code"":200,""error_category"":null,""error_message"":null,""usage"":{""input_tokens"":429,""output_tokens"":7,""reasoning_tokens"":null,""cached_tokens"":256,""cache_write_tokens"":null,""total_tokens"":436},""cost_usd"":1.534008e-05,""generation_id"":""gen-1786875569-X9IZYUjE7e34s9OEZt8A"",""response_cache_status"":""UNKNOWN"",""observed_provider"":""Baidu"",""observed_endpoint"":null,""observed_quantization"":null}],""response_cache_status"":""UNKNOWN"",""raw_action_valid"":true,""action_received"":""QUERY"",""value"":""EEEEEEE"",""action_applied"":""QUERY"",""feedback"":{""exact"":0,""misplaced"":0},""credits_remaining"":4},{""step"":7,""credits_before"":4,""http_attempts"":[{""attempt_number"":1,""started_at"":""2026-08-16T10:22:53.604Z"",""finished_at"":""2026-08-16T10:23:13.931Z"",""duration_ms"":20327,""status_code"":200,""error_category"":null,""error_message"":null,""usage"":{""input_tokens"":463,""output_tokens"":5,""reasoning_tokens"":null,""cached_tokens"":256,""cache_write_tokens"":null,""total_tokens"":468},""cost_usd"":1.727208e-05,""generation_id"":""gen-1786875791-QTZmwMG3viOFw6mLIKpY"",""response_cache_status"":""UNKNOWN"",""observed_provider"":""Baidu"",""observed_endpoint"":null,""observed_quantization"":null}],""response_cache_status"":""UNKNOWN"",""raw_action_valid"":true,""action_received"":""QUERY"",""value"":""FFFFFFF"",""action_applied"":""QUERY"",""feedback"":{""exact"":1,""misplaced"":0},""credits_remaining"":3},{""step"":8,""credits_before"":3,""http_attempts"":[{""attempt_number"":1,""started_at"":""2026-08-16T10:26:37.879Z"",""finished_at"":""2026-08-16T10:26:55.901Z"",""duration_ms"":18022,""status_code"":200,""error_category"":null,""error_message"":null,""usage"":{""input_tokens"":495,""output_tokens"":7,""reasoning_tokens"":null,""cached_tokens"":256,""cache_write_tokens"":null,""total_tokens"":502},""cost_usd"":1.959048e-05,""generation_id"":""gen-1786876014-3fNBUTCib2hqqDLiugOZ"",""response_cache_status"":""UNKNOWN"",""observed_provider"":""Baidu"",""observed_endpoint"":null,""observed_quantization"":null}],""response_cache_status"":""UNKNOWN"",""raw_action_valid"":true,""action_received"":""QUERY"",""value"":""GGGGGGG"",""action_applied"":""QUERY"",""feedback"":{""exact"":0,""misplaced"":0},""credits_remaining"":2},{""step"":9,""credits_before"":2,""http_attempts"":[{""attempt_number"":1,""started_at"":""2026-08-16T10:30:16.948Z"",""finished_at"":""2026-08-16T10:30:34.973Z"",""duration_ms"":18025,""status_code"":200,""error_category"":null,""error_message"":null,""usage"":{""input_tokens"":529,""output_tokens"":7,""reasoning_tokens"":null,""cached_tokens"":256,""cache_write_tokens"":null,""total_tokens"":536},""cost_usd"":2.178008e-05,""generation_id"":""gen-1786876233-2Y3ZLrjRzxmyATqs3V2L"",""response_cache_status"":""UNKNOWN"",""observed_provider"":""Baidu"",""observed_endpoint"":null,""observed_quantization"":null}],""response_cache_status"":""UNKNOWN"",""raw_action_valid"":true,""action_received"":""QUERY"",""value"":""HHHHHHH"",""action_applied"":""QUERY"",""feedback"":{""exact"":2,""misplaced"":0},""credits_remaining"":1},{""step"":10,""credits_before"":1,""http_attempts"":[{""attempt_number"":1,""started_at"":""2026-08-16T10:33:44.753Z"",""finished_at"":""2026-08-16T10:34:08.081Z"",""duration_ms"":23328,""status_code"":200,""error_category"":null,""error_message"":null,""usage"":{""input_tokens"":563,""output_tokens"":6,""reasoning_tokens"":null,""cached_tokens"":512,""cache_write_tokens"":null,""total_tokens"":569},""cost_usd"":1.065176e-05,""generation_id"":""gen-1786876446-Q2mDYRHYpEBPM2Uux8oC"",""response_cache_status"":""UNKNOWN"",""observed_provider"":""Baidu"",""observed_endpoint"":null,""observed_quantization"":null}],""response_cache_status"":""UNKNOWN"",""raw_action_valid"":true,""action_received"":""QUERY"",""value"":""CCCCCCH"",""action_applied"":""QUERY"",""feedback"":{""exact"":1,""misplaced"":1},""credits_remaining"":0},{""step"":11,""credits_before"":0,""http_attempts"":[{""attempt_number"":1,""started_at"":""2026-08-16T10:37:11.662Z"",""finished_at"":""2026-08-16T10:37:33.122Z"",""duration_ms"":21460,""status_code"":200,""error_category"":null,""error_message"":null,""usage"":{""input_tokens"":596,""output_tokens"":7,""reasoning_tokens"":null,""cached_tokens"":512,""cache_write_tokens"":null,""total_tokens"":603},""cost_usd"":1.290576e-05,""generation_id"":""gen-1786876651-Slx8vePm6cSSwnpNNsNd"",""response_cache_status"":""UNKNOWN"",""observed_provider"":""Baidu"",""observed_endpoint"":null,""observed_quantization"":null}],""response_cache_status"":""UNKNOWN"",""raw_action_valid"":true,""action_received"":""SUBMIT"",""value"":""CCCCCCH"",""action_applied"":""SUBMIT"",""coerced_at_zero_credits"":false,""credits_remaining"":0}]"
8b897ba5-cd99-4d26-aa07-4ef347276158,8b897ba5-cd99-4d26-aa07-4ef347276158,1,,14,deepseek,deepseek-v4-flash-0731,deepseek/deepseek-v4-flash-0731,baidu,Baidu,baidu/fp8,,,,C,different_model,2026-08-16T10:00:05.067Z,2026-08-16T10:37:35.996Z,2250929,3d3baa6feb49226c87c6bc0788fe1936,270880e2bbe25e92,HJDADEA,7,10,10,10,0,AABCDEF,2,0.2857142857142857,false,partial,11,11,0,0,4776,71,,3328,,4847,0.00014526063999999997,true,true,false,2ac8682c462a8f01ea519b44aa73090e57243476b55eaf2539123ca100c55ab6,"{""max_tokens"":8192,""temperature"":null,""top_p"":null,""top_k"":null,""min_p"":null,""seed"":null,""reasoning"":{""enabled"":false,""effort"":null,""max_tokens"":null,""exclude"":true},""thinking"":null}","{""endpoint_slug"":""baidu/fp8"",""quantizations"":null,""allow_fallbacks"":false,""require_parameters"":true}",completed,true,[],,,,"[{""step"":1,""credits_before"":10,""http_attempts"":[{""attempt_number"":1,""started_at"":""2026-08-16T10:00:05.067Z"",""finished_at"":""2026-08-16T10:00:28.619Z"",""duration_ms"":23552,""status_code"":200,""error_category"":null,""error_message"":null,""usage"":{""input_tokens"":268,""output_tokens"":6,""reasoning_tokens"":null,""cached_tokens"":256,""cache_write_tokens"":null,""total_tokens"":274},""cost_usd"":4.84288e-06,""generation_id"":""gen-1786874427-3GhsRrcFZzR5ieMlW3pB"",""response_cache_status"":""UNKNOWN"",""observed_provider"":""Baidu"",""observed_endpoint"":null,""observed_quantization"":null}],""response_cache_status"":""UNKNOWN"",""raw_action_valid"":true,""action_received"":""QUERY"",""value"":""ABCDEFG"",""action_applied"":""QUERY"",""feedback"":{""exact"":0,""misplaced"":3},""credits_remaining"":9},{""step"":2,""credits_before"":9,""http_attempts"":[{""attempt_number"":1,""started_at"":""2026-08-16T10:04:01.784Z"",""finished_at"":""2026-08-16T10:04:25.999Z"",""duration_ms"":24215,""status_code"":200,""error_category"":null,""error_message"":null,""usage"":{""input_tokens"":301,""output_tokens"":6,""reasoning_tokens"":null,""cached_tokens"":256,""cache_write_tokens"":null,""total_tokens"":307},""cost_usd"":6.96808e-06,""generation_id"":""gen-1786874664-1uKYawQeGurwSMAqT8tg"",""response_cache_status"":""UNKNOWN"",""observed_provider"":""Baidu"",""observed_endpoint"":null,""observed_quantization"":null}],""response_cache_status"":""UNKNOWN"",""raw_action_valid"":true,""action_received"":""QUERY"",""value"":""HABCDEF"",""action_applied"":""QUERY"",""feedback"":{""exact"":3,""misplaced"":1},""credits_remaining"":8},{""step"":3,""credits_before"":8,""http_attempts"":[{""attempt_number"":1,""started_at"":""2026-08-16T10:07:50.455Z"",""finished_at"":""2026-08-16T10:08:14.283Z"",""duration_ms"":23828,""status_code"":200,""error_category"":null,""error_message"":null,""usage"":{""input_tokens"":334,""output_tokens"":6,""reasoning_tokens"":null,""cached_tokens"":256,""cache_write_tokens"":null,""total_tokens"":340},""cost_usd"":9.09328e-06,""generation_id"":""gen-1786874892-0RGMKO53CoZLEts1TOFv"",""response_cache_status"":""UNKNOWN"",""observed_provider"":""Baidu"",""observed_endpoint"":null,""observed_quantization"":null}],""response_cache_status"":""UNKNOWN"",""raw_action_valid"":true,""action_received"":""QUERY"",""value"":""GABCDEH"",""action_applied"":""QUERY"",""feedback"":{""exact"":2,""misplaced"":2},""credits_remaining"":7},{""step"":4,""credits_before"":7,""http_attempts"":[{""attempt_number"":1,""started_at"":""2026-08-16T10:11:38.692Z"",""finished_at"":""2026-08-16T10:12:02.931Z"",""duration_ms"":24240,""status_code"":200,""error_category"":null,""error_message"":null,""usage"":{""input_tokens"":367,""output_tokens"":7,""reasoning_tokens"":null,""cached_tokens"":256,""cache_write_tokens"":null,""total_tokens"":374},""cost_usd"":1.134728e-05,""generation_id"":""gen-1786875121-fd6XDzOT8guOIC9mk544"",""response_cache_status"":""UNKNOWN"",""observed_provider"":""Baidu"",""observed_endpoint"":null,""observed_quantization"":null}],""response_cache_status"":""UNKNOWN"",""raw_action_valid"":true,""action_received"":""QUERY"",""value"":""HBCDEFG"",""action_applied"":""QUERY"",""feedback"":{""exact"":1,""misplaced"":2},""credits_remaining"":6},{""step"":5,""credits_before"":6,""http_attempts"":[{""attempt_number"":1,""started_at"":""2026-08-16T10:15:25.689Z"",""finished_at"":""2026-08-16T10:15:48.351Z"",""duration_ms"":22662,""status_code"":200,""error_category"":null,""error_message"":null,""usage"":{""input_tokens"":401,""output_tokens"":6,""reasoning_tokens"":null,""cached_tokens"":256,""cache_write_tokens"":null,""total_tokens"":407},""cost_usd"":1.340808e-05,""generation_id"":""gen-1786875346-v0MBqoa5qfwD0hnYDyAv"",""response_cache_status"":""UNKNOWN"",""observed_provider"":""Baidu"",""observed_endpoint"":null,""observed_quantization"":null}],""response_cache_status"":""UNKNOWN"",""raw_action_valid"":true,""action_received"":""QUERY"",""value"":""IABCDEF"",""action_applied"":""QUERY"",""feedback"":{""exact"":2,""misplaced"":1},""credits_remaining"":5},{""step"":6,""credits_before"":5,""http_attempts"":[{""attempt_number"":1,""started_at"":""2026-08-16T10:19:12.863Z"",""finished_at"":""2026-08-16T10:19:33.718Z"",""duration_ms"":20855,""status_code"":200,""error_category"":null,""error_message"":null,""usage"":{""input_tokens"":434,""output_tokens"":6,""reasoning_tokens"":null,""cached_tokens"":256,""cache_write_tokens"":null,""total_tokens"":440},""cost_usd"":1.553328e-05,""generation_id"":""gen-1786875572-Q0bCoSHsCnw0VlhtvHGN"",""response_cache_status"":""UNKNOWN"",""observed_provider"":""Baidu"",""observed_endpoint"":null,""observed_quantization"":null}],""response_cache_status"":""UNKNOWN"",""raw_action_valid"":true,""action_received"":""QUERY"",""value"":""JABCDEF"",""action_applied"":""QUERY"",""feedback"":{""exact"":2,""misplaced"":2},""credits_remaining"":4},{""step"":7,""credits_before"":4,""http_attempts"":[{""attempt_number"":1,""started_at"":""2026-08-16T10:22:55.236Z"",""finished_at"":""2026-08-16T10:23:16.121Z"",""duration_ms"":20885,""status_code"":200,""error_category"":null,""error_message"":null,""usage"":{""input_tokens"":467,""output_tokens"":6,""reasoning_tokens"":null,""cached_tokens"":256,""cache_write_tokens"":null,""total_tokens"":473},""cost_usd"":1.765848e-05,""generation_id"":""gen-1786875794-8FN0yuQLMccpAMJ0nGIL"",""response_cache_status"":""UNKNOWN"",""observed_provider"":""Baidu"",""observed_endpoint"":null,""observed_quantization"":null}],""response_cache_status"":""UNKNOWN"",""raw_action_valid"":true,""action_received"":""QUERY"",""value"":""HIJABCD"",""action_applied"":""QUERY"",""feedback"":{""exact"":2,""misplaced"":2},""credits_remaining"":3},{""step"":8,""credits_before"":3,""http_attempts"":[{""attempt_number"":1,""started_at"":""2026-08-16T10:26:40.731Z"",""finished_at"":""2026-08-16T10:26:58.586Z"",""duration_ms"":17855,""status_code"":200,""error_category"":null,""error_message"":null,""usage"":{""input_tokens"":500,""output_tokens"":7,""reasoning_tokens"":null,""cached_tokens"":256,""cache_write_tokens"":null,""total_tokens"":507},""cost_usd"":1.991248e-05,""generation_id"":""gen-1786876017-HZ6nEp1JNzmT6Z48XeGa"",""response_cache_status"":""UNKNOWN"",""observed_provider"":""Baidu"",""observed_endpoint"":null,""observed_quantization"":null}],""response_cache_status"":""UNKNOWN"",""raw_action_valid"":true,""action_received"":""QUERY"",""value"":""GHIJABC"",""action_applied"":""QUERY"",""feedback"":{""exact"":0,""misplaced"":3},""credits_remaining"":2},{""step"":9,""credits_before"":2,""http_attempts"":[{""attempt_number"":1,""started_at"":""2026-08-16T10:30:20.266Z"",""finished_at"":""2026-08-16T10:30:38.305Z"",""duration_ms"":18039,""status_code"":200,""error_category"":null,""error_message"":null,""usage"":{""input_tokens"":534,""output_tokens"":7,""reasoning_tokens"":null,""cached_tokens"":256,""cache_write_tokens"":null,""total_tokens"":541},""cost_usd"":2.210208e-05,""generation_id"":""gen-1786876236-Af2EFjdlSzDw1cUkzY9T"",""response_cache_status"":""UNKNOWN"",""observed_provider"":""Baidu"",""observed_endpoint"":null,""observed_quantization"":null}],""response_cache_status"":""UNKNOWN"",""raw_action_valid"":true,""action_received"":""QUERY"",""value"":""FGHIJAB"",""action_applied"":""QUERY"",""feedback"":{""exact"":0,""misplaced"":3},""credits_remaining"":1},{""step"":10,""credits_before"":1,""http_attempts"":[{""attempt_number"":1,""started_at"":""2026-08-16T10:33:50.196Z"",""finished_at"":""2026-08-16T10:34:11.176Z"",""duration_ms"":20980,""status_code"":200,""error_category"":null,""error_message"":null,""usage"":{""input_tokens"":568,""output_tokens"":7,""reasoning_tokens"":null,""cached_tokens"":512,""cache_write_tokens"":null,""total_tokens"":575},""cost_usd"":1.110256e-05,""generation_id"":""gen-1786876449-RjGFfyEtae2L1NpoIGxe"",""response_cache_status"":""UNKNOWN"",""observed_provider"":""Baidu"",""observed_endpoint"":null,""observed_quantization"":null}],""response_cache_status"":""UNKNOWN"",""raw_action_valid"":true,""action_received"":""QUERY"",""value"":""EFGHIJA"",""action_applied"":""QUERY"",""feedback"":{""exact"":1,""misplaced"":3},""credits_remaining"":0},{""step"":11,""credits_before"":0,""http_attempts"":[{""attempt_number"":1,""started_at"":""2026-08-16T10:37:14.531Z"",""finished_at"":""2026-08-16T10:37:35.995Z"",""duration_ms"":21464,""status_code"":200,""error_category"":null,""error_message"":null,""usage"":{""input_tokens"":602,""output_tokens"":7,""reasoning_tokens"":null,""cached_tokens"":512,""cache_write_tokens"":null,""total_tokens"":609},""cost_usd"":1.329216e-05,""generation_id"":""gen-1786876654-MqCjFWREOVCsqk8lpWRP"",""response_cache_status"":""UNKNOWN"",""observed_provider"":""Baidu"",""observed_endpoint"":null,""observed_quantization"":null}],""response_cache_status"":""UNKNOWN"",""raw_action_valid"":true,""action_received"":""SUBMIT"",""value"":""AABCDEF"",""action_applied"":""SUBMIT"",""coerced_at_zero_credits"":false,""credits_remaining"":0}]"
299ec237-8ecf-419e-ae6c-973213cc3b01,299ec237-8ecf-419e-ae6c-973213cc3b01,1,,19,deepseek,deepseek-v4-flash-0731,deepseek/deepseek-v4-flash-0731,baidu,Baidu,baidu/fp8,,,,B,same_model_instance,2026-08-16T09:59:24.892Z,2026-08-16T10:37:45.369Z,2300477,3d3baa6feb49226c87c6bc0788fe1936,cbf2a6c142103e4a,IFFJEDA,7,10,10,6,4,AJIBCDI,1,0.14285714285714285,false,partial,11,11,0,4,53323,16140,,34816,,69463,0.00371911288,true,true,false,beac9c73922a2ffe8812688677869d60b795a42f7917e7d966869980810162d3,"{""max_tokens"":8192,""temperature"":null,""top_p"":null,""top_k"":null,""min_p"":null,""seed"":null,""reasoning"":{""enabled"":false,""effort"":null,""max_tokens"":null,""exclude"":true},""thinking"":null}","{""endpoint_slug"":""baidu/fp8"",""quantizations"":null,""allow_fallbacks"":false,""require_parameters"":true}",completed,true,[],,,response must be exactly QUERY <symbols> or SUBMIT <symbols>,"[{""step"":1,""credits_before"":10,""http_attempts"":[{""attempt_number"":1,""started_at"":""2026-08-16T09:59:24.892Z"",""finished_at"":""2026-08-16T09:59:32.028Z"",""duration_ms"":7136,""status_code"":200,""error_category"":null,""error_message"":null,""usage"":{""input_tokens"":263,""output_tokens"":6,""reasoning_tokens"":null,""cached_tokens"":256,""cache_write_tokens"":null,""total_tokens"":269},""cost_usd"":4.52088e-06,""generation_id"":""gen-1786874370-UIM6qvfqCte2abFOMM2w"",""response_cache_status"":""UNKNOWN"",""observed_provider"":""Baidu"",""observed_endpoint"":null,""observed_quantization"":null}],""response_cache_status"":""UNKNOWN"",""raw_action_valid"":true,""action_received"":""QUERY"",""value"":""ABCDEFG"",""action_applied"":""QUERY"",""feedback"":{""exact"":1,""misplaced"":3},""credits_remaining"":9},{""step"":2,""credits_before"":9,""http_attempts"":[{""attempt_number"":1,""started_at"":""2026-08-16T10:03:04.686Z"",""finished_at"":""2026-08-16T10:03:28.944Z"",""duration_ms"":24258,""status_code"":200,""error_category"":null,""error_message"":null,""usage"":{""input_tokens"":296,""output_tokens"":6,""reasoning_tokens"":null,""cached_tokens"":256,""cache_write_tokens"":null,""total_tokens"":302},""cost_usd"":6.64608e-06,""generation_id"":""gen-1786874607-R7fF7kgHwypzEBV66ktz"",""response_cache_status"":""UNKNOWN"",""observed_provider"":""Baidu"",""observed_endpoint"":null,""observed_quantization"":null}],""response_cache_status"":""UNKNOWN"",""raw_action_valid"":false,""action"":null,""parse_error"":""response must contain exactly 7 symbols"",""consecutive_invalid_responses"":1},{""step"":3,""credits_before"":9,""http_attempts"":[{""attempt_number"":1,""started_at"":""2026-08-16T10:06:52.913Z"",""finished_at"":""2026-08-16T10:07:17.026Z"",""duration_ms"":24113,""status_code"":200,""error_category"":null,""error_message"":null,""usage"":{""input_tokens"":336,""output_tokens"":6,""reasoning_tokens"":null,""cached_tokens"":256,""cache_write_tokens"":null,""total_tokens"":342},""cost_usd"":9.22208e-06,""generation_id"":""gen-1786874835-iuj2qS0lhevXlPI8BvSD"",""response_cache_status"":""UNKNOWN"",""observed_provider"":""Baidu"",""observed_endpoint"":null,""observed_quantization"":null}],""response_cache_status"":""UNKNOWN"",""raw_action_valid"":true,""action_received"":""QUERY"",""value"":""HABCDEF"",""action_applied"":""QUERY"",""feedback"":{""exact"":0,""misplaced"":4},""credits_remaining"":8},{""step"":4,""credits_before"":8,""http_attempts"":[{""attempt_number"":1,""started_at"":""2026-08-16T10:10:42.177Z"",""finished_at"":""2026-08-16T10:11:05.529Z"",""duration_ms"":23352,""status_code"":200,""error_category"":null,""error_message"":null,""usage"":{""input_tokens"":369,""output_tokens"":6,""reasoning_tokens"":null,""cached_tokens"":256,""cache_write_tokens"":null,""total_tokens"":375},""cost_usd"":1.134728e-05,""generation_id"":""gen-1786875064-FNzgajY4xDYoRMg9oA4q"",""response_cache_status"":""UNKNOWN"",""observed_provider"":""Baidu"",""observed_endpoint"":null,""observed_quantization"":null}],""response_cache_status"":""UNKNOWN"",""raw_action_valid"":true,""action_received"":""QUERY"",""value"":""ABCDEFH"",""action_applied"":""QUERY"",""feedback"":{""exact"":1,""misplaced"":3},""credits_remaining"":7},{""step"":5,""credits_before"":7,""http_attempts"":[{""attempt_number"":1,""started_at"":""2026-08-16T10:14:27.044Z"",""finished_at"":""2026-08-16T10:14:51.102Z"",""duration_ms"":24058,""status_code"":200,""error_category"":null,""error_message"":null,""usage"":{""input_tokens"":402,""output_tokens"":6,""reasoning_tokens"":null,""cached_tokens"":256,""cache_write_tokens"":null,""total_tokens"":408},""cost_usd"":1.347248e-05,""generation_id"":""gen-1786875289-ZUwv9CjVLs7v7aA0ERzj"",""response_cache_status"":""UNKNOWN"",""observed_provider"":""Baidu"",""observed_endpoint"":null,""observed_quantization"":null}],""response_cache_status"":""UNKNOWN"",""raw_action_valid"":true,""action_received"":""QUERY"",""value"":""GABCDEF"",""action_applied"":""QUERY"",""feedback"":{""exact"":0,""misplaced"":4},""credits_remaining"":6},{""step"":6,""credits_before"":6,""http_attempts"":[{""attempt_number"":1,""started_at"":""2026-08-16T10:18:15.545Z"",""finished_at"":""2026-08-16T10:18:36.892Z"",""duration_ms"":21347,""status_code"":200,""error_category"":null,""error_message"":null,""usage"":{""input_tokens"":435,""output_tokens"":7,""reasoning_tokens"":null,""cached_tokens"":256,""cache_write_tokens"":null,""total_tokens"":442},""cost_usd"":1.572648e-05,""generation_id"":""gen-1786875515-VLVFZHtrKlmPMDKhVyCP"",""response_cache_status"":""UNKNOWN"",""observed_provider"":""Baidu"",""observed_endpoint"":null,""observed_quantization"":null}],""response_cache_status"":""UNKNOWN"",""raw_action_valid"":true,""action_received"":""QUERY"",""value"":""ABCGEFD"",""action_applied"":""QUERY"",""feedback"":{""exact"":1,""misplaced"":3},""credits_remaining"":5},{""step"":7,""credits_before"":5,""http_attempts"":[{""attempt_number"":1,""started_at"":""2026-08-16T10:21:57.893Z"",""finished_at"":""2026-08-16T10:22:56.964Z"",""duration_ms"":59071,""status_code"":200,""error_category"":null,""error_message"":null,""usage"":{""input_tokens"":469,""output_tokens"":8192,""reasoning_tokens"":null,""cached_tokens"":256,""cache_write_tokens"":null,""total_tokens"":8661},""cost_usd"":0.00107214408,""generation_id"":""gen-1786875737-L8f3DyDBjGUnmz9s3bd5"",""response_cache_status"":""UNKNOWN"",""observed_provider"":""Baidu"",""observed_endpoint"":null,""observed_quantization"":null}],""response_cache_status"":""UNKNOWN"",""raw_action_valid"":false,""action"":null,""parse_error"":""response must be exactly QUERY <symbols> or SUBMIT <symbols>"",""consecutive_invalid_responses"":1},{""step"":8,""credits_before"":5,""http_attempts"":[{""attempt_number"":1,""started_at"":""2026-08-16T10:26:19.620Z"",""finished_at"":""2026-08-16T10:26:37.878Z"",""duration_ms"":18258,""status_code"":200,""error_category"":null,""error_message"":null,""usage"":{""input_tokens"":8696,""output_tokens"":6,""reasoning_tokens"":null,""cached_tokens"":256,""cache_write_tokens"":null,""total_tokens"":8702},""cost_usd"":0.00054760608,""generation_id"":""gen-1786875996-NOuQZH6nOvSJ8zLDF5dl"",""response_cache_status"":""UNKNOWN"",""observed_provider"":""Baidu"",""observed_endpoint"":null,""observed_quantization"":null}],""response_cache_status"":""UNKNOWN"",""raw_action_valid"":true,""action_received"":""QUERY"",""value"":""ABCDEFJ"",""action_applied"":""QUERY"",""feedback"":{""exact"":1,""misplaced"":4},""credits_remaining"":4},{""step"":9,""credits_before"":4,""http_attempts"":[{""attempt_number"":1,""started_at"":""2026-08-16T10:29:49.745Z"",""finished_at"":""2026-08-16T10:30:44.335Z"",""duration_ms"":54590,""status_code"":200,""error_category"":null,""error_message"":null,""usage"":{""input_tokens"":8729,""output_tokens"":7873,""reasoning_tokens"":null,""cached_tokens"":8192,""cache_write_tokens"":null,""total_tokens"":16602},""cost_usd"":0.00115413816,""generation_id"":""gen-1786876209-1o9EEWvOnWGGUIZeTPV3"",""response_cache_status"":""UNKNOWN"",""observed_provider"":""Baidu"",""observed_endpoint"":null,""observed_quantization"":null}],""response_cache_status"":""UNKNOWN"",""raw_action_valid"":false,""action"":null,""parse_error"":""response must be exactly QUERY <symbols> or SUBMIT <symbols>"",""consecutive_invalid_responses"":1},{""step"":10,""credits_before"":4,""http_attempts"":[{""attempt_number"":1,""started_at"":""2026-08-16T10:33:57.792Z"",""finished_at"":""2026-08-16T10:34:20.620Z"",""duration_ms"":22828,""status_code"":200,""error_category"":null,""error_message"":null,""usage"":{""input_tokens"":16635,""output_tokens"":24,""reasoning_tokens"":null,""cached_tokens"":8192,""cache_write_tokens"":null,""total_tokens"":16659},""cost_usd"":0.00065233336,""generation_id"":""gen-1786876458-JJEWE2fm9y40cEtM06MH"",""response_cache_status"":""UNKNOWN"",""observed_provider"":""Baidu"",""observed_endpoint"":null,""observed_quantization"":null}],""response_cache_status"":""UNKNOWN"",""raw_action_valid"":false,""action"":null,""parse_error"":""response must be exactly QUERY <symbols> or SUBMIT <symbols>"",""consecutive_invalid_responses"":2},{""step"":11,""credits_before"":4,""http_attempts"":[{""attempt_number"":1,""started_at"":""2026-08-16T10:37:23.785Z"",""finished_at"":""2026-08-16T10:37:45.368Z"",""duration_ms"":21583,""status_code"":200,""error_category"":null,""error_message"":null,""usage"":{""input_tokens"":16693,""output_tokens"":8,""reasoning_tokens"":null,""cached_tokens"":16384,""cache_write_tokens"":null,""total_tokens"":16701},""cost_usd"":0.00023195592,""generation_id"":""gen-1786876663-PeqsPF1IN8uuv6R66D7s"",""response_cache_status"":""UNKNOWN"",""observed_provider"":""Baidu"",""observed_endpoint"":null,""observed_quantization"":null}],""response_cache_status"":""UNKNOWN"",""raw_action_valid"":true,""action_received"":""SUBMIT"",""value"":""AJIBCDI"",""action_applied"":""SUBMIT"",""coerced_at_zero_credits"":false,""credits_remaining"":4}]"
2675cc45-cf8f-4e47-a285-f66a0c31a003,2675cc45-cf8f-4e47-a285-f66a0c31a003,1,,8,deepseek,deepseek-v4-flash-0731,deepseek/deepseek-v4-flash-0731,baidu,Baidu,baidu/fp8,,,,C,different_model,2026-08-16T10:00:13.549Z,2026-08-16T10:37:47.728Z,2254179,3d3baa6feb49226c87c6bc0788fe1936,120e70197195e286,HGABAEA,7,10,10,10,0,BBBBBBA,2,0.2857142857142857,false,partial,11,11,0,0,4769,68,,3328,,4837,0.00014442344,true,true,false,2ac8682c462a8f01ea519b44aa73090e57243476b55eaf2539123ca100c55ab6,"{""max_tokens"":8192,""temperature"":null,""top_p"":null,""top_k"":null,""min_p"":null,""seed"":null,""reasoning"":{""enabled"":false,""effort"":null,""max_tokens"":null,""exclude"":true},""thinking"":null}","{""endpoint_slug"":""baidu/fp8"",""quantizations"":null,""allow_fallbacks"":false,""require_parameters"":true}",completed,true,[],,,,"[{""step"":1,""credits_before"":10,""http_attempts"":[{""attempt_number"":1,""started_at"":""2026-08-16T10:00:13.549Z"",""finished_at"":""2026-08-16T10:00:37.625Z"",""duration_ms"":24076,""status_code"":200,""error_category"":null,""error_message"":null,""usage"":{""input_tokens"":268,""output_tokens"":6,""reasoning_tokens"":null,""cached_tokens"":256,""cache_write_tokens"":null,""total_tokens"":274},""cost_usd"":4.84288e-06,""generation_id"":""gen-1786874436-1I1KvbgAOTfecYXSjzXD"",""response_cache_status"":""UNKNOWN"",""observed_provider"":""Baidu"",""observed_endpoint"":null,""observed_quantization"":null}],""response_cache_status"":""UNKNOWN"",""raw_action_valid"":true,""action_received"":""QUERY"",""value"":""AAAAAAA"",""action_applied"":""QUERY"",""feedback"":{""exact"":3,""misplaced"":0},""credits_remaining"":9},{""step"":2,""credits_before"":9,""http_attempts"":[{""attempt_number"":1,""started_at"":""2026-08-16T10:04:10.851Z"",""finished_at"":""2026-08-16T10:04:34.849Z"",""duration_ms"":23998,""status_code"":200,""error_category"":null,""error_message"":null,""usage"":{""input_tokens"":301,""output_tokens"":6,""reasoning_tokens"":null,""cached_tokens"":256,""cache_write_tokens"":null,""total_tokens"":307},""cost_usd"":6.96808e-06,""generation_id"":""gen-1786874673-uyt5IGpIj208pjmvZW5y"",""response_cache_status"":""UNKNOWN"",""observed_provider"":""Baidu"",""observed_endpoint"":null,""observed_quantization"":null}],""response_cache_status"":""UNKNOWN"",""raw_action_valid"":true,""action_received"":""QUERY"",""value"":""AAAAABB"",""action_applied"":""QUERY"",""feedback"":{""exact"":2,""misplaced"":2},""credits_remaining"":8},{""step"":3,""credits_before"":8,""http_attempts"":[{""attempt_number"":1,""started_at"":""2026-08-16T10:07:59.195Z"",""finished_at"":""2026-08-16T10:08:23.169Z"",""duration_ms"":23974,""status_code"":200,""error_category"":null,""error_message"":null,""usage"":{""input_tokens"":334,""output_tokens"":6,""reasoning_tokens"":null,""cached_tokens"":256,""cache_write_tokens"":null,""total_tokens"":340},""cost_usd"":9.09328e-06,""generation_id"":""gen-1786874901-iZxZa2B1NxqIK9fbDurQ"",""response_cache_status"":""UNKNOWN"",""observed_provider"":""Baidu"",""observed_endpoint"":null,""observed_quantization"":null}],""response_cache_status"":""UNKNOWN"",""raw_action_valid"":true,""action_received"":""QUERY"",""value"":""AAAABBB"",""action_applied"":""QUERY"",""feedback"":{""exact"":1,""misplaced"":3},""credits_remaining"":7},{""step"":4,""credits_before"":7,""http_attempts"":[{""attempt_number"":1,""started_at"":""2026-08-16T10:11:47.720Z"",""finished_at"":""2026-08-16T10:12:11.820Z"",""duration_ms"":24100,""status_code"":200,""error_category"":null,""error_message"":null,""usage"":{""input_tokens"":367,""output_tokens"":6,""reasoning_tokens"":null,""cached_tokens"":256,""cache_write_tokens"":null,""total_tokens"":373},""cost_usd"":1.121848e-05,""generation_id"":""gen-1786875130-M6WQamspL3QXyx7A148l"",""response_cache_status"":""UNKNOWN"",""observed_provider"":""Baidu"",""observed_endpoint"":null,""observed_quantization"":null}],""response_cache_status"":""UNKNOWN"",""raw_action_valid"":true,""action_received"":""QUERY"",""value"":""AAABBBB"",""action_applied"":""QUERY"",""feedback"":{""exact"":2,""misplaced"":2},""credits_remaining"":6},{""step"":5,""credits_before"":6,""http_attempts"":[{""attempt_number"":1,""started_at"":""2026-08-16T10:15:33.383Z"",""finished_at"":""2026-08-16T10:15:57.527Z"",""duration_ms"":24143,""status_code"":200,""error_category"":null,""error_message"":null,""usage"":{""input_tokens"":400,""output_tokens"":7,""reasoning_tokens"":null,""cached_tokens"":256,""cache_write_tokens"":null,""total_tokens"":407},""cost_usd"":1.347248e-05,""generation_id"":""gen-1786875355-gWkP16wy9JJiVrbyfwwp"",""response_cache_status"":""UNKNOWN"",""observed_provider"":""Baidu"",""observed_endpoint"":null,""observed_quantization"":null}],""response_cache_status"":""UNKNOWN"",""raw_action_valid"":true,""action_received"":""QUERY"",""value"":""AABBBBB"",""action_applied"":""QUERY"",""feedback"":{""exact"":1,""misplaced"":2},""credits_remaining"":5},{""step"":6,""credits_before"":5,""http_attempts"":[{""attempt_number"":1,""started_at"":""2026-08-16T10:19:21.688Z"",""finished_at"":""2026-08-16T10:19:42.657Z"",""duration_ms"":20970,""status_code"":200,""error_category"":null,""error_message"":null,""usage"":{""input_tokens"":434,""output_tokens"":6,""reasoning_tokens"":null,""cached_tokens"":256,""cache_write_tokens"":null,""total_tokens"":440},""cost_usd"":1.553328e-05,""generation_id"":""gen-1786875581-kQglMhEagMGPTx6UBJtk"",""response_cache_status"":""UNKNOWN"",""observed_provider"":""Baidu"",""observed_endpoint"":null,""observed_quantization"":null}],""response_cache_status"":""UNKNOWN"",""raw_action_valid"":true,""action_received"":""QUERY"",""value"":""ABBBBBB"",""action_applied"":""QUERY"",""feedback"":{""exact"":1,""misplaced"":1},""credits_remaining"":4},{""step"":7,""credits_before"":4,""http_attempts"":[{""attempt_number"":1,""started_at"":""2026-08-16T10:23:01.074Z"",""finished_at"":""2026-08-16T10:23:25.051Z"",""duration_ms"":23977,""status_code"":200,""error_category"":null,""error_message"":null,""usage"":{""input_tokens"":467,""output_tokens"":6,""reasoning_tokens"":null,""cached_tokens"":256,""cache_write_tokens"":null,""total_tokens"":473},""cost_usd"":1.765848e-05,""generation_id"":""gen-1786875803-F3w4revqaIj1G2Vx9nK7"",""response_cache_status"":""UNKNOWN"",""observed_provider"":""Baidu"",""observed_endpoint"":null,""observed_quantization"":null}],""response_cache_status"":""UNKNOWN"",""raw_action_valid"":true,""action_received"":""QUERY"",""value"":""BBBBBBB"",""action_applied"":""QUERY"",""feedback"":{""exact"":1,""misplaced"":0},""credits_remaining"":3},{""step"":8,""credits_before"":3,""http_attempts"":[{""attempt_number"":1,""started_at"":""2026-08-16T10:26:45.914Z"",""finished_at"":""2026-08-16T10:27:07.589Z"",""duration_ms"":21675,""status_code"":200,""error_category"":null,""error_message"":null,""usage"":{""input_tokens"":500,""output_tokens"":6,""reasoning_tokens"":null,""cached_tokens"":256,""cache_write_tokens"":null,""total_tokens"":506},""cost_usd"":1.978368e-05,""generation_id"":""gen-1786876026-QnhwqlymKuC09zUOwTNN"",""response_cache_status"":""UNKNOWN"",""observed_provider"":""Baidu"",""observed_endpoint"":null,""observed_quantization"":null}],""response_cache_status"":""UNKNOWN"",""raw_action_valid"":true,""action_received"":""QUERY"",""value"":""BBBBBBA"",""action_applied"":""QUERY"",""feedback"":{""exact"":2,""misplaced"":0},""credits_remaining"":2},{""step"":9,""credits_before"":2,""http_attempts"":[{""attempt_number"":1,""started_at"":""2026-08-16T10:30:28.855Z"",""finished_at"":""2026-08-16T10:30:46.958Z"",""duration_ms"":18104,""status_code"":200,""error_category"":null,""error_message"":null,""usage"":{""input_tokens"":533,""output_tokens"":6,""reasoning_tokens"":null,""cached_tokens"":256,""cache_write_tokens"":null,""total_tokens"":539},""cost_usd"":2.190888e-05,""generation_id"":""gen-1786876245-PFoqTjr5Roaz9ur0PRuf"",""response_cache_status"":""UNKNOWN"",""observed_provider"":""Baidu"",""observed_endpoint"":null,""observed_quantization"":null}],""response_cache_status"":""UNKNOWN"",""raw_action_valid"":true,""action_received"":""QUERY"",""value"":""BBBBBAA"",""action_applied"":""QUERY"",""feedback"":{""exact"":2,""misplaced"":1},""credits_remaining"":1},{""step"":10,""credits_before"":1,""http_attempts"":[{""attempt_number"":1,""started_at"":""2026-08-16T10:33:59.167Z"",""finished_at"":""2026-08-16T10:34:23.527Z"",""duration_ms"":24360,""status_code"":200,""error_category"":null,""error_message"":null,""usage"":{""input_tokens"":566,""output_tokens"":6,""reasoning_tokens"":null,""cached_tokens"":512,""cache_write_tokens"":null,""total_tokens"":572},""cost_usd"":1.084496e-05,""generation_id"":""gen-1786876461-ZR5xR2409zFgrPTISv4x"",""response_cache_status"":""UNKNOWN"",""observed_provider"":""Baidu"",""observed_endpoint"":null,""observed_quantization"":null}],""response_cache_status"":""UNKNOWN"",""raw_action_valid"":true,""action_received"":""QUERY"",""value"":""BBBBAAA"",""action_applied"":""QUERY"",""feedback"":{""exact"":3,""misplaced"":1},""credits_remaining"":0},{""step"":11,""credits_before"":0,""http_attempts"":[{""attempt_number"":1,""started_at"":""2026-08-16T10:37:26.713Z"",""finished_at"":""2026-08-16T10:37:47.727Z"",""duration_ms"":21014,""status_code"":200,""error_category"":null,""error_message"":null,""usage"":{""input_tokens"":599,""output_tokens"":7,""reasoning_tokens"":null,""cached_tokens"":512,""cache_write_tokens"":null,""total_tokens"":606},""cost_usd"":1.309896e-05,""generation_id"":""gen-1786876666-JulWrRQejuKgqkvjgt4F"",""response_cache_status"":""UNKNOWN"",""observed_provider"":""Baidu"",""observed_endpoint"":null,""observed_quantization"":null}],""response_cache_status"":""UNKNOWN"",""raw_action_valid"":true,""action_received"":""SUBMIT"",""value"":""BBBBBBA"",""action_applied"":""SUBMIT"",""coerced_at_zero_credits"":false,""credits_remaining"":0}]"
4b38a82e-b18c-4b46-9ea2-60dc2f23666a,4b38a82e-b18c-4b46-9ea2-60dc2f23666a,1,,4,deepseek,deepseek-v4-flash-0731,deepseek/deepseek-v4-flash-0731,baidu,Baidu,baidu/fp8,,,,D,none,2026-08-16T10:00:16.581Z,2026-08-16T10:37:51.164Z,2254583,3d3baa6feb49226c87c6bc0788fe1936,8021de5f043cf5eb,IBJGHDJ,7,10,10,10,0,ABCDEIJ,2,0.2857142857142857,false,partial,11,11,0,0,4393,68,,2560,,4461,0.0001597764,true,true,false,35eb269349366de62767de54014a2ee9e18f1c8ac55a4d1100739e287293bf0b,"{""max_tokens"":8192,""temperature"":null,""top_p"":null,""top_k"":null,""min_p"":null,""seed"":null,""reasoning"":{""enabled"":false,""effort"":null,""max_tokens"":null,""exclude"":true},""thinking"":null}","{""endpoint_slug"":""baidu/fp8"",""quantizations"":null,""allow_fallbacks"":false,""require_parameters"":true}",completed,true,[],,,,"[{""step"":1,""credits_before"":10,""http_attempts"":[{""attempt_number"":1,""started_at"":""2026-08-16T10:00:16.581Z"",""finished_at"":""2026-08-16T10:00:40.618Z"",""duration_ms"":24037,""status_code"":200,""error_category"":null,""error_message"":null,""usage"":{""input_tokens"":234,""output_tokens"":6,""reasoning_tokens"":null,""cached_tokens"":null,""cache_write_tokens"":null,""total_tokens"":240},""cost_usd"":1.58424e-05,""generation_id"":""gen-1786874439-BI6PVuIn3bxUjuf8d7NY"",""response_cache_status"":""UNKNOWN"",""observed_provider"":""Baidu"",""observed_endpoint"":null,""observed_quantization"":null}],""response_cache_status"":""UNKNOWN"",""raw_action_valid"":true,""action_received"":""QUERY"",""value"":""ABCDEFG"",""action_applied"":""QUERY"",""feedback"":{""exact"":1,""misplaced"":2},""credits_remaining"":9},{""step"":2,""credits_before"":9,""http_attempts"":[{""attempt_number"":1,""started_at"":""2026-08-16T10:04:13.801Z"",""finished_at"":""2026-08-16T10:04:37.819Z"",""duration_ms"":24018,""status_code"":200,""error_category"":null,""error_message"":null,""usage"":{""input_tokens"":267,""output_tokens"":6,""reasoning_tokens"":null,""cached_tokens"":null,""cache_write_tokens"":null,""total_tokens"":273},""cost_usd"":1.79676e-05,""generation_id"":""gen-1786874676-10hYGapbu5uhLKu3Ir0l"",""response_cache_status"":""UNKNOWN"",""observed_provider"":""Baidu"",""observed_endpoint"":null,""observed_quantization"":null}],""response_cache_status"":""UNKNOWN"",""raw_action_valid"":true,""action_received"":""QUERY"",""value"":""ABCDEFH"",""action_applied"":""QUERY"",""feedback"":{""exact"":1,""misplaced"":2},""credits_remaining"":8},{""step"":3,""credits_before"":8,""http_attempts"":[{""attempt_number"":1,""started_at"":""2026-08-16T10:08:02.178Z"",""finished_at"":""2026-08-16T10:08:26.243Z"",""duration_ms"":24066,""status_code"":200,""error_category"":null,""error_message"":null,""usage"":{""input_tokens"":300,""output_tokens"":6,""reasoning_tokens"":null,""cached_tokens"":256,""cache_write_tokens"":null,""total_tokens"":306},""cost_usd"":6.90368e-06,""generation_id"":""gen-1786874904-BZx1JLO1Vx0jHELxCnqp"",""response_cache_status"":""UNKNOWN"",""observed_provider"":""Baidu"",""observed_endpoint"":null,""observed_quantization"":null}],""response_cache_status"":""UNKNOWN"",""raw_action_valid"":true,""action_received"":""QUERY"",""value"":""ABCDEHI"",""action_applied"":""QUERY"",""feedback"":{""exact"":1,""misplaced"":3},""credits_remaining"":7},{""step"":4,""credits_before"":7,""http_attempts"":[{""attempt_number"":1,""started_at"":""2026-08-16T10:11:52.193Z"",""finished_at"":""2026-08-16T10:12:15.336Z"",""duration_ms"":23144,""status_code"":200,""error_category"":null,""error_message"":null,""usage"":{""input_tokens"":333,""output_tokens"":6,""reasoning_tokens"":null,""cached_tokens"":256,""cache_write_tokens"":null,""total_tokens"":339},""cost_usd"":9.02888e-06,""generation_id"":""gen-1786875133-aMuPVdgPMerQrnRZTUdY"",""response_cache_status"":""UNKNOWN"",""observed_provider"":""Baidu"",""observed_endpoint"":null,""observed_quantization"":null}],""response_cache_status"":""UNKNOWN"",""raw_action_valid"":true,""action_received"":""QUERY"",""value"":""ABCDFGH"",""action_applied"":""QUERY"",""feedback"":{""exact"":1,""misplaced"":3},""credits_remaining"":6},{""step"":5,""credits_before"":6,""http_attempts"":[{""attempt_number"":1,""started_at"":""2026-08-16T10:15:36.104Z"",""finished_at"":""2026-08-16T10:16:00.272Z"",""duration_ms"":24169,""status_code"":200,""error_category"":null,""error_message"":null,""usage"":{""input_tokens"":366,""output_tokens"":6,""reasoning_tokens"":null,""cached_tokens"":256,""cache_write_tokens"":null,""total_tokens"":372},""cost_usd"":1.115408e-05,""generation_id"":""gen-1786875358-U91jSOlgAVjKnIMFkjWD"",""response_cache_status"":""UNKNOWN"",""observed_provider"":""Baidu"",""observed_endpoint"":null,""observed_quantization"":null}],""response_cache_status"":""UNKNOWN"",""raw_action_valid"":true,""action_received"":""QUERY"",""value"":""ABCEFGH"",""action_applied"":""QUERY"",""feedback"":{""exact"":1,""misplaced"":2},""credits_remaining"":5},{""step"":6,""credits_before"":5,""http_attempts"":[{""attempt_number"":1,""started_at"":""2026-08-16T10:19:24.094Z"",""finished_at"":""2026-08-16T10:19:45.706Z"",""duration_ms"":21612,""status_code"":200,""error_category"":null,""error_message"":null,""usage"":{""input_tokens"":399,""output_tokens"":6,""reasoning_tokens"":null,""cached_tokens"":256,""cache_write_tokens"":null,""total_tokens"":405},""cost_usd"":1.327928e-05,""generation_id"":""gen-1786875584-nw5DkHJ1xN4dndusePMu"",""response_cache_status"":""UNKNOWN"",""observed_provider"":""Baidu"",""observed_endpoint"":null,""observed_quantization"":null}],""response_cache_status"":""UNKNOWN"",""raw_action_valid"":true,""action_received"":""QUERY"",""value"":""ABDEFGH"",""action_applied"":""QUERY"",""feedback"":{""exact"":1,""misplaced"":3},""credits_remaining"":4},{""step"":7,""credits_before"":4,""http_attempts"":[{""attempt_number"":1,""started_at"":""2026-08-16T10:23:04.264Z"",""finished_at"":""2026-08-16T10:23:28.065Z"",""duration_ms"":23801,""status_code"":200,""error_category"":null,""error_message"":null,""usage"":{""input_tokens"":432,""output_tokens"":7,""reasoning_tokens"":null,""cached_tokens"":256,""cache_write_tokens"":null,""total_tokens"":439},""cost_usd"":1.553328e-05,""generation_id"":""gen-1786875806-ztjCFkHJg8ClEZUvSmxU"",""response_cache_status"":""UNKNOWN"",""observed_provider"":""Baidu"",""observed_endpoint"":null,""observed_quantization"":null}],""response_cache_status"":""UNKNOWN"",""raw_action_valid"":true,""action_received"":""QUERY"",""value"":""ACDEFGH"",""action_applied"":""QUERY"",""feedback"":{""exact"":0,""misplaced"":3},""credits_remaining"":3},{""step"":8,""credits_before"":3,""http_attempts"":[{""attempt_number"":1,""started_at"":""2026-08-16T10:26:47.228Z"",""finished_at"":""2026-08-16T10:27:10.489Z"",""duration_ms"":23261,""status_code"":200,""error_category"":null,""error_message"":null,""usage"":{""input_tokens"":466,""output_tokens"":6,""reasoning_tokens"":null,""cached_tokens"":256,""cache_write_tokens"":null,""total_tokens"":472},""cost_usd"":1.759408e-05,""generation_id"":""gen-1786876029-J5ETcq31YKVtI6xWPSUS"",""response_cache_status"":""UNKNOWN"",""observed_provider"":""Baidu"",""observed_endpoint"":null,""observed_quantization"":null}],""response_cache_status"":""UNKNOWN"",""raw_action_valid"":true,""action_received"":""QUERY"",""value"":""ABCDEFJ"",""action_applied"":""QUERY"",""feedback"":{""exact"":2,""misplaced"":1},""credits_remaining"":2},{""step"":9,""credits_before"":2,""http_attempts"":[{""attempt_number"":1,""started_at"":""2026-08-16T10:30:28.962Z"",""finished_at"":""2026-08-16T10:30:49.871Z"",""duration_ms"":20909,""status_code"":200,""error_category"":null,""error_message"":null,""usage"":{""input_tokens"":499,""output_tokens"":6,""reasoning_tokens"":null,""cached_tokens"":256,""cache_write_tokens"":null,""total_tokens"":505},""cost_usd"":1.971928e-05,""generation_id"":""gen-1786876248-vpWiMKsjg1ec62DQM2p5"",""response_cache_status"":""UNKNOWN"",""observed_provider"":""Baidu"",""observed_endpoint"":null,""observed_quantization"":null}],""response_cache_status"":""UNKNOWN"",""raw_action_valid"":true,""action_received"":""QUERY"",""value"":""ABCDEFG"",""action_applied"":""QUERY"",""feedback"":{""exact"":1,""misplaced"":2},""credits_remaining"":1},{""step"":10,""credits_before"":1,""http_attempts"":[{""attempt_number"":1,""started_at"":""2026-08-16T10:34:02.684Z"",""finished_at"":""2026-08-16T10:34:26.811Z"",""duration_ms"":24127,""status_code"":200,""error_category"":null,""error_message"":null,""usage"":{""input_tokens"":532,""output_tokens"":6,""reasoning_tokens"":null,""cached_tokens"":256,""cache_write_tokens"":null,""total_tokens"":538},""cost_usd"":2.184448e-05,""generation_id"":""gen-1786876464-V8WVMi1bNlFjYAQRXl9R"",""response_cache_status"":""UNKNOWN"",""observed_provider"":""Baidu"",""observed_endpoint"":null,""observed_quantization"":null}],""response_cache_status"":""UNKNOWN"",""raw_action_valid"":true,""action_received"":""QUERY"",""value"":""ABCDEIJ"",""action_applied"":""QUERY"",""feedback"":{""exact"":2,""misplaced"":2},""credits_remaining"":0},{""step"":11,""credits_before"":0,""http_attempts"":[{""attempt_number"":1,""started_at"":""2026-08-16T10:37:27.688Z"",""finished_at"":""2026-08-16T10:37:51.163Z"",""duration_ms"":23475,""status_code"":200,""error_category"":null,""error_message"":null,""usage"":{""input_tokens"":565,""output_tokens"":7,""reasoning_tokens"":null,""cached_tokens"":512,""cache_write_tokens"":null,""total_tokens"":572},""cost_usd"":1.090936e-05,""generation_id"":""gen-1786876669-5kHeoBvtnc6qSEHspXSW"",""response_cache_status"":""UNKNOWN"",""observed_provider"":""Baidu"",""observed_endpoint"":null,""observed_quantization"":null}],""response_cache_status"":""UNKNOWN"",""raw_action_valid"":true,""action_received"":""SUBMIT"",""value"":""ABCDEIJ"",""action_applied"":""SUBMIT"",""coerced_at_zero_credits"":false,""credits_remaining"":0}]"
2b324629-d479-426c-8b86-778023d2fdc2,2b324629-d479-426c-8b86-778023d2fdc2,1,,10,deepseek,deepseek-v4-flash-0731,deepseek/deepseek-v4-flash-0731,baidu,Baidu,baidu/fp8,,,,A,continuation,2026-08-16T10:00:34.828Z,2026-08-16T10:38:02.766Z,2247938,3d3baa6feb49226c87c6bc0788fe1936,531c1df88e90ebdf,CJDHJHF,7,10,10,10,0,CCCFFHH,2,0.2857142857142857,false,partial,11,11,0,0,4669,71,,3328,,4740,0.00013836984,true,true,false,a193e42687075f855a907c617cb6eb43c5979e687d22273bbab4c0919af923ac,"{""max_tokens"":8192,""temperature"":null,""top_p"":null,""top_k"":null,""min_p"":null,""seed"":null,""reasoning"":{""enabled"":false,""effort"":null,""max_tokens"":null,""exclude"":true},""thinking"":null}","{""endpoint_slug"":""baidu/fp8"",""quantizations"":null,""allow_fallbacks"":false,""require_parameters"":true}",completed,true,[],,,,"[{""step"":1,""credits_before"":10,""http_attempts"":[{""attempt_number"":1,""started_at"":""2026-08-16T10:00:34.828Z"",""finished_at"":""2026-08-16T10:00:58.713Z"",""duration_ms"":23885,""status_code"":200,""error_category"":null,""error_message"":null,""usage"":{""input_tokens"":258,""output_tokens"":6,""reasoning_tokens"":null,""cached_tokens"":256,""cache_write_tokens"":null,""total_tokens"":264},""cost_usd"":4.19888e-06,""generation_id"":""gen-1786874457-WTZSnuNpxFcyGRumppgG"",""response_cache_status"":""UNKNOWN"",""observed_provider"":""Baidu"",""observed_endpoint"":null,""observed_quantization"":null}],""response_cache_status"":""UNKNOWN"",""raw_action_valid"":true,""action_received"":""QUERY"",""value"":""AAAAAAA"",""action_applied"":""QUERY"",""feedback"":{""exact"":0,""misplaced"":0},""credits_remaining"":9},{""step"":2,""credits_before"":9,""http_attempts"":[{""attempt_number"":1,""started_at"":""2026-08-16T10:04:31.869Z"",""finished_at"":""2026-08-16T10:04:55.764Z"",""duration_ms"":23895,""status_code"":200,""error_category"":null,""error_message"":null,""usage"":{""input_tokens"":291,""output_tokens"":6,""reasoning_tokens"":null,""cached_tokens"":256,""cache_write_tokens"":null,""total_tokens"":297},""cost_usd"":6.32408e-06,""generation_id"":""gen-1786874694-uwTjteU2hDNBF9M0CzHq"",""response_cache_status"":""UNKNOWN"",""observed_provider"":""Baidu"",""observed_endpoint"":null,""observed_quantization"":null}],""response_cache_status"":""UNKNOWN"",""raw_action_valid"":true,""action_received"":""QUERY"",""value"":""BBBBBBB"",""action_applied"":""QUERY"",""feedback"":{""exact"":0,""misplaced"":0},""credits_remaining"":8},{""step"":3,""credits_before"":8,""http_attempts"":[{""attempt_number"":1,""started_at"":""2026-08-16T10:08:20.194Z"",""finished_at"":""2026-08-16T10:08:44.389Z"",""duration_ms"":24196,""status_code"":200,""error_category"":null,""error_message"":null,""usage"":{""input_tokens"":324,""output_tokens"":6,""reasoning_tokens"":null,""cached_tokens"":256,""cache_write_tokens"":null,""total_tokens"":330},""cost_usd"":8.44928e-06,""generation_id"":""gen-1786874922-FuqYgVsQ3NXplVbimRWZ"",""response_cache_status"":""UNKNOWN"",""observed_provider"":""Baidu"",""observed_endpoint"":null,""observed_quantization"":null}],""response_cache_status"":""UNKNOWN"",""raw_action_valid"":true,""action_received"":""QUERY"",""value"":""CCCCCCC"",""action_applied"":""QUERY"",""feedback"":{""exact"":1,""misplaced"":0},""credits_remaining"":7},{""step"":4,""credits_before"":7,""http_attempts"":[{""attempt_number"":1,""started_at"":""2026-08-16T10:12:08.914Z"",""finished_at"":""2026-08-16T10:12:32.775Z"",""duration_ms"":23861,""status_code"":200,""error_category"":null,""error_message"":null,""usage"":{""input_tokens"":357,""output_tokens"":7,""reasoning_tokens"":null,""cached_tokens"":256,""cache_write_tokens"":null,""total_tokens"":364},""cost_usd"":1.070328e-05,""generation_id"":""gen-1786875151-xe7MLTSKmK1UJGEaA3sq"",""response_cache_status"":""UNKNOWN"",""observed_provider"":""Baidu"",""observed_endpoint"":null,""observed_quantization"":null}],""response_cache_status"":""UNKNOWN"",""raw_action_valid"":true,""action_received"":""QUERY"",""value"":""DDDDDDD"",""action_applied"":""QUERY"",""feedback"":{""exact"":1,""misplaced"":0},""credits_remaining"":6},{""step"":5,""credits_before"":6,""http_attempts"":[{""attempt_number"":1,""started_at"":""2026-08-16T10:15:54.181Z"",""finished_at"":""2026-08-16T10:16:18.279Z"",""duration_ms"":24098,""status_code"":200,""error_category"":null,""error_message"":null,""usage"":{""input_tokens"":391,""output_tokens"":7,""reasoning_tokens"":null,""cached_tokens"":256,""cache_write_tokens"":null,""total_tokens"":398},""cost_usd"":1.289288e-05,""generation_id"":""gen-1786875376-MyArJWsOuJqf5GvCHWt4"",""response_cache_status"":""UNKNOWN"",""observed_provider"":""Baidu"",""observed_endpoint"":null,""observed_quantization"":null}],""response_cache_status"":""UNKNOWN"",""raw_action_valid"":true,""action_received"":""QUERY"",""value"":""EEEEEEE"",""action_applied"":""QUERY"",""feedback"":{""exact"":0,""misplaced"":0},""credits_remaining"":5},{""step"":6,""credits_before"":5,""http_attempts"":[{""attempt_number"":1,""started_at"":""2026-08-16T10:19:39.764Z"",""finished_at"":""2026-08-16T10:20:03.696Z"",""duration_ms"":23931,""status_code"":200,""error_category"":null,""error_message"":null,""usage"":{""input_tokens"":425,""output_tokens"":5,""reasoning_tokens"":null,""cached_tokens"":256,""cache_write_tokens"":null,""total_tokens"":430},""cost_usd"":1.482488e-05,""generation_id"":""gen-1786875602-IPXORRFAsgnXzNvslIl4"",""response_cache_status"":""UNKNOWN"",""observed_provider"":""Baidu"",""observed_endpoint"":null,""observed_quantization"":null}],""response_cache_status"":""UNKNOWN"",""raw_action_valid"":true,""action_received"":""QUERY"",""value"":""FFFFFFF"",""action_applied"":""QUERY"",""feedback"":{""exact"":1,""misplaced"":0},""credits_remaining"":4},{""step"":7,""credits_before"":4,""http_attempts"":[{""attempt_number"":1,""started_at"":""2026-08-16T10:23:19.086Z"",""finished_at"":""2026-08-16T10:23:43.094Z"",""duration_ms"":24008,""status_code"":200,""error_category"":null,""error_message"":null,""usage"":{""input_tokens"":457,""output_tokens"":7,""reasoning_tokens"":null,""cached_tokens"":256,""cache_write_tokens"":null,""total_tokens"":464},""cost_usd"":1.714328e-05,""generation_id"":""gen-1786875821-4lcq82UvvgJAoFQPH5GM"",""response_cache_status"":""UNKNOWN"",""observed_provider"":""Baidu"",""observed_endpoint"":null,""observed_quantization"":null}],""response_cache_status"":""UNKNOWN"",""raw_action_valid"":true,""action_received"":""QUERY"",""value"":""GGGGGGG"",""action_applied"":""QUERY"",""feedback"":{""exact"":0,""misplaced"":0},""credits_remaining"":3},{""step"":8,""credits_before"":3,""http_attempts"":[{""attempt_number"":1,""started_at"":""2026-08-16T10:27:01.504Z"",""finished_at"":""2026-08-16T10:27:25.632Z"",""duration_ms"":24127,""status_code"":200,""error_category"":null,""error_message"":null,""usage"":{""input_tokens"":491,""output_tokens"":7,""reasoning_tokens"":null,""cached_tokens"":256,""cache_write_tokens"":null,""total_tokens"":498},""cost_usd"":1.933288e-05,""generation_id"":""gen-1786876044-cd5TvdKdXDYdhmsv9hEY"",""response_cache_status"":""UNKNOWN"",""observed_provider"":""Baidu"",""observed_endpoint"":null,""observed_quantization"":null}],""response_cache_status"":""UNKNOWN"",""raw_action_valid"":true,""action_received"":""QUERY"",""value"":""HHHHHHH"",""action_applied"":""QUERY"",""feedback"":{""exact"":2,""misplaced"":0},""credits_remaining"":2},{""step"":9,""credits_before"":2,""http_attempts"":[{""attempt_number"":1,""started_at"":""2026-08-16T10:30:44.109Z"",""finished_at"":""2026-08-16T10:31:04.957Z"",""duration_ms"":20848,""status_code"":200,""error_category"":null,""error_message"":null,""usage"":{""input_tokens"":525,""output_tokens"":6,""reasoning_tokens"":null,""cached_tokens"":256,""cache_write_tokens"":null,""total_tokens"":531},""cost_usd"":2.139368e-05,""generation_id"":""gen-1786876263-2EVIBLj0Uw5Eo4yKa7My"",""response_cache_status"":""UNKNOWN"",""observed_provider"":""Baidu"",""observed_endpoint"":null,""observed_quantization"":null}],""response_cache_status"":""UNKNOWN"",""raw_action_valid"":true,""action_received"":""QUERY"",""value"":""IIIIIII"",""action_applied"":""QUERY"",""feedback"":{""exact"":0,""misplaced"":0},""credits_remaining"":1},{""step"":10,""credits_before"":1,""http_attempts"":[{""attempt_number"":1,""started_at"":""2026-08-16T10:34:14.190Z"",""finished_at"":""2026-08-16T10:34:38.359Z"",""duration_ms"":24169,""status_code"":200,""error_category"":null,""error_message"":null,""usage"":{""input_tokens"":558,""output_tokens"":7,""reasoning_tokens"":null,""cached_tokens"":512,""cache_write_tokens"":null,""total_tokens"":565},""cost_usd"":1.045856e-05,""generation_id"":""gen-1786876476-QTO3qMCCK6QLdikudguH"",""response_cache_status"":""UNKNOWN"",""observed_provider"":""Baidu"",""observed_endpoint"":null,""observed_quantization"":null}],""response_cache_status"":""UNKNOWN"",""raw_action_valid"":true,""action_received"":""QUERY"",""value"":""JJJJJJJ"",""action_applied"":""QUERY"",""feedback"":{""exact"":2,""misplaced"":0},""credits_remaining"":0},{""step"":11,""credits_before"":0,""http_attempts"":[{""attempt_number"":1,""started_at"":""2026-08-16T10:37:39.659Z"",""finished_at"":""2026-08-16T10:38:02.765Z"",""duration_ms"":23106,""status_code"":200,""error_category"":null,""error_message"":null,""usage"":{""input_tokens"":592,""output_tokens"":7,""reasoning_tokens"":null,""cached_tokens"":512,""cache_write_tokens"":null,""total_tokens"":599},""cost_usd"":1.264816e-05,""generation_id"":""gen-1786876681-7d76dfeML6HAY901Dv2C"",""response_cache_status"":""UNKNOWN"",""observed_provider"":""Baidu"",""observed_endpoint"":null,""observed_quantization"":null}],""response_cache_status"":""UNKNOWN"",""raw_action_valid"":true,""action_received"":""SUBMIT"",""value"":""CCCFFHH"",""action_applied"":""SUBMIT"",""coerced_at_zero_credits"":false,""credits_remaining"":0}]"
47d78562-b5aa-4ea5-9e72-3431d4253928,47d78562-b5aa-4ea5-9e72-3431d4253928,1,,18,deepseek,deepseek-v4-flash-0731,deepseek/deepseek-v4-flash-0731,baidu,Baidu,baidu/fp8,,,,B,same_model_instance,2026-08-16T10:00:58.714Z,2026-08-16T10:38:20.830Z,2242116,3d3baa6feb49226c87c6bc0788fe1936,f5fd68486100a17d,BCGDHGG,7,10,10,10,0,GGGGGGG,3,0.42857142857142855,false,partial,11,11,0,0,4724,72,,3328,,4796,0.00014204063999999998,true,true,false,beac9c73922a2ffe8812688677869d60b795a42f7917e7d966869980810162d3,"{""max_tokens"":8192,""temperature"":null,""top_p"":null,""top_k"":null,""min_p"":null,""seed"":null,""reasoning"":{""enabled"":false,""effort"":null,""max_tokens"":null,""exclude"":true},""thinking"":null}","{""endpoint_slug"":""baidu/fp8"",""quantizations"":null,""allow_fallbacks"":false,""require_parameters"":true}",completed,true,[],,,,"[{""step"":1,""credits_before"":10,""http_attempts"":[{""attempt_number"":1,""started_at"":""2026-08-16T10:00:58.714Z"",""finished_at"":""2026-08-16T10:01:22.751Z"",""duration_ms"":24037,""status_code"":200,""error_category"":null,""error_message"":null,""usage"":{""input_tokens"":263,""output_tokens"":6,""reasoning_tokens"":null,""cached_tokens"":256,""cache_write_tokens"":null,""total_tokens"":269},""cost_usd"":4.52088e-06,""generation_id"":""gen-1786874481-Net31PdgxbAJLhsZZjve"",""response_cache_status"":""UNKNOWN"",""observed_provider"":""Baidu"",""observed_endpoint"":null,""observed_quantization"":null}],""response_cache_status"":""UNKNOWN"",""raw_action_valid"":true,""action_received"":""QUERY"",""value"":""AAAAAAA"",""action_applied"":""QUERY"",""feedback"":{""exact"":0,""misplaced"":0},""credits_remaining"":9},{""step"":2,""credits_before"":9,""http_attempts"":[{""attempt_number"":1,""started_at"":""2026-08-16T10:04:55.766Z"",""finished_at"":""2026-08-16T10:05:20.047Z"",""duration_ms"":24281,""status_code"":200,""error_category"":null,""error_message"":null,""usage"":{""input_tokens"":296,""output_tokens"":6,""reasoning_tokens"":null,""cached_tokens"":256,""cache_write_tokens"":null,""total_tokens"":302},""cost_usd"":6.64608e-06,""generation_id"":""gen-1786874718-rfmUE37Bj12kdCDA4AQA"",""response_cache_status"":""UNKNOWN"",""observed_provider"":""Baidu"",""observed_endpoint"":null,""observed_quantization"":null}],""response_cache_status"":""UNKNOWN"",""raw_action_valid"":true,""action_received"":""QUERY"",""value"":""BBBBBBB"",""action_applied"":""QUERY"",""feedback"":{""exact"":1,""misplaced"":0},""credits_remaining"":8},{""step"":3,""credits_before"":8,""http_attempts"":[{""attempt_number"":1,""started_at"":""2026-08-16T10:08:44.391Z"",""finished_at"":""2026-08-16T10:09:08.447Z"",""duration_ms"":24057,""status_code"":200,""error_category"":null,""error_message"":null,""usage"":{""input_tokens"":329,""output_tokens"":6,""reasoning_tokens"":null,""cached_tokens"":256,""cache_write_tokens"":null,""total_tokens"":335},""cost_usd"":8.77128e-06,""generation_id"":""gen-1786874946-AJ356bcrgfwIVPsYOvgI"",""response_cache_status"":""UNKNOWN"",""observed_provider"":""Baidu"",""observed_endpoint"":null,""observed_quantization"":null}],""response_cache_status"":""UNKNOWN"",""raw_action_valid"":true,""action_received"":""QUERY"",""value"":""CCCCCCC"",""action_applied"":""QUERY"",""feedback"":{""exact"":1,""misplaced"":0},""credits_remaining"":7},{""step"":4,""credits_before"":7,""http_attempts"":[{""attempt_number"":1,""started_at"":""2026-08-16T10:12:32.776Z"",""finished_at"":""2026-08-16T10:12:56.831Z"",""duration_ms"":24055,""status_code"":200,""error_category"":null,""error_message"":null,""usage"":{""input_tokens"":362,""output_tokens"":7,""reasoning_tokens"":null,""cached_tokens"":256,""cache_write_tokens"":null,""total_tokens"":369},""cost_usd"":1.102528e-05,""generation_id"":""gen-1786875175-MJ4YEAMNdTIJsLSPnrN8"",""response_cache_status"":""UNKNOWN"",""observed_provider"":""Baidu"",""observed_endpoint"":null,""observed_quantization"":null}],""response_cache_status"":""UNKNOWN"",""raw_action_valid"":true,""action_received"":""QUERY"",""value"":""DDDDDDD"",""action_applied"":""QUERY"",""feedback"":{""exact"":1,""misplaced"":0},""credits_remaining"":6},{""step"":5,""credits_before"":6,""http_attempts"":[{""attempt_number"":1,""started_at"":""2026-08-16T10:16:18.281Z"",""finished_at"":""2026-08-16T10:16:42.278Z"",""duration_ms"":23998,""status_code"":200,""error_category"":null,""error_message"":null,""usage"":{""input_tokens"":396,""output_tokens"":7,""reasoning_tokens"":null,""cached_tokens"":256,""cache_write_tokens"":null,""total_tokens"":403},""cost_usd"":1.321488e-05,""generation_id"":""gen-1786875400-cSxmEHfZJqa6ab9VKXyI"",""response_cache_status"":""UNKNOWN"",""observed_provider"":""Baidu"",""observed_endpoint"":null,""observed_quantization"":null}],""response_cache_status"":""UNKNOWN"",""raw_action_valid"":true,""action_received"":""QUERY"",""value"":""EEEEEEE"",""action_applied"":""QUERY"",""feedback"":{""exact"":0,""misplaced"":0},""credits_remaining"":5},{""step"":6,""credits_before"":5,""http_attempts"":[{""attempt_number"":1,""started_at"":""2026-08-16T10:20:06.793Z"",""finished_at"":""2026-08-16T10:20:27.744Z"",""duration_ms"":20950,""status_code"":200,""error_category"":null,""error_message"":null,""usage"":{""input_tokens"":430,""output_tokens"":5,""reasoning_tokens"":null,""cached_tokens"":256,""cache_write_tokens"":null,""total_tokens"":435},""cost_usd"":1.514688e-05,""generation_id"":""gen-1786875626-pIdPVnsYiH5OwFBeiE7g"",""response_cache_status"":""UNKNOWN"",""observed_provider"":""Baidu"",""observed_endpoint"":null,""observed_quantization"":null}],""response_cache_status"":""UNKNOWN"",""raw_action_valid"":true,""action_received"":""QUERY"",""value"":""FFFFFFF"",""action_applied"":""QUERY"",""feedback"":{""exact"":0,""misplaced"":0},""credits_remaining"":4},{""step"":7,""credits_before"":4,""http_attempts"":[{""attempt_number"":1,""started_at"":""2026-08-16T10:23:49.497Z"",""finished_at"":""2026-08-16T10:24:10.080Z"",""duration_ms"":20584,""status_code"":200,""error_category"":null,""error_message"":null,""usage"":{""input_tokens"":462,""output_tokens"":7,""reasoning_tokens"":null,""cached_tokens"":256,""cache_write_tokens"":null,""total_tokens"":469},""cost_usd"":1.746528e-05,""generation_id"":""gen-1786875848-5uYaA0HphjmjYKrvc5tG"",""response_cache_status"":""UNKNOWN"",""observed_provider"":""Baidu"",""observed_endpoint"":null,""observed_quantization"":null}],""response_cache_status"":""UNKNOWN"",""raw_action_valid"":true,""action_received"":""QUERY"",""value"":""GGGGGGG"",""action_applied"":""QUERY"",""feedback"":{""exact"":3,""misplaced"":0},""credits_remaining"":3},{""step"":8,""credits_before"":3,""http_attempts"":[{""attempt_number"":1,""started_at"":""2026-08-16T10:27:31.673Z"",""finished_at"":""2026-08-16T10:27:53.274Z"",""duration_ms"":21601,""status_code"":200,""error_category"":null,""error_message"":null,""usage"":{""input_tokens"":496,""output_tokens"":7,""reasoning_tokens"":null,""cached_tokens"":256,""cache_write_tokens"":null,""total_tokens"":503},""cost_usd"":1.965488e-05,""generation_id"":""gen-1786876071-aHwXK8Ndca08Hpjrytfy"",""response_cache_status"":""UNKNOWN"",""observed_provider"":""Baidu"",""observed_endpoint"":null,""observed_quantization"":null}],""response_cache_status"":""UNKNOWN"",""raw_action_valid"":true,""action_received"":""QUERY"",""value"":""HHHHHHH"",""action_applied"":""QUERY"",""feedback"":{""exact"":1,""misplaced"":0},""credits_remaining"":2},{""step"":9,""credits_before"":2,""http_attempts"":[{""attempt_number"":1,""started_at"":""2026-08-16T10:31:01.995Z"",""finished_at"":""2026-08-16T10:31:26.609Z"",""duration_ms"":24614,""status_code"":200,""error_category"":null,""error_message"":null,""usage"":{""input_tokens"":530,""output_tokens"":6,""reasoning_tokens"":null,""cached_tokens"":256,""cache_write_tokens"":null,""total_tokens"":536},""cost_usd"":2.171568e-05,""generation_id"":""gen-1786876284-MwlfejuWch5JrObFov0y"",""response_cache_status"":""UNKNOWN"",""observed_provider"":""Baidu"",""observed_endpoint"":null,""observed_quantization"":null}],""response_cache_status"":""UNKNOWN"",""raw_action_valid"":true,""action_received"":""QUERY"",""value"":""IIIIIII"",""action_applied"":""QUERY"",""feedback"":{""exact"":0,""misplaced"":0},""credits_remaining"":1},{""step"":10,""credits_before"":1,""http_attempts"":[{""attempt_number"":1,""started_at"":""2026-08-16T10:34:33.434Z"",""finished_at"":""2026-08-16T10:34:56.210Z"",""duration_ms"":22776,""status_code"":200,""error_category"":null,""error_message"":null,""usage"":{""input_tokens"":563,""output_tokens"":7,""reasoning_tokens"":null,""cached_tokens"":512,""cache_write_tokens"":null,""total_tokens"":570},""cost_usd"":1.078056e-05,""generation_id"":""gen-1786876494-d4uycVE8picIYwYFbf93"",""response_cache_status"":""UNKNOWN"",""observed_provider"":""Baidu"",""observed_endpoint"":null,""observed_quantization"":null}],""response_cache_status"":""UNKNOWN"",""raw_action_valid"":true,""action_received"":""QUERY"",""value"":""JJJJJJJ"",""action_applied"":""QUERY"",""feedback"":{""exact"":0,""misplaced"":0},""credits_remaining"":0},{""step"":11,""credits_before"":0,""http_attempts"":[{""attempt_number"":1,""started_at"":""2026-08-16T10:37:56.889Z"",""finished_at"":""2026-08-16T10:38:20.829Z"",""duration_ms"":23941,""status_code"":200,""error_category"":null,""error_message"":null,""usage"":{""input_tokens"":597,""output_tokens"":8,""reasoning_tokens"":null,""cached_tokens"":512,""cache_write_tokens"":null,""total_tokens"":605},""cost_usd"":1.309896e-05,""generation_id"":""gen-1786876699-qRKDq7ZeyLGNGSGiC1Uw"",""response_cache_status"":""UNKNOWN"",""observed_provider"":""Baidu"",""observed_endpoint"":null,""observed_quantization"":null}],""response_cache_status"":""UNKNOWN"",""raw_action_valid"":true,""action_received"":""SUBMIT"",""value"":""GGGGGGG"",""action_applied"":""SUBMIT"",""coerced_at_zero_credits"":false,""credits_remaining"":0}]"
5c3373ec-fc99-4c39-9cad-3b9d376d6069,5c3373ec-fc99-4c39-9cad-3b9d376d6069,1,,16,deepseek,deepseek-v4-flash-0731,deepseek/deepseek-v4-flash-0731,baidu,Baidu,baidu/fp8,,,,B,same_model_instance,2026-08-16T10:01:13.629Z,2026-08-16T10:38:33.476Z,2239847,3d3baa6feb49226c87c6bc0788fe1936,e97c2323f216751c,DJDEICH,7,10,10,10,0,CDDDDDD,1,0.14285714285714285,false,partial,11,11,0,0,4724,72,,3328,,4796,0.00014204063999999998,true,true,false,beac9c73922a2ffe8812688677869d60b795a42f7917e7d966869980810162d3,"{""max_tokens"":8192,""temperature"":null,""top_p"":null,""top_k"":null,""min_p"":null,""seed"":null,""reasoning"":{""enabled"":false,""effort"":null,""max_tokens"":null,""exclude"":true},""thinking"":null}","{""endpoint_slug"":""baidu/fp8"",""quantizations"":null,""allow_fallbacks"":false,""require_parameters"":true}",completed,true,[],,,,"[{""step"":1,""credits_before"":10,""http_attempts"":[{""attempt_number"":1,""started_at"":""2026-08-16T10:01:13.630Z"",""finished_at"":""2026-08-16T10:01:37.700Z"",""duration_ms"":24070,""status_code"":200,""error_category"":null,""error_message"":null,""usage"":{""input_tokens"":263,""output_tokens"":6,""reasoning_tokens"":null,""cached_tokens"":256,""cache_write_tokens"":null,""total_tokens"":269},""cost_usd"":4.52088e-06,""generation_id"":""gen-1786874496-WBgnPO4wytHe2KhIqKy7"",""response_cache_status"":""UNKNOWN"",""observed_provider"":""Baidu"",""observed_endpoint"":null,""observed_quantization"":null}],""response_cache_status"":""UNKNOWN"",""raw_action_valid"":true,""action_received"":""QUERY"",""value"":""AAAAAAA"",""action_applied"":""QUERY"",""feedback"":{""exact"":0,""misplaced"":0},""credits_remaining"":9},{""step"":2,""credits_before"":9,""http_attempts"":[{""attempt_number"":1,""started_at"":""2026-08-16T10:05:05.361Z"",""finished_at"":""2026-08-16T10:05:28.930Z"",""duration_ms"":23568,""status_code"":200,""error_category"":null,""error_message"":null,""usage"":{""input_tokens"":296,""output_tokens"":6,""reasoning_tokens"":null,""cached_tokens"":256,""cache_write_tokens"":null,""total_tokens"":302},""cost_usd"":6.64608e-06,""generation_id"":""gen-1786874727-6tcUGry5dmC6JzkruDls"",""response_cache_status"":""UNKNOWN"",""observed_provider"":""Baidu"",""observed_endpoint"":null,""observed_quantization"":null}],""response_cache_status"":""UNKNOWN"",""raw_action_valid"":true,""action_received"":""QUERY"",""value"":""BBBBBBB"",""action_applied"":""QUERY"",""feedback"":{""exact"":0,""misplaced"":0},""credits_remaining"":8},{""step"":3,""credits_before"":8,""http_attempts"":[{""attempt_number"":1,""started_at"":""2026-08-16T10:08:53.377Z"",""finished_at"":""2026-08-16T10:09:17.411Z"",""duration_ms"":24034,""status_code"":200,""error_category"":null,""error_message"":null,""usage"":{""input_tokens"":329,""output_tokens"":6,""reasoning_tokens"":null,""cached_tokens"":256,""cache_write_tokens"":null,""total_tokens"":335},""cost_usd"":8.77128e-06,""generation_id"":""gen-1786874955-Uy7xR154t3PujCjFkY7E"",""response_cache_status"":""UNKNOWN"",""observed_provider"":""Baidu"",""observed_endpoint"":null,""observed_quantization"":null}],""response_cache_status"":""UNKNOWN"",""raw_action_valid"":true,""action_received"":""QUERY"",""value"":""CCCCCCC"",""action_applied"":""QUERY"",""feedback"":{""exact"":1,""misplaced"":0},""credits_remaining"":7},{""step"":4,""credits_before"":7,""http_attempts"":[{""attempt_number"":1,""started_at"":""2026-08-16T10:12:43.486Z"",""finished_at"":""2026-08-16T10:13:05.939Z"",""duration_ms"":22453,""status_code"":200,""error_category"":null,""error_message"":null,""usage"":{""input_tokens"":362,""output_tokens"":7,""reasoning_tokens"":null,""cached_tokens"":256,""cache_write_tokens"":null,""total_tokens"":369},""cost_usd"":1.102528e-05,""generation_id"":""gen-1786875184-1O9dliJ1L1CGbVDTZ9Qq"",""response_cache_status"":""UNKNOWN"",""observed_provider"":""Baidu"",""observed_endpoint"":null,""observed_quantization"":null}],""response_cache_status"":""UNKNOWN"",""raw_action_valid"":true,""action_received"":""QUERY"",""value"":""DDDDDDD"",""action_applied"":""QUERY"",""feedback"":{""exact"":2,""misplaced"":0},""credits_remaining"":6},{""step"":5,""credits_before"":6,""http_attempts"":[{""attempt_number"":1,""started_at"":""2026-08-16T10:16:30.697Z"",""finished_at"":""2026-08-16T10:16:51.401Z"",""duration_ms"":20704,""status_code"":200,""error_category"":null,""error_message"":null,""usage"":{""input_tokens"":396,""output_tokens"":7,""reasoning_tokens"":null,""cached_tokens"":256,""cache_write_tokens"":null,""total_tokens"":403},""cost_usd"":1.321488e-05,""generation_id"":""gen-1786875409-THYMEbhXIQyTpy46FYIC"",""response_cache_status"":""UNKNOWN"",""observed_provider"":""Baidu"",""observed_endpoint"":null,""observed_quantization"":null}],""response_cache_status"":""UNKNOWN"",""raw_action_valid"":true,""action_received"":""QUERY"",""value"":""EEEEEEE"",""action_applied"":""QUERY"",""feedback"":{""exact"":1,""misplaced"":0},""credits_remaining"":5},{""step"":6,""credits_before"":5,""http_attempts"":[{""attempt_number"":1,""started_at"":""2026-08-16T10:20:12.810Z"",""finished_at"":""2026-08-16T10:20:36.712Z"",""duration_ms"":23902,""status_code"":200,""error_category"":null,""error_message"":null,""usage"":{""input_tokens"":430,""output_tokens"":5,""reasoning_tokens"":null,""cached_tokens"":256,""cache_write_tokens"":null,""total_tokens"":435},""cost_usd"":1.514688e-05,""generation_id"":""gen-1786875635-QxACwJG5Q7uLO89GCn9U"",""response_cache_status"":""UNKNOWN"",""observed_provider"":""Baidu"",""observed_endpoint"":null,""observed_quantization"":null}],""response_cache_status"":""UNKNOWN"",""raw_action_valid"":true,""action_received"":""QUERY"",""value"":""FFFFFFF"",""action_applied"":""QUERY"",""feedback"":{""exact"":0,""misplaced"":0},""credits_remaining"":4},{""step"":7,""credits_before"":4,""http_attempts"":[{""attempt_number"":1,""started_at"":""2026-08-16T10:23:58.072Z"",""finished_at"":""2026-08-16T10:24:19.865Z"",""duration_ms"":21792,""status_code"":200,""error_category"":null,""error_message"":null,""usage"":{""input_tokens"":462,""output_tokens"":7,""reasoning_tokens"":null,""cached_tokens"":256,""cache_write_tokens"":null,""total_tokens"":469},""cost_usd"":1.746528e-05,""generation_id"":""gen-1786875857-eMGUqaPpfmaOhWhCTxt7"",""response_cache_status"":""UNKNOWN"",""observed_provider"":""Baidu"",""observed_endpoint"":null,""observed_quantization"":null}],""response_cache_status"":""UNKNOWN"",""raw_action_valid"":true,""action_received"":""QUERY"",""value"":""GGGGGGG"",""action_applied"":""QUERY"",""feedback"":{""exact"":0,""misplaced"":0},""credits_remaining"":3},{""step"":8,""credits_before"":3,""http_attempts"":[{""attempt_number"":1,""started_at"":""2026-08-16T10:27:40.547Z"",""finished_at"":""2026-08-16T10:28:01.736Z"",""duration_ms"":21189,""status_code"":200,""error_category"":null,""error_message"":null,""usage"":{""input_tokens"":496,""output_tokens"":7,""reasoning_tokens"":null,""cached_tokens"":256,""cache_write_tokens"":null,""total_tokens"":503},""cost_usd"":1.965488e-05,""generation_id"":""gen-1786876080-Bm89daCe2eBeFmFy3e60"",""response_cache_status"":""UNKNOWN"",""observed_provider"":""Baidu"",""observed_endpoint"":null,""observed_quantization"":null}],""response_cache_status"":""UNKNOWN"",""raw_action_valid"":true,""action_received"":""QUERY"",""value"":""HHHHHHH"",""action_applied"":""QUERY"",""feedback"":{""exact"":1,""misplaced"":0},""credits_remaining"":2},{""step"":9,""credits_before"":2,""http_attempts"":[{""attempt_number"":1,""started_at"":""2026-08-16T10:31:10.941Z"",""finished_at"":""2026-08-16T10:31:34.939Z"",""duration_ms"":23998,""status_code"":200,""error_category"":null,""error_message"":null,""usage"":{""input_tokens"":530,""output_tokens"":6,""reasoning_tokens"":null,""cached_tokens"":256,""cache_write_tokens"":null,""total_tokens"":536},""cost_usd"":2.171568e-05,""generation_id"":""gen-1786876293-hSies38QHdZXM3YdK8FL"",""response_cache_status"":""UNKNOWN"",""observed_provider"":""Baidu"",""observed_endpoint"":null,""observed_quantization"":null}],""response_cache_status"":""UNKNOWN"",""raw_action_valid"":true,""action_received"":""QUERY"",""value"":""IIIIIII"",""action_applied"":""QUERY"",""feedback"":{""exact"":1,""misplaced"":0},""credits_remaining"":1},{""step"":10,""credits_before"":1,""http_attempts"":[{""attempt_number"":1,""started_at"":""2026-08-16T10:34:45.861Z"",""finished_at"":""2026-08-16T10:35:08.155Z"",""duration_ms"":22294,""status_code"":200,""error_category"":null,""error_message"":null,""usage"":{""input_tokens"":563,""output_tokens"":7,""reasoning_tokens"":null,""cached_tokens"":512,""cache_write_tokens"":null,""total_tokens"":570},""cost_usd"":1.078056e-05,""generation_id"":""gen-1786876506-NevVP6HHRfabLylIqYdN"",""response_cache_status"":""UNKNOWN"",""observed_provider"":""Baidu"",""observed_endpoint"":null,""observed_quantization"":null}],""response_cache_status"":""UNKNOWN"",""raw_action_valid"":true,""action_received"":""QUERY"",""value"":""JJJJJJJ"",""action_applied"":""QUERY"",""feedback"":{""exact"":1,""misplaced"":0},""credits_remaining"":0},{""step"":11,""credits_before"":0,""http_attempts"":[{""attempt_number"":1,""started_at"":""2026-08-16T10:38:11.748Z"",""finished_at"":""2026-08-16T10:38:33.475Z"",""duration_ms"":21727,""status_code"":200,""error_category"":null,""error_message"":null,""usage"":{""input_tokens"":597,""output_tokens"":8,""reasoning_tokens"":null,""cached_tokens"":512,""cache_write_tokens"":null,""total_tokens"":605},""cost_usd"":1.309896e-05,""generation_id"":""gen-1786876711-se0djQOh8UwImLJVqfD4"",""response_cache_status"":""UNKNOWN"",""observed_provider"":""Baidu"",""observed_endpoint"":null,""observed_quantization"":null}],""response_cache_status"":""UNKNOWN"",""raw_action_valid"":true,""action_received"":""SUBMIT"",""value"":""CDDDDDD"",""action_applied"":""SUBMIT"",""coerced_at_zero_credits"":false,""credits_remaining"":0}]"
cc3b5e8a-ab77-40f7-81e6-c850d8eddffb,cc3b5e8a-ab77-40f7-81e6-c850d8eddffb,1,,1,deepseek,deepseek-v4-flash-0731,deepseek/deepseek-v4-flash-0731,baidu,Baidu,baidu/fp8,,,,D,none,2026-08-16T10:01:22.752Z,2026-08-16T10:38:45.198Z,2242447,3d3baa6feb49226c87c6bc0788fe1936,c235688b168ab7ae,EBICIJB,7,10,10,10,0,BBBBJJJ,2,0.2857142857142857,false,partial,11,11,0,0,4397,71,,2816,,4468,0.00014723128,true,true,false,35eb269349366de62767de54014a2ee9e18f1c8ac55a4d1100739e287293bf0b,"{""max_tokens"":8192,""temperature"":null,""top_p"":null,""top_k"":null,""min_p"":null,""seed"":null,""reasoning"":{""enabled"":false,""effort"":null,""max_tokens"":null,""exclude"":true},""thinking"":null}","{""endpoint_slug"":""baidu/fp8"",""quantizations"":null,""allow_fallbacks"":false,""require_parameters"":true}",completed,true,[],,,,"[{""step"":1,""credits_before"":10,""http_attempts"":[{""attempt_number"":1,""started_at"":""2026-08-16T10:01:22.752Z"",""finished_at"":""2026-08-16T10:01:47.087Z"",""duration_ms"":24335,""status_code"":200,""error_category"":null,""error_message"":null,""usage"":{""input_tokens"":234,""output_tokens"":6,""reasoning_tokens"":null,""cached_tokens"":null,""cache_write_tokens"":null,""total_tokens"":240},""cost_usd"":1.58424e-05,""generation_id"":""gen-1786874505-B6jXCjlt5EiIinaLDtI2"",""response_cache_status"":""UNKNOWN"",""observed_provider"":""Baidu"",""observed_endpoint"":null,""observed_quantization"":null}],""response_cache_status"":""UNKNOWN"",""raw_action_valid"":true,""action_received"":""QUERY"",""value"":""AAAAAAA"",""action_applied"":""QUERY"",""feedback"":{""exact"":0,""misplaced"":0},""credits_remaining"":9},{""step"":2,""credits_before"":9,""http_attempts"":[{""attempt_number"":1,""started_at"":""2026-08-16T10:05:16.745Z"",""finished_at"":""2026-08-16T10:05:40.873Z"",""duration_ms"":24128,""status_code"":200,""error_category"":null,""error_message"":null,""usage"":{""input_tokens"":267,""output_tokens"":6,""reasoning_tokens"":null,""cached_tokens"":256,""cache_write_tokens"":null,""total_tokens"":273},""cost_usd"":4.77848e-06,""generation_id"":""gen-1786874739-a4vmmoftkv1i4cfgyk9h"",""response_cache_status"":""UNKNOWN"",""observed_provider"":""Baidu"",""observed_endpoint"":null,""observed_quantization"":null}],""response_cache_status"":""UNKNOWN"",""raw_action_valid"":true,""action_received"":""QUERY"",""value"":""BBBBBBB"",""action_applied"":""QUERY"",""feedback"":{""exact"":2,""misplaced"":0},""credits_remaining"":8},{""step"":3,""credits_before"":8,""http_attempts"":[{""attempt_number"":1,""started_at"":""2026-08-16T10:09:05.289Z"",""finished_at"":""2026-08-16T10:09:29.686Z"",""duration_ms"":24398,""status_code"":200,""error_category"":null,""error_message"":null,""usage"":{""input_tokens"":300,""output_tokens"":6,""reasoning_tokens"":null,""cached_tokens"":256,""cache_write_tokens"":null,""total_tokens"":306},""cost_usd"":6.90368e-06,""generation_id"":""gen-1786874967-HIr4OdAEy4d1gsanykd0"",""response_cache_status"":""UNKNOWN"",""observed_provider"":""Baidu"",""observed_endpoint"":null,""observed_quantization"":null}],""response_cache_status"":""UNKNOWN"",""raw_action_valid"":true,""action_received"":""QUERY"",""value"":""BBBBBCC"",""action_applied"":""QUERY"",""feedback"":{""exact"":1,""misplaced"":2},""credits_remaining"":7},{""step"":4,""credits_before"":7,""http_attempts"":[{""attempt_number"":1,""started_at"":""2026-08-16T10:12:50.814Z"",""finished_at"":""2026-08-16T10:13:14.960Z"",""duration_ms"":24147,""status_code"":200,""error_category"":null,""error_message"":null,""usage"":{""input_tokens"":333,""output_tokens"":6,""reasoning_tokens"":null,""cached_tokens"":256,""cache_write_tokens"":null,""total_tokens"":339},""cost_usd"":9.02888e-06,""generation_id"":""gen-1786875193-fxFinB9VgxsJ17K4Iqvg"",""response_cache_status"":""UNKNOWN"",""observed_provider"":""Baidu"",""observed_endpoint"":null,""observed_quantization"":null}],""response_cache_status"":""UNKNOWN"",""raw_action_valid"":true,""action_received"":""QUERY"",""value"":""BBBBDDD"",""action_applied"":""QUERY"",""feedback"":{""exact"":1,""misplaced"":1},""credits_remaining"":6},{""step"":5,""credits_before"":6,""http_attempts"":[{""attempt_number"":1,""started_at"":""2026-08-16T10:16:36.375Z"",""finished_at"":""2026-08-16T10:17:01.053Z"",""duration_ms"":24678,""status_code"":200,""error_category"":null,""error_message"":null,""usage"":{""input_tokens"":366,""output_tokens"":6,""reasoning_tokens"":null,""cached_tokens"":256,""cache_write_tokens"":null,""total_tokens"":372},""cost_usd"":1.115408e-05,""generation_id"":""gen-1786875418-NEGazQ8jyhdgFlbGjNnv"",""response_cache_status"":""UNKNOWN"",""observed_provider"":""Baidu"",""observed_endpoint"":null,""observed_quantization"":null}],""response_cache_status"":""UNKNOWN"",""raw_action_valid"":true,""action_received"":""QUERY"",""value"":""BBBBEEE"",""action_applied"":""QUERY"",""feedback"":{""exact"":1,""misplaced"":2},""credits_remaining"":5},{""step"":6,""credits_before"":5,""http_attempts"":[{""attempt_number"":1,""started_at"":""2026-08-16T10:20:21.786Z"",""finished_at"":""2026-08-16T10:20:45.803Z"",""duration_ms"":24017,""status_code"":200,""error_category"":null,""error_message"":null,""usage"":{""input_tokens"":399,""output_tokens"":6,""reasoning_tokens"":null,""cached_tokens"":256,""cache_write_tokens"":null,""total_tokens"":405},""cost_usd"":1.327928e-05,""generation_id"":""gen-1786875644-W90p6VqSvXKUk1SwU3VH"",""response_cache_status"":""UNKNOWN"",""observed_provider"":""Baidu"",""observed_endpoint"":null,""observed_quantization"":null}],""response_cache_status"":""UNKNOWN"",""raw_action_valid"":true,""action_received"":""QUERY"",""value"":""BBBBFFF"",""action_applied"":""QUERY"",""feedback"":{""exact"":1,""misplaced"":1},""credits_remaining"":4},{""step"":7,""credits_before"":4,""http_attempts"":[{""attempt_number"":1,""started_at"":""2026-08-16T10:24:07.361Z"",""finished_at"":""2026-08-16T10:24:28.118Z"",""duration_ms"":20756,""status_code"":200,""error_category"":null,""error_message"":null,""usage"":{""input_tokens"":432,""output_tokens"":7,""reasoning_tokens"":null,""cached_tokens"":256,""cache_write_tokens"":null,""total_tokens"":439},""cost_usd"":1.553328e-05,""generation_id"":""gen-1786875866-NOz8iDtLql9pEESlosqo"",""response_cache_status"":""UNKNOWN"",""observed_provider"":""Baidu"",""observed_endpoint"":null,""observed_quantization"":null}],""response_cache_status"":""UNKNOWN"",""raw_action_valid"":true,""action_received"":""QUERY"",""value"":""BBBBGGG"",""action_applied"":""QUERY"",""feedback"":{""exact"":1,""misplaced"":1},""credits_remaining"":3},{""step"":8,""credits_before"":3,""http_attempts"":[{""attempt_number"":1,""started_at"":""2026-08-16T10:27:50.588Z"",""finished_at"":""2026-08-16T10:28:10.667Z"",""duration_ms"":20079,""status_code"":200,""error_category"":null,""error_message"":null,""usage"":{""input_tokens"":466,""output_tokens"":7,""reasoning_tokens"":null,""cached_tokens"":256,""cache_write_tokens"":null,""total_tokens"":473},""cost_usd"":1.772288e-05,""generation_id"":""gen-1786876089-8lttLvijgsID60lKvTGM"",""response_cache_status"":""UNKNOWN"",""observed_provider"":""Baidu"",""observed_endpoint"":null,""observed_quantization"":null}],""response_cache_status"":""UNKNOWN"",""raw_action_valid"":true,""action_received"":""QUERY"",""value"":""BBBBHHH"",""action_applied"":""QUERY"",""feedback"":{""exact"":1,""misplaced"":1},""credits_remaining"":2},{""step"":9,""credits_before"":2,""http_attempts"":[{""attempt_number"":1,""started_at"":""2026-08-16T10:31:26.610Z"",""finished_at"":""2026-08-16T10:31:47.010Z"",""duration_ms"":20400,""status_code"":200,""error_category"":null,""error_message"":null,""usage"":{""input_tokens"":500,""output_tokens"":6,""reasoning_tokens"":null,""cached_tokens"":256,""cache_write_tokens"":null,""total_tokens"":506},""cost_usd"":1.978368e-05,""generation_id"":""gen-1786876305-iOh2vEps2HuQxWYD2NzZ"",""response_cache_status"":""UNKNOWN"",""observed_provider"":""Baidu"",""observed_endpoint"":null,""observed_quantization"":null}],""response_cache_status"":""UNKNOWN"",""raw_action_valid"":true,""action_received"":""QUERY"",""value"":""BBBBIII"",""action_applied"":""QUERY"",""feedback"":{""exact"":2,""misplaced"":2},""credits_remaining"":1},{""step"":10,""credits_before"":1,""http_attempts"":[{""attempt_number"":1,""started_at"":""2026-08-16T10:34:56.210Z"",""finished_at"":""2026-08-16T10:35:21.094Z"",""duration_ms"":24883,""status_code"":200,""error_category"":null,""error_message"":null,""usage"":{""input_tokens"":533,""output_tokens"":7,""reasoning_tokens"":null,""cached_tokens"":256,""cache_write_tokens"":null,""total_tokens"":540},""cost_usd"":2.203768e-05,""generation_id"":""gen-1786876518-OGPh0H5YzsbYRyRE6GvL"",""response_cache_status"":""UNKNOWN"",""observed_provider"":""Baidu"",""observed_endpoint"":null,""observed_quantization"":null}],""response_cache_status"":""UNKNOWN"",""raw_action_valid"":true,""action_received"":""QUERY"",""value"":""BBBBJJJ"",""action_applied"":""QUERY"",""feedback"":{""exact"":2,""misplaced"":1},""credits_remaining"":0},{""step"":11,""credits_before"":0,""http_attempts"":[{""attempt_number"":1,""started_at"":""2026-08-16T10:38:23.835Z"",""finished_at"":""2026-08-16T10:38:45.198Z"",""duration_ms"":21363,""status_code"":200,""error_category"":null,""error_message"":null,""usage"":{""input_tokens"":567,""output_tokens"":8,""reasoning_tokens"":null,""cached_tokens"":512,""cache_write_tokens"":null,""total_tokens"":575},""cost_usd"":1.116696e-05,""generation_id"":""gen-1786876723-nR31WIScm93VGYWBaUEA"",""response_cache_status"":""UNKNOWN"",""observed_provider"":""Baidu"",""observed_endpoint"":null,""observed_quantization"":null}],""response_cache_status"":""UNKNOWN"",""raw_action_valid"":true,""action_received"":""SUBMIT"",""value"":""BBBBJJJ"",""action_applied"":""SUBMIT"",""coerced_at_zero_credits"":false,""credits_remaining"":0}]"
d5a1eeda-a0c5-4260-93a1-1d6a776237a2,d5a1eeda-a0c5-4260-93a1-1d6a776237a2,1,,12,deepseek,deepseek-v4-flash-0731,deepseek/deepseek-v4-flash-0731,baidu,Baidu,baidu/fp8,,,,C,different_model,2026-08-16T10:01:41.121Z,2026-08-16T10:38:59.800Z,2238679,3d3baa6feb49226c87c6bc0788fe1936,d5e4c659a1e171b3,AEABFDA,7,10,10,10,0,AAAAABJ,2,0.2857142857142857,false,partial,11,11,0,0,4784,74,,3328,,4858,0.00014616223999999996,true,true,false,2ac8682c462a8f01ea519b44aa73090e57243476b55eaf2539123ca100c55ab6,"{""max_tokens"":8192,""temperature"":null,""top_p"":null,""top_k"":null,""min_p"":null,""seed"":null,""reasoning"":{""enabled"":false,""effort"":null,""max_tokens"":null,""exclude"":true},""thinking"":null}","{""endpoint_slug"":""baidu/fp8"",""quantizations"":null,""allow_fallbacks"":false,""require_parameters"":true}",completed,true,[],,,,"[{""step"":1,""credits_before"":10,""http_attempts"":[{""attempt_number"":1,""started_at"":""2026-08-16T10:01:41.121Z"",""finished_at"":""2026-08-16T10:02:04.857Z"",""duration_ms"":23735,""status_code"":200,""error_category"":null,""error_message"":null,""usage"":{""input_tokens"":268,""output_tokens"":6,""reasoning_tokens"":null,""cached_tokens"":256,""cache_write_tokens"":null,""total_tokens"":274},""cost_usd"":4.84288e-06,""generation_id"":""gen-1786874523-rVGh9TyXYrL3zT8lcOHe"",""response_cache_status"":""UNKNOWN"",""observed_provider"":""Baidu"",""observed_endpoint"":null,""observed_quantization"":null}],""response_cache_status"":""UNKNOWN"",""raw_action_valid"":true,""action_received"":""QUERY"",""value"":""AAAAAAA"",""action_applied"":""QUERY"",""feedback"":{""exact"":3,""misplaced"":0},""credits_remaining"":9},{""step"":2,""credits_before"":9,""http_attempts"":[{""attempt_number"":1,""started_at"":""2026-08-16T10:05:35.020Z"",""finished_at"":""2026-08-16T10:05:59.635Z"",""duration_ms"":24614,""status_code"":200,""error_category"":null,""error_message"":null,""usage"":{""input_tokens"":301,""output_tokens"":6,""reasoning_tokens"":null,""cached_tokens"":256,""cache_write_tokens"":null,""total_tokens"":307},""cost_usd"":6.96808e-06,""generation_id"":""gen-1786874757-xuSh7yY5obKzWWBJsaqE"",""response_cache_status"":""UNKNOWN"",""observed_provider"":""Baidu"",""observed_endpoint"":null,""observed_quantization"":null}],""response_cache_status"":""UNKNOWN"",""raw_action_valid"":true,""action_received"":""QUERY"",""value"":""AAAAABB"",""action_applied"":""QUERY"",""feedback"":{""exact"":2,""misplaced"":2},""credits_remaining"":8},{""step"":3,""credits_before"":8,""http_attempts"":[{""attempt_number"":1,""started_at"":""2026-08-16T10:09:23.635Z"",""finished_at"":""2026-08-16T10:09:47.350Z"",""duration_ms"":23715,""status_code"":200,""error_category"":null,""error_message"":null,""usage"":{""input_tokens"":334,""output_tokens"":6,""reasoning_tokens"":null,""cached_tokens"":256,""cache_write_tokens"":null,""total_tokens"":340},""cost_usd"":9.09328e-06,""generation_id"":""gen-1786874985-y6BFAHTsfGQ0gh0lqPZl"",""response_cache_status"":""UNKNOWN"",""observed_provider"":""Baidu"",""observed_endpoint"":null,""observed_quantization"":null}],""response_cache_status"":""UNKNOWN"",""raw_action_valid"":true,""action_received"":""QUERY"",""value"":""AAAAACC"",""action_applied"":""QUERY"",""feedback"":{""exact"":2,""misplaced"":1},""credits_remaining"":7},{""step"":4,""credits_before"":7,""http_attempts"":[{""attempt_number"":1,""started_at"":""2026-08-16T10:13:08.778Z"",""finished_at"":""2026-08-16T10:13:33.243Z"",""duration_ms"":24465,""status_code"":200,""error_category"":null,""error_message"":null,""usage"":{""input_tokens"":367,""output_tokens"":6,""reasoning_tokens"":null,""cached_tokens"":256,""cache_write_tokens"":null,""total_tokens"":373},""cost_usd"":1.121848e-05,""generation_id"":""gen-1786875211-sX4gyOrlXgTuz1mjRgO0"",""response_cache_status"":""UNKNOWN"",""observed_provider"":""Baidu"",""observed_endpoint"":null,""observed_quantization"":null}],""response_cache_status"":""UNKNOWN"",""raw_action_valid"":true,""action_received"":""QUERY"",""value"":""AAAAADD"",""action_applied"":""QUERY"",""feedback"":{""exact"":3,""misplaced"":1},""credits_remaining"":6},{""step"":5,""credits_before"":6,""http_attempts"":[{""attempt_number"":1,""started_at"":""2026-08-16T10:16:57.252Z"",""finished_at"":""2026-08-16T10:17:18.395Z"",""duration_ms"":21143,""status_code"":200,""error_category"":null,""error_message"":null,""usage"":{""input_tokens"":400,""output_tokens"":7,""reasoning_tokens"":null,""cached_tokens"":256,""cache_write_tokens"":null,""total_tokens"":407},""cost_usd"":1.347248e-05,""generation_id"":""gen-1786875436-xwzQaW2hwHZx3JbTTrHJ"",""response_cache_status"":""UNKNOWN"",""observed_provider"":""Baidu"",""observed_endpoint"":null,""observed_quantization"":null}],""response_cache_status"":""UNKNOWN"",""raw_action_valid"":true,""action_received"":""QUERY"",""value"":""AAAAABE"",""action_applied"":""QUERY"",""feedback"":{""exact"":2,""misplaced"":3},""credits_remaining"":5},{""step"":6,""credits_before"":5,""http_attempts"":[{""attempt_number"":1,""started_at"":""2026-08-16T10:20:39.975Z"",""finished_at"":""2026-08-16T10:21:03.891Z"",""duration_ms"":23916,""status_code"":200,""error_category"":null,""error_message"":null,""usage"":{""input_tokens"":434,""output_tokens"":7,""reasoning_tokens"":null,""cached_tokens"":256,""cache_write_tokens"":null,""total_tokens"":441},""cost_usd"":1.566208e-05,""generation_id"":""gen-1786875662-CG44F80RNsjY8AbteCI2"",""response_cache_status"":""UNKNOWN"",""observed_provider"":""Baidu"",""observed_endpoint"":null,""observed_quantization"":null}],""response_cache_status"":""UNKNOWN"",""raw_action_valid"":true,""action_received"":""QUERY"",""value"":""AAAAABF"",""action_applied"":""QUERY"",""feedback"":{""exact"":2,""misplaced"":3},""credits_remaining"":4},{""step"":7,""credits_before"":4,""http_attempts"":[{""attempt_number"":1,""started_at"":""2026-08-16T10:24:25.407Z"",""finished_at"":""2026-08-16T10:24:46.439Z"",""duration_ms"":21033,""status_code"":200,""error_category"":null,""error_message"":null,""usage"":{""input_tokens"":468,""output_tokens"":7,""reasoning_tokens"":null,""cached_tokens"":256,""cache_write_tokens"":null,""total_tokens"":475},""cost_usd"":1.785168e-05,""generation_id"":""gen-1786875884-s677GkR4W7LNcw7KF4ZP"",""response_cache_status"":""UNKNOWN"",""observed_provider"":""Baidu"",""observed_endpoint"":null,""observed_quantization"":null}],""response_cache_status"":""UNKNOWN"",""raw_action_valid"":true,""action_received"":""QUERY"",""value"":""AAAAABG"",""action_applied"":""QUERY"",""feedback"":{""exact"":2,""misplaced"":2},""credits_remaining"":3},{""step"":8,""credits_before"":3,""http_attempts"":[{""attempt_number"":1,""started_at"":""2026-08-16T10:28:07.368Z"",""finished_at"":""2026-08-16T10:28:28.703Z"",""duration_ms"":21335,""status_code"":200,""error_category"":null,""error_message"":null,""usage"":{""input_tokens"":502,""output_tokens"":7,""reasoning_tokens"":null,""cached_tokens"":256,""cache_write_tokens"":null,""total_tokens"":509},""cost_usd"":2.004128e-05,""generation_id"":""gen-1786876107-gYOFrbHsfc7Uzl0b86VU"",""response_cache_status"":""UNKNOWN"",""observed_provider"":""Baidu"",""observed_endpoint"":null,""observed_quantization"":null}],""response_cache_status"":""UNKNOWN"",""raw_action_valid"":true,""action_received"":""QUERY"",""value"":""AAAAABH"",""action_applied"":""QUERY"",""feedback"":{""exact"":2,""misplaced"":2},""credits_remaining"":2},{""step"":9,""credits_before"":2,""http_attempts"":[{""attempt_number"":1,""started_at"":""2026-08-16T10:31:43.685Z"",""finished_at"":""2026-08-16T10:32:05.125Z"",""duration_ms"":21440,""status_code"":200,""error_category"":null,""error_message"":null,""usage"":{""input_tokens"":536,""output_tokens"":7,""reasoning_tokens"":null,""cached_tokens"":256,""cache_write_tokens"":null,""total_tokens"":543},""cost_usd"":2.223088e-05,""generation_id"":""gen-1786876323-s2Ies1wFKjlIINa0WLod"",""response_cache_status"":""UNKNOWN"",""observed_provider"":""Baidu"",""observed_endpoint"":null,""observed_quantization"":null}],""response_cache_status"":""UNKNOWN"",""raw_action_valid"":true,""action_received"":""QUERY"",""value"":""AAAAABI"",""action_applied"":""QUERY"",""feedback"":{""exact"":2,""misplaced"":2},""credits_remaining"":1},{""step"":10,""credits_before"":1,""http_attempts"":[{""attempt_number"":1,""started_at"":""2026-08-16T10:35:14.922Z"",""finished_at"":""2026-08-16T10:35:38.267Z"",""duration_ms"":23344,""status_code"":200,""error_category"":null,""error_message"":null,""usage"":{""input_tokens"":570,""output_tokens"":7,""reasoning_tokens"":null,""cached_tokens"":512,""cache_write_tokens"":null,""total_tokens"":577},""cost_usd"":1.123136e-05,""generation_id"":""gen-1786876536-4m4GrMrABVY10c8dWarm"",""response_cache_status"":""UNKNOWN"",""observed_provider"":""Baidu"",""observed_endpoint"":null,""observed_quantization"":null}],""response_cache_status"":""UNKNOWN"",""raw_action_valid"":true,""action_received"":""QUERY"",""value"":""AAAAABJ"",""action_applied"":""QUERY"",""feedback"":{""exact"":2,""misplaced"":2},""credits_remaining"":0},{""step"":11,""credits_before"":0,""http_attempts"":[{""attempt_number"":1,""started_at"":""2026-08-16T10:38:39.030Z"",""finished_at"":""2026-08-16T10:38:59.800Z"",""duration_ms"":20770,""status_code"":200,""error_category"":null,""error_message"":null,""usage"":{""input_tokens"":604,""output_tokens"":8,""reasoning_tokens"":null,""cached_tokens"":512,""cache_write_tokens"":null,""total_tokens"":612},""cost_usd"":1.354976e-05,""generation_id"":""gen-1786876738-lH6dGQpOMTpUOzecfzOx"",""response_cache_status"":""UNKNOWN"",""observed_provider"":""Baidu"",""observed_endpoint"":null,""observed_quantization"":null}],""response_cache_status"":""UNKNOWN"",""raw_action_valid"":true,""action_received"":""SUBMIT"",""value"":""AAAAABJ"",""action_applied"":""SUBMIT"",""coerced_at_zero_credits"":false,""credits_remaining"":0}]"
834adc99-acd7-4dec-a993-1e104a65b755,834adc99-acd7-4dec-a993-1e104a65b755,1,,12,deepseek,deepseek-v4-flash-0731,deepseek/deepseek-v4-flash-0731,baidu,Baidu,baidu/fp8,,,,B,same_model_instance,2026-08-16T10:01:43.786Z,2026-08-16T10:39:02.852Z,2239067,3d3baa6feb49226c87c6bc0788fe1936,7772a7923818ae5d,AEABFDA,7,10,10,10,0,ABCDFGH,2,0.2857142857142857,false,partial,11,11,0,0,4722,71,,3328,,4793,0.00014178303999999998,true,true,false,beac9c73922a2ffe8812688677869d60b795a42f7917e7d966869980810162d3,"{""max_tokens"":8192,""temperature"":null,""top_p"":null,""top_k"":null,""min_p"":null,""seed"":null,""reasoning"":{""enabled"":false,""effort"":null,""max_tokens"":null,""exclude"":true},""thinking"":null}","{""endpoint_slug"":""baidu/fp8"",""quantizations"":null,""allow_fallbacks"":false,""require_parameters"":true}",completed,true,[],,,,"[{""step"":1,""credits_before"":10,""http_attempts"":[{""attempt_number"":1,""started_at"":""2026-08-16T10:01:43.786Z"",""finished_at"":""2026-08-16T10:02:07.825Z"",""duration_ms"":24039,""status_code"":200,""error_category"":null,""error_message"":null,""usage"":{""input_tokens"":263,""output_tokens"":6,""reasoning_tokens"":null,""cached_tokens"":256,""cache_write_tokens"":null,""total_tokens"":269},""cost_usd"":4.52088e-06,""generation_id"":""gen-1786874526-b9dNY1wp6yZQy2zq6k2q"",""response_cache_status"":""UNKNOWN"",""observed_provider"":""Baidu"",""observed_endpoint"":null,""observed_quantization"":null}],""response_cache_status"":""UNKNOWN"",""raw_action_valid"":true,""action_received"":""QUERY"",""value"":""ABCDEFG"",""action_applied"":""QUERY"",""feedback"":{""exact"":1,""misplaced"":4},""credits_remaining"":9},{""step"":2,""credits_before"":9,""http_attempts"":[{""attempt_number"":1,""started_at"":""2026-08-16T10:05:37.775Z"",""finished_at"":""2026-08-16T10:06:02.078Z"",""duration_ms"":24302,""status_code"":200,""error_category"":null,""error_message"":null,""usage"":{""input_tokens"":296,""output_tokens"":6,""reasoning_tokens"":null,""cached_tokens"":256,""cache_write_tokens"":null,""total_tokens"":302},""cost_usd"":6.64608e-06,""generation_id"":""gen-1786874760-4G89RUKozVT8XcjYdQwY"",""response_cache_status"":""UNKNOWN"",""observed_provider"":""Baidu"",""observed_endpoint"":null,""observed_quantization"":null}],""response_cache_status"":""UNKNOWN"",""raw_action_valid"":true,""action_received"":""QUERY"",""value"":""ABCDEFH"",""action_applied"":""QUERY"",""feedback"":{""exact"":1,""misplaced"":4},""credits_remaining"":8},{""step"":3,""credits_before"":8,""http_attempts"":[{""attempt_number"":1,""started_at"":""2026-08-16T10:09:26.364Z"",""finished_at"":""2026-08-16T10:09:51.135Z"",""duration_ms"":24772,""status_code"":200,""error_category"":null,""error_message"":null,""usage"":{""input_tokens"":329,""output_tokens"":6,""reasoning_tokens"":null,""cached_tokens"":256,""cache_write_tokens"":null,""total_tokens"":335},""cost_usd"":8.77128e-06,""generation_id"":""gen-1786874988-aFhrGp1aOpAs3JtuBBkK"",""response_cache_status"":""UNKNOWN"",""observed_provider"":""Baidu"",""observed_endpoint"":null,""observed_quantization"":null}],""response_cache_status"":""UNKNOWN"",""raw_action_valid"":true,""action_received"":""QUERY"",""value"":""ABCDEHI"",""action_applied"":""QUERY"",""feedback"":{""exact"":1,""misplaced"":3},""credits_remaining"":7},{""step"":4,""credits_before"":7,""http_attempts"":[{""attempt_number"":1,""started_at"":""2026-08-16T10:13:11.891Z"",""finished_at"":""2026-08-16T10:13:35.885Z"",""duration_ms"":23994,""status_code"":200,""error_category"":null,""error_message"":null,""usage"":{""input_tokens"":362,""output_tokens"":6,""reasoning_tokens"":null,""cached_tokens"":256,""cache_write_tokens"":null,""total_tokens"":368},""cost_usd"":1.089648e-05,""generation_id"":""gen-1786875214-zp4wOhW25PdAKJXXSyhB"",""response_cache_status"":""UNKNOWN"",""observed_provider"":""Baidu"",""observed_endpoint"":null,""observed_quantization"":null}],""response_cache_status"":""UNKNOWN"",""raw_action_valid"":true,""action_received"":""QUERY"",""value"":""ABCDFGH"",""action_applied"":""QUERY"",""feedback"":{""exact"":2,""misplaced"":2},""credits_remaining"":6},{""step"":5,""credits_before"":6,""http_attempts"":[{""attempt_number"":1,""started_at"":""2026-08-16T10:16:57.921Z"",""finished_at"":""2026-08-16T10:17:21.502Z"",""duration_ms"":23581,""status_code"":200,""error_category"":null,""error_message"":null,""usage"":{""input_tokens"":395,""output_tokens"":6,""reasoning_tokens"":null,""cached_tokens"":256,""cache_write_tokens"":null,""total_tokens"":401},""cost_usd"":1.302168e-05,""generation_id"":""gen-1786875439-aXOhHnSBysrdvQOvJJSl"",""response_cache_status"":""UNKNOWN"",""observed_provider"":""Baidu"",""observed_endpoint"":null,""observed_quantization"":null}],""response_cache_status"":""UNKNOWN"",""raw_action_valid"":true,""action_received"":""QUERY"",""value"":""ABCEFGH"",""action_applied"":""QUERY"",""feedback"":{""exact"":2,""misplaced"":2},""credits_remaining"":5},{""step"":6,""credits_before"":5,""http_attempts"":[{""attempt_number"":1,""started_at"":""2026-08-16T10:20:42.793Z"",""finished_at"":""2026-08-16T10:21:07.200Z"",""duration_ms"":24407,""status_code"":200,""error_category"":null,""error_message"":null,""usage"":{""input_tokens"":428,""output_tokens"":7,""reasoning_tokens"":null,""cached_tokens"":256,""cache_write_tokens"":null,""total_tokens"":435},""cost_usd"":1.527568e-05,""generation_id"":""gen-1786875665-faAYaQzNvHkWFg3EHLWt"",""response_cache_status"":""UNKNOWN"",""observed_provider"":""Baidu"",""observed_endpoint"":null,""observed_quantization"":null}],""response_cache_status"":""UNKNOWN"",""raw_action_valid"":true,""action_received"":""QUERY"",""value"":""ABDCEFG"",""action_applied"":""QUERY"",""feedback"":{""exact"":1,""misplaced"":4},""credits_remaining"":4},{""step"":7,""credits_before"":4,""http_attempts"":[{""attempt_number"":1,""started_at"":""2026-08-16T10:24:25.417Z"",""finished_at"":""2026-08-16T10:24:49.701Z"",""duration_ms"":24284,""status_code"":200,""error_category"":null,""error_message"":null,""usage"":{""input_tokens"":462,""output_tokens"":7,""reasoning_tokens"":null,""cached_tokens"":256,""cache_write_tokens"":null,""total_tokens"":469},""cost_usd"":1.746528e-05,""generation_id"":""gen-1786875887-aWzhjQ8WO0F4LFxtooA2"",""response_cache_status"":""UNKNOWN"",""observed_provider"":""Baidu"",""observed_endpoint"":null,""observed_quantization"":null}],""response_cache_status"":""UNKNOWN"",""raw_action_valid"":true,""action_received"":""QUERY"",""value"":""ABDCEFH"",""action_applied"":""QUERY"",""feedback"":{""exact"":1,""misplaced"":4},""credits_remaining"":3},{""step"":8,""credits_before"":3,""http_attempts"":[{""attempt_number"":1,""started_at"":""2026-08-16T10:28:07.844Z"",""finished_at"":""2026-08-16T10:28:31.610Z"",""duration_ms"":23766,""status_code"":200,""error_category"":null,""error_message"":null,""usage"":{""input_tokens"":496,""output_tokens"":7,""reasoning_tokens"":null,""cached_tokens"":256,""cache_write_tokens"":null,""total_tokens"":503},""cost_usd"":1.965488e-05,""generation_id"":""gen-1786876110-2rvTcassi5Emk1yX5CeG"",""response_cache_status"":""UNKNOWN"",""observed_provider"":""Baidu"",""observed_endpoint"":null,""observed_quantization"":null}],""response_cache_status"":""UNKNOWN"",""raw_action_valid"":true,""action_received"":""QUERY"",""value"":""ABDCEHI"",""action_applied"":""QUERY"",""feedback"":{""exact"":1,""misplaced"":3},""credits_remaining"":2},{""step"":9,""credits_before"":2,""http_attempts"":[{""attempt_number"":1,""started_at"":""2026-08-16T10:31:45.468Z"",""finished_at"":""2026-08-16T10:32:07.959Z"",""duration_ms"":22491,""status_code"":200,""error_category"":null,""error_message"":null,""usage"":{""input_tokens"":530,""output_tokens"":7,""reasoning_tokens"":null,""cached_tokens"":256,""cache_write_tokens"":null,""total_tokens"":537},""cost_usd"":2.184448e-05,""generation_id"":""gen-1786876326-fG6v1L5FdAaGzlgTwDuJ"",""response_cache_status"":""UNKNOWN"",""observed_provider"":""Baidu"",""observed_endpoint"":null,""observed_quantization"":null}],""response_cache_status"":""UNKNOWN"",""raw_action_valid"":true,""action_received"":""QUERY"",""value"":""ABDCFGH"",""action_applied"":""QUERY"",""feedback"":{""exact"":2,""misplaced"":2},""credits_remaining"":1},{""step"":10,""credits_before"":1,""http_attempts"":[{""attempt_number"":1,""started_at"":""2026-08-16T10:35:17.355Z"",""finished_at"":""2026-08-16T10:35:41.407Z"",""duration_ms"":24052,""status_code"":200,""error_category"":null,""error_message"":null,""usage"":{""input_tokens"":564,""output_tokens"":6,""reasoning_tokens"":null,""cached_tokens"":512,""cache_write_tokens"":null,""total_tokens"":570},""cost_usd"":1.071616e-05,""generation_id"":""gen-1786876539-7i9dsedS8c4Vdbnzq9Ll"",""response_cache_status"":""UNKNOWN"",""observed_provider"":""Baidu"",""observed_endpoint"":null,""observed_quantization"":null}],""response_cache_status"":""UNKNOWN"",""raw_action_valid"":true,""action_received"":""QUERY"",""value"":""ABCDFGI"",""action_applied"":""QUERY"",""feedback"":{""exact"":2,""misplaced"":2},""credits_remaining"":0},{""step"":11,""credits_before"":0,""http_attempts"":[{""attempt_number"":1,""started_at"":""2026-08-16T10:38:42.663Z"",""finished_at"":""2026-08-16T10:39:02.852Z"",""duration_ms"":20189,""status_code"":200,""error_category"":null,""error_message"":null,""usage"":{""input_tokens"":597,""output_tokens"":7,""reasoning_tokens"":null,""cached_tokens"":512,""cache_write_tokens"":null,""total_tokens"":604},""cost_usd"":1.297016e-05,""generation_id"":""gen-1786876741-ZauWUSN7ygxE6VO3Gc0L"",""response_cache_status"":""UNKNOWN"",""observed_provider"":""Baidu"",""observed_endpoint"":null,""observed_quantization"":null}],""response_cache_status"":""UNKNOWN"",""raw_action_valid"":true,""action_received"":""SUBMIT"",""value"":""ABCDFGH"",""action_applied"":""SUBMIT"",""coerced_at_zero_credits"":false,""credits_remaining"":0}]"
3460126a-c90f-4e18-8ea8-f56148c3d511,3460126a-c90f-4e18-8ea8-f56148c3d511,1,,12,deepseek,deepseek-v4-flash-0731,deepseek/deepseek-v4-flash-0731,baidu,Baidu,baidu/fp8,,,,A,continuation,2026-08-16T10:01:47.088Z,2026-08-16T10:39:05.861Z,2238774,3d3baa6feb49226c87c6bc0788fe1936,f75c157d0334fe96,AEABFDA,7,10,10,9,1,ABCDEFG,1,0.14285714285714285,false,partial,11,11,0,1,4725,68,,3328,,4793,0.00014158984000000002,true,true,false,a193e42687075f855a907c617cb6eb43c5979e687d22273bbab4c0919af923ac,"{""max_tokens"":8192,""temperature"":null,""top_p"":null,""top_k"":null,""min_p"":null,""seed"":null,""reasoning"":{""enabled"":false,""effort"":null,""max_tokens"":null,""exclude"":true},""thinking"":null}","{""endpoint_slug"":""baidu/fp8"",""quantizations"":null,""allow_fallbacks"":false,""require_parameters"":true}",completed,true,[],,,response must contain exactly 7 symbols,"[{""step"":1,""credits_before"":10,""http_attempts"":[{""attempt_number"":1,""started_at"":""2026-08-16T10:01:47.088Z"",""finished_at"":""2026-08-16T10:02:10.860Z"",""duration_ms"":23772,""status_code"":200,""error_category"":null,""error_message"":null,""usage"":{""input_tokens"":258,""output_tokens"":6,""reasoning_tokens"":null,""cached_tokens"":256,""cache_write_tokens"":null,""total_tokens"":264},""cost_usd"":4.19888e-06,""generation_id"":""gen-1786874529-WhQJBo1H8kLbsk6R8tPU"",""response_cache_status"":""UNKNOWN"",""observed_provider"":""Baidu"",""observed_endpoint"":null,""observed_quantization"":null}],""response_cache_status"":""UNKNOWN"",""raw_action_valid"":true,""action_received"":""QUERY"",""value"":""ABCDEFG"",""action_applied"":""QUERY"",""feedback"":{""exact"":1,""misplaced"":4},""credits_remaining"":9},{""step"":2,""credits_before"":9,""http_attempts"":[{""attempt_number"":1,""started_at"":""2026-08-16T10:05:40.874Z"",""finished_at"":""2026-08-16T10:06:04.927Z"",""duration_ms"":24054,""status_code"":200,""error_category"":null,""error_message"":null,""usage"":{""input_tokens"":291,""output_tokens"":7,""reasoning_tokens"":null,""cached_tokens"":256,""cache_write_tokens"":null,""total_tokens"":298},""cost_usd"":6.45288e-06,""generation_id"":""gen-1786874763-gupYyNhGT2rSegUBHs8c"",""response_cache_status"":""UNKNOWN"",""observed_provider"":""Baidu"",""observed_endpoint"":null,""observed_quantization"":null}],""response_cache_status"":""UNKNOWN"",""raw_action_valid"":false,""action"":null,""parse_error"":""response must contain exactly 7 symbols"",""consecutive_invalid_responses"":1},{""step"":3,""credits_before"":9,""http_attempts"":[{""attempt_number"":1,""started_at"":""2026-08-16T10:09:29.688Z"",""finished_at"":""2026-08-16T10:09:53.708Z"",""duration_ms"":24021,""status_code"":200,""error_category"":null,""error_message"":null,""usage"":{""input_tokens"":332,""output_tokens"":6,""reasoning_tokens"":null,""cached_tokens"":256,""cache_write_tokens"":null,""total_tokens"":338},""cost_usd"":8.96448e-06,""generation_id"":""gen-1786874991-21X2AiW0Gf04DNRI0pdv"",""response_cache_status"":""UNKNOWN"",""observed_provider"":""Baidu"",""observed_endpoint"":null,""observed_quantization"":null}],""response_cache_status"":""UNKNOWN"",""raw_action_valid"":true,""action_received"":""QUERY"",""value"":""ABCDEFH"",""action_applied"":""QUERY"",""feedback"":{""exact"":1,""misplaced"":4},""credits_remaining"":8},{""step"":4,""credits_before"":8,""http_attempts"":[{""attempt_number"":1,""started_at"":""2026-08-16T10:13:14.962Z"",""finished_at"":""2026-08-16T10:13:39.395Z"",""duration_ms"":24434,""status_code"":200,""error_category"":null,""error_message"":null,""usage"":{""input_tokens"":365,""output_tokens"":6,""reasoning_tokens"":null,""cached_tokens"":256,""cache_write_tokens"":null,""total_tokens"":371},""cost_usd"":1.108968e-05,""generation_id"":""gen-1786875217-mskKhSEYo4lODwse7SHi"",""response_cache_status"":""UNKNOWN"",""observed_provider"":""Baidu"",""observed_endpoint"":null,""observed_quantization"":null}],""response_cache_status"":""UNKNOWN"",""raw_action_valid"":true,""action_received"":""QUERY"",""value"":""ABCDEFI"",""action_applied"":""QUERY"",""feedback"":{""exact"":1,""misplaced"":4},""credits_remaining"":7},{""step"":5,""credits_before"":7,""http_attempts"":[{""attempt_number"":1,""started_at"":""2026-08-16T10:17:01.054Z"",""finished_at"":""2026-08-16T10:17:24.534Z"",""duration_ms"":23481,""status_code"":200,""error_category"":null,""error_message"":null,""usage"":{""input_tokens"":398,""output_tokens"":6,""reasoning_tokens"":null,""cached_tokens"":256,""cache_write_tokens"":null,""total_tokens"":404},""cost_usd"":1.321488e-05,""generation_id"":""gen-1786875442-4YSlnMRfFacgCk3FeBKP"",""response_cache_status"":""UNKNOWN"",""observed_provider"":""Baidu"",""observed_endpoint"":null,""observed_quantization"":null}],""response_cache_status"":""UNKNOWN"",""raw_action_valid"":true,""action_received"":""QUERY"",""value"":""ABCDEFJ"",""action_applied"":""QUERY"",""feedback"":{""exact"":1,""misplaced"":4},""credits_remaining"":6},{""step"":6,""credits_before"":6,""http_attempts"":[{""attempt_number"":1,""started_at"":""2026-08-16T10:20:45.804Z"",""finished_at"":""2026-08-16T10:21:09.929Z"",""duration_ms"":24125,""status_code"":200,""error_category"":null,""error_message"":null,""usage"":{""input_tokens"":431,""output_tokens"":6,""reasoning_tokens"":null,""cached_tokens"":256,""cache_write_tokens"":null,""total_tokens"":437},""cost_usd"":1.534008e-05,""generation_id"":""gen-1786875668-szY8TTkOy1JJd0anSWQi"",""response_cache_status"":""UNKNOWN"",""observed_provider"":""Baidu"",""observed_endpoint"":null,""observed_quantization"":null}],""response_cache_status"":""UNKNOWN"",""raw_action_valid"":true,""action_received"":""QUERY"",""value"":""ABCDEFG"",""action_applied"":""QUERY"",""feedback"":{""exact"":1,""misplaced"":4},""credits_remaining"":5},{""step"":7,""credits_before"":5,""http_attempts"":[{""attempt_number"":1,""started_at"":""2026-08-16T10:24:28.119Z"",""finished_at"":""2026-08-16T10:24:52.961Z"",""duration_ms"":24842,""status_code"":200,""error_category"":null,""error_message"":null,""usage"":{""input_tokens"":464,""output_tokens"":6,""reasoning_tokens"":null,""cached_tokens"":256,""cache_write_tokens"":null,""total_tokens"":470},""cost_usd"":1.746528e-05,""generation_id"":""gen-1786875890-zpjVxLdb496Ryy8Os1hv"",""response_cache_status"":""UNKNOWN"",""observed_provider"":""Baidu"",""observed_endpoint"":null,""observed_quantization"":null}],""response_cache_status"":""UNKNOWN"",""raw_action_valid"":true,""action_received"":""QUERY"",""value"":""ABCDEFH"",""action_applied"":""QUERY"",""feedback"":{""exact"":1,""misplaced"":4},""credits_remaining"":4},{""step"":8,""credits_before"":4,""http_attempts"":[{""attempt_number"":1,""started_at"":""2026-08-16T10:28:10.668Z"",""finished_at"":""2026-08-16T10:28:34.826Z"",""duration_ms"":24158,""status_code"":200,""error_category"":null,""error_message"":null,""usage"":{""input_tokens"":497,""output_tokens"":6,""reasoning_tokens"":null,""cached_tokens"":256,""cache_write_tokens"":null,""total_tokens"":503},""cost_usd"":1.959048e-05,""generation_id"":""gen-1786876113-hr8bVCfU2B7GDk26gdej"",""response_cache_status"":""UNKNOWN"",""observed_provider"":""Baidu"",""observed_endpoint"":null,""observed_quantization"":null}],""response_cache_status"":""UNKNOWN"",""raw_action_valid"":true,""action_received"":""QUERY"",""value"":""ABCDEFI"",""action_applied"":""QUERY"",""feedback"":{""exact"":1,""misplaced"":4},""credits_remaining"":3},{""step"":9,""credits_before"":3,""http_attempts"":[{""attempt_number"":1,""started_at"":""2026-08-16T10:31:47.011Z"",""finished_at"":""2026-08-16T10:32:11.739Z"",""duration_ms"":24728,""status_code"":200,""error_category"":null,""error_message"":null,""usage"":{""input_tokens"":530,""output_tokens"":6,""reasoning_tokens"":null,""cached_tokens"":256,""cache_write_tokens"":null,""total_tokens"":536},""cost_usd"":2.171568e-05,""generation_id"":""gen-1786876329-cO3Yay2O0wyWQ7Ish0Yw"",""response_cache_status"":""UNKNOWN"",""observed_provider"":""Baidu"",""observed_endpoint"":null,""observed_quantization"":null}],""response_cache_status"":""UNKNOWN"",""raw_action_valid"":true,""action_received"":""QUERY"",""value"":""ABCDEFJ"",""action_applied"":""QUERY"",""feedback"":{""exact"":1,""misplaced"":4},""credits_remaining"":2},{""step"":10,""credits_before"":2,""http_attempts"":[{""attempt_number"":1,""started_at"":""2026-08-16T10:35:21.094Z"",""finished_at"":""2026-08-16T10:35:45.190Z"",""duration_ms"":24095,""status_code"":200,""error_category"":null,""error_message"":null,""usage"":{""input_tokens"":563,""output_tokens"":6,""reasoning_tokens"":null,""cached_tokens"":512,""cache_write_tokens"":null,""total_tokens"":569},""cost_usd"":1.065176e-05,""generation_id"":""gen-1786876542-ZGKSRgrh7IKNMpEhNrZh"",""response_cache_status"":""UNKNOWN"",""observed_provider"":""Baidu"",""observed_endpoint"":null,""observed_quantization"":null}],""response_cache_status"":""UNKNOWN"",""raw_action_valid"":true,""action_received"":""QUERY"",""value"":""ABCDEFG"",""action_applied"":""QUERY"",""feedback"":{""exact"":1,""misplaced"":4},""credits_remaining"":1},{""step"":11,""credits_before"":1,""http_attempts"":[{""attempt_number"":1,""started_at"":""2026-08-16T10:38:45.249Z"",""finished_at"":""2026-08-16T10:39:05.861Z"",""duration_ms"":20612,""status_code"":200,""error_category"":null,""error_message"":null,""usage"":{""input_tokens"":596,""output_tokens"":7,""reasoning_tokens"":null,""cached_tokens"":512,""cache_write_tokens"":null,""total_tokens"":603},""cost_usd"":1.290576e-05,""generation_id"":""gen-1786876744-kPRrSS8ae2A7ATEC9MCp"",""response_cache_status"":""UNKNOWN"",""observed_provider"":""Baidu"",""observed_endpoint"":null,""observed_quantization"":null}],""response_cache_status"":""UNKNOWN"",""raw_action_valid"":true,""action_received"":""SUBMIT"",""value"":""ABCDEFG"",""action_applied"":""SUBMIT"",""coerced_at_zero_credits"":false,""credits_remaining"":1}]"
d095a40a-6d2e-49f3-9280-9f4426763cdb,d095a40a-6d2e-49f3-9280-9f4426763cdb,1,,18,deepseek,deepseek-v4-flash-0731,deepseek/deepseek-v4-flash-0731,baidu,Baidu,baidu/fp8,,,,C,different_model,2026-08-16T10:01:53.924Z,2026-08-16T10:39:08.926Z,2235002,3d3baa6feb49226c87c6bc0788fe1936,45ccd57316a87cf4,BCGDHGG,7,10,10,9,1,GGGGGGG,3,0.42857142857142855,false,partial,11,11,0,1,4812,71,,3328,,4883,0.00014757904,true,true,false,2ac8682c462a8f01ea519b44aa73090e57243476b55eaf2539123ca100c55ab6,"{""max_tokens"":8192,""temperature"":null,""top_p"":null,""top_k"":null,""min_p"":null,""seed"":null,""reasoning"":{""enabled"":false,""effort"":null,""max_tokens"":null,""exclude"":true},""thinking"":null}","{""endpoint_slug"":""baidu/fp8"",""quantizations"":null,""allow_fallbacks"":false,""require_parameters"":true}",completed,true,[],,,response must contain exactly 7 symbols,"[{""step"":1,""credits_before"":10,""http_attempts"":[{""attempt_number"":1,""started_at"":""2026-08-16T10:01:53.925Z"",""finished_at"":""2026-08-16T10:02:16.891Z"",""duration_ms"":22967,""status_code"":200,""error_category"":null,""error_message"":null,""usage"":{""input_tokens"":268,""output_tokens"":6,""reasoning_tokens"":null,""cached_tokens"":256,""cache_write_tokens"":null,""total_tokens"":274},""cost_usd"":4.84288e-06,""generation_id"":""gen-1786874535-LEbHa4Ma1No9IXnAnNh6"",""response_cache_status"":""UNKNOWN"",""observed_provider"":""Baidu"",""observed_endpoint"":null,""observed_quantization"":null}],""response_cache_status"":""UNKNOWN"",""raw_action_valid"":true,""action_received"":""QUERY"",""value"":""AAAAAAA"",""action_applied"":""QUERY"",""feedback"":{""exact"":0,""misplaced"":0},""credits_remaining"":9},{""step"":2,""credits_before"":9,""http_attempts"":[{""attempt_number"":1,""started_at"":""2026-08-16T10:05:43.979Z"",""finished_at"":""2026-08-16T10:06:07.920Z"",""duration_ms"":23940,""status_code"":200,""error_category"":null,""error_message"":null,""usage"":{""input_tokens"":301,""output_tokens"":6,""reasoning_tokens"":null,""cached_tokens"":256,""cache_write_tokens"":null,""total_tokens"":307},""cost_usd"":6.96808e-06,""generation_id"":""gen-1786874766-0fjRRrSFBh0cth0JClS9"",""response_cache_status"":""UNKNOWN"",""observed_provider"":""Baidu"",""observed_endpoint"":null,""observed_quantization"":null}],""response_cache_status"":""UNKNOWN"",""raw_action_valid"":true,""action_received"":""QUERY"",""value"":""BBBBBBB"",""action_applied"":""QUERY"",""feedback"":{""exact"":1,""misplaced"":0},""credits_remaining"":8},{""step"":3,""credits_before"":8,""http_attempts"":[{""attempt_number"":1,""started_at"":""2026-08-16T10:09:32.949Z"",""finished_at"":""2026-08-16T10:09:56.544Z"",""duration_ms"":23595,""status_code"":200,""error_category"":null,""error_message"":null,""usage"":{""input_tokens"":334,""output_tokens"":6,""reasoning_tokens"":null,""cached_tokens"":256,""cache_write_tokens"":null,""total_tokens"":340},""cost_usd"":9.09328e-06,""generation_id"":""gen-1786874994-IcOCu7XdNTA7i5orDmdy"",""response_cache_status"":""UNKNOWN"",""observed_provider"":""Baidu"",""observed_endpoint"":null,""observed_quantization"":null}],""response_cache_status"":""UNKNOWN"",""raw_action_valid"":true,""action_received"":""QUERY"",""value"":""CCCCCCC"",""action_applied"":""QUERY"",""feedback"":{""exact"":1,""misplaced"":0},""credits_remaining"":7},{""step"":4,""credits_before"":7,""http_attempts"":[{""attempt_number"":1,""started_at"":""2026-08-16T10:13:17.852Z"",""finished_at"":""2026-08-16T10:13:41.883Z"",""duration_ms"":24031,""status_code"":200,""error_category"":null,""error_message"":null,""usage"":{""input_tokens"":367,""output_tokens"":7,""reasoning_tokens"":null,""cached_tokens"":256,""cache_write_tokens"":null,""total_tokens"":374},""cost_usd"":1.134728e-05,""generation_id"":""gen-1786875220-0TroVctAnROe5PMFqZgo"",""response_cache_status"":""UNKNOWN"",""observed_provider"":""Baidu"",""observed_endpoint"":null,""observed_quantization"":null}],""response_cache_status"":""UNKNOWN"",""raw_action_valid"":true,""action_received"":""QUERY"",""value"":""DDDDDDD"",""action_applied"":""QUERY"",""feedback"":{""exact"":1,""misplaced"":0},""credits_remaining"":6},{""step"":5,""credits_before"":6,""http_attempts"":[{""attempt_number"":1,""started_at"":""2026-08-16T10:17:03.445Z"",""finished_at"":""2026-08-16T10:17:27.332Z"",""duration_ms"":23887,""status_code"":200,""error_category"":null,""error_message"":null,""usage"":{""input_tokens"":401,""output_tokens"":7,""reasoning_tokens"":null,""cached_tokens"":256,""cache_write_tokens"":null,""total_tokens"":408},""cost_usd"":1.353688e-05,""generation_id"":""gen-1786875445-eWD4feWzfyCBMz6YYkEJ"",""response_cache_status"":""UNKNOWN"",""observed_provider"":""Baidu"",""observed_endpoint"":null,""observed_quantization"":null}],""response_cache_status"":""UNKNOWN"",""raw_action_valid"":true,""action_received"":""QUERY"",""value"":""EEEEEEE"",""action_applied"":""QUERY"",""feedback"":{""exact"":0,""misplaced"":0},""credits_remaining"":5},{""step"":6,""credits_before"":5,""http_attempts"":[{""attempt_number"":1,""started_at"":""2026-08-16T10:20:48.991Z"",""finished_at"":""2026-08-16T10:21:12.780Z"",""duration_ms"":23789,""status_code"":200,""error_category"":null,""error_message"":null,""usage"":{""input_tokens"":435,""output_tokens"":6,""reasoning_tokens"":null,""cached_tokens"":256,""cache_write_tokens"":null,""total_tokens"":441},""cost_usd"":1.559768e-05,""generation_id"":""gen-1786875671-r1Yp6gvpMqnBFvEtMMmc"",""response_cache_status"":""UNKNOWN"",""observed_provider"":""Baidu"",""observed_endpoint"":null,""observed_quantization"":null}],""response_cache_status"":""UNKNOWN"",""raw_action_valid"":false,""action"":null,""parse_error"":""response must contain exactly 7 symbols"",""consecutive_invalid_responses"":1},{""step"":7,""credits_before"":5,""http_attempts"":[{""attempt_number"":1,""started_at"":""2026-08-16T10:24:31.675Z"",""finished_at"":""2026-08-16T10:24:55.261Z"",""duration_ms"":23587,""status_code"":200,""error_category"":null,""error_message"":null,""usage"":{""input_tokens"":475,""output_tokens"":5,""reasoning_tokens"":null,""cached_tokens"":256,""cache_write_tokens"":null,""total_tokens"":480},""cost_usd"":1.804488e-05,""generation_id"":""gen-1786875893-uLYyPSJF1kvt1xuGgu3N"",""response_cache_status"":""UNKNOWN"",""observed_provider"":""Baidu"",""observed_endpoint"":null,""observed_quantization"":null}],""response_cache_status"":""UNKNOWN"",""raw_action_valid"":true,""action_received"":""QUERY"",""value"":""FFFFFFF"",""action_applied"":""QUERY"",""feedback"":{""exact"":0,""misplaced"":0},""credits_remaining"":4},{""step"":8,""credits_before"":4,""http_attempts"":[{""attempt_number"":1,""started_at"":""2026-08-16T10:28:13.950Z"",""finished_at"":""2026-08-16T10:28:37.829Z"",""duration_ms"":23880,""status_code"":200,""error_category"":null,""error_message"":null,""usage"":{""input_tokens"":507,""output_tokens"":7,""reasoning_tokens"":null,""cached_tokens"":256,""cache_write_tokens"":null,""total_tokens"":514},""cost_usd"":2.036328e-05,""generation_id"":""gen-1786876116-sBjP83GIVBpKjZEYrhhj"",""response_cache_status"":""UNKNOWN"",""observed_provider"":""Baidu"",""observed_endpoint"":null,""observed_quantization"":null}],""response_cache_status"":""UNKNOWN"",""raw_action_valid"":true,""action_received"":""QUERY"",""value"":""GGGGGGG"",""action_applied"":""QUERY"",""feedback"":{""exact"":3,""misplaced"":0},""credits_remaining"":3},{""step"":9,""credits_before"":3,""http_attempts"":[{""attempt_number"":1,""started_at"":""2026-08-16T10:31:50.116Z"",""finished_at"":""2026-08-16T10:32:14.073Z"",""duration_ms"":23957,""status_code"":200,""error_category"":null,""error_message"":null,""usage"":{""input_tokens"":541,""output_tokens"":7,""reasoning_tokens"":null,""cached_tokens"":256,""cache_write_tokens"":null,""total_tokens"":548},""cost_usd"":2.255288e-05,""generation_id"":""gen-1786876332-YrUzq6qjSl9Lw8v794nV"",""response_cache_status"":""UNKNOWN"",""observed_provider"":""Baidu"",""observed_endpoint"":null,""observed_quantization"":null}],""response_cache_status"":""UNKNOWN"",""raw_action_valid"":true,""action_received"":""QUERY"",""value"":""HHHHHHH"",""action_applied"":""QUERY"",""feedback"":{""exact"":1,""misplaced"":0},""credits_remaining"":2},{""step"":10,""credits_before"":2,""http_attempts"":[{""attempt_number"":1,""started_at"":""2026-08-16T10:35:24.084Z"",""finished_at"":""2026-08-16T10:35:47.363Z"",""duration_ms"":23279,""status_code"":200,""error_category"":null,""error_message"":null,""usage"":{""input_tokens"":575,""output_tokens"":6,""reasoning_tokens"":null,""cached_tokens"":512,""cache_write_tokens"":null,""total_tokens"":581},""cost_usd"":1.142456e-05,""generation_id"":""gen-1786876545-46Iu8DpYv1tCxaUL2CxC"",""response_cache_status"":""UNKNOWN"",""observed_provider"":""Baidu"",""observed_endpoint"":null,""observed_quantization"":null}],""response_cache_status"":""UNKNOWN"",""raw_action_valid"":true,""action_received"":""QUERY"",""value"":""IIIIIII"",""action_applied"":""QUERY"",""feedback"":{""exact"":0,""misplaced"":0},""credits_remaining"":1},{""step"":11,""credits_before"":1,""http_attempts"":[{""attempt_number"":1,""started_at"":""2026-08-16T10:38:51.873Z"",""finished_at"":""2026-08-16T10:39:08.926Z"",""duration_ms"":17052,""status_code"":200,""error_category"":null,""error_message"":null,""usage"":{""input_tokens"":608,""output_tokens"":8,""reasoning_tokens"":null,""cached_tokens"":512,""cache_write_tokens"":null,""total_tokens"":616},""cost_usd"":1.380736e-05,""generation_id"":""gen-1786876747-cXPnOyW7Gk63uV8jfVdp"",""response_cache_status"":""UNKNOWN"",""observed_provider"":""Baidu"",""observed_endpoint"":null,""observed_quantization"":null}],""response_cache_status"":""UNKNOWN"",""raw_action_valid"":true,""action_received"":""SUBMIT"",""value"":""GGGGGGG"",""action_applied"":""SUBMIT"",""coerced_at_zero_credits"":false,""credits_remaining"":1}]"
c671162f-8e4f-4f48-adb6-15c882f78aba,c671162f-8e4f-4f48-adb6-15c882f78aba,1,,14,deepseek,deepseek-v4-flash-0731,deepseek/deepseek-v4-flash-0731,baidu,Baidu,baidu/fp8,,,,B,same_model_instance,2026-08-16T10:02:07.826Z,2026-08-16T10:39:14.925Z,2227100,3d3baa6feb49226c87c6bc0788fe1936,a520dd0fe26e24b6,HJDADEA,7,10,10,10,0,HABCDJI,2,0.2857142857142857,false,partial,11,11,0,0,4708,67,,3328,,4775,0.00014036624,true,true,false,beac9c73922a2ffe8812688677869d60b795a42f7917e7d966869980810162d3,"{""max_tokens"":8192,""temperature"":null,""top_p"":null,""top_k"":null,""min_p"":null,""seed"":null,""reasoning"":{""enabled"":false,""effort"":null,""max_tokens"":null,""exclude"":true},""thinking"":null}","{""endpoint_slug"":""baidu/fp8"",""quantizations"":null,""allow_fallbacks"":false,""require_parameters"":true}",completed,true,[],,,,"[{""step"":1,""credits_before"":10,""http_attempts"":[{""attempt_number"":1,""started_at"":""2026-08-16T10:02:07.826Z"",""finished_at"":""2026-08-16T10:02:32.296Z"",""duration_ms"":24470,""status_code"":200,""error_category"":null,""error_message"":null,""usage"":{""input_tokens"":263,""output_tokens"":6,""reasoning_tokens"":null,""cached_tokens"":256,""cache_write_tokens"":null,""total_tokens"":269},""cost_usd"":4.52088e-06,""generation_id"":""gen-1786874550-FJvTyO525CDis3VBw98r"",""response_cache_status"":""UNKNOWN"",""observed_provider"":""Baidu"",""observed_endpoint"":null,""observed_quantization"":null}],""response_cache_status"":""UNKNOWN"",""raw_action_valid"":true,""action_received"":""QUERY"",""value"":""ABCDEFG"",""action_applied"":""QUERY"",""feedback"":{""exact"":0,""misplaced"":3},""credits_remaining"":9},{""step"":2,""credits_before"":9,""http_attempts"":[{""attempt_number"":1,""started_at"":""2026-08-16T10:05:59.635Z"",""finished_at"":""2026-08-16T10:06:23.136Z"",""duration_ms"":23500,""status_code"":200,""error_category"":null,""error_message"":null,""usage"":{""input_tokens"":296,""output_tokens"":6,""reasoning_tokens"":null,""cached_tokens"":256,""cache_write_tokens"":null,""total_tokens"":302},""cost_usd"":6.64608e-06,""generation_id"":""gen-1786874781-3cuOKA9ewv0y06tiQf8v"",""response_cache_status"":""UNKNOWN"",""observed_provider"":""Baidu"",""observed_endpoint"":null,""observed_quantization"":null}],""response_cache_status"":""UNKNOWN"",""raw_action_valid"":true,""action_received"":""QUERY"",""value"":""HABCDEF"",""action_applied"":""QUERY"",""feedback"":{""exact"":3,""misplaced"":1},""credits_remaining"":8},{""step"":3,""credits_before"":8,""http_attempts"":[{""attempt_number"":1,""started_at"":""2026-08-16T10:09:47.351Z"",""finished_at"":""2026-08-16T10:10:11.487Z"",""duration_ms"":24136,""status_code"":200,""error_category"":null,""error_message"":null,""usage"":{""input_tokens"":329,""output_tokens"":6,""reasoning_tokens"":null,""cached_tokens"":256,""cache_write_tokens"":null,""total_tokens"":335},""cost_usd"":8.77128e-06,""generation_id"":""gen-1786875010-EL0BsokEVeEvyudy2JYT"",""response_cache_status"":""UNKNOWN"",""observed_provider"":""Baidu"",""observed_endpoint"":null,""observed_quantization"":null}],""response_cache_status"":""UNKNOWN"",""raw_action_valid"":true,""action_received"":""QUERY"",""value"":""HABCDEG"",""action_applied"":""QUERY"",""feedback"":{""exact"":3,""misplaced"":1},""credits_remaining"":7},{""step"":4,""credits_before"":7,""http_attempts"":[{""attempt_number"":1,""started_at"":""2026-08-16T10:13:33.244Z"",""finished_at"":""2026-08-16T10:13:57.585Z"",""duration_ms"":24341,""status_code"":200,""error_category"":null,""error_message"":null,""usage"":{""input_tokens"":362,""output_tokens"":6,""reasoning_tokens"":null,""cached_tokens"":256,""cache_write_tokens"":null,""total_tokens"":368},""cost_usd"":1.089648e-05,""generation_id"":""gen-1786875235-HmuOOQsGD0ThDpgeVtnU"",""response_cache_status"":""UNKNOWN"",""observed_provider"":""Baidu"",""observed_endpoint"":null,""observed_quantization"":null}],""response_cache_status"":""UNKNOWN"",""raw_action_valid"":true,""action_received"":""QUERY"",""value"":""HABCDEH"",""action_applied"":""QUERY"",""feedback"":{""exact"":3,""misplaced"":1},""credits_remaining"":6},{""step"":5,""credits_before"":6,""http_attempts"":[{""attempt_number"":1,""started_at"":""2026-08-16T10:17:18.396Z"",""finished_at"":""2026-08-16T10:17:42.667Z"",""duration_ms"":24271,""status_code"":200,""error_category"":null,""error_message"":null,""usage"":{""input_tokens"":395,""output_tokens"":6,""reasoning_tokens"":null,""cached_tokens"":256,""cache_write_tokens"":null,""total_tokens"":401},""cost_usd"":1.302168e-05,""generation_id"":""gen-1786875461-mEnoQsBMd6eXfsYDf8f1"",""response_cache_status"":""UNKNOWN"",""observed_provider"":""Baidu"",""observed_endpoint"":null,""observed_quantization"":null}],""response_cache_status"":""UNKNOWN"",""raw_action_valid"":true,""action_received"":""QUERY"",""value"":""HABCDEI"",""action_applied"":""QUERY"",""feedback"":{""exact"":3,""misplaced"":1},""credits_remaining"":5},{""step"":6,""credits_before"":5,""http_attempts"":[{""attempt_number"":1,""started_at"":""2026-08-16T10:21:03.892Z"",""finished_at"":""2026-08-16T10:21:27.947Z"",""duration_ms"":24056,""status_code"":200,""error_category"":null,""error_message"":null,""usage"":{""input_tokens"":428,""output_tokens"":6,""reasoning_tokens"":null,""cached_tokens"":256,""cache_write_tokens"":null,""total_tokens"":434},""cost_usd"":1.514688e-05,""generation_id"":""gen-1786875686-uDzKzSS0MmVDGTKfYwZi"",""response_cache_status"":""UNKNOWN"",""observed_provider"":""Baidu"",""observed_endpoint"":null,""observed_quantization"":null}],""response_cache_status"":""UNKNOWN"",""raw_action_valid"":true,""action_received"":""QUERY"",""value"":""HABCDEJ"",""action_applied"":""QUERY"",""feedback"":{""exact"":3,""misplaced"":2},""credits_remaining"":4},{""step"":7,""credits_before"":4,""http_attempts"":[{""attempt_number"":1,""started_at"":""2026-08-16T10:24:43.646Z"",""finished_at"":""2026-08-16T10:25:07.509Z"",""duration_ms"":23863,""status_code"":200,""error_category"":null,""error_message"":null,""usage"":{""input_tokens"":461,""output_tokens"":6,""reasoning_tokens"":null,""cached_tokens"":256,""cache_write_tokens"":null,""total_tokens"":467},""cost_usd"":1.727208e-05,""generation_id"":""gen-1786875905-hkTNLlxNQXFHc5ZEBfso"",""response_cache_status"":""UNKNOWN"",""observed_provider"":""Baidu"",""observed_endpoint"":null,""observed_quantization"":null}],""response_cache_status"":""UNKNOWN"",""raw_action_valid"":true,""action_received"":""QUERY"",""value"":""HABCDHI"",""action_applied"":""QUERY"",""feedback"":{""exact"":2,""misplaced"":1},""credits_remaining"":3},{""step"":8,""credits_before"":3,""http_attempts"":[{""attempt_number"":1,""started_at"":""2026-08-16T10:28:26.319Z"",""finished_at"":""2026-08-16T10:28:50.180Z"",""duration_ms"":23860,""status_code"":200,""error_category"":null,""error_message"":null,""usage"":{""input_tokens"":494,""output_tokens"":6,""reasoning_tokens"":null,""cached_tokens"":256,""cache_write_tokens"":null,""total_tokens"":500},""cost_usd"":1.939728e-05,""generation_id"":""gen-1786876128-juEA95jmy6X4AhVXA4cW"",""response_cache_status"":""UNKNOWN"",""observed_provider"":""Baidu"",""observed_endpoint"":null,""observed_quantization"":null}],""response_cache_status"":""UNKNOWN"",""raw_action_valid"":true,""action_received"":""QUERY"",""value"":""HABCDII"",""action_applied"":""QUERY"",""feedback"":{""exact"":2,""misplaced"":1},""credits_remaining"":2},{""step"":9,""credits_before"":2,""http_attempts"":[{""attempt_number"":1,""started_at"":""2026-08-16T10:32:00.447Z"",""finished_at"":""2026-08-16T10:32:23.290Z"",""duration_ms"":22843,""status_code"":200,""error_category"":null,""error_message"":null,""usage"":{""input_tokens"":527,""output_tokens"":6,""reasoning_tokens"":null,""cached_tokens"":256,""cache_write_tokens"":null,""total_tokens"":533},""cost_usd"":2.152248e-05,""generation_id"":""gen-1786876341-Z74ZeAxyhwfGCMFusO0P"",""response_cache_status"":""UNKNOWN"",""observed_provider"":""Baidu"",""observed_endpoint"":null,""observed_quantization"":null}],""response_cache_status"":""UNKNOWN"",""raw_action_valid"":true,""action_received"":""QUERY"",""value"":""HABCDJI"",""action_applied"":""QUERY"",""feedback"":{""exact"":2,""misplaced"":2},""credits_remaining"":1},{""step"":10,""credits_before"":1,""http_attempts"":[{""attempt_number"":1,""started_at"":""2026-08-16T10:35:32.370Z"",""finished_at"":""2026-08-16T10:35:56.762Z"",""duration_ms"":24392,""status_code"":200,""error_category"":null,""error_message"":null,""usage"":{""input_tokens"":560,""output_tokens"":6,""reasoning_tokens"":null,""cached_tokens"":512,""cache_write_tokens"":null,""total_tokens"":566},""cost_usd"":1.045856e-05,""generation_id"":""gen-1786876554-xOELFaJSAWmH5ZKOkBGe"",""response_cache_status"":""UNKNOWN"",""observed_provider"":""Baidu"",""observed_endpoint"":null,""observed_quantization"":null}],""response_cache_status"":""UNKNOWN"",""raw_action_valid"":true,""action_received"":""QUERY"",""value"":""HABCDJI"",""action_applied"":""QUERY"",""feedback"":{""exact"":2,""misplaced"":2},""credits_remaining"":0},{""step"":11,""credits_before"":0,""http_attempts"":[{""attempt_number"":1,""started_at"":""2026-08-16T10:38:57.044Z"",""finished_at"":""2026-08-16T10:39:14.925Z"",""duration_ms"":17881,""status_code"":200,""error_category"":null,""error_message"":null,""usage"":{""input_tokens"":593,""output_tokens"":7,""reasoning_tokens"":null,""cached_tokens"":512,""cache_write_tokens"":null,""total_tokens"":600},""cost_usd"":1.271256e-05,""generation_id"":""gen-1786876753-AH5kbk4L8Qtf2KxuIrRQ"",""response_cache_status"":""UNKNOWN"",""observed_provider"":""Baidu"",""observed_endpoint"":null,""observed_quantization"":null}],""response_cache_status"":""UNKNOWN"",""raw_action_valid"":true,""action_received"":""SUBMIT"",""value"":""HABCDJI"",""action_applied"":""SUBMIT"",""coerced_at_zero_credits"":false,""credits_remaining"":0}]"
e4fe145d-37ac-48b2-b7ec-3aa4b0ed06a5,e4fe145d-37ac-48b2-b7ec-3aa4b0ed06a5,1,,19,deepseek,deepseek-v4-flash-0731,deepseek/deepseek-v4-flash-0731,baidu,Baidu,baidu/fp8,,,,C,different_model,2026-08-16T10:02:16.892Z,2026-08-16T10:39:26.905Z,2230013,3d3baa6feb49226c87c6bc0788fe1936,83a2ba588bb908a3,IFFJEDA,7,10,10,10,0,ABCDFGI,0,0.0,false,partial,11,11,0,0,4765,68,,3328,,4833,0.00014416583999999998,true,true,false,2ac8682c462a8f01ea519b44aa73090e57243476b55eaf2539123ca100c55ab6,"{""max_tokens"":8192,""temperature"":null,""top_p"":null,""top_k"":null,""min_p"":null,""seed"":null,""reasoning"":{""enabled"":false,""effort"":null,""max_tokens"":null,""exclude"":true},""thinking"":null}","{""endpoint_slug"":""baidu/fp8"",""quantizations"":null,""allow_fallbacks"":false,""require_parameters"":true}",completed,true,[],,,,"[{""step"":1,""credits_before"":10,""http_attempts"":[{""attempt_number"":1,""started_at"":""2026-08-16T10:02:16.892Z"",""finished_at"":""2026-08-16T10:02:37.780Z"",""duration_ms"":20888,""status_code"":200,""error_category"":null,""error_message"":null,""usage"":{""input_tokens"":268,""output_tokens"":6,""reasoning_tokens"":null,""cached_tokens"":256,""cache_write_tokens"":null,""total_tokens"":274},""cost_usd"":4.84288e-06,""generation_id"":""gen-1786874556-NbU3POh1dESbEjWzdbWj"",""response_cache_status"":""UNKNOWN"",""observed_provider"":""Baidu"",""observed_endpoint"":null,""observed_quantization"":null}],""response_cache_status"":""UNKNOWN"",""raw_action_valid"":true,""action_received"":""QUERY"",""value"":""ABCDEFG"",""action_applied"":""QUERY"",""feedback"":{""exact"":1,""misplaced"":3},""credits_remaining"":9},{""step"":2,""credits_before"":9,""http_attempts"":[{""attempt_number"":1,""started_at"":""2026-08-16T10:06:04.928Z"",""finished_at"":""2026-08-16T10:06:29.077Z"",""duration_ms"":24148,""status_code"":200,""error_category"":null,""error_message"":null,""usage"":{""input_tokens"":301,""output_tokens"":6,""reasoning_tokens"":null,""cached_tokens"":256,""cache_write_tokens"":null,""total_tokens"":307},""cost_usd"":6.96808e-06,""generation_id"":""gen-1786874787-a6F2M6hiCQDdbCAIOb00"",""response_cache_status"":""UNKNOWN"",""observed_provider"":""Baidu"",""observed_endpoint"":null,""observed_quantization"":null}],""response_cache_status"":""UNKNOWN"",""raw_action_valid"":true,""action_received"":""QUERY"",""value"":""ABCDEHH"",""action_applied"":""QUERY"",""feedback"":{""exact"":1,""misplaced"":2},""credits_remaining"":8},{""step"":3,""credits_before"":8,""http_attempts"":[{""attempt_number"":1,""started_at"":""2026-08-16T10:09:53.709Z"",""finished_at"":""2026-08-16T10:10:17.470Z"",""duration_ms"":23761,""status_code"":200,""error_category"":null,""error_message"":null,""usage"":{""input_tokens"":334,""output_tokens"":6,""reasoning_tokens"":null,""cached_tokens"":256,""cache_write_tokens"":null,""total_tokens"":340},""cost_usd"":9.09328e-06,""generation_id"":""gen-1786875016-uSoubBhFpk4YruFa8xKX"",""response_cache_status"":""UNKNOWN"",""observed_provider"":""Baidu"",""observed_endpoint"":null,""observed_quantization"":null}],""response_cache_status"":""UNKNOWN"",""raw_action_valid"":true,""action_received"":""QUERY"",""value"":""ABCDEFH"",""action_applied"":""QUERY"",""feedback"":{""exact"":1,""misplaced"":3},""credits_remaining"":7},{""step"":4,""credits_before"":7,""http_attempts"":[{""attempt_number"":1,""started_at"":""2026-08-16T10:13:39.396Z"",""finished_at"":""2026-08-16T10:14:03.165Z"",""duration_ms"":23769,""status_code"":200,""error_category"":null,""error_message"":null,""usage"":{""input_tokens"":367,""output_tokens"":6,""reasoning_tokens"":null,""cached_tokens"":256,""cache_write_tokens"":null,""total_tokens"":373},""cost_usd"":1.121848e-05,""generation_id"":""gen-1786875241-H3nv2mHuPzpQdmK2Y72E"",""response_cache_status"":""UNKNOWN"",""observed_provider"":""Baidu"",""observed_endpoint"":null,""observed_quantization"":null}],""response_cache_status"":""UNKNOWN"",""raw_action_valid"":true,""action_received"":""QUERY"",""value"":""ABCDEFI"",""action_applied"":""QUERY"",""feedback"":{""exact"":1,""misplaced"":4},""credits_remaining"":6},{""step"":5,""credits_before"":6,""http_attempts"":[{""attempt_number"":1,""started_at"":""2026-08-16T10:17:24.535Z"",""finished_at"":""2026-08-16T10:17:48.871Z"",""duration_ms"":24336,""status_code"":200,""error_category"":null,""error_message"":null,""usage"":{""input_tokens"":400,""output_tokens"":6,""reasoning_tokens"":null,""cached_tokens"":256,""cache_write_tokens"":null,""total_tokens"":406},""cost_usd"":1.334368e-05,""generation_id"":""gen-1786875467-prUDJjFG5PME496rrQn8"",""response_cache_status"":""UNKNOWN"",""observed_provider"":""Baidu"",""observed_endpoint"":null,""observed_quantization"":null}],""response_cache_status"":""UNKNOWN"",""raw_action_valid"":true,""action_received"":""QUERY"",""value"":""ABCDEFJ"",""action_applied"":""QUERY"",""feedback"":{""exact"":1,""misplaced"":4},""credits_remaining"":5},{""step"":6,""credits_before"":5,""http_attempts"":[{""attempt_number"":1,""started_at"":""2026-08-16T10:21:09.929Z"",""finished_at"":""2026-08-16T10:21:33.899Z"",""duration_ms"":23969,""status_code"":200,""error_category"":null,""error_message"":null,""usage"":{""input_tokens"":433,""output_tokens"":6,""reasoning_tokens"":null,""cached_tokens"":256,""cache_write_tokens"":null,""total_tokens"":439},""cost_usd"":1.546888e-05,""generation_id"":""gen-1786875692-IRj5CH7KIQRarF3Aq9jN"",""response_cache_status"":""UNKNOWN"",""observed_provider"":""Baidu"",""observed_endpoint"":null,""observed_quantization"":null}],""response_cache_status"":""UNKNOWN"",""raw_action_valid"":true,""action_received"":""QUERY"",""value"":""ABCDEFF"",""action_applied"":""QUERY"",""feedback"":{""exact"":1,""misplaced"":4},""credits_remaining"":4},{""step"":7,""credits_before"":4,""http_attempts"":[{""attempt_number"":1,""started_at"":""2026-08-16T10:24:52.962Z"",""finished_at"":""2026-08-16T10:25:16.488Z"",""duration_ms"":23526,""status_code"":200,""error_category"":null,""error_message"":null,""usage"":{""input_tokens"":466,""output_tokens"":6,""reasoning_tokens"":null,""cached_tokens"":256,""cache_write_tokens"":null,""total_tokens"":472},""cost_usd"":1.759408e-05,""generation_id"":""gen-1786875914-EvfzRGsUAT0nIj2IVADb"",""response_cache_status"":""UNKNOWN"",""observed_provider"":""Baidu"",""observed_endpoint"":null,""observed_quantization"":null}],""response_cache_status"":""UNKNOWN"",""raw_action_valid"":true,""action_received"":""QUERY"",""value"":""ABCDFGH"",""action_applied"":""QUERY"",""feedback"":{""exact"":0,""misplaced"":3},""credits_remaining"":3},{""step"":8,""credits_before"":3,""http_attempts"":[{""attempt_number"":1,""started_at"":""2026-08-16T10:28:34.827Z"",""finished_at"":""2026-08-16T10:28:58.976Z"",""duration_ms"":24149,""status_code"":200,""error_category"":null,""error_message"":null,""usage"":{""input_tokens"":499,""output_tokens"":6,""reasoning_tokens"":null,""cached_tokens"":256,""cache_write_tokens"":null,""total_tokens"":505},""cost_usd"":1.971928e-05,""generation_id"":""gen-1786876137-uytgY04Db9RNuh3vScAD"",""response_cache_status"":""UNKNOWN"",""observed_provider"":""Baidu"",""observed_endpoint"":null,""observed_quantization"":null}],""response_cache_status"":""UNKNOWN"",""raw_action_valid"":true,""action_received"":""QUERY"",""value"":""ABCDFGI"",""action_applied"":""QUERY"",""feedback"":{""exact"":0,""misplaced"":4},""credits_remaining"":2},{""step"":9,""credits_before"":2,""http_attempts"":[{""attempt_number"":1,""started_at"":""2026-08-16T10:32:11.740Z"",""finished_at"":""2026-08-16T10:32:35.218Z"",""duration_ms"":23478,""status_code"":200,""error_category"":null,""error_message"":null,""usage"":{""input_tokens"":532,""output_tokens"":7,""reasoning_tokens"":null,""cached_tokens"":256,""cache_write_tokens"":null,""total_tokens"":539},""cost_usd"":2.197328e-05,""generation_id"":""gen-1786876353-hnNo5SuHdsWxiJZKaF55"",""response_cache_status"":""UNKNOWN"",""observed_provider"":""Baidu"",""observed_endpoint"":null,""observed_quantization"":null}],""response_cache_status"":""UNKNOWN"",""raw_action_valid"":true,""action_received"":""QUERY"",""value"":""ABCDFGJ"",""action_applied"":""QUERY"",""feedback"":{""exact"":0,""misplaced"":4},""credits_remaining"":1},{""step"":10,""credits_before"":1,""http_attempts"":[{""attempt_number"":1,""started_at"":""2026-08-16T10:35:45.191Z"",""finished_at"":""2026-08-16T10:36:08.609Z"",""duration_ms"":23418,""status_code"":200,""error_category"":null,""error_message"":null,""usage"":{""input_tokens"":566,""output_tokens"":6,""reasoning_tokens"":null,""cached_tokens"":512,""cache_write_tokens"":null,""total_tokens"":572},""cost_usd"":1.084496e-05,""generation_id"":""gen-1786876567-h5aywQAQLgLYjIHkrwt9"",""response_cache_status"":""UNKNOWN"",""observed_provider"":""Baidu"",""observed_endpoint"":null,""observed_quantization"":null}],""response_cache_status"":""UNKNOWN"",""raw_action_valid"":true,""action_received"":""QUERY"",""value"":""ABCDFHH"",""action_applied"":""QUERY"",""feedback"":{""exact"":0,""misplaced"":3},""credits_remaining"":0},{""step"":11,""credits_before"":0,""http_attempts"":[{""attempt_number"":1,""started_at"":""2026-08-16T10:39:05.913Z"",""finished_at"":""2026-08-16T10:39:26.905Z"",""duration_ms"":20991,""status_code"":200,""error_category"":null,""error_message"":null,""usage"":{""input_tokens"":599,""output_tokens"":7,""reasoning_tokens"":null,""cached_tokens"":512,""cache_write_tokens"":null,""total_tokens"":606},""cost_usd"":1.309896e-05,""generation_id"":""gen-1786876765-XcrRnuwun3lV07Xu41dU"",""response_cache_status"":""UNKNOWN"",""observed_provider"":""Baidu"",""observed_endpoint"":null,""observed_quantization"":null}],""response_cache_status"":""UNKNOWN"",""raw_action_valid"":true,""action_received"":""SUBMIT"",""value"":""ABCDFGI"",""action_applied"":""SUBMIT"",""coerced_at_zero_credits"":false,""credits_remaining"":0}]"
b9dd38f5-4dc0-48c7-9ce0-ad4e341525d8,b9dd38f5-4dc0-48c7-9ce0-ad4e341525d8,1,,13,deepseek,deepseek-v4-flash-0731,deepseek/deepseek-v4-flash-0731,baidu,Baidu,baidu/fp8,,,,A,continuation,2026-08-16T10:02:17.006Z,2026-08-16T10:39:30.213Z,2233207,3d3baa6feb49226c87c6bc0788fe1936,15f5d803b4b12fc8,GCFCGGH,7,10,10,9,1,ABCDEFG,0,0.0,false,partial,11,11,0,1,4743,72,,3328,,4815,0.00014326424,true,true,false,a193e42687075f855a907c617cb6eb43c5979e687d22273bbab4c0919af923ac,"{""max_tokens"":8192,""temperature"":null,""top_p"":null,""top_k"":null,""min_p"":null,""seed"":null,""reasoning"":{""enabled"":false,""effort"":null,""max_tokens"":null,""exclude"":true},""thinking"":null}","{""endpoint_slug"":""baidu/fp8"",""quantizations"":null,""allow_fallbacks"":false,""require_parameters"":true}",completed,true,[],,,response must contain exactly 7 symbols,"[{""step"":1,""credits_before"":10,""http_attempts"":[{""attempt_number"":1,""started_at"":""2026-08-16T10:02:17.006Z"",""finished_at"":""2026-08-16T10:02:40.741Z"",""duration_ms"":23735,""status_code"":200,""error_category"":null,""error_message"":null,""usage"":{""input_tokens"":258,""output_tokens"":6,""reasoning_tokens"":null,""cached_tokens"":256,""cache_write_tokens"":null,""total_tokens"":264},""cost_usd"":4.19888e-06,""generation_id"":""gen-1786874559-SlAffSK04TuEfPIu7zg6"",""response_cache_status"":""UNKNOWN"",""observed_provider"":""Baidu"",""observed_endpoint"":null,""observed_quantization"":null}],""response_cache_status"":""UNKNOWN"",""raw_action_valid"":true,""action_received"":""QUERY"",""value"":""ABCDEFG"",""action_applied"":""QUERY"",""feedback"":{""exact"":0,""misplaced"":3},""credits_remaining"":9},{""step"":2,""credits_before"":9,""http_attempts"":[{""attempt_number"":1,""started_at"":""2026-08-16T10:06:07.920Z"",""finished_at"":""2026-08-16T10:06:31.882Z"",""duration_ms"":23962,""status_code"":200,""error_category"":null,""error_message"":null,""usage"":{""input_tokens"":291,""output_tokens"":6,""reasoning_tokens"":null,""cached_tokens"":256,""cache_write_tokens"":null,""total_tokens"":297},""cost_usd"":6.32408e-06,""generation_id"":""gen-1786874790-sX39VT3ZLy5L1A9KnJEj"",""response_cache_status"":""UNKNOWN"",""observed_provider"":""Baidu"",""observed_endpoint"":null,""observed_quantization"":null}],""response_cache_status"":""UNKNOWN"",""raw_action_valid"":false,""action"":null,""parse_error"":""response must contain exactly 7 symbols"",""consecutive_invalid_responses"":1},{""step"":3,""credits_before"":9,""http_attempts"":[{""attempt_number"":1,""started_at"":""2026-08-16T10:09:56.545Z"",""finished_at"":""2026-08-16T10:10:20.750Z"",""duration_ms"":24205,""status_code"":200,""error_category"":null,""error_message"":null,""usage"":{""input_tokens"":331,""output_tokens"":7,""reasoning_tokens"":null,""cached_tokens"":256,""cache_write_tokens"":null,""total_tokens"":338},""cost_usd"":9.02888e-06,""generation_id"":""gen-1786875019-HrAL4GbVJqFoaQQIVaI8"",""response_cache_status"":""UNKNOWN"",""observed_provider"":""Baidu"",""observed_endpoint"":null,""observed_quantization"":null}],""response_cache_status"":""UNKNOWN"",""raw_action_valid"":true,""action_received"":""QUERY"",""value"":""BCDEFGH"",""action_applied"":""QUERY"",""feedback"":{""exact"":3,""misplaced"":1},""credits_remaining"":8},{""step"":4,""credits_before"":8,""http_attempts"":[{""attempt_number"":1,""started_at"":""2026-08-16T10:13:41.884Z"",""finished_at"":""2026-08-16T10:14:05.935Z"",""duration_ms"":24052,""status_code"":200,""error_category"":null,""error_message"":null,""usage"":{""input_tokens"":365,""output_tokens"":7,""reasoning_tokens"":null,""cached_tokens"":256,""cache_write_tokens"":null,""total_tokens"":372},""cost_usd"":1.121848e-05,""generation_id"":""gen-1786875244-e8lGSzNjnWWcrAgph5lq"",""response_cache_status"":""UNKNOWN"",""observed_provider"":""Baidu"",""observed_endpoint"":null,""observed_quantization"":null}],""response_cache_status"":""UNKNOWN"",""raw_action_valid"":true,""action_received"":""QUERY"",""value"":""CDEFGHI"",""action_applied"":""QUERY"",""feedback"":{""exact"":1,""misplaced"":3},""credits_remaining"":7},{""step"":5,""credits_before"":7,""http_attempts"":[{""attempt_number"":1,""started_at"":""2026-08-16T10:17:27.333Z"",""finished_at"":""2026-08-16T10:17:51.552Z"",""duration_ms"":24219,""status_code"":200,""error_category"":null,""error_message"":null,""usage"":{""input_tokens"":399,""output_tokens"":6,""reasoning_tokens"":null,""cached_tokens"":256,""cache_write_tokens"":null,""total_tokens"":405},""cost_usd"":1.327928e-05,""generation_id"":""gen-1786875470-l6cz9INJ6aFZZ3TlpL4C"",""response_cache_status"":""UNKNOWN"",""observed_provider"":""Baidu"",""observed_endpoint"":null,""observed_quantization"":null}],""response_cache_status"":""UNKNOWN"",""raw_action_valid"":true,""action_received"":""QUERY"",""value"":""DEFGHIJ"",""action_applied"":""QUERY"",""feedback"":{""exact"":1,""misplaced"":2},""credits_remaining"":6},{""step"":6,""credits_before"":6,""http_attempts"":[{""attempt_number"":1,""started_at"":""2026-08-16T10:21:12.781Z"",""finished_at"":""2026-08-16T10:21:37.013Z"",""duration_ms"":24232,""status_code"":200,""error_category"":null,""error_message"":null,""usage"":{""input_tokens"":432,""output_tokens"":7,""reasoning_tokens"":null,""cached_tokens"":256,""cache_write_tokens"":null,""total_tokens"":439},""cost_usd"":1.553328e-05,""generation_id"":""gen-1786875695-boKuKE41J0WoG9LtWbVa"",""response_cache_status"":""UNKNOWN"",""observed_provider"":""Baidu"",""observed_endpoint"":null,""observed_quantization"":null}],""response_cache_status"":""UNKNOWN"",""raw_action_valid"":true,""action_received"":""QUERY"",""value"":""EFGHIJA"",""action_applied"":""QUERY"",""feedback"":{""exact"":0,""misplaced"":3},""credits_remaining"":5},{""step"":7,""credits_before"":5,""http_attempts"":[{""attempt_number"":1,""started_at"":""2026-08-16T10:24:55.263Z"",""finished_at"":""2026-08-16T10:25:19.342Z"",""duration_ms"":24079,""status_code"":200,""error_category"":null,""error_message"":null,""usage"":{""input_tokens"":466,""output_tokens"":7,""reasoning_tokens"":null,""cached_tokens"":256,""cache_write_tokens"":null,""total_tokens"":473},""cost_usd"":1.772288e-05,""generation_id"":""gen-1786875917-s0Rzi8y3lop8FbtqLgzV"",""response_cache_status"":""UNKNOWN"",""observed_provider"":""Baidu"",""observed_endpoint"":null,""observed_quantization"":null}],""response_cache_status"":""UNKNOWN"",""raw_action_valid"":true,""action_received"":""QUERY"",""value"":""FGHIJAB"",""action_applied"":""QUERY"",""feedback"":{""exact"":0,""misplaced"":3},""credits_remaining"":4},{""step"":8,""credits_before"":4,""http_attempts"":[{""attempt_number"":1,""started_at"":""2026-08-16T10:28:37.831Z"",""finished_at"":""2026-08-16T10:29:01.724Z"",""duration_ms"":23893,""status_code"":200,""error_category"":null,""error_message"":null,""usage"":{""input_tokens"":500,""output_tokens"":7,""reasoning_tokens"":null,""cached_tokens"":256,""cache_write_tokens"":null,""total_tokens"":507},""cost_usd"":1.991248e-05,""generation_id"":""gen-1786876140-qhLQgneEqip1ft45UjCt"",""response_cache_status"":""UNKNOWN"",""observed_provider"":""Baidu"",""observed_endpoint"":null,""observed_quantization"":null}],""response_cache_status"":""UNKNOWN"",""raw_action_valid"":true,""action_received"":""QUERY"",""value"":""GHIJABC"",""action_applied"":""QUERY"",""feedback"":{""exact"":1,""misplaced"":2},""credits_remaining"":3},{""step"":9,""credits_before"":3,""http_attempts"":[{""attempt_number"":1,""started_at"":""2026-08-16T10:32:14.073Z"",""finished_at"":""2026-08-16T10:32:38.127Z"",""duration_ms"":24054,""status_code"":200,""error_category"":null,""error_message"":null,""usage"":{""input_tokens"":534,""output_tokens"":6,""reasoning_tokens"":null,""cached_tokens"":256,""cache_write_tokens"":null,""total_tokens"":540},""cost_usd"":2.197328e-05,""generation_id"":""gen-1786876356-vUXnRj79E71NUfVBmRKm"",""response_cache_status"":""UNKNOWN"",""observed_provider"":""Baidu"",""observed_endpoint"":null,""observed_quantization"":null}],""response_cache_status"":""UNKNOWN"",""raw_action_valid"":true,""action_received"":""QUERY"",""value"":""HIJABCD"",""action_applied"":""QUERY"",""feedback"":{""exact"":0,""misplaced"":2},""credits_remaining"":2},{""step"":10,""credits_before"":2,""http_attempts"":[{""attempt_number"":1,""started_at"":""2026-08-16T10:35:47.363Z"",""finished_at"":""2026-08-16T10:36:11.520Z"",""duration_ms"":24157,""status_code"":200,""error_category"":null,""error_message"":null,""usage"":{""input_tokens"":567,""output_tokens"":6,""reasoning_tokens"":null,""cached_tokens"":512,""cache_write_tokens"":null,""total_tokens"":573},""cost_usd"":1.090936e-05,""generation_id"":""gen-1786876570-C00uOWn6WKZd0xifHj9g"",""response_cache_status"":""UNKNOWN"",""observed_provider"":""Baidu"",""observed_endpoint"":null,""observed_quantization"":null}],""response_cache_status"":""UNKNOWN"",""raw_action_valid"":true,""action_received"":""QUERY"",""value"":""IJABCDE"",""action_applied"":""QUERY"",""feedback"":{""exact"":0,""misplaced"":1},""credits_remaining"":1},{""step"":11,""credits_before"":1,""http_attempts"":[{""attempt_number"":1,""started_at"":""2026-08-16T10:39:08.977Z"",""finished_at"":""2026-08-16T10:39:30.213Z"",""duration_ms"":21236,""status_code"":200,""error_category"":null,""error_message"":null,""usage"":{""input_tokens"":600,""output_tokens"":7,""reasoning_tokens"":null,""cached_tokens"":512,""cache_write_tokens"":null,""total_tokens"":607},""cost_usd"":1.316336e-05,""generation_id"":""gen-1786876768-RnHoACH9eQejc1BMR4al"",""response_cache_status"":""UNKNOWN"",""observed_provider"":""Baidu"",""observed_endpoint"":null,""observed_quantization"":null}],""response_cache_status"":""UNKNOWN"",""raw_action_valid"":true,""action_received"":""SUBMIT"",""value"":""ABCDEFG"",""action_applied"":""SUBMIT"",""coerced_at_zero_credits"":false,""credits_remaining"":1}]"
fd5d6303-a6c2-4191-9f23-57649a4900ce,fd5d6303-a6c2-4191-9f23-57649a4900ce,1,,20,deepseek,deepseek-v4-flash-0731,deepseek/deepseek-v4-flash-0731,baidu,Baidu,baidu/fp8,,,,B,same_model_instance,2026-08-16T10:02:32.297Z,2026-08-16T10:39:36.030Z,2223734,3d3baa6feb49226c87c6bc0788fe1936,ee7b271bfafe1321,CFEBGDD,7,10,10,10,0,DDDDDDD,2,0.2857142857142857,false,partial,11,11,0,0,4724,72,,3328,,4796,0.00014204063999999998,true,true,false,beac9c73922a2ffe8812688677869d60b795a42f7917e7d966869980810162d3,"{""max_tokens"":8192,""temperature"":null,""top_p"":null,""top_k"":null,""min_p"":null,""seed"":null,""reasoning"":{""enabled"":false,""effort"":null,""max_tokens"":null,""exclude"":true},""thinking"":null}","{""endpoint_slug"":""baidu/fp8"",""quantizations"":null,""allow_fallbacks"":false,""require_parameters"":true}",completed,true,[],,,,"[{""step"":1,""credits_before"":10,""http_attempts"":[{""attempt_number"":1,""started_at"":""2026-08-16T10:02:32.297Z"",""finished_at"":""2026-08-16T10:02:55.947Z"",""duration_ms"":23651,""status_code"":200,""error_category"":null,""error_message"":null,""usage"":{""input_tokens"":263,""output_tokens"":6,""reasoning_tokens"":null,""cached_tokens"":256,""cache_write_tokens"":null,""total_tokens"":269},""cost_usd"":4.52088e-06,""generation_id"":""gen-1786874574-NL6djArXDQteBt3ycjkj"",""response_cache_status"":""UNKNOWN"",""observed_provider"":""Baidu"",""observed_endpoint"":null,""observed_quantization"":null}],""response_cache_status"":""UNKNOWN"",""raw_action_valid"":true,""action_received"":""QUERY"",""value"":""AAAAAAA"",""action_applied"":""QUERY"",""feedback"":{""exact"":0,""misplaced"":0},""credits_remaining"":9},{""step"":2,""credits_before"":9,""http_attempts"":[{""attempt_number"":1,""started_at"":""2026-08-16T10:06:20.002Z"",""finished_at"":""2026-08-16T10:06:44.154Z"",""duration_ms"":24153,""status_code"":200,""error_category"":null,""error_message"":null,""usage"":{""input_tokens"":296,""output_tokens"":6,""reasoning_tokens"":null,""cached_tokens"":256,""cache_write_tokens"":null,""total_tokens"":302},""cost_usd"":6.64608e-06,""generation_id"":""gen-1786874802-luft5CxOqNRoLQAUmUvX"",""response_cache_status"":""UNKNOWN"",""observed_provider"":""Baidu"",""observed_endpoint"":null,""observed_quantization"":null}],""response_cache_status"":""UNKNOWN"",""raw_action_valid"":true,""action_received"":""QUERY"",""value"":""BBBBBBB"",""action_applied"":""QUERY"",""feedback"":{""exact"":1,""misplaced"":0},""credits_remaining"":8},{""step"":3,""credits_before"":8,""http_attempts"":[{""attempt_number"":1,""started_at"":""2026-08-16T10:10:08.676Z"",""finished_at"":""2026-08-16T10:10:32.752Z"",""duration_ms"":24076,""status_code"":200,""error_category"":null,""error_message"":null,""usage"":{""input_tokens"":329,""output_tokens"":6,""reasoning_tokens"":null,""cached_tokens"":256,""cache_write_tokens"":null,""total_tokens"":335},""cost_usd"":8.77128e-06,""generation_id"":""gen-1786875031-l89hXXnkFG7LZrkSbevw"",""response_cache_status"":""UNKNOWN"",""observed_provider"":""Baidu"",""observed_endpoint"":null,""observed_quantization"":null}],""response_cache_status"":""UNKNOWN"",""raw_action_valid"":true,""action_received"":""QUERY"",""value"":""CCCCCCC"",""action_applied"":""QUERY"",""feedback"":{""exact"":1,""misplaced"":0},""credits_remaining"":7},{""step"":4,""credits_before"":7,""http_attempts"":[{""attempt_number"":1,""started_at"":""2026-08-16T10:13:56.179Z"",""finished_at"":""2026-08-16T10:14:18.169Z"",""duration_ms"":21990,""status_code"":200,""error_category"":null,""error_message"":null,""usage"":{""input_tokens"":362,""output_tokens"":7,""reasoning_tokens"":null,""cached_tokens"":256,""cache_write_tokens"":null,""total_tokens"":369},""cost_usd"":1.102528e-05,""generation_id"":""gen-1786875256-AZCbsChdLf62pTpL6u6s"",""response_cache_status"":""UNKNOWN"",""observed_provider"":""Baidu"",""observed_endpoint"":null,""observed_quantization"":null}],""response_cache_status"":""UNKNOWN"",""raw_action_valid"":true,""action_received"":""QUERY"",""value"":""DDDDDDD"",""action_applied"":""QUERY"",""feedback"":{""exact"":2,""misplaced"":0},""credits_remaining"":6},{""step"":5,""credits_before"":6,""http_attempts"":[{""attempt_number"":1,""started_at"":""2026-08-16T10:17:39.941Z"",""finished_at"":""2026-08-16T10:18:03.550Z"",""duration_ms"":23609,""status_code"":200,""error_category"":null,""error_message"":null,""usage"":{""input_tokens"":396,""output_tokens"":7,""reasoning_tokens"":null,""cached_tokens"":256,""cache_write_tokens"":null,""total_tokens"":403},""cost_usd"":1.321488e-05,""generation_id"":""gen-1786875482-rWD1COd1A7HgZAlR5bmf"",""response_cache_status"":""UNKNOWN"",""observed_provider"":""Baidu"",""observed_endpoint"":null,""observed_quantization"":null}],""response_cache_status"":""UNKNOWN"",""raw_action_valid"":true,""action_received"":""QUERY"",""value"":""EEEEEEE"",""action_applied"":""QUERY"",""feedback"":{""exact"":1,""misplaced"":0},""credits_remaining"":5},{""step"":6,""credits_before"":5,""http_attempts"":[{""attempt_number"":1,""started_at"":""2026-08-16T10:21:27.948Z"",""finished_at"":""2026-08-16T10:21:48.802Z"",""duration_ms"":20854,""status_code"":200,""error_category"":null,""error_message"":null,""usage"":{""input_tokens"":430,""output_tokens"":5,""reasoning_tokens"":null,""cached_tokens"":256,""cache_write_tokens"":null,""total_tokens"":435},""cost_usd"":1.514688e-05,""generation_id"":""gen-1786875707-8TYOtK3wFNIWqwMPnaZW"",""response_cache_status"":""UNKNOWN"",""observed_provider"":""Baidu"",""observed_endpoint"":null,""observed_quantization"":null}],""response_cache_status"":""UNKNOWN"",""raw_action_valid"":true,""action_received"":""QUERY"",""value"":""FFFFFFF"",""action_applied"":""QUERY"",""feedback"":{""exact"":1,""misplaced"":0},""credits_remaining"":4},{""step"":7,""credits_before"":4,""http_attempts"":[{""attempt_number"":1,""started_at"":""2026-08-16T10:25:04.436Z"",""finished_at"":""2026-08-16T10:25:28.553Z"",""duration_ms"":24118,""status_code"":200,""error_category"":null,""error_message"":null,""usage"":{""input_tokens"":462,""output_tokens"":7,""reasoning_tokens"":null,""cached_tokens"":256,""cache_write_tokens"":null,""total_tokens"":469},""cost_usd"":1.746528e-05,""generation_id"":""gen-1786875926-ncjLG0ZlTo8M9XulgXHF"",""response_cache_status"":""UNKNOWN"",""observed_provider"":""Baidu"",""observed_endpoint"":null,""observed_quantization"":null}],""response_cache_status"":""UNKNOWN"",""raw_action_valid"":true,""action_received"":""QUERY"",""value"":""GGGGGGG"",""action_applied"":""QUERY"",""feedback"":{""exact"":1,""misplaced"":0},""credits_remaining"":3},{""step"":8,""credits_before"":3,""http_attempts"":[{""attempt_number"":1,""started_at"":""2026-08-16T10:28:47.352Z"",""finished_at"":""2026-08-16T10:29:07.691Z"",""duration_ms"":20339,""status_code"":200,""error_category"":null,""error_message"":null,""usage"":{""input_tokens"":496,""output_tokens"":7,""reasoning_tokens"":null,""cached_tokens"":256,""cache_write_tokens"":null,""total_tokens"":503},""cost_usd"":1.965488e-05,""generation_id"":""gen-1786876146-kYRYSCQtikmZB2XWHEvM"",""response_cache_status"":""UNKNOWN"",""observed_provider"":""Baidu"",""observed_endpoint"":null,""observed_quantization"":null}],""response_cache_status"":""UNKNOWN"",""raw_action_valid"":true,""action_received"":""QUERY"",""value"":""HHHHHHH"",""action_applied"":""QUERY"",""feedback"":{""exact"":0,""misplaced"":0},""credits_remaining"":2},{""step"":9,""credits_before"":2,""http_attempts"":[{""attempt_number"":1,""started_at"":""2026-08-16T10:32:20.020Z"",""finished_at"":""2026-08-16T10:32:44.096Z"",""duration_ms"":24076,""status_code"":200,""error_category"":null,""error_message"":null,""usage"":{""input_tokens"":530,""output_tokens"":6,""reasoning_tokens"":null,""cached_tokens"":256,""cache_write_tokens"":null,""total_tokens"":536},""cost_usd"":2.171568e-05,""generation_id"":""gen-1786876362-y7hoYNpSkurwDrNy7hA6"",""response_cache_status"":""UNKNOWN"",""observed_provider"":""Baidu"",""observed_endpoint"":null,""observed_quantization"":null}],""response_cache_status"":""UNKNOWN"",""raw_action_valid"":true,""action_received"":""QUERY"",""value"":""IIIIIII"",""action_applied"":""QUERY"",""feedback"":{""exact"":0,""misplaced"":0},""credits_remaining"":1},{""step"":10,""credits_before"":1,""http_attempts"":[{""attempt_number"":1,""started_at"":""2026-08-16T10:35:54.862Z"",""finished_at"":""2026-08-16T10:36:17.522Z"",""duration_ms"":22660,""status_code"":200,""error_category"":null,""error_message"":null,""usage"":{""input_tokens"":563,""output_tokens"":7,""reasoning_tokens"":null,""cached_tokens"":512,""cache_write_tokens"":null,""total_tokens"":570},""cost_usd"":1.078056e-05,""generation_id"":""gen-1786876575-C16dPLiKbxGiWGRjRPk4"",""response_cache_status"":""UNKNOWN"",""observed_provider"":""Baidu"",""observed_endpoint"":null,""observed_quantization"":null}],""response_cache_status"":""UNKNOWN"",""raw_action_valid"":true,""action_received"":""QUERY"",""value"":""JJJJJJJ"",""action_applied"":""QUERY"",""feedback"":{""exact"":0,""misplaced"":0},""credits_remaining"":0},{""step"":11,""credits_before"":0,""http_attempts"":[{""attempt_number"":1,""started_at"":""2026-08-16T10:39:14.977Z"",""finished_at"":""2026-08-16T10:39:36.030Z"",""duration_ms"":21052,""status_code"":200,""error_category"":null,""error_message"":null,""usage"":{""input_tokens"":597,""output_tokens"":8,""reasoning_tokens"":null,""cached_tokens"":512,""cache_write_tokens"":null,""total_tokens"":605},""cost_usd"":1.309896e-05,""generation_id"":""gen-1786876774-kPmQOn8N3FUkMw0ExLDX"",""response_cache_status"":""UNKNOWN"",""observed_provider"":""Baidu"",""observed_endpoint"":null,""observed_quantization"":null}],""response_cache_status"":""UNKNOWN"",""raw_action_valid"":true,""action_received"":""SUBMIT"",""value"":""DDDDDDD"",""action_applied"":""SUBMIT"",""coerced_at_zero_credits"":false,""credits_remaining"":0}]"
03566bbe-b0e7-4482-8819-e80457056f16,03566bbe-b0e7-4482-8819-e80457056f16,1,,4,deepseek,deepseek-v4-flash-0731,deepseek/deepseek-v4-flash-0731,baidu,Baidu,baidu/fp8,,,,A,continuation,2026-08-16T10:02:37.781Z,2026-08-16T10:39:39.162Z,2221381,3d3baa6feb49226c87c6bc0788fe1936,f4acfecb2d809d60,IBJGHDJ,7,10,10,10,0,BCDEFHJ,1,0.14285714285714285,false,partial,11,11,0,0,4663,72,,3328,,4735,0.00013811224,true,true,false,a193e42687075f855a907c617cb6eb43c5979e687d22273bbab4c0919af923ac,"{""max_tokens"":8192,""temperature"":null,""top_p"":null,""top_k"":null,""min_p"":null,""seed"":null,""reasoning"":{""enabled"":false,""effort"":null,""max_tokens"":null,""exclude"":true},""thinking"":null}","{""endpoint_slug"":""baidu/fp8"",""quantizations"":null,""allow_fallbacks"":false,""require_parameters"":true}",completed,true,[],,,,"[{""step"":1,""credits_before"":10,""http_attempts"":[{""attempt_number"":1,""started_at"":""2026-08-16T10:02:37.781Z"",""finished_at"":""2026-08-16T10:03:01.658Z"",""duration_ms"":23876,""status_code"":200,""error_category"":null,""error_message"":null,""usage"":{""input_tokens"":258,""output_tokens"":6,""reasoning_tokens"":null,""cached_tokens"":256,""cache_write_tokens"":null,""total_tokens"":264},""cost_usd"":4.19888e-06,""generation_id"":""gen-1786874580-FbvMq0XqQugPtRPN0FPl"",""response_cache_status"":""UNKNOWN"",""observed_provider"":""Baidu"",""observed_endpoint"":null,""observed_quantization"":null}],""response_cache_status"":""UNKNOWN"",""raw_action_valid"":true,""action_received"":""QUERY"",""value"":""ABCDEFG"",""action_applied"":""QUERY"",""feedback"":{""exact"":1,""misplaced"":2},""credits_remaining"":9},{""step"":2,""credits_before"":9,""http_attempts"":[{""attempt_number"":1,""started_at"":""2026-08-16T10:06:26.013Z"",""finished_at"":""2026-08-16T10:06:49.908Z"",""duration_ms"":23895,""status_code"":200,""error_category"":null,""error_message"":null,""usage"":{""input_tokens"":291,""output_tokens"":6,""reasoning_tokens"":null,""cached_tokens"":256,""cache_write_tokens"":null,""total_tokens"":297},""cost_usd"":6.32408e-06,""generation_id"":""gen-1786874808-JnHcbI7lf3WH0SoSm3bS"",""response_cache_status"":""UNKNOWN"",""observed_provider"":""Baidu"",""observed_endpoint"":null,""observed_quantization"":null}],""response_cache_status"":""UNKNOWN"",""raw_action_valid"":true,""action_received"":""QUERY"",""value"":""ABCDEFH"",""action_applied"":""QUERY"",""feedback"":{""exact"":1,""misplaced"":2},""credits_remaining"":8},{""step"":3,""credits_before"":8,""http_attempts"":[{""attempt_number"":1,""started_at"":""2026-08-16T10:10:14.517Z"",""finished_at"":""2026-08-16T10:10:38.575Z"",""duration_ms"":24058,""status_code"":200,""error_category"":null,""error_message"":null,""usage"":{""input_tokens"":324,""output_tokens"":6,""reasoning_tokens"":null,""cached_tokens"":256,""cache_write_tokens"":null,""total_tokens"":330},""cost_usd"":8.44928e-06,""generation_id"":""gen-1786875037-Z9hA1UR608uulmOWLq6J"",""response_cache_status"":""UNKNOWN"",""observed_provider"":""Baidu"",""observed_endpoint"":null,""observed_quantization"":null}],""response_cache_status"":""UNKNOWN"",""raw_action_valid"":true,""action_received"":""QUERY"",""value"":""ABCDEIJ"",""action_applied"":""QUERY"",""feedback"":{""exact"":2,""misplaced"":2},""credits_remaining"":7},{""step"":4,""credits_before"":7,""http_attempts"":[{""attempt_number"":1,""started_at"":""2026-08-16T10:13:59.991Z"",""finished_at"":""2026-08-16T10:14:23.984Z"",""duration_ms"":23993,""status_code"":200,""error_category"":null,""error_message"":null,""usage"":{""input_tokens"":357,""output_tokens"":6,""reasoning_tokens"":null,""cached_tokens"":256,""cache_write_tokens"":null,""total_tokens"":363},""cost_usd"":1.057448e-05,""generation_id"":""gen-1786875262-7vhH2qLyOmeEo3lwdM4J"",""response_cache_status"":""UNKNOWN"",""observed_provider"":""Baidu"",""observed_endpoint"":null,""observed_quantization"":null}],""response_cache_status"":""UNKNOWN"",""raw_action_valid"":true,""action_received"":""QUERY"",""value"":""ABCDFGH"",""action_applied"":""QUERY"",""feedback"":{""exact"":1,""misplaced"":3},""credits_remaining"":6},{""step"":5,""credits_before"":6,""http_attempts"":[{""attempt_number"":1,""started_at"":""2026-08-16T10:17:45.444Z"",""finished_at"":""2026-08-16T10:18:09.470Z"",""duration_ms"":24025,""status_code"":200,""error_category"":null,""error_message"":null,""usage"":{""input_tokens"":390,""output_tokens"":6,""reasoning_tokens"":null,""cached_tokens"":256,""cache_write_tokens"":null,""total_tokens"":396},""cost_usd"":1.269968e-05,""generation_id"":""gen-1786875488-npBJFGBYLeqzaF8K8Xi9"",""response_cache_status"":""UNKNOWN"",""observed_provider"":""Baidu"",""observed_endpoint"":null,""observed_quantization"":null}],""response_cache_status"":""UNKNOWN"",""raw_action_valid"":true,""action_received"":""QUERY"",""value"":""ABCEFGH"",""action_applied"":""QUERY"",""feedback"":{""exact"":1,""misplaced"":2},""credits_remaining"":5},{""step"":6,""credits_before"":5,""http_attempts"":[{""attempt_number"":1,""started_at"":""2026-08-16T10:21:28.579Z"",""finished_at"":""2026-08-16T10:21:51.931Z"",""duration_ms"":23352,""status_code"":200,""error_category"":null,""error_message"":null,""usage"":{""input_tokens"":423,""output_tokens"":6,""reasoning_tokens"":null,""cached_tokens"":256,""cache_write_tokens"":null,""total_tokens"":429},""cost_usd"":1.482488e-05,""generation_id"":""gen-1786875710-8OWrRyiLVJX0pHr2Sdxr"",""response_cache_status"":""UNKNOWN"",""observed_provider"":""Baidu"",""observed_endpoint"":null,""observed_quantization"":null}],""response_cache_status"":""UNKNOWN"",""raw_action_valid"":true,""action_received"":""QUERY"",""value"":""ABDEFGH"",""action_applied"":""QUERY"",""feedback"":{""exact"":1,""misplaced"":3},""credits_remaining"":4},{""step"":7,""credits_before"":4,""http_attempts"":[{""attempt_number"":1,""started_at"":""2026-08-16T10:25:07.510Z"",""finished_at"":""2026-08-16T10:25:31.352Z"",""duration_ms"":23843,""status_code"":200,""error_category"":null,""error_message"":null,""usage"":{""input_tokens"":456,""output_tokens"":7,""reasoning_tokens"":null,""cached_tokens"":256,""cache_write_tokens"":null,""total_tokens"":463},""cost_usd"":1.707888e-05,""generation_id"":""gen-1786875929-GDNzyLgSyGXeEyaxoTks"",""response_cache_status"":""UNKNOWN"",""observed_provider"":""Baidu"",""observed_endpoint"":null,""observed_quantization"":null}],""response_cache_status"":""UNKNOWN"",""raw_action_valid"":true,""action_received"":""QUERY"",""value"":""ACDEFGH"",""action_applied"":""QUERY"",""feedback"":{""exact"":0,""misplaced"":3},""credits_remaining"":3},{""step"":8,""credits_before"":3,""http_attempts"":[{""attempt_number"":1,""started_at"":""2026-08-16T10:28:50.180Z"",""finished_at"":""2026-08-16T10:29:10.788Z"",""duration_ms"":20608,""status_code"":200,""error_category"":null,""error_message"":null,""usage"":{""input_tokens"":490,""output_tokens"":7,""reasoning_tokens"":null,""cached_tokens"":256,""cache_write_tokens"":null,""total_tokens"":497},""cost_usd"":1.926848e-05,""generation_id"":""gen-1786876149-Yzl5MNFIkGunNeIw8UtZ"",""response_cache_status"":""UNKNOWN"",""observed_provider"":""Baidu"",""observed_endpoint"":null,""observed_quantization"":null}],""response_cache_status"":""UNKNOWN"",""raw_action_valid"":true,""action_received"":""QUERY"",""value"":""BCDEFGH"",""action_applied"":""QUERY"",""feedback"":{""exact"":0,""misplaced"":4},""credits_remaining"":2},{""step"":9,""credits_before"":2,""http_attempts"":[{""attempt_number"":1,""started_at"":""2026-08-16T10:32:23.290Z"",""finished_at"":""2026-08-16T10:32:47.098Z"",""duration_ms"":23808,""status_code"":200,""error_category"":null,""error_message"":null,""usage"":{""input_tokens"":524,""output_tokens"":7,""reasoning_tokens"":null,""cached_tokens"":256,""cache_write_tokens"":null,""total_tokens"":531},""cost_usd"":2.145808e-05,""generation_id"":""gen-1786876365-tZS4fcr3IyXwxa02Wfsm"",""response_cache_status"":""UNKNOWN"",""observed_provider"":""Baidu"",""observed_endpoint"":null,""observed_quantization"":null}],""response_cache_status"":""UNKNOWN"",""raw_action_valid"":true,""action_received"":""QUERY"",""value"":""BCDEFGI"",""action_applied"":""QUERY"",""feedback"":{""exact"":0,""misplaced"":4},""credits_remaining"":1},{""step"":10,""credits_before"":1,""http_attempts"":[{""attempt_number"":1,""started_at"":""2026-08-16T10:35:56.762Z"",""finished_at"":""2026-08-16T10:36:20.493Z"",""duration_ms"":23731,""status_code"":200,""error_category"":null,""error_message"":null,""usage"":{""input_tokens"":558,""output_tokens"":7,""reasoning_tokens"":null,""cached_tokens"":512,""cache_write_tokens"":null,""total_tokens"":565},""cost_usd"":1.045856e-05,""generation_id"":""gen-1786876578-10hqdg6QIH3rOoNRMgAX"",""response_cache_status"":""UNKNOWN"",""observed_provider"":""Baidu"",""observed_endpoint"":null,""observed_quantization"":null}],""response_cache_status"":""UNKNOWN"",""raw_action_valid"":true,""action_received"":""QUERY"",""value"":""BCDEFHJ"",""action_applied"":""QUERY"",""feedback"":{""exact"":1,""misplaced"":3},""credits_remaining"":0},{""step"":11,""credits_before"":0,""http_attempts"":[{""attempt_number"":1,""started_at"":""2026-08-16T10:39:17.894Z"",""finished_at"":""2026-08-16T10:39:39.162Z"",""duration_ms"":21268,""status_code"":200,""error_category"":null,""error_message"":null,""usage"":{""input_tokens"":592,""output_tokens"":8,""reasoning_tokens"":null,""cached_tokens"":512,""cache_write_tokens"":null,""total_tokens"":600},""cost_usd"":1.277696e-05,""generation_id"":""gen-1786876777-fB0Zr8nLrCoAUMdavWS4"",""response_cache_status"":""UNKNOWN"",""observed_provider"":""Baidu"",""observed_endpoint"":null,""observed_quantization"":null}],""response_cache_status"":""UNKNOWN"",""raw_action_valid"":true,""action_received"":""SUBMIT"",""value"":""BCDEFHJ"",""action_applied"":""SUBMIT"",""coerced_at_zero_credits"":false,""credits_remaining"":0}]"
1aa08036-1850-4a0a-b371-60e3d6084b44,1aa08036-1850-4a0a-b371-60e3d6084b44,1,,14,deepseek,deepseek-v4-flash-0731,deepseek/deepseek-v4-flash-0731,baidu,Baidu,baidu/fp8,,,,D,none,2026-08-16T10:02:55.948Z,2026-08-16T10:39:51.611Z,2215663,3d3baa6feb49226c87c6bc0788fe1936,63c0cd32c07537dc,HJDADEA,7,10,10,10,0,AAAAACC,1,0.14285714285714285,false,partial,11,11,0,0,4395,68,,2816,,4463,0.00014671608,true,true,false,35eb269349366de62767de54014a2ee9e18f1c8ac55a4d1100739e287293bf0b,"{""max_tokens"":8192,""temperature"":null,""top_p"":null,""top_k"":null,""min_p"":null,""seed"":null,""reasoning"":{""enabled"":false,""effort"":null,""max_tokens"":null,""exclude"":true},""thinking"":null}","{""endpoint_slug"":""baidu/fp8"",""quantizations"":null,""allow_fallbacks"":false,""require_parameters"":true}",completed,true,[],,,,"[{""step"":1,""credits_before"":10,""http_attempts"":[{""attempt_number"":1,""started_at"":""2026-08-16T10:02:55.948Z"",""finished_at"":""2026-08-16T10:03:20.131Z"",""duration_ms"":24183,""status_code"":200,""error_category"":null,""error_message"":null,""usage"":{""input_tokens"":234,""output_tokens"":6,""reasoning_tokens"":null,""cached_tokens"":null,""cache_write_tokens"":null,""total_tokens"":240},""cost_usd"":1.58424e-05,""generation_id"":""gen-1786874598-YouNkQhUokPab7pp0iLS"",""response_cache_status"":""UNKNOWN"",""observed_provider"":""Baidu"",""observed_endpoint"":null,""observed_quantization"":null}],""response_cache_status"":""UNKNOWN"",""raw_action_valid"":true,""action_received"":""QUERY"",""value"":""AAAAAAA"",""action_applied"":""QUERY"",""feedback"":{""exact"":2,""misplaced"":0},""credits_remaining"":9},{""step"":2,""credits_before"":9,""http_attempts"":[{""attempt_number"":1,""started_at"":""2026-08-16T10:06:44.155Z"",""finished_at"":""2026-08-16T10:07:07.931Z"",""duration_ms"":23776,""status_code"":200,""error_category"":null,""error_message"":null,""usage"":{""input_tokens"":267,""output_tokens"":6,""reasoning_tokens"":null,""cached_tokens"":256,""cache_write_tokens"":null,""total_tokens"":273},""cost_usd"":4.77848e-06,""generation_id"":""gen-1786874826-cjlrHKN52wh8QgSWqAxD"",""response_cache_status"":""UNKNOWN"",""observed_provider"":""Baidu"",""observed_endpoint"":null,""observed_quantization"":null}],""response_cache_status"":""UNKNOWN"",""raw_action_valid"":true,""action_received"":""QUERY"",""value"":""AAAAABB"",""action_applied"":""QUERY"",""feedback"":{""exact"":1,""misplaced"":1},""credits_remaining"":8},{""step"":3,""credits_before"":8,""http_attempts"":[{""attempt_number"":1,""started_at"":""2026-08-16T10:10:32.753Z"",""finished_at"":""2026-08-16T10:10:57.044Z"",""duration_ms"":24291,""status_code"":200,""error_category"":null,""error_message"":null,""usage"":{""input_tokens"":300,""output_tokens"":6,""reasoning_tokens"":null,""cached_tokens"":256,""cache_write_tokens"":null,""total_tokens"":306},""cost_usd"":6.90368e-06,""generation_id"":""gen-1786875055-VR0MystjUJ7U3eSnr5tD"",""response_cache_status"":""UNKNOWN"",""observed_provider"":""Baidu"",""observed_endpoint"":null,""observed_quantization"":null}],""response_cache_status"":""UNKNOWN"",""raw_action_valid"":true,""action_received"":""QUERY"",""value"":""AAAABBB"",""action_applied"":""QUERY"",""feedback"":{""exact"":1,""misplaced"":1},""credits_remaining"":7},{""step"":4,""credits_before"":7,""http_attempts"":[{""attempt_number"":1,""started_at"":""2026-08-16T10:14:18.170Z"",""finished_at"":""2026-08-16T10:14:42.108Z"",""duration_ms"":23937,""status_code"":200,""error_category"":null,""error_message"":null,""usage"":{""input_tokens"":333,""output_tokens"":6,""reasoning_tokens"":null,""cached_tokens"":256,""cache_write_tokens"":null,""total_tokens"":339},""cost_usd"":9.02888e-06,""generation_id"":""gen-1786875280-Np9IOI6haby0nrVkKCSe"",""response_cache_status"":""UNKNOWN"",""observed_provider"":""Baidu"",""observed_endpoint"":null,""observed_quantization"":null}],""response_cache_status"":""UNKNOWN"",""raw_action_valid"":true,""action_received"":""QUERY"",""value"":""AAABBBB"",""action_applied"":""QUERY"",""feedback"":{""exact"":0,""misplaced"":2},""credits_remaining"":6},{""step"":5,""credits_before"":6,""http_attempts"":[{""attempt_number"":1,""started_at"":""2026-08-16T10:18:03.551Z"",""finished_at"":""2026-08-16T10:18:27.667Z"",""duration_ms"":24116,""status_code"":200,""error_category"":null,""error_message"":null,""usage"":{""input_tokens"":366,""output_tokens"":7,""reasoning_tokens"":null,""cached_tokens"":256,""cache_write_tokens"":null,""total_tokens"":373},""cost_usd"":1.128288e-05,""generation_id"":""gen-1786875506-u4EMYEIQafItsz7Gh2yX"",""response_cache_status"":""UNKNOWN"",""observed_provider"":""Baidu"",""observed_endpoint"":null,""observed_quantization"":null}],""response_cache_status"":""UNKNOWN"",""raw_action_valid"":true,""action_received"":""QUERY"",""value"":""AABBBBB"",""action_applied"":""QUERY"",""feedback"":{""exact"":0,""misplaced"":2},""credits_remaining"":5},{""step"":6,""credits_before"":5,""http_attempts"":[{""attempt_number"":1,""started_at"":""2026-08-16T10:21:51.932Z"",""finished_at"":""2026-08-16T10:22:13.663Z"",""duration_ms"":21730,""status_code"":200,""error_category"":null,""error_message"":null,""usage"":{""input_tokens"":400,""output_tokens"":6,""reasoning_tokens"":null,""cached_tokens"":256,""cache_write_tokens"":null,""total_tokens"":406},""cost_usd"":1.334368e-05,""generation_id"":""gen-1786875731-VxfKARzNM5T19sROoIPa"",""response_cache_status"":""UNKNOWN"",""observed_provider"":""Baidu"",""observed_endpoint"":null,""observed_quantization"":null}],""response_cache_status"":""UNKNOWN"",""raw_action_valid"":true,""action_received"":""QUERY"",""value"":""ABBBBBB"",""action_applied"":""QUERY"",""feedback"":{""exact"":0,""misplaced"":1},""credits_remaining"":4},{""step"":7,""credits_before"":4,""http_attempts"":[{""attempt_number"":1,""started_at"":""2026-08-16T10:25:28.554Z"",""finished_at"":""2026-08-16T10:25:52.660Z"",""duration_ms"":24106,""status_code"":200,""error_category"":null,""error_message"":null,""usage"":{""input_tokens"":433,""output_tokens"":6,""reasoning_tokens"":null,""cached_tokens"":256,""cache_write_tokens"":null,""total_tokens"":439},""cost_usd"":1.546888e-05,""generation_id"":""gen-1786875950-NR5GM5DI7lBv4tzDQjqQ"",""response_cache_status"":""UNKNOWN"",""observed_provider"":""Baidu"",""observed_endpoint"":null,""observed_quantization"":null}],""response_cache_status"":""UNKNOWN"",""raw_action_valid"":true,""action_received"":""QUERY"",""value"":""BBBBBBB"",""action_applied"":""QUERY"",""feedback"":{""exact"":0,""misplaced"":0},""credits_remaining"":3},{""step"":8,""credits_before"":3,""http_attempts"":[{""attempt_number"":1,""started_at"":""2026-08-16T10:29:04.728Z"",""finished_at"":""2026-08-16T10:29:29.517Z"",""duration_ms"":24789,""status_code"":200,""error_category"":null,""error_message"":null,""usage"":{""input_tokens"":466,""output_tokens"":6,""reasoning_tokens"":null,""cached_tokens"":256,""cache_write_tokens"":null,""total_tokens"":472},""cost_usd"":1.759408e-05,""generation_id"":""gen-1786876167-sBRf558rQ9WB9LPJDUlx"",""response_cache_status"":""UNKNOWN"",""observed_provider"":""Baidu"",""observed_endpoint"":null,""observed_quantization"":null}],""response_cache_status"":""UNKNOWN"",""raw_action_valid"":true,""action_received"":""QUERY"",""value"":""AAAACCC"",""action_applied"":""QUERY"",""feedback"":{""exact"":1,""misplaced"":1},""credits_remaining"":2},{""step"":9,""credits_before"":2,""http_attempts"":[{""attempt_number"":1,""started_at"":""2026-08-16T10:32:38.128Z"",""finished_at"":""2026-08-16T10:33:02.058Z"",""duration_ms"":23930,""status_code"":200,""error_category"":null,""error_message"":null,""usage"":{""input_tokens"":499,""output_tokens"":6,""reasoning_tokens"":null,""cached_tokens"":256,""cache_write_tokens"":null,""total_tokens"":505},""cost_usd"":1.971928e-05,""generation_id"":""gen-1786876380-IZxGwho2YZXPCPA1WYYV"",""response_cache_status"":""UNKNOWN"",""observed_provider"":""Baidu"",""observed_endpoint"":null,""observed_quantization"":null}],""response_cache_status"":""UNKNOWN"",""raw_action_valid"":true,""action_received"":""QUERY"",""value"":""AAAACDD"",""action_applied"":""QUERY"",""feedback"":{""exact"":1,""misplaced"":3},""credits_remaining"":1},{""step"":10,""credits_before"":1,""http_attempts"":[{""attempt_number"":1,""started_at"":""2026-08-16T10:36:11.521Z"",""finished_at"":""2026-08-16T10:36:35.698Z"",""duration_ms"":24177,""status_code"":200,""error_category"":null,""error_message"":null,""usage"":{""input_tokens"":532,""output_tokens"":6,""reasoning_tokens"":null,""cached_tokens"":256,""cache_write_tokens"":null,""total_tokens"":538},""cost_usd"":2.184448e-05,""generation_id"":""gen-1786876594-8uqmnvobfJD3b16xvWZI"",""response_cache_status"":""UNKNOWN"",""observed_provider"":""Baidu"",""observed_endpoint"":null,""observed_quantization"":null}],""response_cache_status"":""UNKNOWN"",""raw_action_valid"":true,""action_received"":""QUERY"",""value"":""AAAACEE"",""action_applied"":""QUERY"",""feedback"":{""exact"":2,""misplaced"":1},""credits_remaining"":0},{""step"":11,""credits_before"":0,""http_attempts"":[{""attempt_number"":1,""started_at"":""2026-08-16T10:39:30.266Z"",""finished_at"":""2026-08-16T10:39:51.611Z"",""duration_ms"":21345,""status_code"":200,""error_category"":null,""error_message"":null,""usage"":{""input_tokens"":565,""output_tokens"":7,""reasoning_tokens"":null,""cached_tokens"":512,""cache_write_tokens"":null,""total_tokens"":572},""cost_usd"":1.090936e-05,""generation_id"":""gen-1786876789-LjFAOA77IfdkQFQ3bwiB"",""response_cache_status"":""UNKNOWN"",""observed_provider"":""Baidu"",""observed_endpoint"":null,""observed_quantization"":null}],""response_cache_status"":""UNKNOWN"",""raw_action_valid"":true,""action_received"":""SUBMIT"",""value"":""AAAAACC"",""action_applied"":""SUBMIT"",""coerced_at_zero_credits"":false,""credits_remaining"":0}]"
7be760f5-e58e-4a78-88b2-df0708dc0221,7be760f5-e58e-4a78-88b2-df0708dc0221,1,,5,deepseek,deepseek-v4-flash-0731,deepseek/deepseek-v4-flash-0731,baidu,Baidu,baidu/fp8,,,,D,none,2026-08-16T09:59:24.893Z,2026-08-16T10:39:59.844Z,2434952,3d3baa6feb49226c87c6bc0788fe1936,77df6bd2317e569d,HGGGADC,7,10,10,10,0,GGGACDH,3,0.42857142857142855,false,partial,12,12,0,1,5721,429,,3328,,6150,0.00025222904,true,true,false,35eb269349366de62767de54014a2ee9e18f1c8ac55a4d1100739e287293bf0b,"{""max_tokens"":8192,""temperature"":null,""top_p"":null,""top_k"":null,""min_p"":null,""seed"":null,""reasoning"":{""enabled"":false,""effort"":null,""max_tokens"":null,""exclude"":true},""thinking"":null}","{""endpoint_slug"":""baidu/fp8"",""quantizations"":null,""allow_fallbacks"":false,""require_parameters"":true}",completed,true,[],,,response must be exactly QUERY <symbols> or SUBMIT <symbols>,"[{""step"":1,""credits_before"":10,""http_attempts"":[{""attempt_number"":1,""started_at"":""2026-08-16T09:59:24.893Z"",""finished_at"":""2026-08-16T09:59:40.494Z"",""duration_ms"":15602,""status_code"":200,""error_category"":null,""error_message"":null,""usage"":{""input_tokens"":234,""output_tokens"":6,""reasoning_tokens"":null,""cached_tokens"":null,""cache_write_tokens"":null,""total_tokens"":240},""cost_usd"":1.58424e-05,""generation_id"":""gen-1786874379-f8Gz9bOKWaVsADMVB1sJ"",""response_cache_status"":""UNKNOWN"",""observed_provider"":""Baidu"",""observed_endpoint"":null,""observed_quantization"":null}],""response_cache_status"":""UNKNOWN"",""raw_action_valid"":true,""action_received"":""QUERY"",""value"":""AAAAAAA"",""action_applied"":""QUERY"",""feedback"":{""exact"":1,""misplaced"":0},""credits_remaining"":9},{""step"":2,""credits_before"":9,""http_attempts"":[{""attempt_number"":1,""started_at"":""2026-08-16T10:03:07.676Z"",""finished_at"":""2026-08-16T10:03:32.267Z"",""duration_ms"":24591,""status_code"":200,""error_category"":null,""error_message"":null,""usage"":{""input_tokens"":267,""output_tokens"":6,""reasoning_tokens"":null,""cached_tokens"":null,""cache_write_tokens"":null,""total_tokens"":273},""cost_usd"":1.79676e-05,""generation_id"":""gen-1786874610-nJqr3CRUaaIsxohjVcZM"",""response_cache_status"":""UNKNOWN"",""observed_provider"":""Baidu"",""observed_endpoint"":null,""observed_quantization"":null}],""response_cache_status"":""UNKNOWN"",""raw_action_valid"":true,""action_received"":""QUERY"",""value"":""BBBBBBB"",""action_applied"":""QUERY"",""feedback"":{""exact"":0,""misplaced"":0},""credits_remaining"":8},{""step"":3,""credits_before"":8,""http_attempts"":[{""attempt_number"":1,""started_at"":""2026-08-16T10:06:55.980Z"",""finished_at"":""2026-08-16T10:07:20.119Z"",""duration_ms"":24140,""status_code"":200,""error_category"":null,""error_message"":null,""usage"":{""input_tokens"":300,""output_tokens"":6,""reasoning_tokens"":null,""cached_tokens"":256,""cache_write_tokens"":null,""total_tokens"":306},""cost_usd"":6.90368e-06,""generation_id"":""gen-1786874838-Fo62OsK8yFQEnzCqf6CS"",""response_cache_status"":""UNKNOWN"",""observed_provider"":""Baidu"",""observed_endpoint"":null,""observed_quantization"":null}],""response_cache_status"":""UNKNOWN"",""raw_action_valid"":true,""action_received"":""QUERY"",""value"":""CCCCCCC"",""action_applied"":""QUERY"",""feedback"":{""exact"":1,""misplaced"":0},""credits_remaining"":7},{""step"":4,""credits_before"":7,""http_attempts"":[{""attempt_number"":1,""started_at"":""2026-08-16T10:10:44.578Z"",""finished_at"":""2026-08-16T10:11:08.807Z"",""duration_ms"":24229,""status_code"":200,""error_category"":null,""error_message"":null,""usage"":{""input_tokens"":333,""output_tokens"":7,""reasoning_tokens"":null,""cached_tokens"":256,""cache_write_tokens"":null,""total_tokens"":340},""cost_usd"":9.15768e-06,""generation_id"":""gen-1786875067-8TPs9BZ1MMwUtP59jvXA"",""response_cache_status"":""UNKNOWN"",""observed_provider"":""Baidu"",""observed_endpoint"":null,""observed_quantization"":null}],""response_cache_status"":""UNKNOWN"",""raw_action_valid"":true,""action_received"":""QUERY"",""value"":""DDDDDDD"",""action_applied"":""QUERY"",""feedback"":{""exact"":1,""misplaced"":0},""credits_remaining"":6},{""step"":5,""credits_before"":6,""http_attempts"":[{""attempt_number"":1,""started_at"":""2026-08-16T10:14:30.021Z"",""finished_at"":""2026-08-16T10:14:54.032Z"",""duration_ms"":24011,""status_code"":200,""error_category"":null,""error_message"":null,""usage"":{""input_tokens"":367,""output_tokens"":7,""reasoning_tokens"":null,""cached_tokens"":256,""cache_write_tokens"":null,""total_tokens"":374},""cost_usd"":1.134728e-05,""generation_id"":""gen-1786875292-UmIlsVcrSBU06jJ5i407"",""response_cache_status"":""UNKNOWN"",""observed_provider"":""Baidu"",""observed_endpoint"":null,""observed_quantization"":null}],""response_cache_status"":""UNKNOWN"",""raw_action_valid"":true,""action_received"":""QUERY"",""value"":""EEEEEEE"",""action_applied"":""QUERY"",""feedback"":{""exact"":0,""misplaced"":0},""credits_remaining"":5},{""step"":6,""credits_before"":5,""http_attempts"":[{""attempt_number"":1,""started_at"":""2026-08-16T10:18:18.603Z"",""finished_at"":""2026-08-16T10:18:40.041Z"",""duration_ms"":21437,""status_code"":200,""error_category"":null,""error_message"":null,""usage"":{""input_tokens"":401,""output_tokens"":5,""reasoning_tokens"":null,""cached_tokens"":256,""cache_write_tokens"":null,""total_tokens"":406},""cost_usd"":1.327928e-05,""generation_id"":""gen-1786875518-Kaec14jFquAKxPADDUxQ"",""response_cache_status"":""UNKNOWN"",""observed_provider"":""Baidu"",""observed_endpoint"":null,""observed_quantization"":null}],""response_cache_status"":""UNKNOWN"",""raw_action_valid"":true,""action_received"":""QUERY"",""value"":""FFFFFFF"",""action_applied"":""QUERY"",""feedback"":{""exact"":0,""misplaced"":0},""credits_remaining"":4},{""step"":7,""credits_before"":4,""http_attempts"":[{""attempt_number"":1,""started_at"":""2026-08-16T10:22:00.833Z"",""finished_at"":""2026-08-16T10:22:22.743Z"",""duration_ms"":21910,""status_code"":200,""error_category"":null,""error_message"":null,""usage"":{""input_tokens"":433,""output_tokens"":7,""reasoning_tokens"":null,""cached_tokens"":256,""cache_write_tokens"":null,""total_tokens"":440},""cost_usd"":1.559768e-05,""generation_id"":""gen-1786875740-Nd58bqYQMhe6iyqJH0im"",""response_cache_status"":""UNKNOWN"",""observed_provider"":""Baidu"",""observed_endpoint"":null,""observed_quantization"":null}],""response_cache_status"":""UNKNOWN"",""raw_action_valid"":true,""action_received"":""QUERY"",""value"":""GGGGGGG"",""action_applied"":""QUERY"",""feedback"":{""exact"":3,""misplaced"":0},""credits_remaining"":3},{""step"":8,""credits_before"":3,""http_attempts"":[{""attempt_number"":1,""started_at"":""2026-08-16T10:25:37.383Z"",""finished_at"":""2026-08-16T10:26:01.693Z"",""duration_ms"":24310,""status_code"":200,""error_category"":null,""error_message"":null,""usage"":{""input_tokens"":467,""output_tokens"":7,""reasoning_tokens"":null,""cached_tokens"":256,""cache_write_tokens"":null,""total_tokens"":474},""cost_usd"":1.778728e-05,""generation_id"":""gen-1786875959-yDtHhrAWYgzxAFlD58Xz"",""response_cache_status"":""UNKNOWN"",""observed_provider"":""Baidu"",""observed_endpoint"":null,""observed_quantization"":null}],""response_cache_status"":""UNKNOWN"",""raw_action_valid"":true,""action_received"":""QUERY"",""value"":""HHHHHHH"",""action_applied"":""QUERY"",""feedback"":{""exact"":1,""misplaced"":0},""credits_remaining"":2},{""step"":9,""credits_before"":2,""http_attempts"":[{""attempt_number"":1,""started_at"":""2026-08-16T10:29:16.703Z"",""finished_at"":""2026-08-16T10:29:38.654Z"",""duration_ms"":21951,""status_code"":200,""error_category"":null,""error_message"":null,""usage"":{""input_tokens"":501,""output_tokens"":6,""reasoning_tokens"":null,""cached_tokens"":256,""cache_write_tokens"":null,""total_tokens"":507},""cost_usd"":1.984808e-05,""generation_id"":""gen-1786876176-PtOMqEp4TRzxK48ZmU9x"",""response_cache_status"":""UNKNOWN"",""observed_provider"":""Baidu"",""observed_endpoint"":null,""observed_quantization"":null}],""response_cache_status"":""UNKNOWN"",""raw_action_valid"":true,""action_received"":""QUERY"",""value"":""IIIIIII"",""action_applied"":""QUERY"",""feedback"":{""exact"":0,""misplaced"":0},""credits_remaining"":1},{""step"":10,""credits_before"":1,""http_attempts"":[{""attempt_number"":1,""started_at"":""2026-08-16T10:32:44.097Z"",""finished_at"":""2026-08-16T10:33:09.760Z"",""duration_ms"":25663,""status_code"":200,""error_category"":null,""error_message"":null,""usage"":{""input_tokens"":534,""output_tokens"":357,""reasoning_tokens"":null,""cached_tokens"":256,""cache_write_tokens"":null,""total_tokens"":891},""cost_usd"":6.718208e-05,""generation_id"":""gen-1786876386-4WGi0g0qRu9BxArchhhO"",""response_cache_status"":""UNKNOWN"",""observed_provider"":""Baidu"",""observed_endpoint"":null,""observed_quantization"":null}],""response_cache_status"":""UNKNOWN"",""raw_action_valid"":false,""action"":null,""parse_error"":""response must be exactly QUERY <symbols> or SUBMIT <symbols>"",""consecutive_invalid_responses"":1},{""step"":11,""credits_before"":1,""http_attempts"":[{""attempt_number"":1,""started_at"":""2026-08-16T10:36:17.522Z"",""finished_at"":""2026-08-16T10:36:41.787Z"",""duration_ms"":24265,""status_code"":200,""error_category"":null,""error_message"":null,""usage"":{""input_tokens"":925,""output_tokens"":7,""reasoning_tokens"":null,""cached_tokens"":512,""cache_write_tokens"":null,""total_tokens"":932},""cost_usd"":3.409336e-05,""generation_id"":""gen-1786876600-gnqyMy5lqLxkHcMz2OJ1"",""response_cache_status"":""UNKNOWN"",""observed_provider"":""Baidu"",""observed_endpoint"":null,""observed_quantization"":null}],""response_cache_status"":""UNKNOWN"",""raw_action_valid"":true,""action_received"":""QUERY"",""value"":""GGGACDH"",""action_applied"":""QUERY"",""feedback"":{""exact"":3,""misplaced"":4},""credits_remaining"":0},{""step"":12,""credits_before"":0,""http_attempts"":[{""attempt_number"":1,""started_at"":""2026-08-16T10:39:38.063Z"",""finished_at"":""2026-08-16T10:39:59.844Z"",""duration_ms"":21781,""status_code"":200,""error_category"":null,""error_message"":null,""usage"":{""input_tokens"":959,""output_tokens"":8,""reasoning_tokens"":null,""cached_tokens"":768,""cache_write_tokens"":null,""total_tokens"":967},""cost_usd"":2.322264e-05,""generation_id"":""gen-1786876798-64SNT7o9fFPCoBHKkWBO"",""response_cache_status"":""UNKNOWN"",""observed_provider"":""Baidu"",""observed_endpoint"":null,""observed_quantization"":null}],""response_cache_status"":""UNKNOWN"",""raw_action_valid"":true,""action_received"":""SUBMIT"",""value"":""GGGACDH"",""action_applied"":""SUBMIT"",""coerced_at_zero_credits"":false,""credits_remaining"":0}]"
0387a049-c837-4cdc-a258-ef7350710ee5,0387a049-c837-4cdc-a258-ef7350710ee5,1,,13,deepseek,deepseek-v4-flash-0731,deepseek/deepseek-v4-flash-0731,baidu,Baidu,baidu/fp8,,,,C,different_model,2026-08-16T10:00:01.573Z,2026-08-16T10:40:36.173Z,2434600,3d3baa6feb49226c87c6bc0788fe1936,b338ceb34c035bc6,GCFCGGH,7,10,10,10,0,DCCCCCC,2,0.2857142857142857,false,partial,12,12,0,1,5402,74,,3840,,5476,0.0001595832,true,true,false,2ac8682c462a8f01ea519b44aa73090e57243476b55eaf2539123ca100c55ab6,"{""max_tokens"":8192,""temperature"":null,""top_p"":null,""top_k"":null,""min_p"":null,""seed"":null,""reasoning"":{""enabled"":false,""effort"":null,""max_tokens"":null,""exclude"":true},""thinking"":null}","{""endpoint_slug"":""baidu/fp8"",""quantizations"":null,""allow_fallbacks"":false,""require_parameters"":true}",completed,true,[],,,response must be exactly QUERY <symbols> or SUBMIT <symbols>,"[{""step"":1,""credits_before"":10,""http_attempts"":[{""attempt_number"":1,""started_at"":""2026-08-16T10:00:01.573Z"",""finished_at"":""2026-08-16T10:00:22.898Z"",""duration_ms"":21325,""status_code"":200,""error_category"":null,""error_message"":null,""usage"":{""input_tokens"":268,""output_tokens"":6,""reasoning_tokens"":null,""cached_tokens"":256,""cache_write_tokens"":null,""total_tokens"":274},""cost_usd"":4.84288e-06,""generation_id"":""gen-1786874421-Dq9PTwm8Rq9QvQVCsYTw"",""response_cache_status"":""UNKNOWN"",""observed_provider"":""Baidu"",""observed_endpoint"":null,""observed_quantization"":null}],""response_cache_status"":""UNKNOWN"",""raw_action_valid"":true,""action_received"":""QUERY"",""value"":""AAAAAAA"",""action_applied"":""QUERY"",""feedback"":{""exact"":0,""misplaced"":0},""credits_remaining"":9},{""step"":2,""credits_before"":9,""http_attempts"":[{""attempt_number"":1,""started_at"":""2026-08-16T10:03:55.899Z"",""finished_at"":""2026-08-16T10:04:19.804Z"",""duration_ms"":23906,""status_code"":200,""error_category"":null,""error_message"":null,""usage"":{""input_tokens"":301,""output_tokens"":6,""reasoning_tokens"":null,""cached_tokens"":256,""cache_write_tokens"":null,""total_tokens"":307},""cost_usd"":6.96808e-06,""generation_id"":""gen-1786874658-zbcx4ofDiuBEMG3sQvBa"",""response_cache_status"":""UNKNOWN"",""observed_provider"":""Baidu"",""observed_endpoint"":null,""observed_quantization"":null}],""response_cache_status"":""UNKNOWN"",""raw_action_valid"":true,""action_received"":""QUERY"",""value"":""BBBBBBB"",""action_applied"":""QUERY"",""feedback"":{""exact"":0,""misplaced"":0},""credits_remaining"":8},{""step"":3,""credits_before"":8,""http_attempts"":[{""attempt_number"":1,""started_at"":""2026-08-16T10:07:44.115Z"",""finished_at"":""2026-08-16T10:08:08.206Z"",""duration_ms"":24091,""status_code"":200,""error_category"":null,""error_message"":null,""usage"":{""input_tokens"":334,""output_tokens"":6,""reasoning_tokens"":null,""cached_tokens"":256,""cache_write_tokens"":null,""total_tokens"":340},""cost_usd"":9.09328e-06,""generation_id"":""gen-1786874886-1w3RhTeoqy8p32Go0U29"",""response_cache_status"":""UNKNOWN"",""observed_provider"":""Baidu"",""observed_endpoint"":null,""observed_quantization"":null}],""response_cache_status"":""UNKNOWN"",""raw_action_valid"":true,""action_received"":""QUERY"",""value"":""CCCCCCC"",""action_applied"":""QUERY"",""feedback"":{""exact"":2,""misplaced"":0},""credits_remaining"":7},{""step"":4,""credits_before"":7,""http_attempts"":[{""attempt_number"":1,""started_at"":""2026-08-16T10:11:32.745Z"",""finished_at"":""2026-08-16T10:11:56.878Z"",""duration_ms"":24133,""status_code"":200,""error_category"":null,""error_message"":null,""usage"":{""input_tokens"":367,""output_tokens"":6,""reasoning_tokens"":null,""cached_tokens"":256,""cache_write_tokens"":null,""total_tokens"":373},""cost_usd"":1.121848e-05,""generation_id"":""gen-1786875115-Ue6wfg671j1EQQpxSMRs"",""response_cache_status"":""UNKNOWN"",""observed_provider"":""Baidu"",""observed_endpoint"":null,""observed_quantization"":null}],""response_cache_status"":""UNKNOWN"",""raw_action_valid"":true,""action_received"":""QUERY"",""value"":""CCCCCCD"",""action_applied"":""QUERY"",""feedback"":{""exact"":2,""misplaced"":0},""credits_remaining"":6},{""step"":5,""credits_before"":6,""http_attempts"":[{""attempt_number"":1,""started_at"":""2026-08-16T10:15:18.883Z"",""finished_at"":""2026-08-16T10:15:42.168Z"",""duration_ms"":23285,""status_code"":200,""error_category"":null,""error_message"":null,""usage"":{""input_tokens"":400,""output_tokens"":6,""reasoning_tokens"":null,""cached_tokens"":256,""cache_write_tokens"":null,""total_tokens"":406},""cost_usd"":1.334368e-05,""generation_id"":""gen-1786875340-bHRxHUFOq5pRzo8yMIjX"",""response_cache_status"":""UNKNOWN"",""observed_provider"":""Baidu"",""observed_endpoint"":null,""observed_quantization"":null}],""response_cache_status"":""UNKNOWN"",""raw_action_valid"":true,""action_received"":""QUERY"",""value"":""CCCCCDC"",""action_applied"":""QUERY"",""feedback"":{""exact"":2,""misplaced"":0},""credits_remaining"":5},{""step"":6,""credits_before"":5,""http_attempts"":[{""attempt_number"":1,""started_at"":""2026-08-16T10:19:06.974Z"",""finished_at"":""2026-08-16T10:19:27.594Z"",""duration_ms"":20620,""status_code"":200,""error_category"":null,""error_message"":null,""usage"":{""input_tokens"":433,""output_tokens"":6,""reasoning_tokens"":null,""cached_tokens"":256,""cache_write_tokens"":null,""total_tokens"":439},""cost_usd"":1.546888e-05,""generation_id"":""gen-1786875566-oVR5sPz9MmuD4kAd533C"",""response_cache_status"":""UNKNOWN"",""observed_provider"":""Baidu"",""observed_endpoint"":null,""observed_quantization"":null}],""response_cache_status"":""UNKNOWN"",""raw_action_valid"":true,""action_received"":""QUERY"",""value"":""CCCCDCC"",""action_applied"":""QUERY"",""feedback"":{""exact"":2,""misplaced"":0},""credits_remaining"":4},{""step"":7,""credits_before"":4,""http_attempts"":[{""attempt_number"":1,""started_at"":""2026-08-16T10:22:49.159Z"",""finished_at"":""2026-08-16T10:23:10.036Z"",""duration_ms"":20877,""status_code"":200,""error_category"":null,""error_message"":null,""usage"":{""input_tokens"":466,""output_tokens"":6,""reasoning_tokens"":null,""cached_tokens"":256,""cache_write_tokens"":null,""total_tokens"":472},""cost_usd"":1.759408e-05,""generation_id"":""gen-1786875788-Kilm7uoy3JDypWLaL1wt"",""response_cache_status"":""UNKNOWN"",""observed_provider"":""Baidu"",""observed_endpoint"":null,""observed_quantization"":null}],""response_cache_status"":""UNKNOWN"",""raw_action_valid"":true,""action_received"":""QUERY"",""value"":""CCCDCCC"",""action_applied"":""QUERY"",""feedback"":{""exact"":1,""misplaced"":1},""credits_remaining"":3},{""step"":8,""credits_before"":3,""http_attempts"":[{""attempt_number"":1,""started_at"":""2026-08-16T10:26:35.474Z"",""finished_at"":""2026-08-16T10:26:52.963Z"",""duration_ms"":17490,""status_code"":200,""error_category"":null,""error_message"":null,""usage"":{""input_tokens"":499,""output_tokens"":6,""reasoning_tokens"":null,""cached_tokens"":256,""cache_write_tokens"":null,""total_tokens"":505},""cost_usd"":1.971928e-05,""generation_id"":""gen-1786876011-fTxqwaAlnuuSfrMEHKNu"",""response_cache_status"":""UNKNOWN"",""observed_provider"":""Baidu"",""observed_endpoint"":null,""observed_quantization"":null}],""response_cache_status"":""UNKNOWN"",""raw_action_valid"":true,""action_received"":""QUERY"",""value"":""CCDCCCC"",""action_applied"":""QUERY"",""feedback"":{""exact"":2,""misplaced"":0},""credits_remaining"":2},{""step"":9,""credits_before"":2,""http_attempts"":[{""attempt_number"":1,""started_at"":""2026-08-16T10:30:13.924Z"",""finished_at"":""2026-08-16T10:30:31.918Z"",""duration_ms"":17994,""status_code"":200,""error_category"":null,""error_message"":null,""usage"":{""input_tokens"":532,""output_tokens"":6,""reasoning_tokens"":null,""cached_tokens"":256,""cache_write_tokens"":null,""total_tokens"":538},""cost_usd"":2.184448e-05,""generation_id"":""gen-1786876230-NtmG1cqoFoO1cgZq93m1"",""response_cache_status"":""UNKNOWN"",""observed_provider"":""Baidu"",""observed_endpoint"":null,""observed_quantization"":null}],""response_cache_status"":""UNKNOWN"",""raw_action_valid"":true,""action_received"":""QUERY"",""value"":""CDCCCCC"",""action_applied"":""QUERY"",""feedback"":{""exact"":1,""misplaced"":1},""credits_remaining"":1},{""step"":10,""credits_before"":1,""http_attempts"":[{""attempt_number"":1,""started_at"":""2026-08-16T10:33:41.626Z"",""finished_at"":""2026-08-16T10:34:05.414Z"",""duration_ms"":23788,""status_code"":200,""error_category"":null,""error_message"":null,""usage"":{""input_tokens"":565,""output_tokens"":7,""reasoning_tokens"":null,""cached_tokens"":512,""cache_write_tokens"":null,""total_tokens"":572},""cost_usd"":1.090936e-05,""generation_id"":""gen-1786876443-IHgZZzcNQJzQNgvqO45F"",""response_cache_status"":""UNKNOWN"",""observed_provider"":""Baidu"",""observed_endpoint"":null,""observed_quantization"":null}],""response_cache_status"":""UNKNOWN"",""raw_action_valid"":true,""action_received"":""QUERY"",""value"":""DCCCCCC"",""action_applied"":""QUERY"",""feedback"":{""exact"":2,""misplaced"":0},""credits_remaining"":0},{""step"":11,""credits_before"":0,""http_attempts"":[{""attempt_number"":1,""started_at"":""2026-08-16T10:37:09.103Z"",""finished_at"":""2026-08-16T10:37:30.019Z"",""duration_ms"":20917,""status_code"":200,""error_category"":null,""error_message"":null,""usage"":{""input_tokens"":599,""output_tokens"":5,""reasoning_tokens"":null,""cached_tokens"":512,""cache_write_tokens"":null,""total_tokens"":604},""cost_usd"":1.284136e-05,""generation_id"":""gen-1786876648-pSr97BFTCfMj2fXOmqMg"",""response_cache_status"":""UNKNOWN"",""observed_provider"":""Baidu"",""observed_endpoint"":null,""observed_quantization"":null}],""response_cache_status"":""UNKNOWN"",""raw_action_valid"":false,""action"":null,""parse_error"":""response must be exactly QUERY <symbols> or SUBMIT <symbols>"",""consecutive_invalid_responses"":1},{""step"":12,""credits_before"":0,""http_attempts"":[{""attempt_number"":1,""started_at"":""2026-08-16T10:40:15.358Z"",""finished_at"":""2026-08-16T10:40:36.173Z"",""duration_ms"":20815,""status_code"":200,""error_category"":null,""error_message"":null,""usage"":{""input_tokens"":638,""output_tokens"":8,""reasoning_tokens"":null,""cached_tokens"":512,""cache_write_tokens"":null,""total_tokens"":646},""cost_usd"":1.573936e-05,""generation_id"":""gen-1786876834-cI6PqFomKLLRf2wHhTWM"",""response_cache_status"":""UNKNOWN"",""observed_provider"":""Baidu"",""observed_endpoint"":null,""observed_quantization"":null}],""response_cache_status"":""UNKNOWN"",""raw_action_valid"":true,""action_received"":""SUBMIT"",""value"":""DCCCCCC"",""action_applied"":""SUBMIT"",""coerced_at_zero_credits"":false,""credits_remaining"":0}]"
b554f79f-cc18-4eff-998e-cba676e0b807,b554f79f-cc18-4eff-998e-cba676e0b807,1,,11,deepseek,deepseek-v4-flash-0731,deepseek/deepseek-v4-flash-0731,baidu,Baidu,baidu/fp8,,,,D,none,2026-08-16T10:00:07.556Z,2026-08-16T10:40:38.972Z,2431417,3d3baa6feb49226c87c6bc0788fe1936,56ae9b7caf3f0948,EAJHABB,7,10,10,10,0,AABBEHJ,1,0.14285714285714285,false,partial,12,12,0,1,5235,300,,2816,,5535,0.00023069368000000002,true,true,false,35eb269349366de62767de54014a2ee9e18f1c8ac55a4d1100739e287293bf0b,"{""max_tokens"":8192,""temperature"":null,""top_p"":null,""top_k"":null,""min_p"":null,""seed"":null,""reasoning"":{""enabled"":false,""effort"":null,""max_tokens"":null,""exclude"":true},""thinking"":null}","{""endpoint_slug"":""baidu/fp8"",""quantizations"":null,""allow_fallbacks"":false,""require_parameters"":true}",completed,true,[],,,response must be exactly QUERY <symbols> or SUBMIT <symbols>,"[{""step"":1,""credits_before"":10,""http_attempts"":[{""attempt_number"":1,""started_at"":""2026-08-16T10:00:07.556Z"",""finished_at"":""2026-08-16T10:00:31.654Z"",""duration_ms"":24098,""status_code"":200,""error_category"":null,""error_message"":null,""usage"":{""input_tokens"":234,""output_tokens"":6,""reasoning_tokens"":null,""cached_tokens"":null,""cache_write_tokens"":null,""total_tokens"":240},""cost_usd"":1.58424e-05,""generation_id"":""gen-1786874430-1ft4yXCIgAvSyIJT8Wgm"",""response_cache_status"":""UNKNOWN"",""observed_provider"":""Baidu"",""observed_endpoint"":null,""observed_quantization"":null}],""response_cache_status"":""UNKNOWN"",""raw_action_valid"":true,""action_received"":""QUERY"",""value"":""AAAAAAA"",""action_applied"":""QUERY"",""feedback"":{""exact"":2,""misplaced"":0},""credits_remaining"":9},{""step"":2,""credits_before"":9,""http_attempts"":[{""attempt_number"":1,""started_at"":""2026-08-16T10:04:05.383Z"",""finished_at"":""2026-08-16T10:04:28.876Z"",""duration_ms"":23494,""status_code"":200,""error_category"":null,""error_message"":null,""usage"":{""input_tokens"":267,""output_tokens"":6,""reasoning_tokens"":null,""cached_tokens"":null,""cache_write_tokens"":null,""total_tokens"":273},""cost_usd"":1.79676e-05,""generation_id"":""gen-1786874667-P2kRB3slouECq5yeDZMh"",""response_cache_status"":""UNKNOWN"",""observed_provider"":""Baidu"",""observed_endpoint"":null,""observed_quantization"":null}],""response_cache_status"":""UNKNOWN"",""raw_action_valid"":true,""action_received"":""QUERY"",""value"":""BBBBBBB"",""action_applied"":""QUERY"",""feedback"":{""exact"":2,""misplaced"":0},""credits_remaining"":8},{""step"":3,""credits_before"":8,""http_attempts"":[{""attempt_number"":1,""started_at"":""2026-08-16T10:07:53.212Z"",""finished_at"":""2026-08-16T10:08:17.167Z"",""duration_ms"":23956,""status_code"":200,""error_category"":null,""error_message"":null,""usage"":{""input_tokens"":300,""output_tokens"":6,""reasoning_tokens"":null,""cached_tokens"":256,""cache_write_tokens"":null,""total_tokens"":306},""cost_usd"":6.90368e-06,""generation_id"":""gen-1786874895-moCwvnT4y8mjhOFbfzXR"",""response_cache_status"":""UNKNOWN"",""observed_provider"":""Baidu"",""observed_endpoint"":null,""observed_quantization"":null}],""response_cache_status"":""UNKNOWN"",""raw_action_valid"":true,""action_received"":""QUERY"",""value"":""CCCCCCC"",""action_applied"":""QUERY"",""feedback"":{""exact"":0,""misplaced"":0},""credits_remaining"":7},{""step"":4,""credits_before"":7,""http_attempts"":[{""attempt_number"":1,""started_at"":""2026-08-16T10:11:42.418Z"",""finished_at"":""2026-08-16T10:12:06.650Z"",""duration_ms"":24232,""status_code"":200,""error_category"":null,""error_message"":null,""usage"":{""input_tokens"":333,""output_tokens"":7,""reasoning_tokens"":null,""cached_tokens"":null,""cache_write_tokens"":null,""total_tokens"":340},""cost_usd"":2.23468e-05,""generation_id"":""gen-1786875124-6lngFzEaiy6VmY048hRH"",""response_cache_status"":""UNKNOWN"",""observed_provider"":""Baidu"",""observed_endpoint"":null,""observed_quantization"":null}],""response_cache_status"":""UNKNOWN"",""raw_action_valid"":true,""action_received"":""QUERY"",""value"":""DDDDDDD"",""action_applied"":""QUERY"",""feedback"":{""exact"":0,""misplaced"":0},""credits_remaining"":6},{""step"":5,""credits_before"":6,""http_attempts"":[{""attempt_number"":1,""started_at"":""2026-08-16T10:15:27.243Z"",""finished_at"":""2026-08-16T10:15:51.859Z"",""duration_ms"":24616,""status_code"":200,""error_category"":null,""error_message"":null,""usage"":{""input_tokens"":367,""output_tokens"":7,""reasoning_tokens"":null,""cached_tokens"":256,""cache_write_tokens"":null,""total_tokens"":374},""cost_usd"":1.134728e-05,""generation_id"":""gen-1786875349-EazEno8Udo3kw25VzZPD"",""response_cache_status"":""UNKNOWN"",""observed_provider"":""Baidu"",""observed_endpoint"":null,""observed_quantization"":null}],""response_cache_status"":""UNKNOWN"",""raw_action_valid"":true,""action_received"":""QUERY"",""value"":""EEEEEEE"",""action_applied"":""QUERY"",""feedback"":{""exact"":1,""misplaced"":0},""credits_remaining"":5},{""step"":6,""credits_before"":5,""http_attempts"":[{""attempt_number"":1,""started_at"":""2026-08-16T10:19:15.721Z"",""finished_at"":""2026-08-16T10:19:36.715Z"",""duration_ms"":20993,""status_code"":200,""error_category"":null,""error_message"":null,""usage"":{""input_tokens"":401,""output_tokens"":5,""reasoning_tokens"":null,""cached_tokens"":256,""cache_write_tokens"":null,""total_tokens"":406},""cost_usd"":1.327928e-05,""generation_id"":""gen-1786875575-HEWXjoSjVfTdfzKOKWyC"",""response_cache_status"":""UNKNOWN"",""observed_provider"":""Baidu"",""observed_endpoint"":null,""observed_quantization"":null}],""response_cache_status"":""UNKNOWN"",""raw_action_valid"":true,""action_received"":""QUERY"",""value"":""FFFFFFF"",""action_applied"":""QUERY"",""feedback"":{""exact"":0,""misplaced"":0},""credits_remaining"":4},{""step"":7,""credits_before"":4,""http_attempts"":[{""attempt_number"":1,""started_at"":""2026-08-16T10:22:56.965Z"",""finished_at"":""2026-08-16T10:23:19.085Z"",""duration_ms"":22120,""status_code"":200,""error_category"":null,""error_message"":null,""usage"":{""input_tokens"":433,""output_tokens"":7,""reasoning_tokens"":null,""cached_tokens"":256,""cache_write_tokens"":null,""total_tokens"":440},""cost_usd"":1.559768e-05,""generation_id"":""gen-1786875797-jCRSfX9sqIjia9vANEVd"",""response_cache_status"":""UNKNOWN"",""observed_provider"":""Baidu"",""observed_endpoint"":null,""observed_quantization"":null}],""response_cache_status"":""UNKNOWN"",""raw_action_valid"":true,""action_received"":""QUERY"",""value"":""GGGGGGG"",""action_applied"":""QUERY"",""feedback"":{""exact"":0,""misplaced"":0},""credits_remaining"":3},{""step"":8,""credits_before"":3,""http_attempts"":[{""attempt_number"":1,""started_at"":""2026-08-16T10:26:43.850Z"",""finished_at"":""2026-08-16T10:27:01.503Z"",""duration_ms"":17653,""status_code"":200,""error_category"":null,""error_message"":null,""usage"":{""input_tokens"":467,""output_tokens"":7,""reasoning_tokens"":null,""cached_tokens"":256,""cache_write_tokens"":null,""total_tokens"":474},""cost_usd"":1.778728e-05,""generation_id"":""gen-1786876020-8QpakaytOCWMT6bIRODC"",""response_cache_status"":""UNKNOWN"",""observed_provider"":""Baidu"",""observed_endpoint"":null,""observed_quantization"":null}],""response_cache_status"":""UNKNOWN"",""raw_action_valid"":true,""action_received"":""QUERY"",""value"":""HHHHHHH"",""action_applied"":""QUERY"",""feedback"":{""exact"":1,""misplaced"":0},""credits_remaining"":2},{""step"":9,""credits_before"":2,""http_attempts"":[{""attempt_number"":1,""started_at"":""2026-08-16T10:30:23.003Z"",""finished_at"":""2026-08-16T10:30:40.957Z"",""duration_ms"":17954,""status_code"":200,""error_category"":null,""error_message"":null,""usage"":{""input_tokens"":501,""output_tokens"":6,""reasoning_tokens"":null,""cached_tokens"":256,""cache_write_tokens"":null,""total_tokens"":507},""cost_usd"":1.984808e-05,""generation_id"":""gen-1786876239-NeJRDFEJ5q0frenE5Kd8"",""response_cache_status"":""UNKNOWN"",""observed_provider"":""Baidu"",""observed_endpoint"":null,""observed_quantization"":null}],""response_cache_status"":""UNKNOWN"",""raw_action_valid"":true,""action_received"":""QUERY"",""value"":""IIIIIII"",""action_applied"":""QUERY"",""feedback"":{""exact"":0,""misplaced"":0},""credits_remaining"":1},{""step"":10,""credits_before"":1,""http_attempts"":[{""attempt_number"":1,""started_at"":""2026-08-16T10:33:53.913Z"",""finished_at"":""2026-08-16T10:34:14.190Z"",""duration_ms"":20277,""status_code"":200,""error_category"":null,""error_message"":null,""usage"":{""input_tokens"":534,""output_tokens"":7,""reasoning_tokens"":null,""cached_tokens"":256,""cache_write_tokens"":null,""total_tokens"":541},""cost_usd"":2.210208e-05,""generation_id"":""gen-1786876452-wFPsVTgIXp1pkRrj1xok"",""response_cache_status"":""UNKNOWN"",""observed_provider"":""Baidu"",""observed_endpoint"":null,""observed_quantization"":null}],""response_cache_status"":""UNKNOWN"",""raw_action_valid"":true,""action_received"":""QUERY"",""value"":""JJJJJJJ"",""action_applied"":""QUERY"",""feedback"":{""exact"":1,""misplaced"":0},""credits_remaining"":0},{""step"":11,""credits_before"":0,""http_attempts"":[{""attempt_number"":1,""started_at"":""2026-08-16T10:37:17.588Z"",""finished_at"":""2026-08-16T10:37:39.658Z"",""duration_ms"":22069,""status_code"":200,""error_category"":null,""error_message"":null,""usage"":{""input_tokens"":568,""output_tokens"":228,""reasoning_tokens"":null,""cached_tokens"":512,""cache_write_tokens"":null,""total_tokens"":796},""cost_usd"":3.956736e-05,""generation_id"":""gen-1786876657-WKDx1XtT9gl7n6ThfeaE"",""response_cache_status"":""UNKNOWN"",""observed_provider"":""Baidu"",""observed_endpoint"":null,""observed_quantization"":null}],""response_cache_status"":""UNKNOWN"",""raw_action_valid"":false,""action"":null,""parse_error"":""response must be exactly QUERY <symbols> or SUBMIT <symbols>"",""consecutive_invalid_responses"":1},{""step"":12,""credits_before"":0,""http_attempts"":[{""attempt_number"":1,""started_at"":""2026-08-16T10:40:17.934Z"",""finished_at"":""2026-08-16T10:40:38.972Z"",""duration_ms"":21037,""status_code"":200,""error_category"":null,""error_message"":null,""usage"":{""input_tokens"":830,""output_tokens"":8,""reasoning_tokens"":null,""cached_tokens"":512,""cache_write_tokens"":null,""total_tokens"":838},""cost_usd"":2.810416e-05,""generation_id"":""gen-1786876837-0WlV1yqgkaTTiCFN67Wg"",""response_cache_status"":""UNKNOWN"",""observed_provider"":""Baidu"",""observed_endpoint"":null,""observed_quantization"":null}],""response_cache_status"":""UNKNOWN"",""raw_action_valid"":true,""action_received"":""SUBMIT"",""value"":""AABBEHJ"",""action_applied"":""SUBMIT"",""coerced_at_zero_credits"":false,""credits_remaining"":0}]"
558cb4ba-c670-4b87-a574-c568f804bb61,558cb4ba-c670-4b87-a574-c568f804bb61,1,,2,deepseek,deepseek-v4-flash-0731,deepseek/deepseek-v4-flash-0731,baidu,Baidu,baidu/fp8,,,,B,same_model_instance,2026-08-16T10:00:11.156Z,2026-08-16T10:40:42.292Z,2431136,3d3baa6feb49226c87c6bc0788fe1936,e8879260e3822ad9,GICEAIF,7,10,10,10,0,AAAAAAC,1,0.14285714285714285,false,partial,12,12,0,1,5405,79,,3840,,5484,0.0001604204,true,true,false,beac9c73922a2ffe8812688677869d60b795a42f7917e7d966869980810162d3,"{""max_tokens"":8192,""temperature"":null,""top_p"":null,""top_k"":null,""min_p"":null,""seed"":null,""reasoning"":{""enabled"":false,""effort"":null,""max_tokens"":null,""exclude"":true},""thinking"":null}","{""endpoint_slug"":""baidu/fp8"",""quantizations"":null,""allow_fallbacks"":false,""require_parameters"":true}",completed,true,[],,,response must contain exactly 7 symbols,"[{""step"":1,""credits_before"":10,""http_attempts"":[{""attempt_number"":1,""started_at"":""2026-08-16T10:00:11.156Z"",""finished_at"":""2026-08-16T10:00:34.827Z"",""duration_ms"":23672,""status_code"":200,""error_category"":null,""error_message"":null,""usage"":{""input_tokens"":263,""output_tokens"":6,""reasoning_tokens"":null,""cached_tokens"":256,""cache_write_tokens"":null,""total_tokens"":269},""cost_usd"":4.52088e-06,""generation_id"":""gen-1786874433-nOx3VLUuTKTn5RSpVfcV"",""response_cache_status"":""UNKNOWN"",""observed_provider"":""Baidu"",""observed_endpoint"":null,""observed_quantization"":null}],""response_cache_status"":""UNKNOWN"",""raw_action_valid"":true,""action_received"":""QUERY"",""value"":""AAAAAAA"",""action_applied"":""QUERY"",""feedback"":{""exact"":1,""misplaced"":0},""credits_remaining"":9},{""step"":2,""credits_before"":9,""http_attempts"":[{""attempt_number"":1,""started_at"":""2026-08-16T10:04:08.186Z"",""finished_at"":""2026-08-16T10:04:31.869Z"",""duration_ms"":23682,""status_code"":200,""error_category"":null,""error_message"":null,""usage"":{""input_tokens"":296,""output_tokens"":6,""reasoning_tokens"":null,""cached_tokens"":256,""cache_write_tokens"":null,""total_tokens"":302},""cost_usd"":6.64608e-06,""generation_id"":""gen-1786874670-WYF7YBhr1bJ6aw5zBuU8"",""response_cache_status"":""UNKNOWN"",""observed_provider"":""Baidu"",""observed_endpoint"":null,""observed_quantization"":null}],""response_cache_status"":""UNKNOWN"",""raw_action_valid"":true,""action_received"":""QUERY"",""value"":""ABBBBBB"",""action_applied"":""QUERY"",""feedback"":{""exact"":0,""misplaced"":1},""credits_remaining"":8},{""step"":3,""credits_before"":8,""http_attempts"":[{""attempt_number"":1,""started_at"":""2026-08-16T10:07:56.568Z"",""finished_at"":""2026-08-16T10:08:20.193Z"",""duration_ms"":23625,""status_code"":200,""error_category"":null,""error_message"":null,""usage"":{""input_tokens"":329,""output_tokens"":6,""reasoning_tokens"":null,""cached_tokens"":256,""cache_write_tokens"":null,""total_tokens"":335},""cost_usd"":8.77128e-06,""generation_id"":""gen-1786874898-CLINCBrVn2ZB6nwDFnVD"",""response_cache_status"":""UNKNOWN"",""observed_provider"":""Baidu"",""observed_endpoint"":null,""observed_quantization"":null}],""response_cache_status"":""UNKNOWN"",""raw_action_valid"":true,""action_received"":""QUERY"",""value"":""ACCCCCC"",""action_applied"":""QUERY"",""feedback"":{""exact"":1,""misplaced"":1},""credits_remaining"":7},{""step"":4,""credits_before"":7,""http_attempts"":[{""attempt_number"":1,""started_at"":""2026-08-16T10:11:44.925Z"",""finished_at"":""2026-08-16T10:12:08.913Z"",""duration_ms"":23987,""status_code"":200,""error_category"":null,""error_message"":null,""usage"":{""input_tokens"":362,""output_tokens"":7,""reasoning_tokens"":null,""cached_tokens"":256,""cache_write_tokens"":null,""total_tokens"":369},""cost_usd"":1.102528e-05,""generation_id"":""gen-1786875127-KxhRNQlNNoSlxl3VRiTy"",""response_cache_status"":""UNKNOWN"",""observed_provider"":""Baidu"",""observed_endpoint"":null,""observed_quantization"":null}],""response_cache_status"":""UNKNOWN"",""raw_action_valid"":true,""action_received"":""QUERY"",""value"":""ADDDDDD"",""action_applied"":""QUERY"",""feedback"":{""exact"":0,""misplaced"":1},""credits_remaining"":6},{""step"":5,""credits_before"":6,""http_attempts"":[{""attempt_number"":1,""started_at"":""2026-08-16T10:15:30.126Z"",""finished_at"":""2026-08-16T10:15:54.180Z"",""duration_ms"":24054,""status_code"":200,""error_category"":null,""error_message"":null,""usage"":{""input_tokens"":396,""output_tokens"":7,""reasoning_tokens"":null,""cached_tokens"":256,""cache_write_tokens"":null,""total_tokens"":403},""cost_usd"":1.321488e-05,""generation_id"":""gen-1786875352-DArrJYQZdfAkwezhqluT"",""response_cache_status"":""UNKNOWN"",""observed_provider"":""Baidu"",""observed_endpoint"":null,""observed_quantization"":null}],""response_cache_status"":""UNKNOWN"",""raw_action_valid"":true,""action_received"":""QUERY"",""value"":""AEEEEEE"",""action_applied"":""QUERY"",""feedback"":{""exact"":1,""misplaced"":1},""credits_remaining"":5},{""step"":6,""credits_before"":5,""http_attempts"":[{""attempt_number"":1,""started_at"":""2026-08-16T10:19:18.651Z"",""finished_at"":""2026-08-16T10:19:39.764Z"",""duration_ms"":21112,""status_code"":200,""error_category"":null,""error_message"":null,""usage"":{""input_tokens"":430,""output_tokens"":6,""reasoning_tokens"":null,""cached_tokens"":256,""cache_write_tokens"":null,""total_tokens"":436},""cost_usd"":1.527568e-05,""generation_id"":""gen-1786875578-d13prQrKYLTWBhwfipp1"",""response_cache_status"":""UNKNOWN"",""observed_provider"":""Baidu"",""observed_endpoint"":null,""observed_quantization"":null}],""response_cache_status"":""UNKNOWN"",""raw_action_valid"":false,""action"":null,""parse_error"":""response must contain exactly 7 symbols"",""consecutive_invalid_responses"":1},{""step"":7,""credits_before"":5,""http_attempts"":[{""attempt_number"":1,""started_at"":""2026-08-16T10:22:57.992Z"",""finished_at"":""2026-08-16T10:23:21.992Z"",""duration_ms"":24000,""status_code"":200,""error_category"":null,""error_message"":null,""usage"":{""input_tokens"":470,""output_tokens"":7,""reasoning_tokens"":null,""cached_tokens"":256,""cache_write_tokens"":null,""total_tokens"":477},""cost_usd"":1.798048e-05,""generation_id"":""gen-1786875800-bAiFvBJdFM5wEAU0JH3x"",""response_cache_status"":""UNKNOWN"",""observed_provider"":""Baidu"",""observed_endpoint"":null,""observed_quantization"":null}],""response_cache_status"":""UNKNOWN"",""raw_action_valid"":true,""action_received"":""QUERY"",""value"":""AGGGGGG"",""action_applied"":""QUERY"",""feedback"":{""exact"":0,""misplaced"":2},""credits_remaining"":4},{""step"":8,""credits_before"":4,""http_attempts"":[{""attempt_number"":1,""started_at"":""2026-08-16T10:26:44.274Z"",""finished_at"":""2026-08-16T10:27:04.840Z"",""duration_ms"":20566,""status_code"":200,""error_category"":null,""error_message"":null,""usage"":{""input_tokens"":504,""output_tokens"":7,""reasoning_tokens"":null,""cached_tokens"":256,""cache_write_tokens"":null,""total_tokens"":511},""cost_usd"":2.017008e-05,""generation_id"":""gen-1786876023-ndwY96S5jA4Oej4SDSxY"",""response_cache_status"":""UNKNOWN"",""observed_provider"":""Baidu"",""observed_endpoint"":null,""observed_quantization"":null}],""response_cache_status"":""UNKNOWN"",""raw_action_valid"":true,""action_received"":""QUERY"",""value"":""AHHHHHH"",""action_applied"":""QUERY"",""feedback"":{""exact"":0,""misplaced"":1},""credits_remaining"":3},{""step"":9,""credits_before"":3,""http_attempts"":[{""attempt_number"":1,""started_at"":""2026-08-16T10:30:25.947Z"",""finished_at"":""2026-08-16T10:30:44.108Z"",""duration_ms"":18161,""status_code"":200,""error_category"":null,""error_message"":null,""usage"":{""input_tokens"":538,""output_tokens"":7,""reasoning_tokens"":null,""cached_tokens"":256,""cache_write_tokens"":null,""total_tokens"":545},""cost_usd"":2.235968e-05,""generation_id"":""gen-1786876242-V2UzN2NLW7pi2D25EQCK"",""response_cache_status"":""UNKNOWN"",""observed_provider"":""Baidu"",""observed_endpoint"":null,""observed_quantization"":null}],""response_cache_status"":""UNKNOWN"",""raw_action_valid"":true,""action_received"":""QUERY"",""value"":""AIIIIIJ"",""action_applied"":""QUERY"",""feedback"":{""exact"":2,""misplaced"":1},""credits_remaining"":2},{""step"":10,""credits_before"":2,""http_attempts"":[{""attempt_number"":1,""started_at"":""2026-08-16T10:33:56.765Z"",""finished_at"":""2026-08-16T10:34:17.190Z"",""duration_ms"":20425,""status_code"":200,""error_category"":null,""error_message"":null,""usage"":{""input_tokens"":572,""output_tokens"":7,""reasoning_tokens"":null,""cached_tokens"":512,""cache_write_tokens"":null,""total_tokens"":579},""cost_usd"":1.136016e-05,""generation_id"":""gen-1786876455-rPmqsxpH9ix88eTg3Pcf"",""response_cache_status"":""UNKNOWN"",""observed_provider"":""Baidu"",""observed_endpoint"":null,""observed_quantization"":null}],""response_cache_status"":""UNKNOWN"",""raw_action_valid"":true,""action_received"":""QUERY"",""value"":""AJJJJJJ"",""action_applied"":""QUERY"",""feedback"":{""exact"":0,""misplaced"":1},""credits_remaining"":1},{""step"":11,""credits_before"":1,""http_attempts"":[{""attempt_number"":1,""started_at"":""2026-08-16T10:37:20.674Z"",""finished_at"":""2026-08-16T10:37:42.065Z"",""duration_ms"":21392,""status_code"":200,""error_category"":null,""error_message"":null,""usage"":{""input_tokens"":606,""output_tokens"":6,""reasoning_tokens"":null,""cached_tokens"":512,""cache_write_tokens"":null,""total_tokens"":612},""cost_usd"":1.342096e-05,""generation_id"":""gen-1786876660-6OHS3nacMWmfxJgWB8Y1"",""response_cache_status"":""UNKNOWN"",""observed_provider"":""Baidu"",""observed_endpoint"":null,""observed_quantization"":null}],""response_cache_status"":""UNKNOWN"",""raw_action_valid"":true,""action_received"":""QUERY"",""value"":""AAAAAAB"",""action_applied"":""QUERY"",""feedback"":{""exact"":1,""misplaced"":0},""credits_remaining"":0},{""step"":12,""credits_before"":0,""http_attempts"":[{""attempt_number"":1,""started_at"":""2026-08-16T10:40:18.153Z"",""finished_at"":""2026-08-16T10:40:42.291Z"",""duration_ms"":24138,""status_code"":200,""error_category"":null,""error_message"":null,""usage"":{""input_tokens"":639,""output_tokens"":7,""reasoning_tokens"":null,""cached_tokens"":512,""cache_write_tokens"":null,""total_tokens"":646},""cost_usd"":1.567496e-05,""generation_id"":""gen-1786876840-UsHBrBzEswo6us7fSY8P"",""response_cache_status"":""UNKNOWN"",""observed_provider"":""Baidu"",""observed_endpoint"":null,""observed_quantization"":null}],""response_cache_status"":""UNKNOWN"",""raw_action_valid"":true,""action_received"":""SUBMIT"",""value"":""AAAAAAC"",""action_applied"":""SUBMIT"",""coerced_at_zero_credits"":false,""credits_remaining"":0}]"
9b9e637e-a24e-404e-84ac-76e4fe90d583,9b9e637e-a24e-404e-84ac-76e4fe90d583,1,,1,deepseek,deepseek-v4-flash-0731,deepseek/deepseek-v4-flash-0731,baidu,Baidu,baidu/fp8,,,,C,different_model,2026-08-16T10:00:43.568Z,2026-08-16T10:40:50.881Z,2407314,3d3baa6feb49226c87c6bc0788fe1936,0ca8b6ac3fa804fe,EBICIJB,7,10,10,9,1,ABCDIJH,3,0.42857142857142855,false,partial,12,12,0,2,5488,74,,3840,,5562,0.0001651216,true,true,false,2ac8682c462a8f01ea519b44aa73090e57243476b55eaf2539123ca100c55ab6,"{""max_tokens"":8192,""temperature"":null,""top_p"":null,""top_k"":null,""min_p"":null,""seed"":null,""reasoning"":{""enabled"":false,""effort"":null,""max_tokens"":null,""exclude"":true},""thinking"":null}","{""endpoint_slug"":""baidu/fp8"",""quantizations"":null,""allow_fallbacks"":false,""require_parameters"":true}",completed,true,[],,,response contains invalid symbols: K,"[{""step"":1,""credits_before"":10,""http_attempts"":[{""attempt_number"":1,""started_at"":""2026-08-16T10:00:43.568Z"",""finished_at"":""2026-08-16T10:01:07.728Z"",""duration_ms"":24160,""status_code"":200,""error_category"":null,""error_message"":null,""usage"":{""input_tokens"":268,""output_tokens"":6,""reasoning_tokens"":null,""cached_tokens"":256,""cache_write_tokens"":null,""total_tokens"":274},""cost_usd"":4.84288e-06,""generation_id"":""gen-1786874466-l0MEW3RKgywdJR9OkkGp"",""response_cache_status"":""UNKNOWN"",""observed_provider"":""Baidu"",""observed_endpoint"":null,""observed_quantization"":null}],""response_cache_status"":""UNKNOWN"",""raw_action_valid"":true,""action_received"":""QUERY"",""value"":""ABCDEFG"",""action_applied"":""QUERY"",""feedback"":{""exact"":1,""misplaced"":2},""credits_remaining"":9},{""step"":2,""credits_before"":9,""http_attempts"":[{""attempt_number"":1,""started_at"":""2026-08-16T10:04:40.842Z"",""finished_at"":""2026-08-16T10:05:05.360Z"",""duration_ms"":24519,""status_code"":200,""error_category"":null,""error_message"":null,""usage"":{""input_tokens"":301,""output_tokens"":7,""reasoning_tokens"":null,""cached_tokens"":256,""cache_write_tokens"":null,""total_tokens"":308},""cost_usd"":7.09688e-06,""generation_id"":""gen-1786874703-yg4bM3VCaE7rBm7fl0YN"",""response_cache_status"":""UNKNOWN"",""observed_provider"":""Baidu"",""observed_endpoint"":null,""observed_quantization"":null}],""response_cache_status"":""UNKNOWN"",""raw_action_valid"":false,""action"":null,""parse_error"":""response must contain exactly 7 symbols"",""consecutive_invalid_responses"":1},{""step"":3,""credits_before"":9,""http_attempts"":[{""attempt_number"":1,""started_at"":""2026-08-16T10:08:29.170Z"",""finished_at"":""2026-08-16T10:08:53.376Z"",""duration_ms"":24206,""status_code"":200,""error_category"":null,""error_message"":null,""usage"":{""input_tokens"":342,""output_tokens"":6,""reasoning_tokens"":null,""cached_tokens"":256,""cache_write_tokens"":null,""total_tokens"":348},""cost_usd"":9.60848e-06,""generation_id"":""gen-1786874931-Qf3xTEi19m6ieiTzw5Rt"",""response_cache_status"":""UNKNOWN"",""observed_provider"":""Baidu"",""observed_endpoint"":null,""observed_quantization"":null}],""response_cache_status"":""UNKNOWN"",""raw_action_valid"":true,""action_received"":""QUERY"",""value"":""ABCDEFH"",""action_applied"":""QUERY"",""feedback"":{""exact"":1,""misplaced"":2},""credits_remaining"":8},{""step"":4,""credits_before"":8,""http_attempts"":[{""attempt_number"":1,""started_at"":""2026-08-16T10:12:17.703Z"",""finished_at"":""2026-08-16T10:12:43.485Z"",""duration_ms"":25782,""status_code"":200,""error_category"":null,""error_message"":null,""usage"":{""input_tokens"":375,""output_tokens"":6,""reasoning_tokens"":null,""cached_tokens"":256,""cache_write_tokens"":null,""total_tokens"":381},""cost_usd"":1.173368e-05,""generation_id"":""gen-1786875160-9JRWdwGPDJA8WZ5jxjZf"",""response_cache_status"":""UNKNOWN"",""observed_provider"":""Baidu"",""observed_endpoint"":null,""observed_quantization"":null}],""response_cache_status"":""UNKNOWN"",""raw_action_valid"":true,""action_received"":""QUERY"",""value"":""ABCDIJG"",""action_applied"":""QUERY"",""feedback"":{""exact"":3,""misplaced"":1},""credits_remaining"":7},{""step"":5,""credits_before"":7,""http_attempts"":[{""attempt_number"":1,""started_at"":""2026-08-16T10:16:03.239Z"",""finished_at"":""2026-08-16T10:16:27.241Z"",""duration_ms"":24002,""status_code"":200,""error_category"":null,""error_message"":null,""usage"":{""input_tokens"":408,""output_tokens"":6,""reasoning_tokens"":null,""cached_tokens"":256,""cache_write_tokens"":null,""total_tokens"":414},""cost_usd"":1.385888e-05,""generation_id"":""gen-1786875385-LmPN9BIlazjUspDDKH6w"",""response_cache_status"":""UNKNOWN"",""observed_provider"":""Baidu"",""observed_endpoint"":null,""observed_quantization"":null}],""response_cache_status"":""UNKNOWN"",""raw_action_valid"":true,""action_received"":""QUERY"",""value"":""ABCDEIJ"",""action_applied"":""QUERY"",""feedback"":{""exact"":1,""misplaced"":4},""credits_remaining"":6},{""step"":6,""credits_before"":6,""http_attempts"":[{""attempt_number"":1,""started_at"":""2026-08-16T10:19:45.707Z"",""finished_at"":""2026-08-16T10:20:10.210Z"",""duration_ms"":24503,""status_code"":200,""error_category"":null,""error_message"":null,""usage"":{""input_tokens"":441,""output_tokens"":6,""reasoning_tokens"":null,""cached_tokens"":256,""cache_write_tokens"":null,""total_tokens"":447},""cost_usd"":1.598408e-05,""generation_id"":""gen-1786875608-vQjUKmwqr7ucgdpyCdbQ"",""response_cache_status"":""UNKNOWN"",""observed_provider"":""Baidu"",""observed_endpoint"":null,""observed_quantization"":null}],""response_cache_status"":""UNKNOWN"",""raw_action_valid"":true,""action_received"":""QUERY"",""value"":""ABCDIJE"",""action_applied"":""QUERY"",""feedback"":{""exact"":3,""misplaced"":2},""credits_remaining"":5},{""step"":7,""credits_before"":5,""http_attempts"":[{""attempt_number"":1,""started_at"":""2026-08-16T10:23:28.065Z"",""finished_at"":""2026-08-16T10:23:52.665Z"",""duration_ms"":24599,""status_code"":200,""error_category"":null,""error_message"":null,""usage"":{""input_tokens"":474,""output_tokens"":6,""reasoning_tokens"":null,""cached_tokens"":256,""cache_write_tokens"":null,""total_tokens"":480},""cost_usd"":1.810928e-05,""generation_id"":""gen-1786875830-pnKC7NAVditsFX776Myg"",""response_cache_status"":""UNKNOWN"",""observed_provider"":""Baidu"",""observed_endpoint"":null,""observed_quantization"":null}],""response_cache_status"":""UNKNOWN"",""raw_action_valid"":true,""action_received"":""QUERY"",""value"":""ABCDFGH"",""action_applied"":""QUERY"",""feedback"":{""exact"":1,""misplaced"":1},""credits_remaining"":4},{""step"":8,""credits_before"":4,""http_attempts"":[{""attempt_number"":1,""started_at"":""2026-08-16T10:27:07.590Z"",""finished_at"":""2026-08-16T10:27:31.672Z"",""duration_ms"":24082,""status_code"":200,""error_category"":null,""error_message"":null,""usage"":{""input_tokens"":507,""output_tokens"":6,""reasoning_tokens"":null,""cached_tokens"":256,""cache_write_tokens"":null,""total_tokens"":513},""cost_usd"":2.023448e-05,""generation_id"":""gen-1786876050-CxL6PecRucyS0Kb0DckG"",""response_cache_status"":""UNKNOWN"",""observed_provider"":""Baidu"",""observed_endpoint"":null,""observed_quantization"":null}],""response_cache_status"":""UNKNOWN"",""raw_action_valid"":true,""action_received"":""QUERY"",""value"":""ABCDIJH"",""action_applied"":""QUERY"",""feedback"":{""exact"":3,""misplaced"":1},""credits_remaining"":3},{""step"":9,""credits_before"":3,""http_attempts"":[{""attempt_number"":1,""started_at"":""2026-08-16T10:30:44.336Z"",""finished_at"":""2026-08-16T10:31:07.890Z"",""duration_ms"":23554,""status_code"":200,""error_category"":null,""error_message"":null,""usage"":{""input_tokens"":540,""output_tokens"":6,""reasoning_tokens"":null,""cached_tokens"":256,""cache_write_tokens"":null,""total_tokens"":546},""cost_usd"":2.235968e-05,""generation_id"":""gen-1786876266-O1Ly6fSH02aAVgK0HPs2"",""response_cache_status"":""UNKNOWN"",""observed_provider"":""Baidu"",""observed_endpoint"":null,""observed_quantization"":null}],""response_cache_status"":""UNKNOWN"",""raw_action_valid"":true,""action_received"":""QUERY"",""value"":""ABCDIJF"",""action_applied"":""QUERY"",""feedback"":{""exact"":3,""misplaced"":1},""credits_remaining"":2},{""step"":10,""credits_before"":2,""http_attempts"":[{""attempt_number"":1,""started_at"":""2026-08-16T10:34:17.191Z"",""finished_at"":""2026-08-16T10:34:41.218Z"",""duration_ms"":24028,""status_code"":200,""error_category"":null,""error_message"":null,""usage"":{""input_tokens"":573,""output_tokens"":6,""reasoning_tokens"":null,""cached_tokens"":512,""cache_write_tokens"":null,""total_tokens"":579},""cost_usd"":1.129576e-05,""generation_id"":""gen-1786876479-WltdYTM91LYce8HFatrv"",""response_cache_status"":""UNKNOWN"",""observed_provider"":""Baidu"",""observed_endpoint"":null,""observed_quantization"":null}],""response_cache_status"":""UNKNOWN"",""raw_action_valid"":false,""action"":null,""parse_error"":""response contains invalid symbols: K"",""consecutive_invalid_responses"":1},{""step"":11,""credits_before"":2,""http_attempts"":[{""attempt_number"":1,""started_at"":""2026-08-16T10:37:42.066Z"",""finished_at"":""2026-08-16T10:38:05.772Z"",""duration_ms"":23706,""status_code"":200,""error_category"":null,""error_message"":null,""usage"":{""input_tokens"":613,""output_tokens"":6,""reasoning_tokens"":null,""cached_tokens"":512,""cache_write_tokens"":null,""total_tokens"":619},""cost_usd"":1.387176e-05,""generation_id"":""gen-1786876684-QU2XaiCL9sTGN3LlBHKD"",""response_cache_status"":""UNKNOWN"",""observed_provider"":""Baidu"",""observed_endpoint"":null,""observed_quantization"":null}],""response_cache_status"":""UNKNOWN"",""raw_action_valid"":true,""action_received"":""QUERY"",""value"":""ABCDIJH"",""action_applied"":""QUERY"",""feedback"":{""exact"":3,""misplaced"":1},""credits_remaining"":1},{""step"":12,""credits_before"":1,""http_attempts"":[{""attempt_number"":1,""started_at"":""2026-08-16T10:40:33.342Z"",""finished_at"":""2026-08-16T10:40:50.881Z"",""duration_ms"":17538,""status_code"":200,""error_category"":null,""error_message"":null,""usage"":{""input_tokens"":646,""output_tokens"":7,""reasoning_tokens"":null,""cached_tokens"":512,""cache_write_tokens"":null,""total_tokens"":653},""cost_usd"":1.612576e-05,""generation_id"":""gen-1786876849-96MuzpELmyjcsO0bcCmA"",""response_cache_status"":""UNKNOWN"",""observed_provider"":""Baidu"",""observed_endpoint"":null,""observed_quantization"":null}],""response_cache_status"":""UNKNOWN"",""raw_action_valid"":true,""action_received"":""SUBMIT"",""value"":""ABCDIJH"",""action_applied"":""SUBMIT"",""coerced_at_zero_credits"":false,""credits_remaining"":1}]"
bff4a89a-d358-4048-872a-a5ec0f46053f,bff4a89a-d358-4048-872a-a5ec0f46053f,1,,15,deepseek,deepseek-v4-flash-0731,deepseek/deepseek-v4-flash-0731,baidu,Baidu,baidu/fp8,,,,A,continuation,2026-08-16T10:00:47.168Z,2026-08-16T10:40:55.424Z,2408257,3d3baa6feb49226c87c6bc0788fe1936,70a6f84fda9f5c1c,GFDEEHJ,7,10,10,10,0,EEEEEED,2,0.2857142857142857,false,partial,12,12,0,1,5366,83,,3840,,5449,0.000158424,true,true,false,a193e42687075f855a907c617cb6eb43c5979e687d22273bbab4c0919af923ac,"{""max_tokens"":8192,""temperature"":null,""top_p"":null,""top_k"":null,""min_p"":null,""seed"":null,""reasoning"":{""enabled"":false,""effort"":null,""max_tokens"":null,""exclude"":true},""thinking"":null}","{""endpoint_slug"":""baidu/fp8"",""quantizations"":null,""allow_fallbacks"":false,""require_parameters"":true}",completed,true,[],,,response must contain exactly 7 symbols,"[{""step"":1,""credits_before"":10,""http_attempts"":[{""attempt_number"":1,""started_at"":""2026-08-16T10:00:47.168Z"",""finished_at"":""2026-08-16T10:01:10.626Z"",""duration_ms"":23458,""status_code"":200,""error_category"":null,""error_message"":null,""usage"":{""input_tokens"":258,""output_tokens"":6,""reasoning_tokens"":null,""cached_tokens"":256,""cache_write_tokens"":null,""total_tokens"":264},""cost_usd"":4.19888e-06,""generation_id"":""gen-1786874469-wapUKveD6Jnc2pt0qX40"",""response_cache_status"":""UNKNOWN"",""observed_provider"":""Baidu"",""observed_endpoint"":null,""observed_quantization"":null}],""response_cache_status"":""UNKNOWN"",""raw_action_valid"":true,""action_received"":""QUERY"",""value"":""AAAAAAA"",""action_applied"":""QUERY"",""feedback"":{""exact"":0,""misplaced"":0},""credits_remaining"":9},{""step"":2,""credits_before"":9,""http_attempts"":[{""attempt_number"":1,""started_at"":""2026-08-16T10:04:44.618Z"",""finished_at"":""2026-08-16T10:05:07.889Z"",""duration_ms"":23271,""status_code"":200,""error_category"":null,""error_message"":null,""usage"":{""input_tokens"":291,""output_tokens"":6,""reasoning_tokens"":null,""cached_tokens"":256,""cache_write_tokens"":null,""total_tokens"":297},""cost_usd"":6.32408e-06,""generation_id"":""gen-1786874706-weIJudpaXJu0831sQ17E"",""response_cache_status"":""UNKNOWN"",""observed_provider"":""Baidu"",""observed_endpoint"":null,""observed_quantization"":null}],""response_cache_status"":""UNKNOWN"",""raw_action_valid"":true,""action_received"":""QUERY"",""value"":""BBBBBBB"",""action_applied"":""QUERY"",""feedback"":{""exact"":0,""misplaced"":0},""credits_remaining"":8},{""step"":3,""credits_before"":8,""http_attempts"":[{""attempt_number"":1,""started_at"":""2026-08-16T10:08:32.280Z"",""finished_at"":""2026-08-16T10:08:56.296Z"",""duration_ms"":24016,""status_code"":200,""error_category"":null,""error_message"":null,""usage"":{""input_tokens"":324,""output_tokens"":6,""reasoning_tokens"":null,""cached_tokens"":256,""cache_write_tokens"":null,""total_tokens"":330},""cost_usd"":8.44928e-06,""generation_id"":""gen-1786874934-kAyelVYK2a02AgYWI3sE"",""response_cache_status"":""UNKNOWN"",""observed_provider"":""Baidu"",""observed_endpoint"":null,""observed_quantization"":null}],""response_cache_status"":""UNKNOWN"",""raw_action_valid"":true,""action_received"":""QUERY"",""value"":""CCCCCCC"",""action_applied"":""QUERY"",""feedback"":{""exact"":0,""misplaced"":0},""credits_remaining"":7},{""step"":4,""credits_before"":7,""http_attempts"":[{""attempt_number"":1,""started_at"":""2026-08-16T10:12:20.793Z"",""finished_at"":""2026-08-16T10:12:44.784Z"",""duration_ms"":23990,""status_code"":200,""error_category"":null,""error_message"":null,""usage"":{""input_tokens"":357,""output_tokens"":7,""reasoning_tokens"":null,""cached_tokens"":256,""cache_write_tokens"":null,""total_tokens"":364},""cost_usd"":1.070328e-05,""generation_id"":""gen-1786875163-HtnyfpIgGPUSfleBmqtd"",""response_cache_status"":""UNKNOWN"",""observed_provider"":""Baidu"",""observed_endpoint"":null,""observed_quantization"":null}],""response_cache_status"":""UNKNOWN"",""raw_action_valid"":true,""action_received"":""QUERY"",""value"":""DDDDDDD"",""action_applied"":""QUERY"",""feedback"":{""exact"":1,""misplaced"":0},""credits_remaining"":6},{""step"":5,""credits_before"":6,""http_attempts"":[{""attempt_number"":1,""started_at"":""2026-08-16T10:16:06.360Z"",""finished_at"":""2026-08-16T10:16:30.696Z"",""duration_ms"":24336,""status_code"":200,""error_category"":null,""error_message"":null,""usage"":{""input_tokens"":391,""output_tokens"":8,""reasoning_tokens"":null,""cached_tokens"":256,""cache_write_tokens"":null,""total_tokens"":399},""cost_usd"":1.302168e-05,""generation_id"":""gen-1786875388-LYfKdgRLbqjDtyGhBNMp"",""response_cache_status"":""UNKNOWN"",""observed_provider"":""Baidu"",""observed_endpoint"":null,""observed_quantization"":null}],""response_cache_status"":""UNKNOWN"",""raw_action_valid"":false,""action"":null,""parse_error"":""response must contain exactly 7 symbols"",""consecutive_invalid_responses"":1},{""step"":6,""credits_before"":6,""http_attempts"":[{""attempt_number"":1,""started_at"":""2026-08-16T10:19:49.394Z"",""finished_at"":""2026-08-16T10:20:12.809Z"",""duration_ms"":23415,""status_code"":200,""error_category"":null,""error_message"":null,""usage"":{""input_tokens"":433,""output_tokens"":7,""reasoning_tokens"":null,""cached_tokens"":256,""cache_write_tokens"":null,""total_tokens"":440},""cost_usd"":1.559768e-05,""generation_id"":""gen-1786875611-sFo9XD15gHVa28aXWm1O"",""response_cache_status"":""UNKNOWN"",""observed_provider"":""Baidu"",""observed_endpoint"":null,""observed_quantization"":null}],""response_cache_status"":""UNKNOWN"",""raw_action_valid"":true,""action_received"":""QUERY"",""value"":""EEEEEEE"",""action_applied"":""QUERY"",""feedback"":{""exact"":2,""misplaced"":0},""credits_remaining"":5},{""step"":7,""credits_before"":5,""http_attempts"":[{""attempt_number"":1,""started_at"":""2026-08-16T10:23:31.097Z"",""finished_at"":""2026-08-16T10:23:55.204Z"",""duration_ms"":24107,""status_code"":200,""error_category"":null,""error_message"":null,""usage"":{""input_tokens"":467,""output_tokens"":7,""reasoning_tokens"":null,""cached_tokens"":256,""cache_write_tokens"":null,""total_tokens"":474},""cost_usd"":1.778728e-05,""generation_id"":""gen-1786875833-f9elJGtPbrrP9tibZyhF"",""response_cache_status"":""UNKNOWN"",""observed_provider"":""Baidu"",""observed_endpoint"":null,""observed_quantization"":null}],""response_cache_status"":""UNKNOWN"",""raw_action_valid"":true,""action_received"":""QUERY"",""value"":""EEEEEED"",""action_applied"":""QUERY"",""feedback"":{""exact"":2,""misplaced"":1},""credits_remaining"":4},{""step"":8,""credits_before"":4,""http_attempts"":[{""attempt_number"":1,""started_at"":""2026-08-16T10:27:10.490Z"",""finished_at"":""2026-08-16T10:27:36.371Z"",""duration_ms"":25881,""status_code"":200,""error_category"":null,""error_message"":null,""usage"":{""input_tokens"":501,""output_tokens"":7,""reasoning_tokens"":null,""cached_tokens"":256,""cache_write_tokens"":null,""total_tokens"":508},""cost_usd"":1.997688e-05,""generation_id"":""gen-1786876053-gajTQ6dHE8e9iSCndaw6"",""response_cache_status"":""UNKNOWN"",""observed_provider"":""Baidu"",""observed_endpoint"":null,""observed_quantization"":null}],""response_cache_status"":""UNKNOWN"",""raw_action_valid"":true,""action_received"":""QUERY"",""value"":""EEEEEEC"",""action_applied"":""QUERY"",""feedback"":{""exact"":2,""misplaced"":0},""credits_remaining"":3},{""step"":9,""credits_before"":3,""http_attempts"":[{""attempt_number"":1,""started_at"":""2026-08-16T10:30:46.959Z"",""finished_at"":""2026-08-16T10:31:10.940Z"",""duration_ms"":23981,""status_code"":200,""error_category"":null,""error_message"":null,""usage"":{""input_tokens"":535,""output_tokens"":7,""reasoning_tokens"":null,""cached_tokens"":256,""cache_write_tokens"":null,""total_tokens"":542},""cost_usd"":2.216648e-05,""generation_id"":""gen-1786876269-Vd2Vn8m8Ek04BSzau5Ya"",""response_cache_status"":""UNKNOWN"",""observed_provider"":""Baidu"",""observed_endpoint"":null,""observed_quantization"":null}],""response_cache_status"":""UNKNOWN"",""raw_action_valid"":true,""action_received"":""QUERY"",""value"":""EEEEEEF"",""action_applied"":""QUERY"",""feedback"":{""exact"":2,""misplaced"":1},""credits_remaining"":2},{""step"":10,""credits_before"":2,""http_attempts"":[{""attempt_number"":1,""started_at"":""2026-08-16T10:34:20.621Z"",""finished_at"":""2026-08-16T10:34:45.861Z"",""duration_ms"":25240,""status_code"":200,""error_category"":null,""error_message"":null,""usage"":{""input_tokens"":569,""output_tokens"":7,""reasoning_tokens"":null,""cached_tokens"":512,""cache_write_tokens"":null,""total_tokens"":576},""cost_usd"":1.116696e-05,""generation_id"":""gen-1786876482-6nZkfvq35dQh8nQZLJRq"",""response_cache_status"":""UNKNOWN"",""observed_provider"":""Baidu"",""observed_endpoint"":null,""observed_quantization"":null}],""response_cache_status"":""UNKNOWN"",""raw_action_valid"":true,""action_received"":""QUERY"",""value"":""EEEEEEG"",""action_applied"":""QUERY"",""feedback"":{""exact"":2,""misplaced"":1},""credits_remaining"":1},{""step"":11,""credits_before"":1,""http_attempts"":[{""attempt_number"":1,""started_at"":""2026-08-16T10:37:45.419Z"",""finished_at"":""2026-08-16T10:38:08.783Z"",""duration_ms"":23364,""status_code"":200,""error_category"":null,""error_message"":null,""usage"":{""input_tokens"":603,""output_tokens"":7,""reasoning_tokens"":null,""cached_tokens"":512,""cache_write_tokens"":null,""total_tokens"":610},""cost_usd"":1.335656e-05,""generation_id"":""gen-1786876687-kjfUQulDdrTmGvUI57p6"",""response_cache_status"":""UNKNOWN"",""observed_provider"":""Baidu"",""observed_endpoint"":null,""observed_quantization"":null}],""response_cache_status"":""UNKNOWN"",""raw_action_valid"":true,""action_received"":""QUERY"",""value"":""EEEEEEH"",""action_applied"":""QUERY"",""feedback"":{""exact"":2,""misplaced"":1},""credits_remaining"":0},{""step"":12,""credits_before"":0,""http_attempts"":[{""attempt_number"":1,""started_at"":""2026-08-16T10:40:33.864Z"",""finished_at"":""2026-08-16T10:40:55.424Z"",""duration_ms"":21560,""status_code"":200,""error_category"":null,""error_message"":null,""usage"":{""input_tokens"":637,""output_tokens"":8,""reasoning_tokens"":null,""cached_tokens"":512,""cache_write_tokens"":null,""total_tokens"":645},""cost_usd"":1.567496e-05,""generation_id"":""gen-1786876852-9jDuot4fNkHALWMJ4MOA"",""response_cache_status"":""UNKNOWN"",""observed_provider"":""Baidu"",""observed_endpoint"":null,""observed_quantization"":null}],""response_cache_status"":""UNKNOWN"",""raw_action_valid"":true,""action_received"":""SUBMIT"",""value"":""EEEEEED"",""action_applied"":""SUBMIT"",""coerced_at_zero_credits"":false,""credits_remaining"":0}]"
4e06bc0c-8b7d-4269-83cf-9c91c2e24699,4e06bc0c-8b7d-4269-83cf-9c91c2e24699,1,,4,deepseek,deepseek-v4-flash-0731,deepseek/deepseek-v4-flash-0731,baidu,Baidu,baidu/fp8,,,,B,same_model_instance,2026-08-16T10:00:55.636Z,2026-08-16T10:41:00.201Z,2404565,3d3baa6feb49226c87c6bc0788fe1936,a9f4b4e873bb80a4,IBJGHDJ,7,10,10,10,0,BBDDHHJ,3,0.42857142857142855,false,partial,12,12,0,1,5364,81,,3840,,5445,0.00015803759999999997,true,true,false,beac9c73922a2ffe8812688677869d60b795a42f7917e7d966869980810162d3,"{""max_tokens"":8192,""temperature"":null,""top_p"":null,""top_k"":null,""min_p"":null,""seed"":null,""reasoning"":{""enabled"":false,""effort"":null,""max_tokens"":null,""exclude"":true},""thinking"":null}","{""endpoint_slug"":""baidu/fp8"",""quantizations"":null,""allow_fallbacks"":false,""require_parameters"":true}",completed,true,[],,,response must contain exactly 7 symbols,"[{""step"":1,""credits_before"":10,""http_attempts"":[{""attempt_number"":1,""started_at"":""2026-08-16T10:00:55.636Z"",""finished_at"":""2026-08-16T10:01:19.662Z"",""duration_ms"":24026,""status_code"":200,""error_category"":null,""error_message"":null,""usage"":{""input_tokens"":263,""output_tokens"":6,""reasoning_tokens"":null,""cached_tokens"":256,""cache_write_tokens"":null,""total_tokens"":269},""cost_usd"":4.52088e-06,""generation_id"":""gen-1786874478-78gKubBiV7kJiev7Nrj8"",""response_cache_status"":""UNKNOWN"",""observed_provider"":""Baidu"",""observed_endpoint"":null,""observed_quantization"":null}],""response_cache_status"":""UNKNOWN"",""raw_action_valid"":true,""action_received"":""QUERY"",""value"":""AAAAAAA"",""action_applied"":""QUERY"",""feedback"":{""exact"":0,""misplaced"":0},""credits_remaining"":9},{""step"":2,""credits_before"":9,""http_attempts"":[{""attempt_number"":1,""started_at"":""2026-08-16T10:04:52.935Z"",""finished_at"":""2026-08-16T10:05:16.744Z"",""duration_ms"":23808,""status_code"":200,""error_category"":null,""error_message"":null,""usage"":{""input_tokens"":296,""output_tokens"":6,""reasoning_tokens"":null,""cached_tokens"":256,""cache_write_tokens"":null,""total_tokens"":302},""cost_usd"":6.64608e-06,""generation_id"":""gen-1786874715-8oY5i33kEvAJpB27piqr"",""response_cache_status"":""UNKNOWN"",""observed_provider"":""Baidu"",""observed_endpoint"":null,""observed_quantization"":null}],""response_cache_status"":""UNKNOWN"",""raw_action_valid"":true,""action_received"":""QUERY"",""value"":""BBBBBBB"",""action_applied"":""QUERY"",""feedback"":{""exact"":1,""misplaced"":0},""credits_remaining"":8},{""step"":3,""credits_before"":8,""http_attempts"":[{""attempt_number"":1,""started_at"":""2026-08-16T10:08:41.263Z"",""finished_at"":""2026-08-16T10:09:05.288Z"",""duration_ms"":24024,""status_code"":200,""error_category"":null,""error_message"":null,""usage"":{""input_tokens"":329,""output_tokens"":6,""reasoning_tokens"":null,""cached_tokens"":256,""cache_write_tokens"":null,""total_tokens"":335},""cost_usd"":8.77128e-06,""generation_id"":""gen-1786874943-pdLrn7uE1VWShXrRdJyf"",""response_cache_status"":""UNKNOWN"",""observed_provider"":""Baidu"",""observed_endpoint"":null,""observed_quantization"":null}],""response_cache_status"":""UNKNOWN"",""raw_action_valid"":true,""action_received"":""QUERY"",""value"":""CCCCCCC"",""action_applied"":""QUERY"",""feedback"":{""exact"":0,""misplaced"":0},""credits_remaining"":7},{""step"":4,""credits_before"":7,""http_attempts"":[{""attempt_number"":1,""started_at"":""2026-08-16T10:12:30.512Z"",""finished_at"":""2026-08-16T10:12:53.972Z"",""duration_ms"":23461,""status_code"":200,""error_category"":null,""error_message"":null,""usage"":{""input_tokens"":362,""output_tokens"":7,""reasoning_tokens"":null,""cached_tokens"":256,""cache_write_tokens"":null,""total_tokens"":369},""cost_usd"":1.102528e-05,""generation_id"":""gen-1786875172-PQFAB0QcxNhiYFa50SeU"",""response_cache_status"":""UNKNOWN"",""observed_provider"":""Baidu"",""observed_endpoint"":null,""observed_quantization"":null}],""response_cache_status"":""UNKNOWN"",""raw_action_valid"":true,""action_received"":""QUERY"",""value"":""DDDDDDD"",""action_applied"":""QUERY"",""feedback"":{""exact"":1,""misplaced"":0},""credits_remaining"":6},{""step"":5,""credits_before"":6,""http_attempts"":[{""attempt_number"":1,""started_at"":""2026-08-16T10:16:15.376Z"",""finished_at"":""2026-08-16T10:16:39.361Z"",""duration_ms"":23985,""status_code"":200,""error_category"":null,""error_message"":null,""usage"":{""input_tokens"":396,""output_tokens"":7,""reasoning_tokens"":null,""cached_tokens"":256,""cache_write_tokens"":null,""total_tokens"":403},""cost_usd"":1.321488e-05,""generation_id"":""gen-1786875397-VnM6YECdzbNnMguyRrjk"",""response_cache_status"":""UNKNOWN"",""observed_provider"":""Baidu"",""observed_endpoint"":null,""observed_quantization"":null}],""response_cache_status"":""UNKNOWN"",""raw_action_valid"":true,""action_received"":""QUERY"",""value"":""EEEEEEE"",""action_applied"":""QUERY"",""feedback"":{""exact"":0,""misplaced"":0},""credits_remaining"":5},{""step"":6,""credits_before"":5,""http_attempts"":[{""attempt_number"":1,""started_at"":""2026-08-16T10:20:03.697Z"",""finished_at"":""2026-08-16T10:20:24.829Z"",""duration_ms"":21133,""status_code"":200,""error_category"":null,""error_message"":null,""usage"":{""input_tokens"":430,""output_tokens"":5,""reasoning_tokens"":null,""cached_tokens"":256,""cache_write_tokens"":null,""total_tokens"":435},""cost_usd"":1.514688e-05,""generation_id"":""gen-1786875623-8yNfc48tWgT9zSbMnGxM"",""response_cache_status"":""UNKNOWN"",""observed_provider"":""Baidu"",""observed_endpoint"":null,""observed_quantization"":null}],""response_cache_status"":""UNKNOWN"",""raw_action_valid"":true,""action_received"":""QUERY"",""value"":""FFFFFFF"",""action_applied"":""QUERY"",""feedback"":{""exact"":0,""misplaced"":0},""credits_remaining"":4},{""step"":7,""credits_before"":4,""http_attempts"":[{""attempt_number"":1,""started_at"":""2026-08-16T10:23:43.095Z"",""finished_at"":""2026-08-16T10:24:07.360Z"",""duration_ms"":24265,""status_code"":200,""error_category"":null,""error_message"":null,""usage"":{""input_tokens"":462,""output_tokens"":7,""reasoning_tokens"":null,""cached_tokens"":256,""cache_write_tokens"":null,""total_tokens"":469},""cost_usd"":1.746528e-05,""generation_id"":""gen-1786875845-Na21KPhxA0fIx0KaDDHS"",""response_cache_status"":""UNKNOWN"",""observed_provider"":""Baidu"",""observed_endpoint"":null,""observed_quantization"":null}],""response_cache_status"":""UNKNOWN"",""raw_action_valid"":true,""action_received"":""QUERY"",""value"":""GGGGGGG"",""action_applied"":""QUERY"",""feedback"":{""exact"":1,""misplaced"":0},""credits_remaining"":3},{""step"":8,""credits_before"":3,""http_attempts"":[{""attempt_number"":1,""started_at"":""2026-08-16T10:27:24.829Z"",""finished_at"":""2026-08-16T10:27:46.585Z"",""duration_ms"":21755,""status_code"":200,""error_category"":null,""error_message"":null,""usage"":{""input_tokens"":496,""output_tokens"":7,""reasoning_tokens"":null,""cached_tokens"":256,""cache_write_tokens"":null,""total_tokens"":503},""cost_usd"":1.965488e-05,""generation_id"":""gen-1786876065-u6DoKz7MFDt2A9FQpq7n"",""response_cache_status"":""UNKNOWN"",""observed_provider"":""Baidu"",""observed_endpoint"":null,""observed_quantization"":null}],""response_cache_status"":""UNKNOWN"",""raw_action_valid"":true,""action_received"":""QUERY"",""value"":""HHHHHHH"",""action_applied"":""QUERY"",""feedback"":{""exact"":1,""misplaced"":0},""credits_remaining"":2},{""step"":9,""credits_before"":2,""http_attempts"":[{""attempt_number"":1,""started_at"":""2026-08-16T10:30:56.925Z"",""finished_at"":""2026-08-16T10:31:20.576Z"",""duration_ms"":23651,""status_code"":200,""error_category"":null,""error_message"":null,""usage"":{""input_tokens"":530,""output_tokens"":6,""reasoning_tokens"":null,""cached_tokens"":256,""cache_write_tokens"":null,""total_tokens"":536},""cost_usd"":2.171568e-05,""generation_id"":""gen-1786876278-JuHoom20uPm4GrNLOsCQ"",""response_cache_status"":""UNKNOWN"",""observed_provider"":""Baidu"",""observed_endpoint"":null,""observed_quantization"":null}],""response_cache_status"":""UNKNOWN"",""raw_action_valid"":true,""action_received"":""QUERY"",""value"":""IIIIIII"",""action_applied"":""QUERY"",""feedback"":{""exact"":1,""misplaced"":0},""credits_remaining"":1},{""step"":10,""credits_before"":1,""http_attempts"":[{""attempt_number"":1,""started_at"":""2026-08-16T10:34:29.308Z"",""finished_at"":""2026-08-16T10:34:53.245Z"",""duration_ms"":23937,""status_code"":200,""error_category"":null,""error_message"":null,""usage"":{""input_tokens"":563,""output_tokens"":7,""reasoning_tokens"":null,""cached_tokens"":512,""cache_write_tokens"":null,""total_tokens"":570},""cost_usd"":1.078056e-05,""generation_id"":""gen-1786876491-hITB5MmU0XB5RMs86XiK"",""response_cache_status"":""UNKNOWN"",""observed_provider"":""Baidu"",""observed_endpoint"":null,""observed_quantization"":null}],""response_cache_status"":""UNKNOWN"",""raw_action_valid"":true,""action_received"":""QUERY"",""value"":""JJJJJJJ"",""action_applied"":""QUERY"",""feedback"":{""exact"":2,""misplaced"":0},""credits_remaining"":0},{""step"":11,""credits_before"":0,""http_attempts"":[{""attempt_number"":1,""started_at"":""2026-08-16T10:37:54.062Z"",""finished_at"":""2026-08-16T10:38:17.899Z"",""duration_ms"":23837,""status_code"":200,""error_category"":null,""error_message"":null,""usage"":{""input_tokens"":597,""output_tokens"":9,""reasoning_tokens"":null,""cached_tokens"":512,""cache_write_tokens"":null,""total_tokens"":606},""cost_usd"":1.322776e-05,""generation_id"":""gen-1786876696-MPvL1M9CXE1K9OE9qEjt"",""response_cache_status"":""UNKNOWN"",""observed_provider"":""Baidu"",""observed_endpoint"":null,""observed_quantization"":null}],""response_cache_status"":""UNKNOWN"",""raw_action_valid"":false,""action"":null,""parse_error"":""response must contain exactly 7 symbols"",""consecutive_invalid_responses"":1},{""step"":12,""credits_before"":0,""http_attempts"":[{""attempt_number"":1,""started_at"":""2026-08-16T10:40:39.027Z"",""finished_at"":""2026-08-16T10:41:00.201Z"",""duration_ms"":21174,""status_code"":200,""error_category"":null,""error_message"":null,""usage"":{""input_tokens"":640,""output_tokens"":8,""reasoning_tokens"":null,""cached_tokens"":512,""cache_write_tokens"":null,""total_tokens"":648},""cost_usd"":1.586816e-05,""generation_id"":""gen-1786876858-kBQPm63biqySJvtsTe9L"",""response_cache_status"":""UNKNOWN"",""observed_provider"":""Baidu"",""observed_endpoint"":null,""observed_quantization"":null}],""response_cache_status"":""UNKNOWN"",""raw_action_valid"":true,""action_received"":""SUBMIT"",""value"":""BBDDHHJ"",""action_applied"":""SUBMIT"",""coerced_at_zero_credits"":false,""credits_remaining"":0}]"
96f17ab4-a285-49d7-ab55-d84db6265866,96f17ab4-a285-49d7-ab55-d84db6265866,1,,6,deepseek,deepseek-v4-flash-0731,deepseek/deepseek-v4-flash-0731,baidu,Baidu,baidu/fp8,,,,C,different_model,2026-08-16T10:01:04.671Z,2026-08-16T10:41:06.350Z,2401680,3d3baa6feb49226c87c6bc0788fe1936,2c42fd67a9dd6af1,DGFDDHH,7,10,10,10,0,ABCDEFG,1,0.14285714285714285,false,partial,12,12,0,1,5474,74,,3840,,5548,0.00016422000000000002,true,true,false,2ac8682c462a8f01ea519b44aa73090e57243476b55eaf2539123ca100c55ab6,"{""max_tokens"":8192,""temperature"":null,""top_p"":null,""top_k"":null,""min_p"":null,""seed"":null,""reasoning"":{""enabled"":false,""effort"":null,""max_tokens"":null,""exclude"":true},""thinking"":null}","{""endpoint_slug"":""baidu/fp8"",""quantizations"":null,""allow_fallbacks"":false,""require_parameters"":true}",completed,true,[],,,response must contain exactly 7 symbols,"[{""step"":1,""credits_before"":10,""http_attempts"":[{""attempt_number"":1,""started_at"":""2026-08-16T10:01:04.671Z"",""finished_at"":""2026-08-16T10:01:28.804Z"",""duration_ms"":24133,""status_code"":200,""error_category"":null,""error_message"":null,""usage"":{""input_tokens"":268,""output_tokens"":6,""reasoning_tokens"":null,""cached_tokens"":256,""cache_write_tokens"":null,""total_tokens"":274},""cost_usd"":4.84288e-06,""generation_id"":""gen-1786874487-4VC3z5tkf6f7aGxv57Hk"",""response_cache_status"":""UNKNOWN"",""observed_provider"":""Baidu"",""observed_endpoint"":null,""observed_quantization"":null}],""response_cache_status"":""UNKNOWN"",""raw_action_valid"":true,""action_received"":""QUERY"",""value"":""ABCDEFG"",""action_applied"":""QUERY"",""feedback"":{""exact"":1,""misplaced"":2},""credits_remaining"":9},{""step"":2,""credits_before"":9,""http_attempts"":[{""attempt_number"":1,""started_at"":""2026-08-16T10:04:58.763Z"",""finished_at"":""2026-08-16T10:05:23.008Z"",""duration_ms"":24244,""status_code"":200,""error_category"":null,""error_message"":null,""usage"":{""input_tokens"":301,""output_tokens"":7,""reasoning_tokens"":null,""cached_tokens"":256,""cache_write_tokens"":null,""total_tokens"":308},""cost_usd"":7.09688e-06,""generation_id"":""gen-1786874721-OqBxUAwfbkrK3FvoAu3x"",""response_cache_status"":""UNKNOWN"",""observed_provider"":""Baidu"",""observed_endpoint"":null,""observed_quantization"":null}],""response_cache_status"":""UNKNOWN"",""raw_action_valid"":false,""action"":null,""parse_error"":""response must contain exactly 7 symbols"",""consecutive_invalid_responses"":1},{""step"":3,""credits_before"":9,""http_attempts"":[{""attempt_number"":1,""started_at"":""2026-08-16T10:08:47.313Z"",""finished_at"":""2026-08-16T10:09:11.813Z"",""duration_ms"":24501,""status_code"":200,""error_category"":null,""error_message"":null,""usage"":{""input_tokens"":342,""output_tokens"":6,""reasoning_tokens"":null,""cached_tokens"":256,""cache_write_tokens"":null,""total_tokens"":348},""cost_usd"":9.60848e-06,""generation_id"":""gen-1786874949-JvY7YNrxtKRZdwCVnirE"",""response_cache_status"":""UNKNOWN"",""observed_provider"":""Baidu"",""observed_endpoint"":null,""observed_quantization"":null}],""response_cache_status"":""UNKNOWN"",""raw_action_valid"":true,""action_received"":""QUERY"",""value"":""ABCDEFH"",""action_applied"":""QUERY"",""feedback"":{""exact"":2,""misplaced"":1},""credits_remaining"":8},{""step"":4,""credits_before"":8,""http_attempts"":[{""attempt_number"":1,""started_at"":""2026-08-16T10:12:35.797Z"",""finished_at"":""2026-08-16T10:12:59.830Z"",""duration_ms"":24034,""status_code"":200,""error_category"":null,""error_message"":null,""usage"":{""input_tokens"":375,""output_tokens"":6,""reasoning_tokens"":null,""cached_tokens"":256,""cache_write_tokens"":null,""total_tokens"":381},""cost_usd"":1.173368e-05,""generation_id"":""gen-1786875178-UIeAZv2iOgf3lSvR46ip"",""response_cache_status"":""UNKNOWN"",""observed_provider"":""Baidu"",""observed_endpoint"":null,""observed_quantization"":null}],""response_cache_status"":""UNKNOWN"",""raw_action_valid"":true,""action_received"":""QUERY"",""value"":""ABCDEFI"",""action_applied"":""QUERY"",""feedback"":{""exact"":1,""misplaced"":1},""credits_remaining"":7},{""step"":5,""credits_before"":7,""http_attempts"":[{""attempt_number"":1,""started_at"":""2026-08-16T10:16:24.997Z"",""finished_at"":""2026-08-16T10:16:46.008Z"",""duration_ms"":21011,""status_code"":200,""error_category"":null,""error_message"":null,""usage"":{""input_tokens"":408,""output_tokens"":6,""reasoning_tokens"":null,""cached_tokens"":256,""cache_write_tokens"":null,""total_tokens"":414},""cost_usd"":1.385888e-05,""generation_id"":""gen-1786875403-eOwDy6EmWsUU4TLMsBBb"",""response_cache_status"":""UNKNOWN"",""observed_provider"":""Baidu"",""observed_endpoint"":null,""observed_quantization"":null}],""response_cache_status"":""UNKNOWN"",""raw_action_valid"":true,""action_received"":""QUERY"",""value"":""ABCDEHJ"",""action_applied"":""QUERY"",""feedback"":{""exact"":2,""misplaced"":0},""credits_remaining"":6},{""step"":6,""credits_before"":6,""http_attempts"":[{""attempt_number"":1,""started_at"":""2026-08-16T10:20:08.350Z"",""finished_at"":""2026-08-16T10:20:30.846Z"",""duration_ms"":22496,""status_code"":200,""error_category"":null,""error_message"":null,""usage"":{""input_tokens"":441,""output_tokens"":6,""reasoning_tokens"":null,""cached_tokens"":256,""cache_write_tokens"":null,""total_tokens"":447},""cost_usd"":1.598408e-05,""generation_id"":""gen-1786875629-GUOBN3Um8p4MotoUrqjq"",""response_cache_status"":""UNKNOWN"",""observed_provider"":""Baidu"",""observed_endpoint"":null,""observed_quantization"":null}],""response_cache_status"":""UNKNOWN"",""raw_action_valid"":true,""action_received"":""QUERY"",""value"":""ABCDEIJ"",""action_applied"":""QUERY"",""feedback"":{""exact"":1,""misplaced"":0},""credits_remaining"":5},{""step"":7,""credits_before"":5,""http_attempts"":[{""attempt_number"":1,""started_at"":""2026-08-16T10:23:52.666Z"",""finished_at"":""2026-08-16T10:24:13.690Z"",""duration_ms"":21024,""status_code"":200,""error_category"":null,""error_message"":null,""usage"":{""input_tokens"":474,""output_tokens"":6,""reasoning_tokens"":null,""cached_tokens"":256,""cache_write_tokens"":null,""total_tokens"":480},""cost_usd"":1.810928e-05,""generation_id"":""gen-1786875851-JmUJK614W4ufQUokdIVg"",""response_cache_status"":""UNKNOWN"",""observed_provider"":""Baidu"",""observed_endpoint"":null,""observed_quantization"":null}],""response_cache_status"":""UNKNOWN"",""raw_action_valid"":true,""action_received"":""QUERY"",""value"":""ABCDFGH"",""action_applied"":""QUERY"",""feedback"":{""exact"":2,""misplaced"":2},""credits_remaining"":4},{""step"":8,""credits_before"":4,""http_attempts"":[{""attempt_number"":1,""started_at"":""2026-08-16T10:27:36.372Z"",""finished_at"":""2026-08-16T10:27:55.690Z"",""duration_ms"":19318,""status_code"":200,""error_category"":null,""error_message"":null,""usage"":{""input_tokens"":507,""output_tokens"":6,""reasoning_tokens"":null,""cached_tokens"":256,""cache_write_tokens"":null,""total_tokens"":513},""cost_usd"":2.023448e-05,""generation_id"":""gen-1786876074-PViJmUXLqZfw9gS7A1Aq"",""response_cache_status"":""UNKNOWN"",""observed_provider"":""Baidu"",""observed_endpoint"":null,""observed_quantization"":null}],""response_cache_status"":""UNKNOWN"",""raw_action_valid"":true,""action_received"":""QUERY"",""value"":""ABCDFGI"",""action_applied"":""QUERY"",""feedback"":{""exact"":1,""misplaced"":2},""credits_remaining"":3},{""step"":9,""credits_before"":3,""http_attempts"":[{""attempt_number"":1,""started_at"":""2026-08-16T10:31:04.958Z"",""finished_at"":""2026-08-16T10:31:28.910Z"",""duration_ms"":23952,""status_code"":200,""error_category"":null,""error_message"":null,""usage"":{""input_tokens"":540,""output_tokens"":6,""reasoning_tokens"":null,""cached_tokens"":256,""cache_write_tokens"":null,""total_tokens"":546},""cost_usd"":2.235968e-05,""generation_id"":""gen-1786876287-VabLtSEc2WZpWwTPp7td"",""response_cache_status"":""UNKNOWN"",""observed_provider"":""Baidu"",""observed_endpoint"":null,""observed_quantization"":null}],""response_cache_status"":""UNKNOWN"",""raw_action_valid"":true,""action_received"":""QUERY"",""value"":""ABCDFHJ"",""action_applied"":""QUERY"",""feedback"":{""exact"":2,""misplaced"":1},""credits_remaining"":2},{""step"":10,""credits_before"":2,""http_attempts"":[{""attempt_number"":1,""started_at"":""2026-08-16T10:34:35.713Z"",""finished_at"":""2026-08-16T10:34:59.271Z"",""duration_ms"":23558,""status_code"":200,""error_category"":null,""error_message"":null,""usage"":{""input_tokens"":573,""output_tokens"":6,""reasoning_tokens"":null,""cached_tokens"":512,""cache_write_tokens"":null,""total_tokens"":579},""cost_usd"":1.129576e-05,""generation_id"":""gen-1786876497-HXTxf8xGpMz8gB8MtCvp"",""response_cache_status"":""UNKNOWN"",""observed_provider"":""Baidu"",""observed_endpoint"":null,""observed_quantization"":null}],""response_cache_status"":""UNKNOWN"",""raw_action_valid"":true,""action_received"":""QUERY"",""value"":""ABCEFGH"",""action_applied"":""QUERY"",""feedback"":{""exact"":1,""misplaced"":2},""credits_remaining"":1},{""step"":11,""credits_before"":1,""http_attempts"":[{""attempt_number"":1,""started_at"":""2026-08-16T10:38:02.816Z"",""finished_at"":""2026-08-16T10:38:23.834Z"",""duration_ms"":21018,""status_code"":200,""error_category"":null,""error_message"":null,""usage"":{""input_tokens"":606,""output_tokens"":6,""reasoning_tokens"":null,""cached_tokens"":512,""cache_write_tokens"":null,""total_tokens"":612},""cost_usd"":1.342096e-05,""generation_id"":""gen-1786876702-XN9LpOnrf8CvwmrQvBx3"",""response_cache_status"":""UNKNOWN"",""observed_provider"":""Baidu"",""observed_endpoint"":null,""observed_quantization"":null}],""response_cache_status"":""UNKNOWN"",""raw_action_valid"":true,""action_received"":""QUERY"",""value"":""ABCEFGI"",""action_applied"":""QUERY"",""feedback"":{""exact"":0,""misplaced"":2},""credits_remaining"":0},{""step"":12,""credits_before"":0,""http_attempts"":[{""attempt_number"":1,""started_at"":""2026-08-16T10:40:44.959Z"",""finished_at"":""2026-08-16T10:41:06.350Z"",""duration_ms"":21391,""status_code"":200,""error_category"":null,""error_message"":null,""usage"":{""input_tokens"":639,""output_tokens"":7,""reasoning_tokens"":null,""cached_tokens"":512,""cache_write_tokens"":null,""total_tokens"":646},""cost_usd"":1.567496e-05,""generation_id"":""gen-1786876864-Q0IAWYY4mGdLpmdKjZFd"",""response_cache_status"":""UNKNOWN"",""observed_provider"":""Baidu"",""observed_endpoint"":null,""observed_quantization"":null}],""response_cache_status"":""UNKNOWN"",""raw_action_valid"":true,""action_received"":""SUBMIT"",""value"":""ABCDEFG"",""action_applied"":""SUBMIT"",""coerced_at_zero_credits"":false,""credits_remaining"":0}]"
e98afb11-466c-4beb-9f8d-a2bb544b460d,e98afb11-466c-4beb-9f8d-a2bb544b460d,1,,16,deepseek,deepseek-v4-flash-0731,deepseek/deepseek-v4-flash-0731,baidu,Baidu,baidu/fp8,,,,D,none,2026-08-16T10:01:25.670Z,2026-08-16T10:41:30.552Z,2404882,3d3baa6feb49226c87c6bc0788fe1936,3c81121c4959c539,DJDEICH,7,10,10,10,0,DDCEHIJ,2,0.2857142857142857,false,partial,12,12,0,1,6842,1907,,3328,,8749,0.00051478784,true,true,false,35eb269349366de62767de54014a2ee9e18f1c8ac55a4d1100739e287293bf0b,"{""max_tokens"":8192,""temperature"":null,""top_p"":null,""top_k"":null,""min_p"":null,""seed"":null,""reasoning"":{""enabled"":false,""effort"":null,""max_tokens"":null,""exclude"":true},""thinking"":null}","{""endpoint_slug"":""baidu/fp8"",""quantizations"":null,""allow_fallbacks"":false,""require_parameters"":true}",completed,true,[],,,response must be exactly QUERY <symbols> or SUBMIT <symbols>,"[{""step"":1,""credits_before"":10,""http_attempts"":[{""attempt_number"":1,""started_at"":""2026-08-16T10:01:25.670Z"",""finished_at"":""2026-08-16T10:01:49.633Z"",""duration_ms"":23963,""status_code"":200,""error_category"":null,""error_message"":null,""usage"":{""input_tokens"":234,""output_tokens"":6,""reasoning_tokens"":null,""cached_tokens"":null,""cache_write_tokens"":null,""total_tokens"":240},""cost_usd"":1.58424e-05,""generation_id"":""gen-1786874508-BwDTdcRnNGQE87kbypAe"",""response_cache_status"":""UNKNOWN"",""observed_provider"":""Baidu"",""observed_endpoint"":null,""observed_quantization"":null}],""response_cache_status"":""UNKNOWN"",""raw_action_valid"":true,""action_received"":""QUERY"",""value"":""AAAAAAA"",""action_applied"":""QUERY"",""feedback"":{""exact"":0,""misplaced"":0},""credits_remaining"":9},{""step"":2,""credits_before"":9,""http_attempts"":[{""attempt_number"":1,""started_at"":""2026-08-16T10:05:20.047Z"",""finished_at"":""2026-08-16T10:05:43.978Z"",""duration_ms"":23931,""status_code"":200,""error_category"":null,""error_message"":null,""usage"":{""input_tokens"":267,""output_tokens"":6,""reasoning_tokens"":null,""cached_tokens"":256,""cache_write_tokens"":null,""total_tokens"":273},""cost_usd"":4.77848e-06,""generation_id"":""gen-1786874742-kELCGOkqohEFIiyheBzB"",""response_cache_status"":""UNKNOWN"",""observed_provider"":""Baidu"",""observed_endpoint"":null,""observed_quantization"":null}],""response_cache_status"":""UNKNOWN"",""raw_action_valid"":true,""action_received"":""QUERY"",""value"":""BBBBBBB"",""action_applied"":""QUERY"",""feedback"":{""exact"":0,""misplaced"":0},""credits_remaining"":8},{""step"":3,""credits_before"":8,""http_attempts"":[{""attempt_number"":1,""started_at"":""2026-08-16T10:09:08.448Z"",""finished_at"":""2026-08-16T10:09:32.948Z"",""duration_ms"":24500,""status_code"":200,""error_category"":null,""error_message"":null,""usage"":{""input_tokens"":300,""output_tokens"":6,""reasoning_tokens"":null,""cached_tokens"":256,""cache_write_tokens"":null,""total_tokens"":306},""cost_usd"":6.90368e-06,""generation_id"":""gen-1786874970-pFuBP1jffm1EtOzlDcx2"",""response_cache_status"":""UNKNOWN"",""observed_provider"":""Baidu"",""observed_endpoint"":null,""observed_quantization"":null}],""response_cache_status"":""UNKNOWN"",""raw_action_valid"":true,""action_received"":""QUERY"",""value"":""CCCCCCC"",""action_applied"":""QUERY"",""feedback"":{""exact"":1,""misplaced"":0},""credits_remaining"":7},{""step"":4,""credits_before"":7,""http_attempts"":[{""attempt_number"":1,""started_at"":""2026-08-16T10:12:53.973Z"",""finished_at"":""2026-08-16T10:13:17.851Z"",""duration_ms"":23877,""status_code"":200,""error_category"":null,""error_message"":null,""usage"":{""input_tokens"":333,""output_tokens"":7,""reasoning_tokens"":null,""cached_tokens"":256,""cache_write_tokens"":null,""total_tokens"":340},""cost_usd"":9.15768e-06,""generation_id"":""gen-1786875196-WPXrS3RUEysnqngz3kt4"",""response_cache_status"":""UNKNOWN"",""observed_provider"":""Baidu"",""observed_endpoint"":null,""observed_quantization"":null}],""response_cache_status"":""UNKNOWN"",""raw_action_valid"":true,""action_received"":""QUERY"",""value"":""DDDDDDD"",""action_applied"":""QUERY"",""feedback"":{""exact"":2,""misplaced"":0},""credits_remaining"":6},{""step"":5,""credits_before"":6,""http_attempts"":[{""attempt_number"":1,""started_at"":""2026-08-16T10:16:39.362Z"",""finished_at"":""2026-08-16T10:17:03.444Z"",""duration_ms"":24082,""status_code"":200,""error_category"":null,""error_message"":null,""usage"":{""input_tokens"":367,""output_tokens"":7,""reasoning_tokens"":null,""cached_tokens"":256,""cache_write_tokens"":null,""total_tokens"":374},""cost_usd"":1.134728e-05,""generation_id"":""gen-1786875421-O63H36A1DjJMezx8nbgB"",""response_cache_status"":""UNKNOWN"",""observed_provider"":""Baidu"",""observed_endpoint"":null,""observed_quantization"":null}],""response_cache_status"":""UNKNOWN"",""raw_action_valid"":true,""action_received"":""QUERY"",""value"":""EEEEEEE"",""action_applied"":""QUERY"",""feedback"":{""exact"":1,""misplaced"":0},""credits_remaining"":5},{""step"":6,""credits_before"":5,""http_attempts"":[{""attempt_number"":1,""started_at"":""2026-08-16T10:20:24.830Z"",""finished_at"":""2026-08-16T10:20:48.991Z"",""duration_ms"":24160,""status_code"":200,""error_category"":null,""error_message"":null,""usage"":{""input_tokens"":401,""output_tokens"":5,""reasoning_tokens"":null,""cached_tokens"":256,""cache_write_tokens"":null,""total_tokens"":406},""cost_usd"":1.327928e-05,""generation_id"":""gen-1786875647-04TobOv8rlcR07P8ikXD"",""response_cache_status"":""UNKNOWN"",""observed_provider"":""Baidu"",""observed_endpoint"":null,""observed_quantization"":null}],""response_cache_status"":""UNKNOWN"",""raw_action_valid"":true,""action_received"":""QUERY"",""value"":""FFFFFFF"",""action_applied"":""QUERY"",""feedback"":{""exact"":0,""misplaced"":0},""credits_remaining"":4},{""step"":7,""credits_before"":4,""http_attempts"":[{""attempt_number"":1,""started_at"":""2026-08-16T10:24:08.649Z"",""finished_at"":""2026-08-16T10:24:31.674Z"",""duration_ms"":23025,""status_code"":200,""error_category"":null,""error_message"":null,""usage"":{""input_tokens"":433,""output_tokens"":7,""reasoning_tokens"":null,""cached_tokens"":256,""cache_write_tokens"":null,""total_tokens"":440},""cost_usd"":1.559768e-05,""generation_id"":""gen-1786875869-9H4C5O09yZ2Q7iSpM2qx"",""response_cache_status"":""UNKNOWN"",""observed_provider"":""Baidu"",""observed_endpoint"":null,""observed_quantization"":null}],""response_cache_status"":""UNKNOWN"",""raw_action_valid"":true,""action_received"":""QUERY"",""value"":""GGGGGGG"",""action_applied"":""QUERY"",""feedback"":{""exact"":0,""misplaced"":0},""credits_remaining"":3},{""step"":8,""credits_before"":3,""http_attempts"":[{""attempt_number"":1,""started_at"":""2026-08-16T10:27:53.275Z"",""finished_at"":""2026-08-16T10:28:13.949Z"",""duration_ms"":20673,""status_code"":200,""error_category"":null,""error_message"":null,""usage"":{""input_tokens"":467,""output_tokens"":7,""reasoning_tokens"":null,""cached_tokens"":256,""cache_write_tokens"":null,""total_tokens"":474},""cost_usd"":1.778728e-05,""generation_id"":""gen-1786876092-5SzREgI7pySWfwWWSch1"",""response_cache_status"":""UNKNOWN"",""observed_provider"":""Baidu"",""observed_endpoint"":null,""observed_quantization"":null}],""response_cache_status"":""UNKNOWN"",""raw_action_valid"":true,""action_received"":""QUERY"",""value"":""HHHHHHH"",""action_applied"":""QUERY"",""feedback"":{""exact"":1,""misplaced"":0},""credits_remaining"":2},{""step"":9,""credits_before"":2,""http_attempts"":[{""attempt_number"":1,""started_at"":""2026-08-16T10:31:28.911Z"",""finished_at"":""2026-08-16T10:31:50.115Z"",""duration_ms"":21205,""status_code"":200,""error_category"":null,""error_message"":null,""usage"":{""input_tokens"":501,""output_tokens"":6,""reasoning_tokens"":null,""cached_tokens"":256,""cache_write_tokens"":null,""total_tokens"":507},""cost_usd"":1.984808e-05,""generation_id"":""gen-1786876308-MdjEEAutTLyrEEUO9Hc8"",""response_cache_status"":""UNKNOWN"",""observed_provider"":""Baidu"",""observed_endpoint"":null,""observed_quantization"":null}],""response_cache_status"":""UNKNOWN"",""raw_action_valid"":true,""action_received"":""QUERY"",""value"":""IIIIIII"",""action_applied"":""QUERY"",""feedback"":{""exact"":1,""misplaced"":0},""credits_remaining"":1},{""step"":10,""credits_before"":1,""http_attempts"":[{""attempt_number"":1,""started_at"":""2026-08-16T10:34:59.272Z"",""finished_at"":""2026-08-16T10:35:24.084Z"",""duration_ms"":24811,""status_code"":200,""error_category"":null,""error_message"":null,""usage"":{""input_tokens"":534,""output_tokens"":7,""reasoning_tokens"":null,""cached_tokens"":256,""cache_write_tokens"":null,""total_tokens"":541},""cost_usd"":2.210208e-05,""generation_id"":""gen-1786876521-ZHJYUlV8FQcwmU2W9ylS"",""response_cache_status"":""UNKNOWN"",""observed_provider"":""Baidu"",""observed_endpoint"":null,""observed_quantization"":null}],""response_cache_status"":""UNKNOWN"",""raw_action_valid"":true,""action_received"":""QUERY"",""value"":""JJJJJJJ"",""action_applied"":""QUERY"",""feedback"":{""exact"":1,""misplaced"":0},""credits_remaining"":0},{""step"":11,""credits_before"":0,""http_attempts"":[{""attempt_number"":1,""started_at"":""2026-08-16T10:38:31.759Z"",""finished_at"":""2026-08-16T10:38:57.043Z"",""duration_ms"":25284,""status_code"":200,""error_category"":null,""error_message"":null,""usage"":{""input_tokens"":568,""output_tokens"":1835,""reasoning_tokens"":null,""cached_tokens"":512,""cache_write_tokens"":null,""total_tokens"":2403},""cost_usd"":0.00024654896,""generation_id"":""gen-1786876726-byGEtXoJQRhGAZOU0HYZ"",""response_cache_status"":""UNKNOWN"",""observed_provider"":""Baidu"",""observed_endpoint"":null,""observed_quantization"":null}],""response_cache_status"":""UNKNOWN"",""raw_action_valid"":false,""action"":null,""parse_error"":""response must be exactly QUERY <symbols> or SUBMIT <symbols>"",""consecutive_invalid_responses"":1},{""step"":12,""credits_before"":0,""http_attempts"":[{""attempt_number"":1,""started_at"":""2026-08-16T10:41:06.402Z"",""finished_at"":""2026-08-16T10:41:30.551Z"",""duration_ms"":24149,""status_code"":200,""error_category"":null,""error_message"":null,""usage"":{""input_tokens"":2437,""output_tokens"":8,""reasoning_tokens"":null,""cached_tokens"":512,""cache_write_tokens"":null,""total_tokens"":2445},""cost_usd"":0.00013159496,""generation_id"":""gen-1786876888-i6aCj7DhcStde53bVoni"",""response_cache_status"":""UNKNOWN"",""observed_provider"":""Baidu"",""observed_endpoint"":null,""observed_quantization"":null}],""response_cache_status"":""UNKNOWN"",""raw_action_valid"":true,""action_received"":""SUBMIT"",""value"":""DDCEHIJ"",""action_applied"":""SUBMIT"",""coerced_at_zero_credits"":false,""credits_remaining"":0}]"
f3005e16-7519-4c2d-9f97-cc715cf92c98,f3005e16-7519-4c2d-9f97-cc715cf92c98,1,,8,deepseek,deepseek-v4-flash-0731,deepseek/deepseek-v4-flash-0731,baidu,Baidu,baidu/fp8,,,,D,none,2026-08-16T10:02:23.974Z,2026-08-16T10:41:48.894Z,2364920,3d3baa6feb49226c87c6bc0788fe1936,058d004f4c14fc07,HGABAEA,7,10,10,10,0,BBBBBBB,1,0.14285714285714285,false,partial,12,12,0,1,5052,78,,3328,,5130,0.00016393664000000001,true,true,false,35eb269349366de62767de54014a2ee9e18f1c8ac55a4d1100739e287293bf0b,"{""max_tokens"":8192,""temperature"":null,""top_p"":null,""top_k"":null,""min_p"":null,""seed"":null,""reasoning"":{""enabled"":false,""effort"":null,""max_tokens"":null,""exclude"":true},""thinking"":null}","{""endpoint_slug"":""baidu/fp8"",""quantizations"":null,""allow_fallbacks"":false,""require_parameters"":true}",completed,true,[],,,response must be exactly QUERY <symbols> or SUBMIT <symbols>,"[{""step"":1,""credits_before"":10,""http_attempts"":[{""attempt_number"":1,""started_at"":""2026-08-16T10:02:23.974Z"",""finished_at"":""2026-08-16T10:02:46.810Z"",""duration_ms"":22836,""status_code"":200,""error_category"":null,""error_message"":null,""usage"":{""input_tokens"":234,""output_tokens"":6,""reasoning_tokens"":null,""cached_tokens"":null,""cache_write_tokens"":null,""total_tokens"":240},""cost_usd"":1.58424e-05,""generation_id"":""gen-1786874565-tL3NPEY9u8OVcr1VJWyG"",""response_cache_status"":""UNKNOWN"",""observed_provider"":""Baidu"",""observed_endpoint"":null,""observed_quantization"":null}],""response_cache_status"":""UNKNOWN"",""raw_action_valid"":true,""action_received"":""QUERY"",""value"":""AAAAAAA"",""action_applied"":""QUERY"",""feedback"":{""exact"":3,""misplaced"":0},""credits_remaining"":9},{""step"":2,""credits_before"":9,""http_attempts"":[{""attempt_number"":1,""started_at"":""2026-08-16T10:06:13.832Z"",""finished_at"":""2026-08-16T10:06:38.044Z"",""duration_ms"":24212,""status_code"":200,""error_category"":null,""error_message"":null,""usage"":{""input_tokens"":267,""output_tokens"":6,""reasoning_tokens"":null,""cached_tokens"":256,""cache_write_tokens"":null,""total_tokens"":273},""cost_usd"":4.77848e-06,""generation_id"":""gen-1786874796-n2t3NUDenKvZDki4kTzI"",""response_cache_status"":""UNKNOWN"",""observed_provider"":""Baidu"",""observed_endpoint"":null,""observed_quantization"":null}],""response_cache_status"":""UNKNOWN"",""raw_action_valid"":true,""action_received"":""QUERY"",""value"":""BBBBBBB"",""action_applied"":""QUERY"",""feedback"":{""exact"":1,""misplaced"":0},""credits_remaining"":8},{""step"":3,""credits_before"":8,""http_attempts"":[{""attempt_number"":1,""started_at"":""2026-08-16T10:10:02.502Z"",""finished_at"":""2026-08-16T10:10:26.830Z"",""duration_ms"":24328,""status_code"":200,""error_category"":null,""error_message"":null,""usage"":{""input_tokens"":300,""output_tokens"":6,""reasoning_tokens"":null,""cached_tokens"":256,""cache_write_tokens"":null,""total_tokens"":306},""cost_usd"":6.90368e-06,""generation_id"":""gen-1786875025-k9sTkAWgnkTECwtkjQhf"",""response_cache_status"":""UNKNOWN"",""observed_provider"":""Baidu"",""observed_endpoint"":null,""observed_quantization"":null}],""response_cache_status"":""UNKNOWN"",""raw_action_valid"":true,""action_received"":""QUERY"",""value"":""CCCCCCC"",""action_applied"":""QUERY"",""feedback"":{""exact"":0,""misplaced"":0},""credits_remaining"":7},{""step"":4,""credits_before"":7,""http_attempts"":[{""attempt_number"":1,""started_at"":""2026-08-16T10:13:50.923Z"",""finished_at"":""2026-08-16T10:14:12.501Z"",""duration_ms"":21578,""status_code"":200,""error_category"":null,""error_message"":null,""usage"":{""input_tokens"":333,""output_tokens"":7,""reasoning_tokens"":null,""cached_tokens"":256,""cache_write_tokens"":null,""total_tokens"":340},""cost_usd"":9.15768e-06,""generation_id"":""gen-1786875250-WDGSIEeAS7YaWoxnEz4W"",""response_cache_status"":""UNKNOWN"",""observed_provider"":""Baidu"",""observed_endpoint"":null,""observed_quantization"":null}],""response_cache_status"":""UNKNOWN"",""raw_action_valid"":true,""action_received"":""QUERY"",""value"":""DDDDDDD"",""action_applied"":""QUERY"",""feedback"":{""exact"":0,""misplaced"":0},""credits_remaining"":6},{""step"":5,""credits_before"":6,""http_attempts"":[{""attempt_number"":1,""started_at"":""2026-08-16T10:17:33.550Z"",""finished_at"":""2026-08-16T10:17:57.521Z"",""duration_ms"":23970,""status_code"":200,""error_category"":null,""error_message"":null,""usage"":{""input_tokens"":367,""output_tokens"":7,""reasoning_tokens"":null,""cached_tokens"":256,""cache_write_tokens"":null,""total_tokens"":374},""cost_usd"":1.134728e-05,""generation_id"":""gen-1786875476-z8wYYr395mqVkkLwdIyS"",""response_cache_status"":""UNKNOWN"",""observed_provider"":""Baidu"",""observed_endpoint"":null,""observed_quantization"":null}],""response_cache_status"":""UNKNOWN"",""raw_action_valid"":true,""action_received"":""QUERY"",""value"":""EEEEEEE"",""action_applied"":""QUERY"",""feedback"":{""exact"":1,""misplaced"":0},""credits_remaining"":5},{""step"":6,""credits_before"":5,""http_attempts"":[{""attempt_number"":1,""started_at"":""2026-08-16T10:21:24.171Z"",""finished_at"":""2026-08-16T10:21:42.995Z"",""duration_ms"":18823,""status_code"":200,""error_category"":null,""error_message"":null,""usage"":{""input_tokens"":401,""output_tokens"":7,""reasoning_tokens"":null,""cached_tokens"":256,""cache_write_tokens"":null,""total_tokens"":408},""cost_usd"":1.353688e-05,""generation_id"":""gen-1786875701-RoVYgyfRNjxUJCvCyW9n"",""response_cache_status"":""UNKNOWN"",""observed_provider"":""Baidu"",""observed_endpoint"":null,""observed_quantization"":null}],""response_cache_status"":""UNKNOWN"",""raw_action_valid"":false,""action"":null,""parse_error"":""response must be exactly QUERY <symbols> or SUBMIT <symbols>"",""consecutive_invalid_responses"":1},{""step"":7,""credits_before"":5,""http_attempts"":[{""attempt_number"":1,""started_at"":""2026-08-16T10:24:58.456Z"",""finished_at"":""2026-08-16T10:25:22.583Z"",""duration_ms"":24127,""status_code"":200,""error_category"":null,""error_message"":null,""usage"":{""input_tokens"":442,""output_tokens"":5,""reasoning_tokens"":null,""cached_tokens"":256,""cache_write_tokens"":null,""total_tokens"":447},""cost_usd"":1.591968e-05,""generation_id"":""gen-1786875920-PitOriBSqQ0txLrgU8LX"",""response_cache_status"":""UNKNOWN"",""observed_provider"":""Baidu"",""observed_endpoint"":null,""observed_quantization"":null}],""response_cache_status"":""UNKNOWN"",""raw_action_valid"":true,""action_received"":""QUERY"",""value"":""FFFFFFF"",""action_applied"":""QUERY"",""feedback"":{""exact"":0,""misplaced"":0},""credits_remaining"":4},{""step"":8,""credits_before"":4,""http_attempts"":[{""attempt_number"":1,""started_at"":""2026-08-16T10:28:41.174Z"",""finished_at"":""2026-08-16T10:29:04.727Z"",""duration_ms"":23553,""status_code"":200,""error_category"":null,""error_message"":null,""usage"":{""input_tokens"":474,""output_tokens"":7,""reasoning_tokens"":null,""cached_tokens"":256,""cache_write_tokens"":null,""total_tokens"":481},""cost_usd"":1.823808e-05,""generation_id"":""gen-1786876143-wAOGaeFwGXvufDxJSpNb"",""response_cache_status"":""UNKNOWN"",""observed_provider"":""Baidu"",""observed_endpoint"":null,""observed_quantization"":null}],""response_cache_status"":""UNKNOWN"",""raw_action_valid"":true,""action_received"":""QUERY"",""value"":""GGGGGGG"",""action_applied"":""QUERY"",""feedback"":{""exact"":1,""misplaced"":0},""credits_remaining"":3},{""step"":9,""credits_before"":3,""http_attempts"":[{""attempt_number"":1,""started_at"":""2026-08-16T10:32:17.131Z"",""finished_at"":""2026-08-16T10:32:42.102Z"",""duration_ms"":24971,""status_code"":200,""error_category"":null,""error_message"":null,""usage"":{""input_tokens"":508,""output_tokens"":7,""reasoning_tokens"":null,""cached_tokens"":256,""cache_write_tokens"":null,""total_tokens"":515},""cost_usd"":2.042768e-05,""generation_id"":""gen-1786876359-xtcpGq2IfTnXfWGZWipa"",""response_cache_status"":""UNKNOWN"",""observed_provider"":""Baidu"",""observed_endpoint"":null,""observed_quantization"":null}],""response_cache_status"":""UNKNOWN"",""raw_action_valid"":true,""action_received"":""QUERY"",""value"":""HHHHHHH"",""action_applied"":""QUERY"",""feedback"":{""exact"":1,""misplaced"":0},""credits_remaining"":2},{""step"":10,""credits_before"":2,""http_attempts"":[{""attempt_number"":1,""started_at"":""2026-08-16T10:35:50.486Z"",""finished_at"":""2026-08-16T10:36:14.960Z"",""duration_ms"":24474,""status_code"":200,""error_category"":null,""error_message"":null,""usage"":{""input_tokens"":542,""output_tokens"":6,""reasoning_tokens"":null,""cached_tokens"":256,""cache_write_tokens"":null,""total_tokens"":548},""cost_usd"":2.248848e-05,""generation_id"":""gen-1786876572-81NZ9g2Kk7lX3icD32QW"",""response_cache_status"":""UNKNOWN"",""observed_provider"":""Baidu"",""observed_endpoint"":null,""observed_quantization"":null}],""response_cache_status"":""UNKNOWN"",""raw_action_valid"":true,""action_received"":""QUERY"",""value"":""IIIIIII"",""action_applied"":""QUERY"",""feedback"":{""exact"":0,""misplaced"":0},""credits_remaining"":1},{""step"":11,""credits_before"":1,""http_attempts"":[{""attempt_number"":1,""started_at"":""2026-08-16T10:39:11.921Z"",""finished_at"":""2026-08-16T10:39:32.874Z"",""duration_ms"":20954,""status_code"":200,""error_category"":null,""error_message"":null,""usage"":{""input_tokens"":575,""output_tokens"":7,""reasoning_tokens"":null,""cached_tokens"":512,""cache_write_tokens"":null,""total_tokens"":582},""cost_usd"":1.155336e-05,""generation_id"":""gen-1786876771-hxQbyRqe1FBggpPFjBdD"",""response_cache_status"":""UNKNOWN"",""observed_provider"":""Baidu"",""observed_endpoint"":null,""observed_quantization"":null}],""response_cache_status"":""UNKNOWN"",""raw_action_valid"":true,""action_received"":""QUERY"",""value"":""JJJJJJJ"",""action_applied"":""QUERY"",""feedback"":{""exact"":0,""misplaced"":0},""credits_remaining"":0},{""step"":12,""credits_before"":0,""http_attempts"":[{""attempt_number"":1,""started_at"":""2026-08-16T10:41:24.169Z"",""finished_at"":""2026-08-16T10:41:48.893Z"",""duration_ms"":24725,""status_code"":200,""error_category"":null,""error_message"":null,""usage"":{""input_tokens"":609,""output_tokens"":7,""reasoning_tokens"":null,""cached_tokens"":512,""cache_write_tokens"":null,""total_tokens"":616},""cost_usd"":1.374296e-05,""generation_id"":""gen-1786876906-bYsRj5Rot6egqlFKJhmI"",""response_cache_status"":""UNKNOWN"",""observed_provider"":""Baidu"",""observed_endpoint"":null,""observed_quantization"":null}],""response_cache_status"":""UNKNOWN"",""raw_action_valid"":true,""action_received"":""SUBMIT"",""value"":""BBBBBBB"",""action_applied"":""SUBMIT"",""coerced_at_zero_credits"":false,""credits_remaining"":0}]"
6617e9f6-619f-472a-98d0-ffb5cabcff53,6617e9f6-619f-472a-98d0-ffb5cabcff53,1,,18,deepseek,deepseek-v4-flash-0731,deepseek/deepseek-v4-flash-0731,baidu,Baidu,baidu/fp8,,,,D,none,2026-08-16T10:02:46.811Z,2026-08-16T10:41:54.150Z,2347340,3d3baa6feb49226c87c6bc0788fe1936,eef8433b96d6b052,BCGDHGG,7,10,10,10,0,HBCDGGG,3,0.42857142857142855,false,partial,12,12,0,1,5513,578,,3328,,6091,0.00025802504,true,true,false,35eb269349366de62767de54014a2ee9e18f1c8ac55a4d1100739e287293bf0b,"{""max_tokens"":8192,""temperature"":null,""top_p"":null,""top_k"":null,""min_p"":null,""seed"":null,""reasoning"":{""enabled"":false,""effort"":null,""max_tokens"":null,""exclude"":true},""thinking"":null}","{""endpoint_slug"":""baidu/fp8"",""quantizations"":null,""allow_fallbacks"":false,""require_parameters"":true}",completed,true,[],,,response must be exactly QUERY <symbols> or SUBMIT <symbols>,"[{""step"":1,""credits_before"":10,""http_attempts"":[{""attempt_number"":1,""started_at"":""2026-08-16T10:02:46.811Z"",""finished_at"":""2026-08-16T10:03:10.687Z"",""duration_ms"":23876,""status_code"":200,""error_category"":null,""error_message"":null,""usage"":{""input_tokens"":234,""output_tokens"":6,""reasoning_tokens"":null,""cached_tokens"":null,""cache_write_tokens"":null,""total_tokens"":240},""cost_usd"":1.58424e-05,""generation_id"":""gen-1786874589-ANPFZAmLD5zQu8aIh2Ia"",""response_cache_status"":""UNKNOWN"",""observed_provider"":""Baidu"",""observed_endpoint"":null,""observed_quantization"":null}],""response_cache_status"":""UNKNOWN"",""raw_action_valid"":true,""action_received"":""QUERY"",""value"":""AAAAAAA"",""action_applied"":""QUERY"",""feedback"":{""exact"":0,""misplaced"":0},""credits_remaining"":9},{""step"":2,""credits_before"":9,""http_attempts"":[{""attempt_number"":1,""started_at"":""2026-08-16T10:06:35.192Z"",""finished_at"":""2026-08-16T10:06:59.059Z"",""duration_ms"":23867,""status_code"":200,""error_category"":null,""error_message"":null,""usage"":{""input_tokens"":267,""output_tokens"":6,""reasoning_tokens"":null,""cached_tokens"":256,""cache_write_tokens"":null,""total_tokens"":273},""cost_usd"":4.77848e-06,""generation_id"":""gen-1786874817-fYMInJWDbYQUtPOigXwp"",""response_cache_status"":""UNKNOWN"",""observed_provider"":""Baidu"",""observed_endpoint"":null,""observed_quantization"":null}],""response_cache_status"":""UNKNOWN"",""raw_action_valid"":true,""action_received"":""QUERY"",""value"":""BBBBBBB"",""action_applied"":""QUERY"",""feedback"":{""exact"":1,""misplaced"":0},""credits_remaining"":8},{""step"":3,""credits_before"":8,""http_attempts"":[{""attempt_number"":1,""started_at"":""2026-08-16T10:10:23.514Z"",""finished_at"":""2026-08-16T10:10:47.602Z"",""duration_ms"":24087,""status_code"":200,""error_category"":null,""error_message"":null,""usage"":{""input_tokens"":300,""output_tokens"":6,""reasoning_tokens"":null,""cached_tokens"":256,""cache_write_tokens"":null,""total_tokens"":306},""cost_usd"":6.90368e-06,""generation_id"":""gen-1786875046-q2AsHXPqTEMObmxpePWZ"",""response_cache_status"":""UNKNOWN"",""observed_provider"":""Baidu"",""observed_endpoint"":null,""observed_quantization"":null}],""response_cache_status"":""UNKNOWN"",""raw_action_valid"":true,""action_received"":""QUERY"",""value"":""CCCCCCC"",""action_applied"":""QUERY"",""feedback"":{""exact"":1,""misplaced"":0},""credits_remaining"":7},{""step"":4,""credits_before"":7,""http_attempts"":[{""attempt_number"":1,""started_at"":""2026-08-16T10:14:09.176Z"",""finished_at"":""2026-08-16T10:14:33.081Z"",""duration_ms"":23905,""status_code"":200,""error_category"":null,""error_message"":null,""usage"":{""input_tokens"":333,""output_tokens"":7,""reasoning_tokens"":null,""cached_tokens"":256,""cache_write_tokens"":null,""total_tokens"":340},""cost_usd"":9.15768e-06,""generation_id"":""gen-1786875271-Clm8Ml6dR21Y7oG164n2"",""response_cache_status"":""UNKNOWN"",""observed_provider"":""Baidu"",""observed_endpoint"":null,""observed_quantization"":null}],""response_cache_status"":""UNKNOWN"",""raw_action_valid"":true,""action_received"":""QUERY"",""value"":""DDDDDDD"",""action_applied"":""QUERY"",""feedback"":{""exact"":1,""misplaced"":0},""credits_remaining"":6},{""step"":5,""credits_before"":6,""http_attempts"":[{""attempt_number"":1,""started_at"":""2026-08-16T10:17:54.449Z"",""finished_at"":""2026-08-16T10:18:18.602Z"",""duration_ms"":24154,""status_code"":200,""error_category"":null,""error_message"":null,""usage"":{""input_tokens"":367,""output_tokens"":7,""reasoning_tokens"":null,""cached_tokens"":256,""cache_write_tokens"":null,""total_tokens"":374},""cost_usd"":1.134728e-05,""generation_id"":""gen-1786875497-AmSztcCyuTP1KWWWrI8J"",""response_cache_status"":""UNKNOWN"",""observed_provider"":""Baidu"",""observed_endpoint"":null,""observed_quantization"":null}],""response_cache_status"":""UNKNOWN"",""raw_action_valid"":true,""action_received"":""QUERY"",""value"":""EEEEEEE"",""action_applied"":""QUERY"",""feedback"":{""exact"":0,""misplaced"":0},""credits_remaining"":5},{""step"":6,""credits_before"":5,""http_attempts"":[{""attempt_number"":1,""started_at"":""2026-08-16T10:21:37.013Z"",""finished_at"":""2026-08-16T10:22:00.832Z"",""duration_ms"":23819,""status_code"":200,""error_category"":null,""error_message"":null,""usage"":{""input_tokens"":401,""output_tokens"":5,""reasoning_tokens"":null,""cached_tokens"":256,""cache_write_tokens"":null,""total_tokens"":406},""cost_usd"":1.327928e-05,""generation_id"":""gen-1786875719-iJYK99t8mX3BTkRIcIbA"",""response_cache_status"":""UNKNOWN"",""observed_provider"":""Baidu"",""observed_endpoint"":null,""observed_quantization"":null}],""response_cache_status"":""UNKNOWN"",""raw_action_valid"":true,""action_received"":""QUERY"",""value"":""FFFFFFF"",""action_applied"":""QUERY"",""feedback"":{""exact"":0,""misplaced"":0},""credits_remaining"":4},{""step"":7,""credits_before"":4,""http_attempts"":[{""attempt_number"":1,""started_at"":""2026-08-16T10:25:16.489Z"",""finished_at"":""2026-08-16T10:25:40.330Z"",""duration_ms"":23841,""status_code"":200,""error_category"":null,""error_message"":null,""usage"":{""input_tokens"":433,""output_tokens"":7,""reasoning_tokens"":null,""cached_tokens"":256,""cache_write_tokens"":null,""total_tokens"":440},""cost_usd"":1.559768e-05,""generation_id"":""gen-1786875938-CScqn6bzHxY3g8o9EJHC"",""response_cache_status"":""UNKNOWN"",""observed_provider"":""Baidu"",""observed_endpoint"":null,""observed_quantization"":null}],""response_cache_status"":""UNKNOWN"",""raw_action_valid"":true,""action_received"":""QUERY"",""value"":""GGGGGGG"",""action_applied"":""QUERY"",""feedback"":{""exact"":3,""misplaced"":0},""credits_remaining"":3},{""step"":8,""credits_before"":3,""http_attempts"":[{""attempt_number"":1,""started_at"":""2026-08-16T10:28:56.033Z"",""finished_at"":""2026-08-16T10:29:20.547Z"",""duration_ms"":24514,""status_code"":200,""error_category"":null,""error_message"":null,""usage"":{""input_tokens"":467,""output_tokens"":7,""reasoning_tokens"":null,""cached_tokens"":256,""cache_write_tokens"":null,""total_tokens"":474},""cost_usd"":1.778728e-05,""generation_id"":""gen-1786876158-Y87R101gAKlyiPM46cIP"",""response_cache_status"":""UNKNOWN"",""observed_provider"":""Baidu"",""observed_endpoint"":null,""observed_quantization"":null}],""response_cache_status"":""UNKNOWN"",""raw_action_valid"":true,""action_received"":""QUERY"",""value"":""HHHHHHH"",""action_applied"":""QUERY"",""feedback"":{""exact"":1,""misplaced"":0},""credits_remaining"":2},{""step"":9,""credits_before"":2,""http_attempts"":[{""attempt_number"":1,""started_at"":""2026-08-16T10:32:30.065Z"",""finished_at"":""2026-08-16T10:32:53.092Z"",""duration_ms"":23027,""status_code"":200,""error_category"":null,""error_message"":null,""usage"":{""input_tokens"":501,""output_tokens"":6,""reasoning_tokens"":null,""cached_tokens"":256,""cache_write_tokens"":null,""total_tokens"":507},""cost_usd"":1.984808e-05,""generation_id"":""gen-1786876371-U7qdlmoPIfmazbVwt1GG"",""response_cache_status"":""UNKNOWN"",""observed_provider"":""Baidu"",""observed_endpoint"":null,""observed_quantization"":null}],""response_cache_status"":""UNKNOWN"",""raw_action_valid"":true,""action_received"":""QUERY"",""value"":""IIIIIII"",""action_applied"":""QUERY"",""feedback"":{""exact"":0,""misplaced"":0},""credits_remaining"":1},{""step"":10,""credits_before"":1,""http_attempts"":[{""attempt_number"":1,""started_at"":""2026-08-16T10:36:04.164Z"",""finished_at"":""2026-08-16T10:36:26.753Z"",""duration_ms"":22589,""status_code"":200,""error_category"":null,""error_message"":null,""usage"":{""input_tokens"":534,""output_tokens"":7,""reasoning_tokens"":null,""cached_tokens"":256,""cache_write_tokens"":null,""total_tokens"":541},""cost_usd"":2.210208e-05,""generation_id"":""gen-1786876584-UoBlMz5yyh783AVXPaFt"",""response_cache_status"":""UNKNOWN"",""observed_provider"":""Baidu"",""observed_endpoint"":null,""observed_quantization"":null}],""response_cache_status"":""UNKNOWN"",""raw_action_valid"":true,""action_received"":""QUERY"",""value"":""JJJJJJJ"",""action_applied"":""QUERY"",""feedback"":{""exact"":0,""misplaced"":0},""credits_remaining"":0},{""step"":11,""credits_before"":0,""http_attempts"":[{""attempt_number"":1,""started_at"":""2026-08-16T10:39:25.437Z"",""finished_at"":""2026-08-16T10:39:47.719Z"",""duration_ms"":22282,""status_code"":200,""error_category"":null,""error_message"":null,""usage"":{""input_tokens"":568,""output_tokens"":506,""reasoning_tokens"":null,""cached_tokens"":512,""cache_write_tokens"":null,""total_tokens"":1074},""cost_usd"":7.537376e-05,""generation_id"":""gen-1786876783-8omLqLHfz4KOs7sDfjWG"",""response_cache_status"":""UNKNOWN"",""observed_provider"":""Baidu"",""observed_endpoint"":null,""observed_quantization"":null}],""response_cache_status"":""UNKNOWN"",""raw_action_valid"":false,""action"":null,""parse_error"":""response must be exactly QUERY <symbols> or SUBMIT <symbols>"",""consecutive_invalid_responses"":1},{""step"":12,""credits_before"":0,""http_attempts"":[{""attempt_number"":1,""started_at"":""2026-08-16T10:41:30.609Z"",""finished_at"":""2026-08-16T10:41:54.150Z"",""duration_ms"":23541,""status_code"":200,""error_category"":null,""error_message"":null,""usage"":{""input_tokens"":1108,""output_tokens"":8,""reasoning_tokens"":null,""cached_tokens"":512,""cache_write_tokens"":null,""total_tokens"":1116},""cost_usd"":4.600736e-05,""generation_id"":""gen-1786876912-6xRnMr46wzrFrgLmV4lV"",""response_cache_status"":""UNKNOWN"",""observed_provider"":""Baidu"",""observed_endpoint"":null,""observed_quantization"":null}],""response_cache_status"":""UNKNOWN"",""raw_action_valid"":true,""action_received"":""SUBMIT"",""value"":""HBCDGGG"",""action_applied"":""SUBMIT"",""coerced_at_zero_credits"":false,""credits_remaining"":0}]"
debc51c5-f194-4535-a753-ab195c4394ee,debc51c5-f194-4535-a753-ab195c4394ee,1,,6,deepseek,deepseek-v4-flash-0731,deepseek/deepseek-v4-flash-0731,baidu,Baidu,baidu/fp8,,,,B,same_model_instance,2026-08-16T10:02:49.827Z,2026-08-16T10:41:57.073Z,2347246,3d3baa6feb49226c87c6bc0788fe1936,2da17a39eb2da3fa,DGFDDHH,7,10,10,9,1,BCDEFGH,1,0.14285714285714285,false,partial,12,12,0,2,5453,81,,3840,,5534,0.00016376920000000004,true,true,false,beac9c73922a2ffe8812688677869d60b795a42f7917e7d966869980810162d3,"{""max_tokens"":8192,""temperature"":null,""top_p"":null,""top_k"":null,""min_p"":null,""seed"":null,""reasoning"":{""enabled"":false,""effort"":null,""max_tokens"":null,""exclude"":true},""thinking"":null}","{""endpoint_slug"":""baidu/fp8"",""quantizations"":null,""allow_fallbacks"":false,""require_parameters"":true}",completed,true,[],,,response must be exactly QUERY <symbols> or SUBMIT <symbols>,"[{""step"":1,""credits_before"":10,""http_attempts"":[{""attempt_number"":1,""started_at"":""2026-08-16T10:02:49.828Z"",""finished_at"":""2026-08-16T10:03:13.678Z"",""duration_ms"":23850,""status_code"":200,""error_category"":null,""error_message"":null,""usage"":{""input_tokens"":263,""output_tokens"":6,""reasoning_tokens"":null,""cached_tokens"":256,""cache_write_tokens"":null,""total_tokens"":269},""cost_usd"":4.52088e-06,""generation_id"":""gen-1786874592-ozqjknHK1gl31rhcFAZm"",""response_cache_status"":""UNKNOWN"",""observed_provider"":""Baidu"",""observed_endpoint"":null,""observed_quantization"":null}],""response_cache_status"":""UNKNOWN"",""raw_action_valid"":true,""action_received"":""QUERY"",""value"":""ABCDEFG"",""action_applied"":""QUERY"",""feedback"":{""exact"":1,""misplaced"":2},""credits_remaining"":9},{""step"":2,""credits_before"":9,""http_attempts"":[{""attempt_number"":1,""started_at"":""2026-08-16T10:06:38.045Z"",""finished_at"":""2026-08-16T10:07:02.020Z"",""duration_ms"":23975,""status_code"":200,""error_category"":null,""error_message"":null,""usage"":{""input_tokens"":296,""output_tokens"":7,""reasoning_tokens"":null,""cached_tokens"":256,""cache_write_tokens"":null,""total_tokens"":303},""cost_usd"":6.77488e-06,""generation_id"":""gen-1786874820-F877wvWZ00p9HsHfaH5D"",""response_cache_status"":""UNKNOWN"",""observed_provider"":""Baidu"",""observed_endpoint"":null,""observed_quantization"":null}],""response_cache_status"":""UNKNOWN"",""raw_action_valid"":false,""action"":null,""parse_error"":""response must contain exactly 7 symbols"",""consecutive_invalid_responses"":1},{""step"":3,""credits_before"":9,""http_attempts"":[{""attempt_number"":1,""started_at"":""2026-08-16T10:10:26.831Z"",""finished_at"":""2026-08-16T10:10:50.522Z"",""duration_ms"":23690,""status_code"":200,""error_category"":null,""error_message"":null,""usage"":{""input_tokens"":337,""output_tokens"":6,""reasoning_tokens"":null,""cached_tokens"":256,""cache_write_tokens"":null,""total_tokens"":343},""cost_usd"":9.28648e-06,""generation_id"":""gen-1786875049-PytxNTspul81ZAsnzp1W"",""response_cache_status"":""UNKNOWN"",""observed_provider"":""Baidu"",""observed_endpoint"":null,""observed_quantization"":null}],""response_cache_status"":""UNKNOWN"",""raw_action_valid"":true,""action_received"":""QUERY"",""value"":""ABCDEFH"",""action_applied"":""QUERY"",""feedback"":{""exact"":2,""misplaced"":1},""credits_remaining"":8},{""step"":4,""credits_before"":8,""http_attempts"":[{""attempt_number"":1,""started_at"":""2026-08-16T10:14:12.502Z"",""finished_at"":""2026-08-16T10:14:36.365Z"",""duration_ms"":23863,""status_code"":200,""error_category"":null,""error_message"":null,""usage"":{""input_tokens"":370,""output_tokens"":6,""reasoning_tokens"":null,""cached_tokens"":256,""cache_write_tokens"":null,""total_tokens"":376},""cost_usd"":1.141168e-05,""generation_id"":""gen-1786875274-tOscdkBxMzOvlJ00j7Xf"",""response_cache_status"":""UNKNOWN"",""observed_provider"":""Baidu"",""observed_endpoint"":null,""observed_quantization"":null}],""response_cache_status"":""UNKNOWN"",""raw_action_valid"":true,""action_received"":""QUERY"",""value"":""ABCDEFI"",""action_applied"":""QUERY"",""feedback"":{""exact"":1,""misplaced"":1},""credits_remaining"":7},{""step"":5,""credits_before"":7,""http_attempts"":[{""attempt_number"":1,""started_at"":""2026-08-16T10:17:57.521Z"",""finished_at"":""2026-08-16T10:18:21.912Z"",""duration_ms"":24391,""status_code"":200,""error_category"":null,""error_message"":null,""usage"":{""input_tokens"":403,""output_tokens"":7,""reasoning_tokens"":null,""cached_tokens"":256,""cache_write_tokens"":null,""total_tokens"":410},""cost_usd"":1.366568e-05,""generation_id"":""gen-1786875500-8fLxKF4Q4CA3MFOzxiV6"",""response_cache_status"":""UNKNOWN"",""observed_provider"":""Baidu"",""observed_endpoint"":null,""observed_quantization"":null}],""response_cache_status"":""UNKNOWN"",""raw_action_valid"":true,""action_received"":""QUERY"",""value"":""BCDEFGH"",""action_applied"":""QUERY"",""feedback"":{""exact"":1,""misplaced"":3},""credits_remaining"":6},{""step"":6,""credits_before"":6,""http_attempts"":[{""attempt_number"":1,""started_at"":""2026-08-16T10:21:42.996Z"",""finished_at"":""2026-08-16T10:22:04.018Z"",""duration_ms"":21022,""status_code"":200,""error_category"":null,""error_message"":null,""usage"":{""input_tokens"":437,""output_tokens"":7,""reasoning_tokens"":null,""cached_tokens"":256,""cache_write_tokens"":null,""total_tokens"":444},""cost_usd"":1.585528e-05,""generation_id"":""gen-1786875722-gxWUtOPl6gLqompVcIok"",""response_cache_status"":""UNKNOWN"",""observed_provider"":""Baidu"",""observed_endpoint"":null,""observed_quantization"":null}],""response_cache_status"":""UNKNOWN"",""raw_action_valid"":true,""action_received"":""QUERY"",""value"":""BCDEFGI"",""action_applied"":""QUERY"",""feedback"":{""exact"":0,""misplaced"":3},""credits_remaining"":5},{""step"":7,""credits_before"":5,""http_attempts"":[{""attempt_number"":1,""started_at"":""2026-08-16T10:25:19.343Z"",""finished_at"":""2026-08-16T10:25:43.566Z"",""duration_ms"":24223,""status_code"":200,""error_category"":null,""error_message"":null,""usage"":{""input_tokens"":471,""output_tokens"":7,""reasoning_tokens"":null,""cached_tokens"":256,""cache_write_tokens"":null,""total_tokens"":478},""cost_usd"":1.804488e-05,""generation_id"":""gen-1786875941-GwJkBMhCCtqxSLeIFta0"",""response_cache_status"":""UNKNOWN"",""observed_provider"":""Baidu"",""observed_endpoint"":null,""observed_quantization"":null}],""response_cache_status"":""UNKNOWN"",""raw_action_valid"":true,""action_received"":""QUERY"",""value"":""CDEFGHI"",""action_applied"":""QUERY"",""feedback"":{""exact"":1,""misplaced"":3},""credits_remaining"":4},{""step"":8,""credits_before"":4,""http_attempts"":[{""attempt_number"":1,""started_at"":""2026-08-16T10:28:58.977Z"",""finished_at"":""2026-08-16T10:29:22.735Z"",""duration_ms"":23758,""status_code"":200,""error_category"":null,""error_message"":null,""usage"":{""input_tokens"":505,""output_tokens"":7,""reasoning_tokens"":null,""cached_tokens"":256,""cache_write_tokens"":null,""total_tokens"":512},""cost_usd"":2.023448e-05,""generation_id"":""gen-1786876161-HezIqgV9wnvSnwg5TBlb"",""response_cache_status"":""UNKNOWN"",""observed_provider"":""Baidu"",""observed_endpoint"":null,""observed_quantization"":null}],""response_cache_status"":""UNKNOWN"",""raw_action_valid"":true,""action_received"":""QUERY"",""value"":""CDEFGHJ"",""action_applied"":""QUERY"",""feedback"":{""exact"":1,""misplaced"":3},""credits_remaining"":3},{""step"":9,""credits_before"":3,""http_attempts"":[{""attempt_number"":1,""started_at"":""2026-08-16T10:32:33.051Z"",""finished_at"":""2026-08-16T10:32:56.168Z"",""duration_ms"":23117,""status_code"":200,""error_category"":null,""error_message"":null,""usage"":{""input_tokens"":539,""output_tokens"":6,""reasoning_tokens"":null,""cached_tokens"":256,""cache_write_tokens"":null,""total_tokens"":545},""cost_usd"":2.229528e-05,""generation_id"":""gen-1786876374-W0dZGz213gHXYwVBzKGW"",""response_cache_status"":""UNKNOWN"",""observed_provider"":""Baidu"",""observed_endpoint"":null,""observed_quantization"":null}],""response_cache_status"":""UNKNOWN"",""raw_action_valid"":true,""action_received"":""QUERY"",""value"":""DEFGHIJ"",""action_applied"":""QUERY"",""feedback"":{""exact"":2,""misplaced"":2},""credits_remaining"":2},{""step"":10,""credits_before"":2,""http_attempts"":[{""attempt_number"":1,""started_at"":""2026-08-16T10:36:05.509Z"",""finished_at"":""2026-08-16T10:36:29.678Z"",""duration_ms"":24168,""status_code"":200,""error_category"":null,""error_message"":null,""usage"":{""input_tokens"":572,""output_tokens"":7,""reasoning_tokens"":null,""cached_tokens"":512,""cache_write_tokens"":null,""total_tokens"":579},""cost_usd"":1.136016e-05,""generation_id"":""gen-1786876588-D6IMFt5Yy1fEPY2gqSOm"",""response_cache_status"":""UNKNOWN"",""observed_provider"":""Baidu"",""observed_endpoint"":null,""observed_quantization"":null}],""response_cache_status"":""UNKNOWN"",""raw_action_valid"":false,""action"":null,""parse_error"":""response must be exactly QUERY <symbols> or SUBMIT <symbols>"",""consecutive_invalid_responses"":1},{""step"":11,""credits_before"":2,""http_attempts"":[{""attempt_number"":1,""started_at"":""2026-08-16T10:39:26.957Z"",""finished_at"":""2026-08-16T10:39:48.502Z"",""duration_ms"":21544,""status_code"":200,""error_category"":null,""error_message"":null,""usage"":{""input_tokens"":613,""output_tokens"":7,""reasoning_tokens"":null,""cached_tokens"":512,""cache_write_tokens"":null,""total_tokens"":620},""cost_usd"":1.400056e-05,""generation_id"":""gen-1786876786-YVrZD4CeklJ3djbTytom"",""response_cache_status"":""UNKNOWN"",""observed_provider"":""Baidu"",""observed_endpoint"":null,""observed_quantization"":null}],""response_cache_status"":""UNKNOWN"",""raw_action_valid"":true,""action_received"":""QUERY"",""value"":""EFGHIJA"",""action_applied"":""QUERY"",""feedback"":{""exact"":0,""misplaced"":3},""credits_remaining"":1},{""step"":12,""credits_before"":1,""http_attempts"":[{""attempt_number"":1,""started_at"":""2026-08-16T10:41:33.484Z"",""finished_at"":""2026-08-16T10:41:57.073Z"",""duration_ms"":23589,""status_code"":200,""error_category"":null,""error_message"":null,""usage"":{""input_tokens"":647,""output_tokens"":8,""reasoning_tokens"":null,""cached_tokens"":512,""cache_write_tokens"":null,""total_tokens"":655},""cost_usd"":1.631896e-05,""generation_id"":""gen-1786876915-o5OJTAM7fy39cdm3g6Yf"",""response_cache_status"":""UNKNOWN"",""observed_provider"":""Baidu"",""observed_endpoint"":null,""observed_quantization"":null}],""response_cache_status"":""UNKNOWN"",""raw_action_valid"":true,""action_received"":""SUBMIT"",""value"":""BCDEFGH"",""action_applied"":""SUBMIT"",""coerced_at_zero_credits"":false,""credits_remaining"":1}]"
929604f6-1646-4811-8435-613df1bc6b2f,929604f6-1646-4811-8435-613df1bc6b2f,1,,12,deepseek,deepseek-v4-flash-0731,deepseek/deepseek-v4-flash-0731,baidu,Baidu,baidu/fp8,,,,D,none,2026-08-16T09:59:50.002Z,2026-08-16T10:42:21.265Z,2551263,3d3baa6feb49226c87c6bc0788fe1936,5d8640ce41647693,AEABFDA,7,10,10,9,1,AABBBCC,2,0.2857142857142857,false,partial,13,13,0,3,5831,86,,3840,,5917,0.0001887564,true,true,false,35eb269349366de62767de54014a2ee9e18f1c8ac55a4d1100739e287293bf0b,"{""max_tokens"":8192,""temperature"":null,""top_p"":null,""top_k"":null,""min_p"":null,""seed"":null,""reasoning"":{""enabled"":false,""effort"":null,""max_tokens"":null,""exclude"":true},""thinking"":null}","{""endpoint_slug"":""baidu/fp8"",""quantizations"":null,""allow_fallbacks"":false,""require_parameters"":true}",completed,true,[],,,response must contain exactly 7 symbols,"[{""step"":1,""credits_before"":10,""http_attempts"":[{""attempt_number"":1,""started_at"":""2026-08-16T09:59:50.002Z"",""finished_at"":""2026-08-16T10:00:13.548Z"",""duration_ms"":23547,""status_code"":200,""error_category"":null,""error_message"":null,""usage"":{""input_tokens"":234,""output_tokens"":6,""reasoning_tokens"":null,""cached_tokens"":null,""cache_write_tokens"":null,""total_tokens"":240},""cost_usd"":1.58424e-05,""generation_id"":""gen-1786874412-QWwPklXyw2tf6MoMjhZX"",""response_cache_status"":""UNKNOWN"",""observed_provider"":""Baidu"",""observed_endpoint"":null,""observed_quantization"":null}],""response_cache_status"":""UNKNOWN"",""raw_action_valid"":true,""action_received"":""QUERY"",""value"":""AAAAAAA"",""action_applied"":""QUERY"",""feedback"":{""exact"":3,""misplaced"":0},""credits_remaining"":9},{""step"":2,""credits_before"":9,""http_attempts"":[{""attempt_number"":1,""started_at"":""2026-08-16T10:03:47.203Z"",""finished_at"":""2026-08-16T10:04:10.850Z"",""duration_ms"":23647,""status_code"":200,""error_category"":null,""error_message"":null,""usage"":{""input_tokens"":267,""output_tokens"":7,""reasoning_tokens"":null,""cached_tokens"":null,""cache_write_tokens"":null,""total_tokens"":274},""cost_usd"":1.80964e-05,""generation_id"":""gen-1786874649-9Ugn7P2UmSSKRhRI9Vr1"",""response_cache_status"":""UNKNOWN"",""observed_provider"":""Baidu"",""observed_endpoint"":null,""observed_quantization"":null}],""response_cache_status"":""UNKNOWN"",""raw_action_valid"":true,""action_received"":""QUERY"",""value"":""AABBBCC"",""action_applied"":""QUERY"",""feedback"":{""exact"":2,""misplaced"":1},""credits_remaining"":8},{""step"":3,""credits_before"":8,""http_attempts"":[{""attempt_number"":1,""started_at"":""2026-08-16T10:07:35.119Z"",""finished_at"":""2026-08-16T10:07:59.195Z"",""duration_ms"":24076,""status_code"":200,""error_category"":null,""error_message"":null,""usage"":{""input_tokens"":301,""output_tokens"":7,""reasoning_tokens"":null,""cached_tokens"":256,""cache_write_tokens"":null,""total_tokens"":308},""cost_usd"":7.09688e-06,""generation_id"":""gen-1786874877-AeCLWkkz8KzPMRD5Ofi4"",""response_cache_status"":""UNKNOWN"",""observed_provider"":""Baidu"",""observed_endpoint"":null,""observed_quantization"":null}],""response_cache_status"":""UNKNOWN"",""raw_action_valid"":false,""action"":null,""parse_error"":""response must contain exactly 7 symbols"",""consecutive_invalid_responses"":1},{""step"":4,""credits_before"":8,""http_attempts"":[{""attempt_number"":1,""started_at"":""2026-08-16T10:11:23.537Z"",""finished_at"":""2026-08-16T10:11:47.719Z"",""duration_ms"":24182,""status_code"":200,""error_category"":null,""error_message"":null,""usage"":{""input_tokens"":342,""output_tokens"":7,""reasoning_tokens"":null,""cached_tokens"":256,""cache_write_tokens"":null,""total_tokens"":349},""cost_usd"":9.73728e-06,""generation_id"":""gen-1786875106-ixUSJNHc0A0LLRUGr4Z2"",""response_cache_status"":""UNKNOWN"",""observed_provider"":""Baidu"",""observed_endpoint"":null,""observed_quantization"":null}],""response_cache_status"":""UNKNOWN"",""raw_action_valid"":true,""action_received"":""QUERY"",""value"":""AAADDDD"",""action_applied"":""QUERY"",""feedback"":{""exact"":3,""misplaced"":1},""credits_remaining"":7},{""step"":5,""credits_before"":7,""http_attempts"":[{""attempt_number"":1,""started_at"":""2026-08-16T10:15:09.989Z"",""finished_at"":""2026-08-16T10:15:33.383Z"",""duration_ms"":23394,""status_code"":200,""error_category"":null,""error_message"":null,""usage"":{""input_tokens"":376,""output_tokens"":6,""reasoning_tokens"":null,""cached_tokens"":256,""cache_write_tokens"":null,""total_tokens"":382},""cost_usd"":1.179808e-05,""generation_id"":""gen-1786875331-L78cRlcU2lGNeuikr36O"",""response_cache_status"":""UNKNOWN"",""observed_provider"":""Baidu"",""observed_endpoint"":null,""observed_quantization"":null}],""response_cache_status"":""UNKNOWN"",""raw_action_valid"":false,""action"":null,""parse_error"":""response must contain exactly 7 symbols"",""consecutive_invalid_responses"":1},{""step"":6,""credits_before"":7,""http_attempts"":[{""attempt_number"":1,""started_at"":""2026-08-16T10:18:57.652Z"",""finished_at"":""2026-08-16T10:19:18.650Z"",""duration_ms"":20998,""status_code"":200,""error_category"":null,""error_message"":null,""usage"":{""input_tokens"":416,""output_tokens"":6,""reasoning_tokens"":null,""cached_tokens"":256,""cache_write_tokens"":null,""total_tokens"":422},""cost_usd"":1.437408e-05,""generation_id"":""gen-1786875557-sBVz0e9oZxtE0I0Ly60p"",""response_cache_status"":""UNKNOWN"",""observed_provider"":""Baidu"",""observed_endpoint"":null,""observed_quantization"":null}],""response_cache_status"":""UNKNOWN"",""raw_action_valid"":true,""action_received"":""QUERY"",""value"":""AAAEEEF"",""action_applied"":""QUERY"",""feedback"":{""exact"":2,""misplaced"":3},""credits_remaining"":6},{""step"":7,""credits_before"":6,""http_attempts"":[{""attempt_number"":1,""started_at"":""2026-08-16T10:22:40.529Z"",""finished_at"":""2026-08-16T10:22:57.991Z"",""duration_ms"":17462,""status_code"":200,""error_category"":null,""error_message"":null,""usage"":{""input_tokens"":449,""output_tokens"":7,""reasoning_tokens"":null,""cached_tokens"":256,""cache_write_tokens"":null,""total_tokens"":456},""cost_usd"":1.662808e-05,""generation_id"":""gen-1786875776-vDLHSmqWxu0jOyxmseTP"",""response_cache_status"":""UNKNOWN"",""observed_provider"":""Baidu"",""observed_endpoint"":null,""observed_quantization"":null}],""response_cache_status"":""UNKNOWN"",""raw_action_valid"":false,""action"":null,""parse_error"":""response must contain exactly 7 symbols"",""consecutive_invalid_responses"":1},{""step"":8,""credits_before"":6,""http_attempts"":[{""attempt_number"":1,""started_at"":""2026-08-16T10:26:22.638Z"",""finished_at"":""2026-08-16T10:26:40.730Z"",""duration_ms"":18092,""status_code"":200,""error_category"":null,""error_message"":null,""usage"":{""input_tokens"":490,""output_tokens"":7,""reasoning_tokens"":null,""cached_tokens"":256,""cache_write_tokens"":null,""total_tokens"":497},""cost_usd"":1.926848e-05,""generation_id"":""gen-1786875999-F6bDZKd5OQpN8Ah4pwXJ"",""response_cache_status"":""UNKNOWN"",""observed_provider"":""Baidu"",""observed_endpoint"":null,""observed_quantization"":null}],""response_cache_status"":""UNKNOWN"",""raw_action_valid"":true,""action_received"":""QUERY"",""value"":""AAAGGGH"",""action_applied"":""QUERY"",""feedback"":{""exact"":2,""misplaced"":1},""credits_remaining"":5},{""step"":9,""credits_before"":5,""http_attempts"":[{""attempt_number"":1,""started_at"":""2026-08-16T10:29:52.673Z"",""finished_at"":""2026-08-16T10:30:13.923Z"",""duration_ms"":21251,""status_code"":200,""error_category"":null,""error_message"":null,""usage"":{""input_tokens"":524,""output_tokens"":7,""reasoning_tokens"":null,""cached_tokens"":256,""cache_write_tokens"":null,""total_tokens"":531},""cost_usd"":2.145808e-05,""generation_id"":""gen-1786876212-lTsQLYcf3cPiahqDWlBr"",""response_cache_status"":""UNKNOWN"",""observed_provider"":""Baidu"",""observed_endpoint"":null,""observed_quantization"":null}],""response_cache_status"":""UNKNOWN"",""raw_action_valid"":true,""action_received"":""QUERY"",""value"":""AAIIJJJ"",""action_applied"":""QUERY"",""feedback"":{""exact"":1,""misplaced"":1},""credits_remaining"":4},{""step"":10,""credits_before"":4,""http_attempts"":[{""attempt_number"":1,""started_at"":""2026-08-16T10:33:23.255Z"",""finished_at"":""2026-08-16T10:33:44.752Z"",""duration_ms"":21497,""status_code"":200,""error_category"":null,""error_message"":null,""usage"":{""input_tokens"":558,""output_tokens"":6,""reasoning_tokens"":null,""cached_tokens"":512,""cache_write_tokens"":null,""total_tokens"":564},""cost_usd"":1.032976e-05,""generation_id"":""gen-1786876422-F9OwbSpV76gkCw1tC7zG"",""response_cache_status"":""UNKNOWN"",""observed_provider"":""Baidu"",""observed_endpoint"":null,""observed_quantization"":null}],""response_cache_status"":""UNKNOWN"",""raw_action_valid"":true,""action_received"":""QUERY"",""value"":""BBBCCCD"",""action_applied"":""QUERY"",""feedback"":{""exact"":0,""misplaced"":2},""credits_remaining"":3},{""step"":11,""credits_before"":3,""http_attempts"":[{""attempt_number"":1,""started_at"":""2026-08-16T10:36:53.728Z"",""finished_at"":""2026-08-16T10:37:14.530Z"",""duration_ms"":20802,""status_code"":200,""error_category"":null,""error_message"":null,""usage"":{""input_tokens"":591,""output_tokens"":6,""reasoning_tokens"":null,""cached_tokens"":512,""cache_write_tokens"":null,""total_tokens"":597},""cost_usd"":1.245496e-05,""generation_id"":""gen-1786876633-g7QlmyFizMLssvqwqAXt"",""response_cache_status"":""UNKNOWN"",""observed_provider"":""Baidu"",""observed_endpoint"":null,""observed_quantization"":null}],""response_cache_status"":""UNKNOWN"",""raw_action_valid"":true,""action_received"":""QUERY"",""value"":""BBBDDDE"",""action_applied"":""QUERY"",""feedback"":{""exact"":1,""misplaced"":2},""credits_remaining"":2},{""step"":12,""credits_before"":2,""http_attempts"":[{""attempt_number"":1,""started_at"":""2026-08-16T10:39:57.190Z"",""finished_at"":""2026-08-16T10:40:17.933Z"",""duration_ms"":20744,""status_code"":200,""error_category"":null,""error_message"":null,""usage"":{""input_tokens"":625,""output_tokens"":6,""reasoning_tokens"":null,""cached_tokens"":512,""cache_write_tokens"":null,""total_tokens"":631},""cost_usd"":1.464456e-05,""generation_id"":""gen-1786876816-uL3GAZjhhWxn1QJ4OBh8"",""response_cache_status"":""UNKNOWN"",""observed_provider"":""Baidu"",""observed_endpoint"":null,""observed_quantization"":null}],""response_cache_status"":""UNKNOWN"",""raw_action_valid"":true,""action_received"":""QUERY"",""value"":""CCCCEEE"",""action_applied"":""QUERY"",""feedback"":{""exact"":0,""misplaced"":1},""credits_remaining"":1},{""step"":13,""credits_before"":1,""http_attempts"":[{""attempt_number"":1,""started_at"":""2026-08-16T10:41:57.124Z"",""finished_at"":""2026-08-16T10:42:21.264Z"",""duration_ms"":24140,""status_code"":200,""error_category"":null,""error_message"":null,""usage"":{""input_tokens"":658,""output_tokens"":8,""reasoning_tokens"":null,""cached_tokens"":512,""cache_write_tokens"":null,""total_tokens"":666},""cost_usd"":1.702736e-05,""generation_id"":""gen-1786876939-Q1jUBKpQIpV211PE1Eha"",""response_cache_status"":""UNKNOWN"",""observed_provider"":""Baidu"",""observed_endpoint"":null,""observed_quantization"":null}],""response_cache_status"":""UNKNOWN"",""raw_action_valid"":true,""action_received"":""SUBMIT"",""value"":""AABBBCC"",""action_applied"":""SUBMIT"",""coerced_at_zero_credits"":false,""credits_remaining"":1}]"
642cc3b7-d073-4c6b-8204-dda44bacf7e5,642cc3b7-d073-4c6b-8204-dda44bacf7e5,1,,10,deepseek,deepseek-v4-flash-0731,deepseek/deepseek-v4-flash-0731,baidu,Baidu,baidu/fp8,,,,D,none,2026-08-16T09:59:52.751Z,2026-08-16T10:42:30.131Z,2557381,3d3baa6feb49226c87c6bc0788fe1936,fe52ba01a21050f6,CJDHJHF,7,10,10,10,0,CDHJJFH,2,0.2857142857142857,false,partial,13,13,0,2,8699,2374,1,4352,,11073,0.0006417717600000001,true,true,false,35eb269349366de62767de54014a2ee9e18f1c8ac55a4d1100739e287293bf0b,"{""max_tokens"":8192,""temperature"":null,""top_p"":null,""top_k"":null,""min_p"":null,""seed"":null,""reasoning"":{""enabled"":false,""effort"":null,""max_tokens"":null,""exclude"":true},""thinking"":null}","{""endpoint_slug"":""baidu/fp8"",""quantizations"":null,""allow_fallbacks"":false,""require_parameters"":true}",completed,true,[],,,response must be exactly QUERY <symbols> or SUBMIT <symbols>,"[{""step"":1,""credits_before"":10,""http_attempts"":[{""attempt_number"":1,""started_at"":""2026-08-16T09:59:52.751Z"",""finished_at"":""2026-08-16T10:00:16.580Z"",""duration_ms"":23829,""status_code"":200,""error_category"":null,""error_message"":null,""usage"":{""input_tokens"":234,""output_tokens"":6,""reasoning_tokens"":null,""cached_tokens"":null,""cache_write_tokens"":null,""total_tokens"":240},""cost_usd"":1.58424e-05,""generation_id"":""gen-1786874415-BYJad9UvRG5D6ezNvjQA"",""response_cache_status"":""UNKNOWN"",""observed_provider"":""Baidu"",""observed_endpoint"":null,""observed_quantization"":null}],""response_cache_status"":""UNKNOWN"",""raw_action_valid"":true,""action_received"":""QUERY"",""value"":""AAAAAAA"",""action_applied"":""QUERY"",""feedback"":{""exact"":0,""misplaced"":0},""credits_remaining"":9},{""step"":2,""credits_before"":9,""http_attempts"":[{""attempt_number"":1,""started_at"":""2026-08-16T10:03:49.933Z"",""finished_at"":""2026-08-16T10:04:13.801Z"",""duration_ms"":23868,""status_code"":200,""error_category"":null,""error_message"":null,""usage"":{""input_tokens"":267,""output_tokens"":6,""reasoning_tokens"":null,""cached_tokens"":256,""cache_write_tokens"":null,""total_tokens"":273},""cost_usd"":4.77848e-06,""generation_id"":""gen-1786874652-FYVWy1H9fiioWit6BXJg"",""response_cache_status"":""UNKNOWN"",""observed_provider"":""Baidu"",""observed_endpoint"":null,""observed_quantization"":null}],""response_cache_status"":""UNKNOWN"",""raw_action_valid"":true,""action_received"":""QUERY"",""value"":""BBBBBBB"",""action_applied"":""QUERY"",""feedback"":{""exact"":0,""misplaced"":0},""credits_remaining"":8},{""step"":3,""credits_before"":8,""http_attempts"":[{""attempt_number"":1,""started_at"":""2026-08-16T10:07:38.213Z"",""finished_at"":""2026-08-16T10:08:02.177Z"",""duration_ms"":23964,""status_code"":200,""error_category"":null,""error_message"":null,""usage"":{""input_tokens"":300,""output_tokens"":6,""reasoning_tokens"":null,""cached_tokens"":256,""cache_write_tokens"":null,""total_tokens"":306},""cost_usd"":6.90368e-06,""generation_id"":""gen-1786874880-lUgrtGCjyawnreMubvWt"",""response_cache_status"":""UNKNOWN"",""observed_provider"":""Baidu"",""observed_endpoint"":null,""observed_quantization"":null}],""response_cache_status"":""UNKNOWN"",""raw_action_valid"":true,""action_received"":""QUERY"",""value"":""CCCCCCC"",""action_applied"":""QUERY"",""feedback"":{""exact"":1,""misplaced"":0},""credits_remaining"":7},{""step"":4,""credits_before"":7,""http_attempts"":[{""attempt_number"":1,""started_at"":""2026-08-16T10:11:26.785Z"",""finished_at"":""2026-08-16T10:11:52.192Z"",""duration_ms"":25407,""status_code"":200,""error_category"":null,""error_message"":null,""usage"":{""input_tokens"":333,""output_tokens"":7,""reasoning_tokens"":null,""cached_tokens"":256,""cache_write_tokens"":null,""total_tokens"":340},""cost_usd"":9.15768e-06,""generation_id"":""gen-1786875109-zsCBPIquUNVo44iakcXG"",""response_cache_status"":""UNKNOWN"",""observed_provider"":""Baidu"",""observed_endpoint"":null,""observed_quantization"":null}],""response_cache_status"":""UNKNOWN"",""raw_action_valid"":true,""action_received"":""QUERY"",""value"":""DDDDDDD"",""action_applied"":""QUERY"",""feedback"":{""exact"":1,""misplaced"":0},""credits_remaining"":6},{""step"":5,""credits_before"":6,""http_attempts"":[{""attempt_number"":1,""started_at"":""2026-08-16T10:15:12.209Z"",""finished_at"":""2026-08-16T10:15:36.103Z"",""duration_ms"":23894,""status_code"":200,""error_category"":null,""error_message"":null,""usage"":{""input_tokens"":367,""output_tokens"":7,""reasoning_tokens"":null,""cached_tokens"":256,""cache_write_tokens"":null,""total_tokens"":374},""cost_usd"":1.134728e-05,""generation_id"":""gen-1786875334-JfBiZxAOQqpbo7naWzuW"",""response_cache_status"":""UNKNOWN"",""observed_provider"":""Baidu"",""observed_endpoint"":null,""observed_quantization"":null}],""response_cache_status"":""UNKNOWN"",""raw_action_valid"":true,""action_received"":""QUERY"",""value"":""EEEEEEE"",""action_applied"":""QUERY"",""feedback"":{""exact"":0,""misplaced"":0},""credits_remaining"":5},{""step"":6,""credits_before"":5,""http_attempts"":[{""attempt_number"":1,""started_at"":""2026-08-16T10:19:00.869Z"",""finished_at"":""2026-08-16T10:19:21.687Z"",""duration_ms"":20818,""status_code"":200,""error_category"":null,""error_message"":null,""usage"":{""input_tokens"":401,""output_tokens"":5,""reasoning_tokens"":null,""cached_tokens"":256,""cache_write_tokens"":null,""total_tokens"":406},""cost_usd"":1.327928e-05,""generation_id"":""gen-1786875560-XwPlKZ96RO4uvpeF7V3v"",""response_cache_status"":""UNKNOWN"",""observed_provider"":""Baidu"",""observed_endpoint"":null,""observed_quantization"":null}],""response_cache_status"":""UNKNOWN"",""raw_action_valid"":true,""action_received"":""QUERY"",""value"":""FFFFFFF"",""action_applied"":""QUERY"",""feedback"":{""exact"":1,""misplaced"":0},""credits_remaining"":4},{""step"":7,""credits_before"":4,""http_attempts"":[{""attempt_number"":1,""started_at"":""2026-08-16T10:22:43.226Z"",""finished_at"":""2026-08-16T10:23:01.073Z"",""duration_ms"":17847,""status_code"":200,""error_category"":null,""error_message"":null,""usage"":{""input_tokens"":433,""output_tokens"":7,""reasoning_tokens"":null,""cached_tokens"":256,""cache_write_tokens"":null,""total_tokens"":440},""cost_usd"":1.559768e-05,""generation_id"":""gen-1786875779-rz979XuZ4KMVlxUQEw13"",""response_cache_status"":""UNKNOWN"",""observed_provider"":""Baidu"",""observed_endpoint"":null,""observed_quantization"":null}],""response_cache_status"":""UNKNOWN"",""raw_action_valid"":true,""action_received"":""QUERY"",""value"":""GGGGGGG"",""action_applied"":""QUERY"",""feedback"":{""exact"":0,""misplaced"":0},""credits_remaining"":3},{""step"":8,""credits_before"":3,""http_attempts"":[{""attempt_number"":1,""started_at"":""2026-08-16T10:26:25.746Z"",""finished_at"":""2026-08-16T10:26:43.849Z"",""duration_ms"":18103,""status_code"":200,""error_category"":null,""error_message"":null,""usage"":{""input_tokens"":467,""output_tokens"":7,""reasoning_tokens"":null,""cached_tokens"":256,""cache_write_tokens"":null,""total_tokens"":474},""cost_usd"":1.778728e-05,""generation_id"":""gen-1786876002-H5JvZXtqxDd4v3g8W29U"",""response_cache_status"":""UNKNOWN"",""observed_provider"":""Baidu"",""observed_endpoint"":null,""observed_quantization"":null}],""response_cache_status"":""UNKNOWN"",""raw_action_valid"":true,""action_received"":""QUERY"",""value"":""HHHHHHH"",""action_applied"":""QUERY"",""feedback"":{""exact"":2,""misplaced"":0},""credits_remaining"":2},{""step"":9,""credits_before"":2,""http_attempts"":[{""attempt_number"":1,""started_at"":""2026-08-16T10:29:56.113Z"",""finished_at"":""2026-08-16T10:30:16.947Z"",""duration_ms"":20834,""status_code"":200,""error_category"":null,""error_message"":null,""usage"":{""input_tokens"":501,""output_tokens"":6,""reasoning_tokens"":null,""cached_tokens"":256,""cache_write_tokens"":null,""total_tokens"":507},""cost_usd"":1.984808e-05,""generation_id"":""gen-1786876215-vUkMvFTapfF6gk5fkUVm"",""response_cache_status"":""UNKNOWN"",""observed_provider"":""Baidu"",""observed_endpoint"":null,""observed_quantization"":null}],""response_cache_status"":""UNKNOWN"",""raw_action_valid"":true,""action_received"":""QUERY"",""value"":""IIIIIII"",""action_applied"":""QUERY"",""feedback"":{""exact"":0,""misplaced"":0},""credits_remaining"":1},{""step"":10,""credits_before"":1,""http_attempts"":[{""attempt_number"":1,""started_at"":""2026-08-16T10:33:23.821Z"",""finished_at"":""2026-08-16T10:33:50.195Z"",""duration_ms"":26374,""status_code"":200,""error_category"":null,""error_message"":null,""usage"":{""input_tokens"":534,""output_tokens"":380,""reasoning_tokens"":1,""cached_tokens"":256,""cache_write_tokens"":null,""total_tokens"":914},""cost_usd"":7.014448e-05,""generation_id"":""gen-1786876425-9G6XKZ5FryAb9ladeIz9"",""response_cache_status"":""UNKNOWN"",""observed_provider"":""Baidu"",""observed_endpoint"":null,""observed_quantization"":null}],""response_cache_status"":""UNKNOWN"",""raw_action_valid"":false,""action"":null,""parse_error"":""response must be exactly QUERY <symbols> or SUBMIT <symbols>"",""consecutive_invalid_responses"":1},{""step"":11,""credits_before"":1,""http_attempts"":[{""attempt_number"":1,""started_at"":""2026-08-16T10:36:58.130Z"",""finished_at"":""2026-08-16T10:37:17.587Z"",""duration_ms"":19458,""status_code"":200,""error_category"":null,""error_message"":null,""usage"":{""input_tokens"":946,""output_tokens"":7,""reasoning_tokens"":null,""cached_tokens"":512,""cache_write_tokens"":null,""total_tokens"":953},""cost_usd"":3.544576e-05,""generation_id"":""gen-1786876636-O0zsQ347kIjLMrJiRe39"",""response_cache_status"":""UNKNOWN"",""observed_provider"":""Baidu"",""observed_endpoint"":null,""observed_quantization"":null}],""response_cache_status"":""UNKNOWN"",""raw_action_valid"":true,""action_received"":""QUERY"",""value"":""CDFHHJJ"",""action_applied"":""QUERY"",""feedback"":{""exact"":2,""misplaced"":5},""credits_remaining"":0},{""step"":12,""credits_before"":0,""http_attempts"":[{""attempt_number"":1,""started_at"":""2026-08-16T10:39:59.897Z"",""finished_at"":""2026-08-16T10:40:29.662Z"",""duration_ms"":29765,""status_code"":200,""error_category"":null,""error_message"":null,""usage"":{""input_tokens"":980,""output_tokens"":1922,""reasoning_tokens"":null,""cached_tokens"":768,""cache_write_tokens"":null,""total_tokens"":2902},""cost_usd"":0.00027109824,""generation_id"":""gen-1786876819-sCwu8NZqqKfDU4wfb7wi"",""response_cache_status"":""UNKNOWN"",""observed_provider"":""Baidu"",""observed_endpoint"":null,""observed_quantization"":null}],""response_cache_status"":""UNKNOWN"",""raw_action_valid"":false,""action"":null,""parse_error"":""response must be exactly QUERY <symbols> or SUBMIT <symbols>"",""consecutive_invalid_responses"":1},{""step"":13,""credits_before"":0,""http_attempts"":[{""attempt_number"":1,""started_at"":""2026-08-16T10:42:09.301Z"",""finished_at"":""2026-08-16T10:42:30.130Z"",""duration_ms"":20830,""status_code"":200,""error_category"":null,""error_message"":null,""usage"":{""input_tokens"":2936,""output_tokens"":8,""reasoning_tokens"":null,""cached_tokens"":768,""cache_write_tokens"":null,""total_tokens"":2944},""cost_usd"":0.00015054144,""generation_id"":""gen-1786876948-IcHUrpIRnYIacg1ib4lV"",""response_cache_status"":""UNKNOWN"",""observed_provider"":""Baidu"",""observed_endpoint"":null,""observed_quantization"":null}],""response_cache_status"":""UNKNOWN"",""raw_action_valid"":true,""action_received"":""SUBMIT"",""value"":""CDHJJFH"",""action_applied"":""SUBMIT"",""coerced_at_zero_credits"":false,""credits_remaining"":0}]"
68f0e072-3f87-4bde-88c2-3f42faa7dc67,68f0e072-3f87-4bde-88c2-3f42faa7dc67,1,,18,deepseek,deepseek-v4-flash-0731,deepseek/deepseek-v4-flash-0731,baidu,Baidu,baidu/fp8,,,,A,continuation,2026-08-16T10:00:25.708Z,2026-08-16T10:42:42.472Z,2536763,3d3baa6feb49226c87c6bc0788fe1936,c4a6171381354da8,BCGDHGG,7,10,10,10,0,BCDGGGH,3,0.42857142857142855,false,partial,13,13,0,2,6710,457,,4864,,7167,0.00024039232000000002,true,true,false,a193e42687075f855a907c617cb6eb43c5979e687d22273bbab4c0919af923ac,"{""max_tokens"":8192,""temperature"":null,""top_p"":null,""top_k"":null,""min_p"":null,""seed"":null,""reasoning"":{""enabled"":false,""effort"":null,""max_tokens"":null,""exclude"":true},""thinking"":null}","{""endpoint_slug"":""baidu/fp8"",""quantizations"":null,""allow_fallbacks"":false,""require_parameters"":true}",completed,true,[],,,response must be exactly QUERY <symbols> or SUBMIT <symbols>,"[{""step"":1,""credits_before"":10,""http_attempts"":[{""attempt_number"":1,""started_at"":""2026-08-16T10:00:25.708Z"",""finished_at"":""2026-08-16T10:00:49.575Z"",""duration_ms"":23866,""status_code"":200,""error_category"":null,""error_message"":null,""usage"":{""input_tokens"":258,""output_tokens"":6,""reasoning_tokens"":null,""cached_tokens"":256,""cache_write_tokens"":null,""total_tokens"":264},""cost_usd"":4.19888e-06,""generation_id"":""gen-1786874448-VPFUofmDLU64bj0mg1XD"",""response_cache_status"":""UNKNOWN"",""observed_provider"":""Baidu"",""observed_endpoint"":null,""observed_quantization"":null}],""response_cache_status"":""UNKNOWN"",""raw_action_valid"":true,""action_received"":""QUERY"",""value"":""AAAAAAA"",""action_applied"":""QUERY"",""feedback"":{""exact"":0,""misplaced"":0},""credits_remaining"":9},{""step"":2,""credits_before"":9,""http_attempts"":[{""attempt_number"":1,""started_at"":""2026-08-16T10:04:22.963Z"",""finished_at"":""2026-08-16T10:04:46.855Z"",""duration_ms"":23893,""status_code"":200,""error_category"":null,""error_message"":null,""usage"":{""input_tokens"":291,""output_tokens"":6,""reasoning_tokens"":null,""cached_tokens"":256,""cache_write_tokens"":null,""total_tokens"":297},""cost_usd"":6.32408e-06,""generation_id"":""gen-1786874685-LTgoKHk7tB5g1X0VsICr"",""response_cache_status"":""UNKNOWN"",""observed_provider"":""Baidu"",""observed_endpoint"":null,""observed_quantization"":null}],""response_cache_status"":""UNKNOWN"",""raw_action_valid"":true,""action_received"":""QUERY"",""value"":""BBBBBBB"",""action_applied"":""QUERY"",""feedback"":{""exact"":1,""misplaced"":0},""credits_remaining"":8},{""step"":3,""credits_before"":8,""http_attempts"":[{""attempt_number"":1,""started_at"":""2026-08-16T10:08:11.870Z"",""finished_at"":""2026-08-16T10:08:35.269Z"",""duration_ms"":23399,""status_code"":200,""error_category"":null,""error_message"":null,""usage"":{""input_tokens"":324,""output_tokens"":6,""reasoning_tokens"":null,""cached_tokens"":256,""cache_write_tokens"":null,""total_tokens"":330},""cost_usd"":8.44928e-06,""generation_id"":""gen-1786874913-j3P76ddC2JOoOoRVmzeM"",""response_cache_status"":""UNKNOWN"",""observed_provider"":""Baidu"",""observed_endpoint"":null,""observed_quantization"":null}],""response_cache_status"":""UNKNOWN"",""raw_action_valid"":true,""action_received"":""QUERY"",""value"":""CCCCCCC"",""action_applied"":""QUERY"",""feedback"":{""exact"":1,""misplaced"":0},""credits_remaining"":7},{""step"":4,""credits_before"":7,""http_attempts"":[{""attempt_number"":1,""started_at"":""2026-08-16T10:11:59.798Z"",""finished_at"":""2026-08-16T10:12:24.032Z"",""duration_ms"":24235,""status_code"":200,""error_category"":null,""error_message"":null,""usage"":{""input_tokens"":357,""output_tokens"":7,""reasoning_tokens"":null,""cached_tokens"":256,""cache_write_tokens"":null,""total_tokens"":364},""cost_usd"":1.070328e-05,""generation_id"":""gen-1786875142-syFkd1RqJvrkJCQAlSaw"",""response_cache_status"":""UNKNOWN"",""observed_provider"":""Baidu"",""observed_endpoint"":null,""observed_quantization"":null}],""response_cache_status"":""UNKNOWN"",""raw_action_valid"":true,""action_received"":""QUERY"",""value"":""DDDDDDD"",""action_applied"":""QUERY"",""feedback"":{""exact"":1,""misplaced"":0},""credits_remaining"":6},{""step"":5,""credits_before"":6,""http_attempts"":[{""attempt_number"":1,""started_at"":""2026-08-16T10:15:45.146Z"",""finished_at"":""2026-08-16T10:16:09.191Z"",""duration_ms"":24045,""status_code"":200,""error_category"":null,""error_message"":null,""usage"":{""input_tokens"":391,""output_tokens"":7,""reasoning_tokens"":null,""cached_tokens"":256,""cache_write_tokens"":null,""total_tokens"":398},""cost_usd"":1.289288e-05,""generation_id"":""gen-1786875367-1JVbNfJKKvxtlH6EXP7c"",""response_cache_status"":""UNKNOWN"",""observed_provider"":""Baidu"",""observed_endpoint"":null,""observed_quantization"":null}],""response_cache_status"":""UNKNOWN"",""raw_action_valid"":true,""action_received"":""QUERY"",""value"":""EEEEEEE"",""action_applied"":""QUERY"",""feedback"":{""exact"":0,""misplaced"":0},""credits_remaining"":5},{""step"":6,""credits_before"":5,""http_attempts"":[{""attempt_number"":1,""started_at"":""2026-08-16T10:19:30.979Z"",""finished_at"":""2026-08-16T10:19:55.060Z"",""duration_ms"":24080,""status_code"":200,""error_category"":null,""error_message"":null,""usage"":{""input_tokens"":425,""output_tokens"":5,""reasoning_tokens"":null,""cached_tokens"":256,""cache_write_tokens"":null,""total_tokens"":430},""cost_usd"":1.482488e-05,""generation_id"":""gen-1786875593-4XagIBZZRk3KKmAaSMuN"",""response_cache_status"":""UNKNOWN"",""observed_provider"":""Baidu"",""observed_endpoint"":null,""observed_quantization"":null}],""response_cache_status"":""UNKNOWN"",""raw_action_valid"":true,""action_received"":""QUERY"",""value"":""FFFFFFF"",""action_applied"":""QUERY"",""feedback"":{""exact"":0,""misplaced"":0},""credits_remaining"":4},{""step"":7,""credits_before"":4,""http_attempts"":[{""attempt_number"":1,""started_at"":""2026-08-16T10:23:13.932Z"",""finished_at"":""2026-08-16T10:23:37.717Z"",""duration_ms"":23785,""status_code"":200,""error_category"":null,""error_message"":null,""usage"":{""input_tokens"":457,""output_tokens"":7,""reasoning_tokens"":null,""cached_tokens"":256,""cache_write_tokens"":null,""total_tokens"":464},""cost_usd"":1.714328e-05,""generation_id"":""gen-1786875815-2M0v7qDjARrDjLhiqg5G"",""response_cache_status"":""UNKNOWN"",""observed_provider"":""Baidu"",""observed_endpoint"":null,""observed_quantization"":null}],""response_cache_status"":""UNKNOWN"",""raw_action_valid"":true,""action_received"":""QUERY"",""value"":""GGGGGGG"",""action_applied"":""QUERY"",""feedback"":{""exact"":3,""misplaced"":0},""credits_remaining"":3},{""step"":8,""credits_before"":3,""http_attempts"":[{""attempt_number"":1,""started_at"":""2026-08-16T10:26:55.902Z"",""finished_at"":""2026-08-16T10:27:19.868Z"",""duration_ms"":23967,""status_code"":200,""error_category"":null,""error_message"":null,""usage"":{""input_tokens"":491,""output_tokens"":7,""reasoning_tokens"":null,""cached_tokens"":256,""cache_write_tokens"":null,""total_tokens"":498},""cost_usd"":1.933288e-05,""generation_id"":""gen-1786876038-G1BwBG0lxhsw1wJW9kEQ"",""response_cache_status"":""UNKNOWN"",""observed_provider"":""Baidu"",""observed_endpoint"":null,""observed_quantization"":null}],""response_cache_status"":""UNKNOWN"",""raw_action_valid"":true,""action_received"":""QUERY"",""value"":""HHHHHHH"",""action_applied"":""QUERY"",""feedback"":{""exact"":1,""misplaced"":0},""credits_remaining"":2},{""step"":9,""credits_before"":2,""http_attempts"":[{""attempt_number"":1,""started_at"":""2026-08-16T10:30:38.305Z"",""finished_at"":""2026-08-16T10:30:59.309Z"",""duration_ms"":21003,""status_code"":200,""error_category"":null,""error_message"":null,""usage"":{""input_tokens"":525,""output_tokens"":6,""reasoning_tokens"":null,""cached_tokens"":256,""cache_write_tokens"":null,""total_tokens"":531},""cost_usd"":2.139368e-05,""generation_id"":""gen-1786876257-4eJbINds6eE5D0wxnP8W"",""response_cache_status"":""UNKNOWN"",""observed_provider"":""Baidu"",""observed_endpoint"":null,""observed_quantization"":null}],""response_cache_status"":""UNKNOWN"",""raw_action_valid"":true,""action_received"":""QUERY"",""value"":""IIIIIII"",""action_applied"":""QUERY"",""feedback"":{""exact"":0,""misplaced"":0},""credits_remaining"":1},{""step"":10,""credits_before"":1,""http_attempts"":[{""attempt_number"":1,""started_at"":""2026-08-16T10:34:08.082Z"",""finished_at"":""2026-08-16T10:34:33.433Z"",""duration_ms"":25352,""status_code"":200,""error_category"":null,""error_message"":null,""usage"":{""input_tokens"":558,""output_tokens"":185,""reasoning_tokens"":null,""cached_tokens"":512,""cache_write_tokens"":null,""total_tokens"":743},""cost_usd"":3.338496e-05,""generation_id"":""gen-1786876470-gSeZAMP7MjXD2Ps0qD8f"",""response_cache_status"":""UNKNOWN"",""observed_provider"":""Baidu"",""observed_endpoint"":null,""observed_quantization"":null}],""response_cache_status"":""UNKNOWN"",""raw_action_valid"":false,""action"":null,""parse_error"":""response must be exactly QUERY <symbols> or SUBMIT <symbols>"",""consecutive_invalid_responses"":1},{""step"":11,""credits_before"":1,""http_attempts"":[{""attempt_number"":1,""started_at"":""2026-08-16T10:37:33.175Z"",""finished_at"":""2026-08-16T10:37:56.888Z"",""duration_ms"":23713,""status_code"":200,""error_category"":null,""error_message"":null,""usage"":{""input_tokens"":777,""output_tokens"":7,""reasoning_tokens"":null,""cached_tokens"":512,""cache_write_tokens"":null,""total_tokens"":784},""cost_usd"":2.456216e-05,""generation_id"":""gen-1786876675-dUXdK6h1mHb72QntUM0A"",""response_cache_status"":""UNKNOWN"",""observed_provider"":""Baidu"",""observed_endpoint"":null,""observed_quantization"":null}],""response_cache_status"":""UNKNOWN"",""raw_action_valid"":true,""action_received"":""QUERY"",""value"":""GGGBCDH"",""action_applied"":""QUERY"",""feedback"":{""exact"":1,""misplaced"":6},""credits_remaining"":0},{""step"":12,""credits_before"":0,""http_attempts"":[{""attempt_number"":1,""started_at"":""2026-08-16T10:40:29.663Z"",""finished_at"":""2026-08-16T10:40:49.046Z"",""duration_ms"":19383,""status_code"":200,""error_category"":null,""error_message"":null,""usage"":{""input_tokens"":811,""output_tokens"":200,""reasoning_tokens"":null,""cached_tokens"":768,""cache_write_tokens"":null,""total_tokens"":1011},""cost_usd"":3.842104e-05,""generation_id"":""gen-1786876846-PKeaVFEqRJXHwGfWc2VA"",""response_cache_status"":""UNKNOWN"",""observed_provider"":""Baidu"",""observed_endpoint"":null,""observed_quantization"":null}],""response_cache_status"":""UNKNOWN"",""raw_action_valid"":false,""action"":null,""parse_error"":""response must be exactly QUERY <symbols> or SUBMIT <symbols>"",""consecutive_invalid_responses"":1},{""step"":13,""credits_before"":0,""http_attempts"":[{""attempt_number"":1,""started_at"":""2026-08-16T10:42:21.317Z"",""finished_at"":""2026-08-16T10:42:42.471Z"",""duration_ms"":21154,""status_code"":200,""error_category"":null,""error_message"":null,""usage"":{""input_tokens"":1045,""output_tokens"":8,""reasoning_tokens"":null,""cached_tokens"":768,""cache_write_tokens"":null,""total_tokens"":1053},""cost_usd"":2.876104e-05,""generation_id"":""gen-1786876960-M7f1imXGvRH4w9T5LnRa"",""response_cache_status"":""UNKNOWN"",""observed_provider"":""Baidu"",""observed_endpoint"":null,""observed_quantization"":null}],""response_cache_status"":""UNKNOWN"",""raw_action_valid"":true,""action_received"":""SUBMIT"",""value"":""BCDGGGH"",""action_applied"":""SUBMIT"",""coerced_at_zero_credits"":false,""credits_remaining"":0}]"
33c4dc0f-b5c2-4cd1-8229-9b6950da367d,33c4dc0f-b5c2-4cd1-8229-9b6950da367d,1,,11,deepseek,deepseek-v4-flash-0731,deepseek/deepseek-v4-flash-0731,baidu,Baidu,baidu/fp8,,,,A,continuation,2026-08-16T10:00:52.807Z,2026-08-16T10:42:45.309Z,2512502,3d3baa6feb49226c87c6bc0788fe1936,442da41540090b67,EAJHABB,7,10,10,10,0,AABBEHJ,1,0.14285714285714285,false,partial,13,13,0,2,6767,606,,4352,,7373,0.00028963256,true,true,false,a193e42687075f855a907c617cb6eb43c5979e687d22273bbab4c0919af923ac,"{""max_tokens"":8192,""temperature"":null,""top_p"":null,""top_k"":null,""min_p"":null,""seed"":null,""reasoning"":{""enabled"":false,""effort"":null,""max_tokens"":null,""exclude"":true},""thinking"":null}","{""endpoint_slug"":""baidu/fp8"",""quantizations"":null,""allow_fallbacks"":false,""require_parameters"":true}",completed,true,[],,,response must be exactly QUERY <symbols> or SUBMIT <symbols>,"[{""step"":1,""credits_before"":10,""http_attempts"":[{""attempt_number"":1,""started_at"":""2026-08-16T10:00:52.807Z"",""finished_at"":""2026-08-16T10:01:16.576Z"",""duration_ms"":23768,""status_code"":200,""error_category"":null,""error_message"":null,""usage"":{""input_tokens"":258,""output_tokens"":6,""reasoning_tokens"":null,""cached_tokens"":256,""cache_write_tokens"":null,""total_tokens"":264},""cost_usd"":4.19888e-06,""generation_id"":""gen-1786874475-epn1hcOS02YmQxmYcNhO"",""response_cache_status"":""UNKNOWN"",""observed_provider"":""Baidu"",""observed_endpoint"":null,""observed_quantization"":null}],""response_cache_status"":""UNKNOWN"",""raw_action_valid"":true,""action_received"":""QUERY"",""value"":""AAAAAAA"",""action_applied"":""QUERY"",""feedback"":{""exact"":2,""misplaced"":0},""credits_remaining"":9},{""step"":2,""credits_before"":9,""http_attempts"":[{""attempt_number"":1,""started_at"":""2026-08-16T10:04:50.006Z"",""finished_at"":""2026-08-16T10:05:14.170Z"",""duration_ms"":24164,""status_code"":200,""error_category"":null,""error_message"":null,""usage"":{""input_tokens"":291,""output_tokens"":6,""reasoning_tokens"":null,""cached_tokens"":256,""cache_write_tokens"":null,""total_tokens"":297},""cost_usd"":6.32408e-06,""generation_id"":""gen-1786874712-0flDUlDjnljWYGFa7Spc"",""response_cache_status"":""UNKNOWN"",""observed_provider"":""Baidu"",""observed_endpoint"":null,""observed_quantization"":null}],""response_cache_status"":""UNKNOWN"",""raw_action_valid"":true,""action_received"":""QUERY"",""value"":""BBBBBBB"",""action_applied"":""QUERY"",""feedback"":{""exact"":2,""misplaced"":0},""credits_remaining"":8},{""step"":3,""credits_before"":8,""http_attempts"":[{""attempt_number"":1,""started_at"":""2026-08-16T10:08:38.607Z"",""finished_at"":""2026-08-16T10:09:02.378Z"",""duration_ms"":23771,""status_code"":200,""error_category"":null,""error_message"":null,""usage"":{""input_tokens"":324,""output_tokens"":6,""reasoning_tokens"":null,""cached_tokens"":256,""cache_write_tokens"":null,""total_tokens"":330},""cost_usd"":8.44928e-06,""generation_id"":""gen-1786874940-yBO0H0jrJ0Qdrc3oiBXJ"",""response_cache_status"":""UNKNOWN"",""observed_provider"":""Baidu"",""observed_endpoint"":null,""observed_quantization"":null}],""response_cache_status"":""UNKNOWN"",""raw_action_valid"":true,""action_received"":""QUERY"",""value"":""CCCCCCC"",""action_applied"":""QUERY"",""feedback"":{""exact"":0,""misplaced"":0},""credits_remaining"":7},{""step"":4,""credits_before"":7,""http_attempts"":[{""attempt_number"":1,""started_at"":""2026-08-16T10:12:26.789Z"",""finished_at"":""2026-08-16T10:12:50.813Z"",""duration_ms"":24024,""status_code"":200,""error_category"":null,""error_message"":null,""usage"":{""input_tokens"":357,""output_tokens"":7,""reasoning_tokens"":null,""cached_tokens"":256,""cache_write_tokens"":null,""total_tokens"":364},""cost_usd"":1.070328e-05,""generation_id"":""gen-1786875169-7pZcFxgB17I1LCt3SabV"",""response_cache_status"":""UNKNOWN"",""observed_provider"":""Baidu"",""observed_endpoint"":null,""observed_quantization"":null}],""response_cache_status"":""UNKNOWN"",""raw_action_valid"":true,""action_received"":""QUERY"",""value"":""DDDDDDD"",""action_applied"":""QUERY"",""feedback"":{""exact"":0,""misplaced"":0},""credits_remaining"":6},{""step"":5,""credits_before"":6,""http_attempts"":[{""attempt_number"":1,""started_at"":""2026-08-16T10:16:12.421Z"",""finished_at"":""2026-08-16T10:16:36.374Z"",""duration_ms"":23953,""status_code"":200,""error_category"":null,""error_message"":null,""usage"":{""input_tokens"":391,""output_tokens"":7,""reasoning_tokens"":null,""cached_tokens"":256,""cache_write_tokens"":null,""total_tokens"":398},""cost_usd"":1.289288e-05,""generation_id"":""gen-1786875394-BSzEUn4wLs30dfOnCZ8L"",""response_cache_status"":""UNKNOWN"",""observed_provider"":""Baidu"",""observed_endpoint"":null,""observed_quantization"":null}],""response_cache_status"":""UNKNOWN"",""raw_action_valid"":true,""action_received"":""QUERY"",""value"":""EEEEEEE"",""action_applied"":""QUERY"",""feedback"":{""exact"":1,""misplaced"":0},""credits_remaining"":5},{""step"":6,""credits_before"":5,""http_attempts"":[{""attempt_number"":1,""started_at"":""2026-08-16T10:20:00.834Z"",""finished_at"":""2026-08-16T10:20:21.785Z"",""duration_ms"":20952,""status_code"":200,""error_category"":null,""error_message"":null,""usage"":{""input_tokens"":425,""output_tokens"":5,""reasoning_tokens"":null,""cached_tokens"":256,""cache_write_tokens"":null,""total_tokens"":430},""cost_usd"":1.482488e-05,""generation_id"":""gen-1786875620-POrTMtjrLwoP1aBgJglL"",""response_cache_status"":""UNKNOWN"",""observed_provider"":""Baidu"",""observed_endpoint"":null,""observed_quantization"":null}],""response_cache_status"":""UNKNOWN"",""raw_action_valid"":true,""action_received"":""QUERY"",""value"":""FFFFFFF"",""action_applied"":""QUERY"",""feedback"":{""exact"":0,""misplaced"":0},""credits_remaining"":4},{""step"":7,""credits_before"":4,""http_attempts"":[{""attempt_number"":1,""started_at"":""2026-08-16T10:23:40.328Z"",""finished_at"":""2026-08-16T10:24:04.171Z"",""duration_ms"":23844,""status_code"":200,""error_category"":null,""error_message"":null,""usage"":{""input_tokens"":457,""output_tokens"":7,""reasoning_tokens"":null,""cached_tokens"":256,""cache_write_tokens"":null,""total_tokens"":464},""cost_usd"":1.714328e-05,""generation_id"":""gen-1786875842-Ta0bvju9ZIuDrWxJWMkX"",""response_cache_status"":""UNKNOWN"",""observed_provider"":""Baidu"",""observed_endpoint"":null,""observed_quantization"":null}],""response_cache_status"":""UNKNOWN"",""raw_action_valid"":true,""action_received"":""QUERY"",""value"":""GGGGGGG"",""action_applied"":""QUERY"",""feedback"":{""exact"":0,""misplaced"":0},""credits_remaining"":3},{""step"":8,""credits_before"":3,""http_attempts"":[{""attempt_number"":1,""started_at"":""2026-08-16T10:27:16.728Z"",""finished_at"":""2026-08-16T10:27:40.546Z"",""duration_ms"":23819,""status_code"":200,""error_category"":null,""error_message"":null,""usage"":{""input_tokens"":491,""output_tokens"":7,""reasoning_tokens"":null,""cached_tokens"":256,""cache_write_tokens"":null,""total_tokens"":498},""cost_usd"":1.933288e-05,""generation_id"":""gen-1786876059-XRX7vTfa1hxkuJmU0h2L"",""response_cache_status"":""UNKNOWN"",""observed_provider"":""Baidu"",""observed_endpoint"":null,""observed_quantization"":null}],""response_cache_status"":""UNKNOWN"",""raw_action_valid"":true,""action_received"":""QUERY"",""value"":""HHHHHHH"",""action_applied"":""QUERY"",""feedback"":{""exact"":1,""misplaced"":0},""credits_remaining"":2},{""step"":9,""credits_before"":2,""http_attempts"":[{""attempt_number"":1,""started_at"":""2026-08-16T10:30:49.871Z"",""finished_at"":""2026-08-16T10:31:14.098Z"",""duration_ms"":24227,""status_code"":200,""error_category"":null,""error_message"":null,""usage"":{""input_tokens"":525,""output_tokens"":6,""reasoning_tokens"":null,""cached_tokens"":256,""cache_write_tokens"":null,""total_tokens"":531},""cost_usd"":2.139368e-05,""generation_id"":""gen-1786876272-Owg3e7Jw42dqROAyl8O0"",""response_cache_status"":""UNKNOWN"",""observed_provider"":""Baidu"",""observed_endpoint"":null,""observed_quantization"":null}],""response_cache_status"":""UNKNOWN"",""raw_action_valid"":true,""action_received"":""QUERY"",""value"":""IIIIIII"",""action_applied"":""QUERY"",""feedback"":{""exact"":0,""misplaced"":0},""credits_remaining"":1},{""step"":10,""credits_before"":1,""http_attempts"":[{""attempt_number"":1,""started_at"":""2026-08-16T10:34:23.528Z"",""finished_at"":""2026-08-16T10:34:48.342Z"",""duration_ms"":24814,""status_code"":200,""error_category"":null,""error_message"":null,""usage"":{""input_tokens"":558,""output_tokens"":139,""reasoning_tokens"":null,""cached_tokens"":512,""cache_write_tokens"":null,""total_tokens"":697},""cost_usd"":2.746016e-05,""generation_id"":""gen-1786876485-EuF7pvHUkf1uB3mEAzge"",""response_cache_status"":""UNKNOWN"",""observed_provider"":""Baidu"",""observed_endpoint"":null,""observed_quantization"":null}],""response_cache_status"":""UNKNOWN"",""raw_action_valid"":false,""action"":null,""parse_error"":""response must be exactly QUERY <symbols> or SUBMIT <symbols>"",""consecutive_invalid_responses"":1},{""step"":11,""credits_before"":1,""http_attempts"":[{""attempt_number"":1,""started_at"":""2026-08-16T10:37:47.777Z"",""finished_at"":""2026-08-16T10:38:11.747Z"",""duration_ms"":23970,""status_code"":200,""error_category"":null,""error_message"":null,""usage"":{""input_tokens"":731,""output_tokens"":7,""reasoning_tokens"":null,""cached_tokens"":512,""cache_write_tokens"":null,""total_tokens"":738},""cost_usd"":2.159976e-05,""generation_id"":""gen-1786876690-6Q2cBdgTZXZeSCiqK21Q"",""response_cache_status"":""UNKNOWN"",""observed_provider"":""Baidu"",""observed_endpoint"":null,""observed_quantization"":null}],""response_cache_status"":""UNKNOWN"",""raw_action_valid"":true,""action_received"":""QUERY"",""value"":""JJJJJJJ"",""action_applied"":""QUERY"",""feedback"":{""exact"":1,""misplaced"":0},""credits_remaining"":0},{""step"":12,""credits_before"":0,""http_attempts"":[{""attempt_number"":1,""started_at"":""2026-08-16T10:40:36.224Z"",""finished_at"":""2026-08-16T10:40:58.847Z"",""duration_ms"":22623,""status_code"":200,""error_category"":null,""error_message"":null,""usage"":{""input_tokens"":765,""output_tokens"":395,""reasoning_tokens"":null,""cached_tokens"":512,""cache_write_tokens"":null,""total_tokens"":1160},""cost_usd"":7.376376e-05,""generation_id"":""gen-1786876855-wL83W97oWFYpRpQMuYDe"",""response_cache_status"":""UNKNOWN"",""observed_provider"":""Baidu"",""observed_endpoint"":null,""observed_quantization"":null}],""response_cache_status"":""UNKNOWN"",""raw_action_valid"":false,""action"":null,""parse_error"":""response must be exactly QUERY <symbols> or SUBMIT <symbols>"",""consecutive_invalid_responses"":1},{""step"":13,""credits_before"":0,""http_attempts"":[{""attempt_number"":1,""started_at"":""2026-08-16T10:42:24.519Z"",""finished_at"":""2026-08-16T10:42:45.309Z"",""duration_ms"":20790,""status_code"":200,""error_category"":null,""error_message"":null,""usage"":{""input_tokens"":1194,""output_tokens"":8,""reasoning_tokens"":null,""cached_tokens"":512,""cache_write_tokens"":null,""total_tokens"":1202},""cost_usd"":5.154576e-05,""generation_id"":""gen-1786876963-71vfCqKfimzffM8VBV6n"",""response_cache_status"":""UNKNOWN"",""observed_provider"":""Baidu"",""observed_endpoint"":null,""observed_quantization"":null}],""response_cache_status"":""UNKNOWN"",""raw_action_valid"":true,""action_received"":""SUBMIT"",""value"":""AABBEHJ"",""action_applied"":""SUBMIT"",""coerced_at_zero_credits"":false,""credits_remaining"":0}]"
0e807af1-82b1-4dc7-a4cc-e35a310e8ebb,0e807af1-82b1-4dc7-a4cc-e35a310e8ebb,1,,17,deepseek,deepseek-v4-flash-0731,deepseek/deepseek-v4-flash-0731,baidu,Baidu,baidu/fp8,,,,D,none,2026-08-16T10:01:31.596Z,2026-08-16T10:43:12.454Z,2500858,3d3baa6feb49226c87c6bc0788fe1936,37e0ff42f25eb20d,GFEFBAF,7,10,10,10,0,ABEFFFG,2,0.2857142857142857,false,partial,13,13,0,2,6021,405,,3840,,6426,0.0002420796,true,true,false,35eb269349366de62767de54014a2ee9e18f1c8ac55a4d1100739e287293bf0b,"{""max_tokens"":8192,""temperature"":null,""top_p"":null,""top_k"":null,""min_p"":null,""seed"":null,""reasoning"":{""enabled"":false,""effort"":null,""max_tokens"":null,""exclude"":true},""thinking"":null}","{""endpoint_slug"":""baidu/fp8"",""quantizations"":null,""allow_fallbacks"":false,""require_parameters"":true}",completed,true,[],,,response must be exactly QUERY <symbols> or SUBMIT <symbols>,"[{""step"":1,""credits_before"":10,""http_attempts"":[{""attempt_number"":1,""started_at"":""2026-08-16T10:01:31.596Z"",""finished_at"":""2026-08-16T10:01:55.621Z"",""duration_ms"":24025,""status_code"":200,""error_category"":null,""error_message"":null,""usage"":{""input_tokens"":234,""output_tokens"":6,""reasoning_tokens"":null,""cached_tokens"":null,""cache_write_tokens"":null,""total_tokens"":240},""cost_usd"":1.58424e-05,""generation_id"":""gen-1786874514-6N0tXBHdWijpJMiSCxIT"",""response_cache_status"":""UNKNOWN"",""observed_provider"":""Baidu"",""observed_endpoint"":null,""observed_quantization"":null}],""response_cache_status"":""UNKNOWN"",""raw_action_valid"":true,""action_received"":""QUERY"",""value"":""AAAAAAA"",""action_applied"":""QUERY"",""feedback"":{""exact"":1,""misplaced"":0},""credits_remaining"":9},{""step"":2,""credits_before"":9,""http_attempts"":[{""attempt_number"":1,""started_at"":""2026-08-16T10:05:26.049Z"",""finished_at"":""2026-08-16T10:05:49.937Z"",""duration_ms"":23889,""status_code"":200,""error_category"":null,""error_message"":null,""usage"":{""input_tokens"":267,""output_tokens"":6,""reasoning_tokens"":null,""cached_tokens"":256,""cache_write_tokens"":null,""total_tokens"":273},""cost_usd"":4.77848e-06,""generation_id"":""gen-1786874748-REwW9fcZBKZ6yBmY5jeI"",""response_cache_status"":""UNKNOWN"",""observed_provider"":""Baidu"",""observed_endpoint"":null,""observed_quantization"":null}],""response_cache_status"":""UNKNOWN"",""raw_action_valid"":true,""action_received"":""QUERY"",""value"":""BBBBBBB"",""action_applied"":""QUERY"",""feedback"":{""exact"":1,""misplaced"":0},""credits_remaining"":8},{""step"":3,""credits_before"":8,""http_attempts"":[{""attempt_number"":1,""started_at"":""2026-08-16T10:09:14.302Z"",""finished_at"":""2026-08-16T10:09:38.399Z"",""duration_ms"":24097,""status_code"":200,""error_category"":null,""error_message"":null,""usage"":{""input_tokens"":300,""output_tokens"":6,""reasoning_tokens"":null,""cached_tokens"":256,""cache_write_tokens"":null,""total_tokens"":306},""cost_usd"":6.90368e-06,""generation_id"":""gen-1786874976-xKohF9XuKtDzJkRFt9FU"",""response_cache_status"":""UNKNOWN"",""observed_provider"":""Baidu"",""observed_endpoint"":null,""observed_quantization"":null}],""response_cache_status"":""UNKNOWN"",""raw_action_valid"":true,""action_received"":""QUERY"",""value"":""CCCCCCC"",""action_applied"":""QUERY"",""feedback"":{""exact"":0,""misplaced"":0},""credits_remaining"":7},{""step"":4,""credits_before"":7,""http_attempts"":[{""attempt_number"":1,""started_at"":""2026-08-16T10:12:59.831Z"",""finished_at"":""2026-08-16T10:13:23.842Z"",""duration_ms"":24011,""status_code"":200,""error_category"":null,""error_message"":null,""usage"":{""input_tokens"":333,""output_tokens"":7,""reasoning_tokens"":null,""cached_tokens"":256,""cache_write_tokens"":null,""total_tokens"":340},""cost_usd"":9.15768e-06,""generation_id"":""gen-1786875202-h0A4Uirth8gmVtVXqqYj"",""response_cache_status"":""UNKNOWN"",""observed_provider"":""Baidu"",""observed_endpoint"":null,""observed_quantization"":null}],""response_cache_status"":""UNKNOWN"",""raw_action_valid"":true,""action_received"":""QUERY"",""value"":""DDDDDDD"",""action_applied"":""QUERY"",""feedback"":{""exact"":0,""misplaced"":0},""credits_remaining"":6},{""step"":5,""credits_before"":6,""http_attempts"":[{""attempt_number"":1,""started_at"":""2026-08-16T10:16:46.009Z"",""finished_at"":""2026-08-16T10:17:09.476Z"",""duration_ms"":23466,""status_code"":200,""error_category"":null,""error_message"":null,""usage"":{""input_tokens"":367,""output_tokens"":7,""reasoning_tokens"":null,""cached_tokens"":256,""cache_write_tokens"":null,""total_tokens"":374},""cost_usd"":1.134728e-05,""generation_id"":""gen-1786875427-VsPBuG8yz1fmf44yMYqg"",""response_cache_status"":""UNKNOWN"",""observed_provider"":""Baidu"",""observed_endpoint"":null,""observed_quantization"":null}],""response_cache_status"":""UNKNOWN"",""raw_action_valid"":true,""action_received"":""QUERY"",""value"":""EEEEEEE"",""action_applied"":""QUERY"",""feedback"":{""exact"":1,""misplaced"":0},""credits_remaining"":5},{""step"":6,""credits_before"":5,""http_attempts"":[{""attempt_number"":1,""started_at"":""2026-08-16T10:20:30.847Z"",""finished_at"":""2026-08-16T10:20:54.771Z"",""duration_ms"":23925,""status_code"":200,""error_category"":null,""error_message"":null,""usage"":{""input_tokens"":401,""output_tokens"":7,""reasoning_tokens"":null,""cached_tokens"":256,""cache_write_tokens"":null,""total_tokens"":408},""cost_usd"":1.353688e-05,""generation_id"":""gen-1786875653-mO7p3z2l7P6CODBnE6nb"",""response_cache_status"":""UNKNOWN"",""observed_provider"":""Baidu"",""observed_endpoint"":null,""observed_quantization"":null}],""response_cache_status"":""UNKNOWN"",""raw_action_valid"":false,""action"":null,""parse_error"":""response must be exactly QUERY <symbols> or SUBMIT <symbols>"",""consecutive_invalid_responses"":1},{""step"":7,""credits_before"":5,""http_attempts"":[{""attempt_number"":1,""started_at"":""2026-08-16T10:24:13.691Z"",""finished_at"":""2026-08-16T10:24:37.850Z"",""duration_ms"":24158,""status_code"":200,""error_category"":null,""error_message"":null,""usage"":{""input_tokens"":442,""output_tokens"":5,""reasoning_tokens"":null,""cached_tokens"":256,""cache_write_tokens"":null,""total_tokens"":447},""cost_usd"":1.591968e-05,""generation_id"":""gen-1786875875-5eD7jnOyLnL7kMExwxWr"",""response_cache_status"":""UNKNOWN"",""observed_provider"":""Baidu"",""observed_endpoint"":null,""observed_quantization"":null}],""response_cache_status"":""UNKNOWN"",""raw_action_valid"":true,""action_received"":""QUERY"",""value"":""FFFFFFF"",""action_applied"":""QUERY"",""feedback"":{""exact"":3,""misplaced"":0},""credits_remaining"":4},{""step"":8,""credits_before"":4,""http_attempts"":[{""attempt_number"":1,""started_at"":""2026-08-16T10:27:58.768Z"",""finished_at"":""2026-08-16T10:28:19.725Z"",""duration_ms"":20957,""status_code"":200,""error_category"":null,""error_message"":null,""usage"":{""input_tokens"":474,""output_tokens"":7,""reasoning_tokens"":null,""cached_tokens"":256,""cache_write_tokens"":null,""total_tokens"":481},""cost_usd"":1.823808e-05,""generation_id"":""gen-1786876098-hdtGeKxsNJJk1PHYaL7c"",""response_cache_status"":""UNKNOWN"",""observed_provider"":""Baidu"",""observed_endpoint"":null,""observed_quantization"":null}],""response_cache_status"":""UNKNOWN"",""raw_action_valid"":true,""action_received"":""QUERY"",""value"":""GGGGGGG"",""action_applied"":""QUERY"",""feedback"":{""exact"":1,""misplaced"":0},""credits_remaining"":3},{""step"":9,""credits_before"":3,""http_attempts"":[{""attempt_number"":1,""started_at"":""2026-08-16T10:31:34.264Z"",""finished_at"":""2026-08-16T10:31:55.937Z"",""duration_ms"":21673,""status_code"":200,""error_category"":null,""error_message"":null,""usage"":{""input_tokens"":508,""output_tokens"":7,""reasoning_tokens"":null,""cached_tokens"":256,""cache_write_tokens"":null,""total_tokens"":515},""cost_usd"":2.042768e-05,""generation_id"":""gen-1786876314-OEC02ZzQorGZZcn8Pn4R"",""response_cache_status"":""UNKNOWN"",""observed_provider"":""Baidu"",""observed_endpoint"":null,""observed_quantization"":null}],""response_cache_status"":""UNKNOWN"",""raw_action_valid"":true,""action_received"":""QUERY"",""value"":""HHHHHHH"",""action_applied"":""QUERY"",""feedback"":{""exact"":0,""misplaced"":0},""credits_remaining"":2},{""step"":10,""credits_before"":2,""http_attempts"":[{""attempt_number"":1,""started_at"":""2026-08-16T10:35:05.159Z"",""finished_at"":""2026-08-16T10:35:29.427Z"",""duration_ms"":24267,""status_code"":200,""error_category"":null,""error_message"":null,""usage"":{""input_tokens"":542,""output_tokens"":6,""reasoning_tokens"":null,""cached_tokens"":256,""cache_write_tokens"":null,""total_tokens"":548},""cost_usd"":2.248848e-05,""generation_id"":""gen-1786876527-2pP2xgr8gK3TxSrDzlJF"",""response_cache_status"":""UNKNOWN"",""observed_provider"":""Baidu"",""observed_endpoint"":null,""observed_quantization"":null}],""response_cache_status"":""UNKNOWN"",""raw_action_valid"":true,""action_received"":""QUERY"",""value"":""IIIIIII"",""action_applied"":""QUERY"",""feedback"":{""exact"":0,""misplaced"":0},""credits_remaining"":1},{""step"":11,""credits_before"":1,""http_attempts"":[{""attempt_number"":1,""started_at"":""2026-08-16T10:38:36.492Z"",""finished_at"":""2026-08-16T10:38:54.089Z"",""duration_ms"":17597,""status_code"":200,""error_category"":null,""error_message"":null,""usage"":{""input_tokens"":575,""output_tokens"":7,""reasoning_tokens"":null,""cached_tokens"":512,""cache_write_tokens"":null,""total_tokens"":582},""cost_usd"":1.155336e-05,""generation_id"":""gen-1786876732-8n5hqf0ZZmX3AdZEa6gc"",""response_cache_status"":""UNKNOWN"",""observed_provider"":""Baidu"",""observed_endpoint"":null,""observed_quantization"":null}],""response_cache_status"":""UNKNOWN"",""raw_action_valid"":true,""action_received"":""QUERY"",""value"":""JJJJJJJ"",""action_applied"":""QUERY"",""feedback"":{""exact"":0,""misplaced"":0},""credits_remaining"":0},{""step"":12,""credits_before"":0,""http_attempts"":[{""attempt_number"":1,""started_at"":""2026-08-16T10:41:03.444Z"",""finished_at"":""2026-08-16T10:41:29.010Z"",""duration_ms"":25566,""status_code"":200,""error_category"":null,""error_message"":null,""usage"":{""input_tokens"":609,""output_tokens"":326,""reasoning_tokens"":null,""cached_tokens"":512,""cache_write_tokens"":null,""total_tokens"":935},""cost_usd"":5.483016e-05,""generation_id"":""gen-1786876885-uA3h85TnLNWWPVNKecBx"",""response_cache_status"":""UNKNOWN"",""observed_provider"":""Baidu"",""observed_endpoint"":null,""observed_quantization"":null}],""response_cache_status"":""UNKNOWN"",""raw_action_valid"":false,""action"":null,""parse_error"":""response must be exactly QUERY <symbols> or SUBMIT <symbols>"",""consecutive_invalid_responses"":1},{""step"":13,""credits_before"":0,""http_attempts"":[{""attempt_number"":1,""started_at"":""2026-08-16T10:43:03.581Z"",""finished_at"":""2026-08-16T10:43:12.454Z"",""duration_ms"":8873,""status_code"":200,""error_category"":null,""error_message"":null,""usage"":{""input_tokens"":969,""output_tokens"":8,""reasoning_tokens"":null,""cached_tokens"":512,""cache_write_tokens"":null,""total_tokens"":977},""cost_usd"":3.705576e-05,""generation_id"":""gen-1786876990-e78FBCUeekyinWnF07mf"",""response_cache_status"":""UNKNOWN"",""observed_provider"":""Baidu"",""observed_endpoint"":null,""observed_quantization"":null}],""response_cache_status"":""UNKNOWN"",""raw_action_valid"":true,""action_received"":""SUBMIT"",""value"":""ABEFFFG"",""action_applied"":""SUBMIT"",""coerced_at_zero_credits"":false,""credits_remaining"":0}]"
0540c8d2-fbb1-46c1-8e1e-27d9f9a41440,0540c8d2-fbb1-46c1-8e1e-27d9f9a41440,1,,7,deepseek,deepseek-v4-flash-0731,deepseek/deepseek-v4-flash-0731,baidu,Baidu,baidu/fp8,,,,D,none,2026-08-16T10:02:40.742Z,2026-08-16T10:43:42.867Z,2462125,3d3baa6feb49226c87c6bc0788fe1936,5d81b7422b57801d,AAFFCCF,7,10,10,9,1,AAJJCCF,5,0.7142857142857143,false,partial,13,13,0,3,44634,7990,,33792,,52624,0.0021625777599999997,true,true,false,35eb269349366de62767de54014a2ee9e18f1c8ac55a4d1100739e287293bf0b,"{""max_tokens"":8192,""temperature"":null,""top_p"":null,""top_k"":null,""min_p"":null,""seed"":null,""reasoning"":{""enabled"":false,""effort"":null,""max_tokens"":null,""exclude"":true},""thinking"":null}","{""endpoint_slug"":""baidu/fp8"",""quantizations"":null,""allow_fallbacks"":false,""require_parameters"":true}",completed,true,[],,,response must be exactly QUERY <symbols> or SUBMIT <symbols>,"[{""step"":1,""credits_before"":10,""http_attempts"":[{""attempt_number"":1,""started_at"":""2026-08-16T10:02:40.742Z"",""finished_at"":""2026-08-16T10:03:04.686Z"",""duration_ms"":23943,""status_code"":200,""error_category"":null,""error_message"":null,""usage"":{""input_tokens"":234,""output_tokens"":6,""reasoning_tokens"":null,""cached_tokens"":null,""cache_write_tokens"":null,""total_tokens"":240},""cost_usd"":1.58424e-05,""generation_id"":""gen-1786874583-e4UiN3uIfZJVXrqFYCnp"",""response_cache_status"":""UNKNOWN"",""observed_provider"":""Baidu"",""observed_endpoint"":null,""observed_quantization"":null}],""response_cache_status"":""UNKNOWN"",""raw_action_valid"":true,""action_received"":""QUERY"",""value"":""AAAAAAA"",""action_applied"":""QUERY"",""feedback"":{""exact"":2,""misplaced"":0},""credits_remaining"":9},{""step"":2,""credits_before"":9,""http_attempts"":[{""attempt_number"":1,""started_at"":""2026-08-16T10:06:29.077Z"",""finished_at"":""2026-08-16T10:06:52.912Z"",""duration_ms"":23835,""status_code"":200,""error_category"":null,""error_message"":null,""usage"":{""input_tokens"":267,""output_tokens"":7,""reasoning_tokens"":null,""cached_tokens"":256,""cache_write_tokens"":null,""total_tokens"":274},""cost_usd"":4.90728e-06,""generation_id"":""gen-1786874811-prPTxHsNAbB3EQ40tnhm"",""response_cache_status"":""UNKNOWN"",""observed_provider"":""Baidu"",""observed_endpoint"":null,""observed_quantization"":null}],""response_cache_status"":""UNKNOWN"",""raw_action_valid"":true,""action_received"":""QUERY"",""value"":""AABBBBB"",""action_applied"":""QUERY"",""feedback"":{""exact"":2,""misplaced"":0},""credits_remaining"":8},{""step"":3,""credits_before"":8,""http_attempts"":[{""attempt_number"":1,""started_at"":""2026-08-16T10:10:17.471Z"",""finished_at"":""2026-08-16T10:10:42.175Z"",""duration_ms"":24704,""status_code"":200,""error_category"":null,""error_message"":null,""usage"":{""input_tokens"":301,""output_tokens"":7,""reasoning_tokens"":null,""cached_tokens"":256,""cache_write_tokens"":null,""total_tokens"":308},""cost_usd"":7.09688e-06,""generation_id"":""gen-1786875040-ZzwuZdu6VNpmkOtO2LXb"",""response_cache_status"":""UNKNOWN"",""observed_provider"":""Baidu"",""observed_endpoint"":null,""observed_quantization"":null}],""response_cache_status"":""UNKNOWN"",""raw_action_valid"":true,""action_received"":""QUERY"",""value"":""AABCCCC"",""action_applied"":""QUERY"",""feedback"":{""exact"":4,""misplaced"":0},""credits_remaining"":7},{""step"":4,""credits_before"":7,""http_attempts"":[{""attempt_number"":1,""started_at"":""2026-08-16T10:14:03.166Z"",""finished_at"":""2026-08-16T10:14:27.043Z"",""duration_ms"":23877,""status_code"":200,""error_category"":null,""error_message"":null,""usage"":{""input_tokens"":335,""output_tokens"":6,""reasoning_tokens"":null,""cached_tokens"":256,""cache_write_tokens"":null,""total_tokens"":341},""cost_usd"":9.15768e-06,""generation_id"":""gen-1786875265-Y53soCezzq8pGTu8KwRM"",""response_cache_status"":""UNKNOWN"",""observed_provider"":""Baidu"",""observed_endpoint"":null,""observed_quantization"":null}],""response_cache_status"":""UNKNOWN"",""raw_action_valid"":true,""action_received"":""QUERY"",""value"":""AABCDDD"",""action_applied"":""QUERY"",""feedback"":{""exact"":2,""misplaced"":1},""credits_remaining"":6},{""step"":5,""credits_before"":6,""http_attempts"":[{""attempt_number"":1,""started_at"":""2026-08-16T10:17:48.872Z"",""finished_at"":""2026-08-16T10:18:13.352Z"",""duration_ms"":24480,""status_code"":200,""error_category"":null,""error_message"":null,""usage"":{""input_tokens"":368,""output_tokens"":6,""reasoning_tokens"":null,""cached_tokens"":256,""cache_write_tokens"":null,""total_tokens"":374},""cost_usd"":1.128288e-05,""generation_id"":""gen-1786875491-1PeOu4YKRxMcAX802TzH"",""response_cache_status"":""UNKNOWN"",""observed_provider"":""Baidu"",""observed_endpoint"":null,""observed_quantization"":null}],""response_cache_status"":""UNKNOWN"",""raw_action_valid"":true,""action_received"":""QUERY"",""value"":""AABCDEE"",""action_applied"":""QUERY"",""feedback"":{""exact"":2,""misplaced"":1},""credits_remaining"":5},{""step"":6,""credits_before"":5,""http_attempts"":[{""attempt_number"":1,""started_at"":""2026-08-16T10:21:31.799Z"",""finished_at"":""2026-08-16T10:21:54.922Z"",""duration_ms"":23123,""status_code"":200,""error_category"":null,""error_message"":null,""usage"":{""input_tokens"":401,""output_tokens"":6,""reasoning_tokens"":null,""cached_tokens"":256,""cache_write_tokens"":null,""total_tokens"":407},""cost_usd"":1.340808e-05,""generation_id"":""gen-1786875713-CDvCx1KGxYjdXlT0F3yi"",""response_cache_status"":""UNKNOWN"",""observed_provider"":""Baidu"",""observed_endpoint"":null,""observed_quantization"":null}],""response_cache_status"":""UNKNOWN"",""raw_action_valid"":true,""action_received"":""QUERY"",""value"":""AABCDEF"",""action_applied"":""QUERY"",""feedback"":{""exact"":3,""misplaced"":1},""credits_remaining"":4},{""step"":7,""credits_before"":4,""http_attempts"":[{""attempt_number"":1,""started_at"":""2026-08-16T10:25:10.354Z"",""finished_at"":""2026-08-16T10:25:34.463Z"",""duration_ms"":24110,""status_code"":200,""error_category"":null,""error_message"":null,""usage"":{""input_tokens"":434,""output_tokens"":6,""reasoning_tokens"":null,""cached_tokens"":256,""cache_write_tokens"":null,""total_tokens"":440},""cost_usd"":1.553328e-05,""generation_id"":""gen-1786875932-aIOKRm7voH9iuWRZcsOn"",""response_cache_status"":""UNKNOWN"",""observed_provider"":""Baidu"",""observed_endpoint"":null,""observed_quantization"":null}],""response_cache_status"":""UNKNOWN"",""raw_action_valid"":true,""action_received"":""QUERY"",""value"":""AABCDEG"",""action_applied"":""QUERY"",""feedback"":{""exact"":2,""misplaced"":1},""credits_remaining"":3},{""step"":8,""credits_before"":3,""http_attempts"":[{""attempt_number"":1,""started_at"":""2026-08-16T10:28:51.549Z"",""finished_at"":""2026-08-16T10:29:52.672Z"",""duration_ms"":61123,""status_code"":200,""error_category"":null,""error_message"":null,""usage"":{""input_tokens"":467,""output_tokens"":7687,""reasoning_tokens"":null,""cached_tokens"":256,""cache_write_tokens"":null,""total_tokens"":8154},""cost_usd"":0.00100697128,""generation_id"":""gen-1786876152-sr9kAlyo88zFw7U1lIZJ"",""response_cache_status"":""UNKNOWN"",""observed_provider"":""Baidu"",""observed_endpoint"":null,""observed_quantization"":null}],""response_cache_status"":""UNKNOWN"",""raw_action_valid"":false,""action"":null,""parse_error"":""response must be exactly QUERY <symbols> or SUBMIT <symbols>"",""consecutive_invalid_responses"":1},{""step"":9,""credits_before"":3,""http_attempts"":[{""attempt_number"":1,""started_at"":""2026-08-16T10:33:02.059Z"",""finished_at"":""2026-08-16T10:33:26.217Z"",""duration_ms"":24159,""status_code"":200,""error_category"":null,""error_message"":null,""usage"":{""input_tokens"":8188,""output_tokens"":8,""reasoning_tokens"":null,""cached_tokens"":256,""cache_write_tokens"":null,""total_tokens"":8196},""cost_usd"":0.00051514848,""generation_id"":""gen-1786876404-oOso7zYxJt4lSXrYf9wM"",""response_cache_status"":""UNKNOWN"",""observed_provider"":""Baidu"",""observed_endpoint"":null,""observed_quantization"":null}],""response_cache_status"":""UNKNOWN"",""raw_action_valid"":true,""action_received"":""QUERY"",""value"":""AAGHCCF"",""action_applied"":""QUERY"",""feedback"":{""exact"":5,""misplaced"":0},""credits_remaining"":2},{""step"":10,""credits_before"":2,""http_attempts"":[{""attempt_number"":1,""started_at"":""2026-08-16T10:36:35.698Z"",""finished_at"":""2026-08-16T10:36:58.129Z"",""duration_ms"":22431,""status_code"":200,""error_category"":null,""error_message"":null,""usage"":{""input_tokens"":8223,""output_tokens"":154,""reasoning_tokens"":null,""cached_tokens"":7168,""cache_write_tokens"":null,""total_tokens"":8377},""cost_usd"":0.00018010104,""generation_id"":""gen-1786876615-Vcqmzdi09kCJpGdln1JX"",""response_cache_status"":""UNKNOWN"",""observed_provider"":""Baidu"",""observed_endpoint"":null,""observed_quantization"":null}],""response_cache_status"":""UNKNOWN"",""raw_action_valid"":false,""action"":null,""parse_error"":""response must be exactly QUERY <symbols> or SUBMIT <symbols>"",""consecutive_invalid_responses"":1},{""step"":11,""credits_before"":2,""http_attempts"":[{""attempt_number"":1,""started_at"":""2026-08-16T10:39:51.665Z"",""finished_at"":""2026-08-16T10:40:12.111Z"",""duration_ms"":20446,""status_code"":200,""error_category"":null,""error_message"":null,""usage"":{""input_tokens"":8411,""output_tokens"":6,""reasoning_tokens"":null,""cached_tokens"":8192,""cache_write_tokens"":null,""total_tokens"":8417},""cost_usd"":0.00012038936,""generation_id"":""gen-1786876810-G4yWpyZLh3KPjDHP64KP"",""response_cache_status"":""UNKNOWN"",""observed_provider"":""Baidu"",""observed_endpoint"":null,""observed_quantization"":null}],""response_cache_status"":""UNKNOWN"",""raw_action_valid"":true,""action_received"":""QUERY"",""value"":""AAIICCF"",""action_applied"":""QUERY"",""feedback"":{""exact"":5,""misplaced"":0},""credits_remaining"":1},{""step"":12,""credits_before"":1,""http_attempts"":[{""attempt_number"":1,""started_at"":""2026-08-16T10:41:48.946Z"",""finished_at"":""2026-08-16T10:42:14.404Z"",""duration_ms"":25459,""status_code"":200,""error_category"":null,""error_message"":null,""usage"":{""input_tokens"":8444,""output_tokens"":83,""reasoning_tokens"":null,""cached_tokens"":8192,""cache_write_tokens"":null,""total_tokens"":8527},""cost_usd"":0.00013243216,""generation_id"":""gen-1786876930-DNpcMWwu716i1MfOmeNf"",""response_cache_status"":""UNKNOWN"",""observed_provider"":""Baidu"",""observed_endpoint"":null,""observed_quantization"":null}],""response_cache_status"":""UNKNOWN"",""raw_action_valid"":false,""action"":null,""parse_error"":""response must be exactly QUERY <symbols> or SUBMIT <symbols>"",""consecutive_invalid_responses"":1},{""step"":13,""credits_before"":1,""http_attempts"":[{""attempt_number"":1,""started_at"":""2026-08-16T10:43:24.473Z"",""finished_at"":""2026-08-16T10:43:42.866Z"",""duration_ms"":18393,""status_code"":200,""error_category"":null,""error_message"":null,""usage"":{""input_tokens"":8561,""output_tokens"":8,""reasoning_tokens"":null,""cached_tokens"":8192,""cache_write_tokens"":null,""total_tokens"":8569},""cost_usd"":0.00013030696,""generation_id"":""gen-1786877020-9rZEmZUVekcvNpj1Rpmz"",""response_cache_status"":""UNKNOWN"",""observed_provider"":""Baidu"",""observed_endpoint"":null,""observed_quantization"":null}],""response_cache_status"":""UNKNOWN"",""raw_action_valid"":true,""action_received"":""SUBMIT"",""value"":""AAJJCCF"",""action_applied"":""SUBMIT"",""coerced_at_zero_credits"":false,""credits_remaining"":1}]"
47ee42f1-5278-4d29-836a-f176b0752aa7,47ee42f1-5278-4d29-836a-f176b0752aa7,1,,15,deepseek,deepseek-v4-flash-0731,deepseek/deepseek-v4-flash-0731,baidu,Baidu,baidu/fp8,,,,D,none,2026-08-16T10:02:52.677Z,2026-08-16T10:44:03.592Z,2470915,3d3baa6feb49226c87c6bc0788fe1936,19bd6e9d3146d3d4,GFDEEHJ,7,10,10,10,0,DEFGHJJ,1,0.14285714285714285,false,partial,13,13,0,2,15886,8944,,4864,,24830,0.0019244523200000001,true,true,false,35eb269349366de62767de54014a2ee9e18f1c8ac55a4d1100739e287293bf0b,"{""max_tokens"":8192,""temperature"":null,""top_p"":null,""top_k"":null,""min_p"":null,""seed"":null,""reasoning"":{""enabled"":false,""effort"":null,""max_tokens"":null,""exclude"":true},""thinking"":null}","{""endpoint_slug"":""baidu/fp8"",""quantizations"":null,""allow_fallbacks"":false,""require_parameters"":true}",completed,true,[],,,response must be exactly QUERY <symbols> or SUBMIT <symbols>,"[{""step"":1,""credits_before"":10,""http_attempts"":[{""attempt_number"":1,""started_at"":""2026-08-16T10:02:52.677Z"",""finished_at"":""2026-08-16T10:03:16.722Z"",""duration_ms"":24045,""status_code"":200,""error_category"":null,""error_message"":null,""usage"":{""input_tokens"":234,""output_tokens"":6,""reasoning_tokens"":null,""cached_tokens"":null,""cache_write_tokens"":null,""total_tokens"":240},""cost_usd"":1.58424e-05,""generation_id"":""gen-1786874595-JjLkgc2TlRPZMdSbZcQK"",""response_cache_status"":""UNKNOWN"",""observed_provider"":""Baidu"",""observed_endpoint"":null,""observed_quantization"":null}],""response_cache_status"":""UNKNOWN"",""raw_action_valid"":true,""action_received"":""QUERY"",""value"":""AAAAAAA"",""action_applied"":""QUERY"",""feedback"":{""exact"":0,""misplaced"":0},""credits_remaining"":9},{""step"":2,""credits_before"":9,""http_attempts"":[{""attempt_number"":1,""started_at"":""2026-08-16T10:06:41.137Z"",""finished_at"":""2026-08-16T10:07:05.310Z"",""duration_ms"":24173,""status_code"":200,""error_category"":null,""error_message"":null,""usage"":{""input_tokens"":267,""output_tokens"":6,""reasoning_tokens"":null,""cached_tokens"":256,""cache_write_tokens"":null,""total_tokens"":273},""cost_usd"":4.77848e-06,""generation_id"":""gen-1786874823-wWtqMqdsDRVN6Denva4r"",""response_cache_status"":""UNKNOWN"",""observed_provider"":""Baidu"",""observed_endpoint"":null,""observed_quantization"":null}],""response_cache_status"":""UNKNOWN"",""raw_action_valid"":true,""action_received"":""QUERY"",""value"":""BBBBBBB"",""action_applied"":""QUERY"",""feedback"":{""exact"":0,""misplaced"":0},""credits_remaining"":8},{""step"":3,""credits_before"":8,""http_attempts"":[{""attempt_number"":1,""started_at"":""2026-08-16T10:10:29.472Z"",""finished_at"":""2026-08-16T10:10:53.616Z"",""duration_ms"":24144,""status_code"":200,""error_category"":null,""error_message"":null,""usage"":{""input_tokens"":300,""output_tokens"":6,""reasoning_tokens"":null,""cached_tokens"":256,""cache_write_tokens"":null,""total_tokens"":306},""cost_usd"":6.90368e-06,""generation_id"":""gen-1786875052-bvfpII23MTLYk8y7FoUq"",""response_cache_status"":""UNKNOWN"",""observed_provider"":""Baidu"",""observed_endpoint"":null,""observed_quantization"":null}],""response_cache_status"":""UNKNOWN"",""raw_action_valid"":true,""action_received"":""QUERY"",""value"":""CCCCCCC"",""action_applied"":""QUERY"",""feedback"":{""exact"":0,""misplaced"":0},""credits_remaining"":7},{""step"":4,""credits_before"":7,""http_attempts"":[{""attempt_number"":1,""started_at"":""2026-08-16T10:14:15.040Z"",""finished_at"":""2026-08-16T10:14:39.322Z"",""duration_ms"":24282,""status_code"":200,""error_category"":null,""error_message"":null,""usage"":{""input_tokens"":333,""output_tokens"":7,""reasoning_tokens"":null,""cached_tokens"":256,""cache_write_tokens"":null,""total_tokens"":340},""cost_usd"":9.15768e-06,""generation_id"":""gen-1786875277-BkmEYCIc7WIxcBmDE1BJ"",""response_cache_status"":""UNKNOWN"",""observed_provider"":""Baidu"",""observed_endpoint"":null,""observed_quantization"":null}],""response_cache_status"":""UNKNOWN"",""raw_action_valid"":true,""action_received"":""QUERY"",""value"":""DDDDDDD"",""action_applied"":""QUERY"",""feedback"":{""exact"":1,""misplaced"":0},""credits_remaining"":6},{""step"":5,""credits_before"":6,""http_attempts"":[{""attempt_number"":1,""started_at"":""2026-08-16T10:18:00.565Z"",""finished_at"":""2026-08-16T10:18:24.601Z"",""duration_ms"":24036,""status_code"":200,""error_category"":null,""error_message"":null,""usage"":{""input_tokens"":367,""output_tokens"":7,""reasoning_tokens"":null,""cached_tokens"":256,""cache_write_tokens"":null,""total_tokens"":374},""cost_usd"":1.134728e-05,""generation_id"":""gen-1786875503-wzxsQJl1Ym367CuL2miz"",""response_cache_status"":""UNKNOWN"",""observed_provider"":""Baidu"",""observed_endpoint"":null,""observed_quantization"":null}],""response_cache_status"":""UNKNOWN"",""raw_action_valid"":true,""action_received"":""QUERY"",""value"":""DDDDDDE"",""action_applied"":""QUERY"",""feedback"":{""exact"":1,""misplaced"":1},""credits_remaining"":5},{""step"":6,""credits_before"":5,""http_attempts"":[{""attempt_number"":1,""started_at"":""2026-08-16T10:21:46.091Z"",""finished_at"":""2026-08-16T10:22:06.882Z"",""duration_ms"":20791,""status_code"":200,""error_category"":null,""error_message"":null,""usage"":{""input_tokens"":401,""output_tokens"":7,""reasoning_tokens"":null,""cached_tokens"":256,""cache_write_tokens"":null,""total_tokens"":408},""cost_usd"":1.353688e-05,""generation_id"":""gen-1786875725-MEDSFO2jOzcY3fKTM2Bc"",""response_cache_status"":""UNKNOWN"",""observed_provider"":""Baidu"",""observed_endpoint"":null,""observed_quantization"":null}],""response_cache_status"":""UNKNOWN"",""raw_action_valid"":true,""action_received"":""QUERY"",""value"":""DDDDDDF"",""action_applied"":""QUERY"",""feedback"":{""exact"":1,""misplaced"":1},""credits_remaining"":4},{""step"":7,""credits_before"":4,""http_attempts"":[{""attempt_number"":1,""started_at"":""2026-08-16T10:25:22.584Z"",""finished_at"":""2026-08-16T10:25:46.365Z"",""duration_ms"":23780,""status_code"":200,""error_category"":null,""error_message"":null,""usage"":{""input_tokens"":435,""output_tokens"":7,""reasoning_tokens"":null,""cached_tokens"":256,""cache_write_tokens"":null,""total_tokens"":442},""cost_usd"":1.572648e-05,""generation_id"":""gen-1786875944-fkxuEMDzadxTiNVzE4Aq"",""response_cache_status"":""UNKNOWN"",""observed_provider"":""Baidu"",""observed_endpoint"":null,""observed_quantization"":null}],""response_cache_status"":""UNKNOWN"",""raw_action_valid"":true,""action_received"":""QUERY"",""value"":""DDDDDDG"",""action_applied"":""QUERY"",""feedback"":{""exact"":1,""misplaced"":1},""credits_remaining"":3},{""step"":8,""credits_before"":3,""http_attempts"":[{""attempt_number"":1,""started_at"":""2026-08-16T10:29:01.725Z"",""finished_at"":""2026-08-16T10:29:25.790Z"",""duration_ms"":24065,""status_code"":200,""error_category"":null,""error_message"":null,""usage"":{""input_tokens"":469,""output_tokens"":7,""reasoning_tokens"":null,""cached_tokens"":256,""cache_write_tokens"":null,""total_tokens"":476},""cost_usd"":1.791608e-05,""generation_id"":""gen-1786876164-Nv3RgrdmF1yYZWZyyPiL"",""response_cache_status"":""UNKNOWN"",""observed_provider"":""Baidu"",""observed_endpoint"":null,""observed_quantization"":null}],""response_cache_status"":""UNKNOWN"",""raw_action_valid"":true,""action_received"":""QUERY"",""value"":""DDDDDDH"",""action_applied"":""QUERY"",""feedback"":{""exact"":1,""misplaced"":1},""credits_remaining"":2},{""step"":9,""credits_before"":2,""http_attempts"":[{""attempt_number"":1,""started_at"":""2026-08-16T10:32:35.218Z"",""finished_at"":""2026-08-16T10:32:59.029Z"",""duration_ms"":23810,""status_code"":200,""error_category"":null,""error_message"":null,""usage"":{""input_tokens"":503,""output_tokens"":7,""reasoning_tokens"":null,""cached_tokens"":256,""cache_write_tokens"":null,""total_tokens"":510},""cost_usd"":2.010568e-05,""generation_id"":""gen-1786876377-zjSZP0hPWhWT2XNwi18W"",""response_cache_status"":""UNKNOWN"",""observed_provider"":""Baidu"",""observed_endpoint"":null,""observed_quantization"":null}],""response_cache_status"":""UNKNOWN"",""raw_action_valid"":true,""action_received"":""QUERY"",""value"":""DDDDDDI"",""action_applied"":""QUERY"",""feedback"":{""exact"":1,""misplaced"":0},""credits_remaining"":1},{""step"":10,""credits_before"":1,""http_attempts"":[{""attempt_number"":1,""started_at"":""2026-08-16T10:36:08.610Z"",""finished_at"":""2026-08-16T10:36:36.129Z"",""duration_ms"":27519,""status_code"":200,""error_category"":null,""error_message"":null,""usage"":{""input_tokens"":537,""output_tokens"":679,""reasoning_tokens"":null,""cached_tokens"":256,""cache_write_tokens"":null,""total_tokens"":1216},""cost_usd"":0.00010884888,""generation_id"":""gen-1786876591-d8M3OFC6YnFq2obfwnwA"",""response_cache_status"":""UNKNOWN"",""observed_provider"":""Baidu"",""observed_endpoint"":null,""observed_quantization"":null}],""response_cache_status"":""UNKNOWN"",""raw_action_valid"":false,""action"":null,""parse_error"":""response must be exactly QUERY <symbols> or SUBMIT <symbols>"",""consecutive_invalid_responses"":1},{""step"":11,""credits_before"":1,""http_attempts"":[{""attempt_number"":1,""started_at"":""2026-08-16T10:39:32.875Z"",""finished_at"":""2026-08-16T10:39:53.867Z"",""duration_ms"":20992,""status_code"":200,""error_category"":null,""error_message"":null,""usage"":{""input_tokens"":1249,""output_tokens"":6,""reasoning_tokens"":null,""cached_tokens"":512,""cache_write_tokens"":null,""total_tokens"":1255},""cost_usd"":5.483016e-05,""generation_id"":""gen-1786876792-ThZq1MG8tL1iOkUtGAMs"",""response_cache_status"":""UNKNOWN"",""observed_provider"":""Baidu"",""observed_endpoint"":null,""observed_quantization"":null}],""response_cache_status"":""UNKNOWN"",""raw_action_valid"":true,""action_received"":""QUERY"",""value"":""DEFGHJJ"",""action_applied"":""QUERY"",""feedback"":{""exact"":1,""misplaced"":5},""credits_remaining"":0},{""step"":12,""credits_before"":0,""http_attempts"":[{""attempt_number"":1,""started_at"":""2026-08-16T10:41:38.771Z"",""finished_at"":""2026-08-16T10:42:44.129Z"",""duration_ms"":65358,""status_code"":200,""error_category"":null,""error_message"":null,""usage"":{""input_tokens"":1282,""output_tokens"":8192,""reasoning_tokens"":null,""cached_tokens"":1024,""cache_write_tokens"":null,""total_tokens"":9474},""cost_usd"":0.00108493392,""generation_id"":""gen-1786876918-uBZsjXy0nwA3fPvGUJ2G"",""response_cache_status"":""UNKNOWN"",""observed_provider"":""Baidu"",""observed_endpoint"":null,""observed_quantization"":null}],""response_cache_status"":""UNKNOWN"",""raw_action_valid"":false,""action"":null,""parse_error"":""response must be exactly QUERY <symbols> or SUBMIT <symbols>"",""consecutive_invalid_responses"":1},{""step"":13,""credits_before"":0,""http_attempts"":[{""attempt_number"":1,""started_at"":""2026-08-16T10:43:46.095Z"",""finished_at"":""2026-08-16T10:44:03.591Z"",""duration_ms"":17496,""status_code"":200,""error_category"":null,""error_message"":null,""usage"":{""input_tokens"":9509,""output_tokens"":7,""reasoning_tokens"":null,""cached_tokens"":1024,""cache_write_tokens"":null,""total_tokens"":9516},""cost_usd"":0.00056052472,""generation_id"":""gen-1786877041-dNyU6Vh2o6KmfRp3VOFP"",""response_cache_status"":""UNKNOWN"",""observed_provider"":""Baidu"",""observed_endpoint"":null,""observed_quantization"":null}],""response_cache_status"":""UNKNOWN"",""raw_action_valid"":true,""action_received"":""SUBMIT"",""value"":""DEFGHJJ"",""action_applied"":""SUBMIT"",""coerced_at_zero_credits"":false,""credits_remaining"":0}]"
5bbc7560-8f5b-47d1-a91b-1d1fb3195218,5bbc7560-8f5b-47d1-a91b-1d1fb3195218,1,,3,deepseek,deepseek-v4-flash-0731,deepseek/deepseek-v4-flash-0731,baidu,Baidu,baidu/fp8,,,,A,continuation,2026-08-16T10:00:31.654Z,2026-08-16T10:44:15.653Z,2623999,3d3baa6feb49226c87c6bc0788fe1936,737325bc606a17d9,ABJFIBD,7,10,10,10,0,ABBBBBB,3,0.42857142857142855,false,partial,14,14,0,3,33549,10526,,20224,,44075,0.00247436392,true,true,false,a193e42687075f855a907c617cb6eb43c5979e687d22273bbab4c0919af923ac,"{""max_tokens"":8192,""temperature"":null,""top_p"":null,""top_k"":null,""min_p"":null,""seed"":null,""reasoning"":{""enabled"":false,""effort"":null,""max_tokens"":null,""exclude"":true},""thinking"":null}","{""endpoint_slug"":""baidu/fp8"",""quantizations"":null,""allow_fallbacks"":false,""require_parameters"":true}",completed,true,[],,,response must be exactly QUERY <symbols> or SUBMIT <symbols>,"[{""step"":1,""credits_before"":10,""http_attempts"":[{""attempt_number"":1,""started_at"":""2026-08-16T10:00:31.654Z"",""finished_at"":""2026-08-16T10:00:55.635Z"",""duration_ms"":23981,""status_code"":200,""error_category"":null,""error_message"":null,""usage"":{""input_tokens"":258,""output_tokens"":6,""reasoning_tokens"":null,""cached_tokens"":256,""cache_write_tokens"":null,""total_tokens"":264},""cost_usd"":4.19888e-06,""generation_id"":""gen-1786874454-TdcMFNCm9z6EpjvHYY3R"",""response_cache_status"":""UNKNOWN"",""observed_provider"":""Baidu"",""observed_endpoint"":null,""observed_quantization"":null}],""response_cache_status"":""UNKNOWN"",""raw_action_valid"":true,""action_received"":""QUERY"",""value"":""AAAAAAA"",""action_applied"":""QUERY"",""feedback"":{""exact"":1,""misplaced"":0},""credits_remaining"":9},{""step"":2,""credits_before"":9,""http_attempts"":[{""attempt_number"":1,""started_at"":""2026-08-16T10:04:28.877Z"",""finished_at"":""2026-08-16T10:04:52.935Z"",""duration_ms"":24057,""status_code"":200,""error_category"":null,""error_message"":null,""usage"":{""input_tokens"":291,""output_tokens"":6,""reasoning_tokens"":null,""cached_tokens"":256,""cache_write_tokens"":null,""total_tokens"":297},""cost_usd"":6.32408e-06,""generation_id"":""gen-1786874691-g5S37OBtHohTBFieQL40"",""response_cache_status"":""UNKNOWN"",""observed_provider"":""Baidu"",""observed_endpoint"":null,""observed_quantization"":null}],""response_cache_status"":""UNKNOWN"",""raw_action_valid"":true,""action_received"":""QUERY"",""value"":""ABBBBBB"",""action_applied"":""QUERY"",""feedback"":{""exact"":3,""misplaced"":0},""credits_remaining"":8},{""step"":3,""credits_before"":8,""http_attempts"":[{""attempt_number"":1,""started_at"":""2026-08-16T10:08:17.168Z"",""finished_at"":""2026-08-16T10:08:41.262Z"",""duration_ms"":24094,""status_code"":200,""error_category"":null,""error_message"":null,""usage"":{""input_tokens"":324,""output_tokens"":6,""reasoning_tokens"":null,""cached_tokens"":256,""cache_write_tokens"":null,""total_tokens"":330},""cost_usd"":8.44928e-06,""generation_id"":""gen-1786874919-KqRqEsbEhYw9uYMgN2dP"",""response_cache_status"":""UNKNOWN"",""observed_provider"":""Baidu"",""observed_endpoint"":null,""observed_quantization"":null}],""response_cache_status"":""UNKNOWN"",""raw_action_valid"":true,""action_received"":""QUERY"",""value"":""ACCCCCC"",""action_applied"":""QUERY"",""feedback"":{""exact"":1,""misplaced"":0},""credits_remaining"":7},{""step"":4,""credits_before"":7,""http_attempts"":[{""attempt_number"":1,""started_at"":""2026-08-16T10:12:06.651Z"",""finished_at"":""2026-08-16T10:12:30.510Z"",""duration_ms"":23860,""status_code"":200,""error_category"":null,""error_message"":null,""usage"":{""input_tokens"":357,""output_tokens"":7,""reasoning_tokens"":null,""cached_tokens"":256,""cache_write_tokens"":null,""total_tokens"":364},""cost_usd"":1.070328e-05,""generation_id"":""gen-1786875148-wVUwKNeUsipWjIBhTH08"",""response_cache_status"":""UNKNOWN"",""observed_provider"":""Baidu"",""observed_endpoint"":null,""observed_quantization"":null}],""response_cache_status"":""UNKNOWN"",""raw_action_valid"":true,""action_received"":""QUERY"",""value"":""ADDDDDD"",""action_applied"":""QUERY"",""feedback"":{""exact"":2,""misplaced"":0},""credits_remaining"":6},{""step"":5,""credits_before"":6,""http_attempts"":[{""attempt_number"":1,""started_at"":""2026-08-16T10:15:51.860Z"",""finished_at"":""2026-08-16T10:16:15.375Z"",""duration_ms"":23515,""status_code"":200,""error_category"":null,""error_message"":null,""usage"":{""input_tokens"":391,""output_tokens"":7,""reasoning_tokens"":null,""cached_tokens"":256,""cache_write_tokens"":null,""total_tokens"":398},""cost_usd"":1.289288e-05,""generation_id"":""gen-1786875373-DPA63s9InD87UmI1twVO"",""response_cache_status"":""UNKNOWN"",""observed_provider"":""Baidu"",""observed_endpoint"":null,""observed_quantization"":null}],""response_cache_status"":""UNKNOWN"",""raw_action_valid"":true,""action_received"":""QUERY"",""value"":""AEEEEEE"",""action_applied"":""QUERY"",""feedback"":{""exact"":1,""misplaced"":0},""credits_remaining"":5},{""step"":6,""credits_before"":5,""http_attempts"":[{""attempt_number"":1,""started_at"":""2026-08-16T10:19:36.715Z"",""finished_at"":""2026-08-16T10:20:00.833Z"",""duration_ms"":24117,""status_code"":200,""error_category"":null,""error_message"":null,""usage"":{""input_tokens"":425,""output_tokens"":6,""reasoning_tokens"":null,""cached_tokens"":256,""cache_write_tokens"":null,""total_tokens"":431},""cost_usd"":1.495368e-05,""generation_id"":""gen-1786875599-N3yCRIHkB5g10HTFUJBG"",""response_cache_status"":""UNKNOWN"",""observed_provider"":""Baidu"",""observed_endpoint"":null,""observed_quantization"":null}],""response_cache_status"":""UNKNOWN"",""raw_action_valid"":false,""action"":null,""parse_error"":""response must contain exactly 7 symbols"",""consecutive_invalid_responses"":1},{""step"":7,""credits_before"":5,""http_attempts"":[{""attempt_number"":1,""started_at"":""2026-08-16T10:23:16.122Z"",""finished_at"":""2026-08-16T10:23:40.327Z"",""duration_ms"":24205,""status_code"":200,""error_category"":null,""error_message"":null,""usage"":{""input_tokens"":465,""output_tokens"":7,""reasoning_tokens"":null,""cached_tokens"":256,""cache_write_tokens"":null,""total_tokens"":472},""cost_usd"":1.765848e-05,""generation_id"":""gen-1786875818-SBBB8i4uOhKgXNYpOluP"",""response_cache_status"":""UNKNOWN"",""observed_provider"":""Baidu"",""observed_endpoint"":null,""observed_quantization"":null}],""response_cache_status"":""UNKNOWN"",""raw_action_valid"":true,""action_received"":""QUERY"",""value"":""AGGGGGG"",""action_applied"":""QUERY"",""feedback"":{""exact"":1,""misplaced"":0},""credits_remaining"":4},{""step"":8,""credits_before"":4,""http_attempts"":[{""attempt_number"":1,""started_at"":""2026-08-16T10:26:58.587Z"",""finished_at"":""2026-08-16T10:27:24.828Z"",""duration_ms"":26241,""status_code"":200,""error_category"":null,""error_message"":null,""usage"":{""input_tokens"":499,""output_tokens"":7,""reasoning_tokens"":null,""cached_tokens"":256,""cache_write_tokens"":null,""total_tokens"":506},""cost_usd"":1.984808e-05,""generation_id"":""gen-1786876041-TiHmmYW8emzei20tQz1Y"",""response_cache_status"":""UNKNOWN"",""observed_provider"":""Baidu"",""observed_endpoint"":null,""observed_quantization"":null}],""response_cache_status"":""UNKNOWN"",""raw_action_valid"":true,""action_received"":""QUERY"",""value"":""AHHHHHH"",""action_applied"":""QUERY"",""feedback"":{""exact"":1,""misplaced"":0},""credits_remaining"":3},{""step"":9,""credits_before"":3,""http_attempts"":[{""attempt_number"":1,""started_at"":""2026-08-16T10:30:40.958Z"",""finished_at"":""2026-08-16T10:31:01.994Z"",""duration_ms"":21036,""status_code"":200,""error_category"":null,""error_message"":null,""usage"":{""input_tokens"":533,""output_tokens"":7,""reasoning_tokens"":null,""cached_tokens"":256,""cache_write_tokens"":null,""total_tokens"":540},""cost_usd"":2.203768e-05,""generation_id"":""gen-1786876260-VMAgXNEMlv5FaHSYEkDr"",""response_cache_status"":""UNKNOWN"",""observed_provider"":""Baidu"",""observed_endpoint"":null,""observed_quantization"":null}],""response_cache_status"":""UNKNOWN"",""raw_action_valid"":true,""action_received"":""QUERY"",""value"":""AIIIIII"",""action_applied"":""QUERY"",""feedback"":{""exact"":2,""misplaced"":0},""credits_remaining"":2},{""step"":10,""credits_before"":2,""http_attempts"":[{""attempt_number"":1,""started_at"":""2026-08-16T10:34:11.177Z"",""finished_at"":""2026-08-16T10:34:35.712Z"",""duration_ms"":24535,""status_code"":200,""error_category"":null,""error_message"":null,""usage"":{""input_tokens"":567,""output_tokens"":7,""reasoning_tokens"":null,""cached_tokens"":512,""cache_write_tokens"":null,""total_tokens"":574},""cost_usd"":1.103816e-05,""generation_id"":""gen-1786876473-mDJodyBiAmAzd0xJ2Jnn"",""response_cache_status"":""UNKNOWN"",""observed_provider"":""Baidu"",""observed_endpoint"":null,""observed_quantization"":null}],""response_cache_status"":""UNKNOWN"",""raw_action_valid"":true,""action_received"":""QUERY"",""value"":""AJJJJJJ"",""action_applied"":""QUERY"",""feedback"":{""exact"":2,""misplaced"":0},""credits_remaining"":1},{""step"":11,""credits_before"":1,""http_attempts"":[{""attempt_number"":1,""started_at"":""2026-08-16T10:37:36.049Z"",""finished_at"":""2026-08-16T10:38:36.492Z"",""duration_ms"":60443,""status_code"":200,""error_category"":null,""error_message"":null,""usage"":{""input_tokens"":601,""output_tokens"":8192,""reasoning_tokens"":null,""cached_tokens"":512,""cache_write_tokens"":null,""total_tokens"":8793},""cost_usd"":0.00106745576,""generation_id"":""gen-1786876678-YkpjGLflnM4j4KAu6OAv"",""response_cache_status"":""UNKNOWN"",""observed_provider"":""Baidu"",""observed_endpoint"":null,""observed_quantization"":null}],""response_cache_status"":""UNKNOWN"",""raw_action_valid"":false,""action"":null,""parse_error"":""response must be exactly QUERY <symbols> or SUBMIT <symbols>"",""consecutive_invalid_responses"":1},{""step"":12,""credits_before"":1,""http_attempts"":[{""attempt_number"":1,""started_at"":""2026-08-16T10:40:50.935Z"",""finished_at"":""2026-08-16T10:41:12.207Z"",""duration_ms"":21272,""status_code"":200,""error_category"":null,""error_message"":null,""usage"":{""input_tokens"":8828,""output_tokens"":7,""reasoning_tokens"":null,""cached_tokens"":512,""cache_write_tokens"":null,""total_tokens"":8835},""cost_usd"":0.00054304656,""generation_id"":""gen-1786876870-uqkuRwv2RLV38CtURiOn"",""response_cache_status"":""UNKNOWN"",""observed_provider"":""Baidu"",""observed_endpoint"":null,""observed_quantization"":null}],""response_cache_status"":""UNKNOWN"",""raw_action_valid"":true,""action_received"":""QUERY"",""value"":""AJJJJJJ"",""action_applied"":""QUERY"",""feedback"":{""exact"":2,""misplaced"":0},""credits_remaining"":0},{""step"":13,""credits_before"":0,""http_attempts"":[{""attempt_number"":1,""started_at"":""2026-08-16T10:42:42.525Z"",""finished_at"":""2026-08-16T10:43:08.759Z"",""duration_ms"":26234,""status_code"":200,""error_category"":null,""error_message"":null,""usage"":{""input_tokens"":8862,""output_tokens"":2254,""reasoning_tokens"":null,""cached_tokens"":8192,""cache_write_tokens"":null,""total_tokens"":11116},""cost_usd"":0.00043897616,""generation_id"":""gen-1786876975-17Xub1MhNrK3H9oP1scR"",""response_cache_status"":""UNKNOWN"",""observed_provider"":""Baidu"",""observed_endpoint"":null,""observed_quantization"":null}],""response_cache_status"":""UNKNOWN"",""raw_action_valid"":false,""action"":null,""parse_error"":""response must be exactly QUERY <symbols> or SUBMIT <symbols>"",""consecutive_invalid_responses"":1},{""step"":14,""credits_before"":0,""http_attempts"":[{""attempt_number"":1,""started_at"":""2026-08-16T10:44:00.455Z"",""finished_at"":""2026-08-16T10:44:15.653Z"",""duration_ms"":15198,""status_code"":200,""error_category"":null,""error_message"":null,""usage"":{""input_tokens"":11148,""output_tokens"":7,""reasoning_tokens"":null,""cached_tokens"":8192,""cache_write_tokens"":null,""total_tokens"":11155},""cost_usd"":0.00029678096,""generation_id"":""gen-1786877053-IehqZWpnEg7Wq411rz5n"",""response_cache_status"":""UNKNOWN"",""observed_provider"":""Baidu"",""observed_endpoint"":null,""observed_quantization"":null}],""response_cache_status"":""UNKNOWN"",""raw_action_valid"":true,""action_received"":""SUBMIT"",""value"":""ABBBBBB"",""action_applied"":""SUBMIT"",""coerced_at_zero_credits"":false,""credits_remaining"":0}]"
40d4fcc2-b92c-4312-9bfb-3858b40c1e56,40d4fcc2-b92c-4312-9bfb-3858b40c1e56,1,,3,deepseek,deepseek-v4-flash-0731,deepseek/deepseek-v4-flash-0731,baidu,Baidu,baidu/fp8,,,,D,none,2026-08-16T10:02:10.861Z,2026-08-16T10:44:43.051Z,2552190,3d3baa6feb49226c87c6bc0788fe1936,8a56068d9dbef003,ABJFIBD,7,10,10,10,0,ABBDFIJ,2,0.2857142857142857,false,partial,14,14,0,3,8906,1309,,5376,,10215,0.00046517408,true,true,false,35eb269349366de62767de54014a2ee9e18f1c8ac55a4d1100739e287293bf0b,"{""max_tokens"":8192,""temperature"":null,""top_p"":null,""top_k"":null,""min_p"":null,""seed"":null,""reasoning"":{""enabled"":false,""effort"":null,""max_tokens"":null,""exclude"":true},""thinking"":null}","{""endpoint_slug"":""baidu/fp8"",""quantizations"":null,""allow_fallbacks"":false,""require_parameters"":true}",completed,true,[],,,response must be exactly QUERY <symbols> or SUBMIT <symbols>,"[{""step"":1,""credits_before"":10,""http_attempts"":[{""attempt_number"":1,""started_at"":""2026-08-16T10:02:10.861Z"",""finished_at"":""2026-08-16T10:02:34.805Z"",""duration_ms"":23943,""status_code"":200,""error_category"":null,""error_message"":null,""usage"":{""input_tokens"":234,""output_tokens"":6,""reasoning_tokens"":null,""cached_tokens"":null,""cache_write_tokens"":null,""total_tokens"":240},""cost_usd"":1.58424e-05,""generation_id"":""gen-1786874553-Kp70qvDdw5qroVzIXkoZ"",""response_cache_status"":""UNKNOWN"",""observed_provider"":""Baidu"",""observed_endpoint"":null,""observed_quantization"":null}],""response_cache_status"":""UNKNOWN"",""raw_action_valid"":true,""action_received"":""QUERY"",""value"":""AAAAAAA"",""action_applied"":""QUERY"",""feedback"":{""exact"":1,""misplaced"":0},""credits_remaining"":9},{""step"":2,""credits_before"":9,""http_attempts"":[{""attempt_number"":1,""started_at"":""2026-08-16T10:06:02.079Z"",""finished_at"":""2026-08-16T10:06:26.012Z"",""duration_ms"":23933,""status_code"":200,""error_category"":null,""error_message"":null,""usage"":{""input_tokens"":267,""output_tokens"":6,""reasoning_tokens"":null,""cached_tokens"":256,""cache_write_tokens"":null,""total_tokens"":273},""cost_usd"":4.77848e-06,""generation_id"":""gen-1786874784-Yns7ffLgqSRPdPHJQd2H"",""response_cache_status"":""UNKNOWN"",""observed_provider"":""Baidu"",""observed_endpoint"":null,""observed_quantization"":null}],""response_cache_status"":""UNKNOWN"",""raw_action_valid"":true,""action_received"":""QUERY"",""value"":""BBBBBBB"",""action_applied"":""QUERY"",""feedback"":{""exact"":2,""misplaced"":0},""credits_remaining"":8},{""step"":3,""credits_before"":8,""http_attempts"":[{""attempt_number"":1,""started_at"":""2026-08-16T10:09:51.136Z"",""finished_at"":""2026-08-16T10:10:14.516Z"",""duration_ms"":23380,""status_code"":200,""error_category"":null,""error_message"":null,""usage"":{""input_tokens"":300,""output_tokens"":6,""reasoning_tokens"":null,""cached_tokens"":256,""cache_write_tokens"":null,""total_tokens"":306},""cost_usd"":6.90368e-06,""generation_id"":""gen-1786875013-zcElD8uM3z85gezjVYdo"",""response_cache_status"":""UNKNOWN"",""observed_provider"":""Baidu"",""observed_endpoint"":null,""observed_quantization"":null}],""response_cache_status"":""UNKNOWN"",""raw_action_valid"":true,""action_received"":""QUERY"",""value"":""CCCCCCC"",""action_applied"":""QUERY"",""feedback"":{""exact"":0,""misplaced"":0},""credits_remaining"":7},{""step"":4,""credits_before"":7,""http_attempts"":[{""attempt_number"":1,""started_at"":""2026-08-16T10:13:35.887Z"",""finished_at"":""2026-08-16T10:13:59.989Z"",""duration_ms"":24102,""status_code"":200,""error_category"":null,""error_message"":null,""usage"":{""input_tokens"":333,""output_tokens"":7,""reasoning_tokens"":null,""cached_tokens"":256,""cache_write_tokens"":null,""total_tokens"":340},""cost_usd"":9.15768e-06,""generation_id"":""gen-1786875238-H3ZEdShVpTvvp9CsHPZr"",""response_cache_status"":""UNKNOWN"",""observed_provider"":""Baidu"",""observed_endpoint"":null,""observed_quantization"":null}],""response_cache_status"":""UNKNOWN"",""raw_action_valid"":true,""action_received"":""QUERY"",""value"":""DDDDDDD"",""action_applied"":""QUERY"",""feedback"":{""exact"":1,""misplaced"":0},""credits_remaining"":6},{""step"":5,""credits_before"":6,""http_attempts"":[{""attempt_number"":1,""started_at"":""2026-08-16T10:17:21.503Z"",""finished_at"":""2026-08-16T10:17:45.443Z"",""duration_ms"":23941,""status_code"":200,""error_category"":null,""error_message"":null,""usage"":{""input_tokens"":367,""output_tokens"":7,""reasoning_tokens"":null,""cached_tokens"":256,""cache_write_tokens"":null,""total_tokens"":374},""cost_usd"":1.134728e-05,""generation_id"":""gen-1786875464-81bUbk49SsEHa7sx9mHW"",""response_cache_status"":""UNKNOWN"",""observed_provider"":""Baidu"",""observed_endpoint"":null,""observed_quantization"":null}],""response_cache_status"":""UNKNOWN"",""raw_action_valid"":true,""action_received"":""QUERY"",""value"":""EEEEEEE"",""action_applied"":""QUERY"",""feedback"":{""exact"":0,""misplaced"":0},""credits_remaining"":5},{""step"":6,""credits_before"":5,""http_attempts"":[{""attempt_number"":1,""started_at"":""2026-08-16T10:21:07.200Z"",""finished_at"":""2026-08-16T10:21:31.798Z"",""duration_ms"":24598,""status_code"":200,""error_category"":null,""error_message"":null,""usage"":{""input_tokens"":401,""output_tokens"":5,""reasoning_tokens"":null,""cached_tokens"":256,""cache_write_tokens"":null,""total_tokens"":406},""cost_usd"":1.327928e-05,""generation_id"":""gen-1786875689-6SvISQe0OFsw1LMIpeq3"",""response_cache_status"":""UNKNOWN"",""observed_provider"":""Baidu"",""observed_endpoint"":null,""observed_quantization"":null}],""response_cache_status"":""UNKNOWN"",""raw_action_valid"":true,""action_received"":""QUERY"",""value"":""FFFFFFF"",""action_applied"":""QUERY"",""feedback"":{""exact"":1,""misplaced"":0},""credits_remaining"":4},{""step"":7,""credits_before"":4,""http_attempts"":[{""attempt_number"":1,""started_at"":""2026-08-16T10:24:49.702Z"",""finished_at"":""2026-08-16T10:25:13.492Z"",""duration_ms"":23790,""status_code"":200,""error_category"":null,""error_message"":null,""usage"":{""input_tokens"":433,""output_tokens"":7,""reasoning_tokens"":null,""cached_tokens"":256,""cache_write_tokens"":null,""total_tokens"":440},""cost_usd"":1.559768e-05,""generation_id"":""gen-1786875911-HFy5j2hzuBD6pwZXcVUQ"",""response_cache_status"":""UNKNOWN"",""observed_provider"":""Baidu"",""observed_endpoint"":null,""observed_quantization"":null}],""response_cache_status"":""UNKNOWN"",""raw_action_valid"":true,""action_received"":""QUERY"",""value"":""GGGGGGG"",""action_applied"":""QUERY"",""feedback"":{""exact"":0,""misplaced"":0},""credits_remaining"":3},{""step"":8,""credits_before"":3,""http_attempts"":[{""attempt_number"":1,""started_at"":""2026-08-16T10:28:31.611Z"",""finished_at"":""2026-08-16T10:28:56.032Z"",""duration_ms"":24421,""status_code"":200,""error_category"":null,""error_message"":null,""usage"":{""input_tokens"":467,""output_tokens"":7,""reasoning_tokens"":null,""cached_tokens"":256,""cache_write_tokens"":null,""total_tokens"":474},""cost_usd"":1.778728e-05,""generation_id"":""gen-1786876134-vKD2QUkUqJSvvqfKBHnM"",""response_cache_status"":""UNKNOWN"",""observed_provider"":""Baidu"",""observed_endpoint"":null,""observed_quantization"":null}],""response_cache_status"":""UNKNOWN"",""raw_action_valid"":true,""action_received"":""QUERY"",""value"":""HHHHHHH"",""action_applied"":""QUERY"",""feedback"":{""exact"":0,""misplaced"":0},""credits_remaining"":2},{""step"":9,""credits_before"":2,""http_attempts"":[{""attempt_number"":1,""started_at"":""2026-08-16T10:32:07.959Z"",""finished_at"":""2026-08-16T10:32:33.050Z"",""duration_ms"":25091,""status_code"":200,""error_category"":null,""error_message"":null,""usage"":{""input_tokens"":501,""output_tokens"":188,""reasoning_tokens"":null,""cached_tokens"":256,""cache_write_tokens"":null,""total_tokens"":689},""cost_usd"":4.328968e-05,""generation_id"":""gen-1786876350-Yy9BPusz0uwm89LpOcYZ"",""response_cache_status"":""UNKNOWN"",""observed_provider"":""Baidu"",""observed_endpoint"":null,""observed_quantization"":null}],""response_cache_status"":""UNKNOWN"",""raw_action_valid"":false,""action"":null,""parse_error"":""response must be exactly QUERY <symbols> or SUBMIT <symbols>"",""consecutive_invalid_responses"":1},{""step"":10,""credits_before"":2,""http_attempts"":[{""attempt_number"":1,""started_at"":""2026-08-16T10:35:41.408Z"",""finished_at"":""2026-08-16T10:36:05.509Z"",""duration_ms"":24100,""status_code"":200,""error_category"":null,""error_message"":null,""usage"":{""input_tokens"":723,""output_tokens"":7,""reasoning_tokens"":null,""cached_tokens"":256,""cache_write_tokens"":null,""total_tokens"":730},""cost_usd"":3.427368e-05,""generation_id"":""gen-1786876563-rZVYfVDGzJ5WNxUWZbUL"",""response_cache_status"":""UNKNOWN"",""observed_provider"":""Baidu"",""observed_endpoint"":null,""observed_quantization"":null}],""response_cache_status"":""UNKNOWN"",""raw_action_valid"":true,""action_received"":""QUERY"",""value"":""JJJJJJJ"",""action_applied"":""QUERY"",""feedback"":{""exact"":1,""misplaced"":0},""credits_remaining"":1},{""step"":11,""credits_before"":1,""http_attempts"":[{""attempt_number"":1,""started_at"":""2026-08-16T10:39:02.903Z"",""finished_at"":""2026-08-16T10:39:25.436Z"",""duration_ms"":22533,""status_code"":200,""error_category"":null,""error_message"":null,""usage"":{""input_tokens"":757,""output_tokens"":300,""reasoning_tokens"":null,""cached_tokens"":512,""cache_write_tokens"":null,""total_tokens"":1057},""cost_usd"":6.101256e-05,""generation_id"":""gen-1786876762-lBTxlDRqoy2hZjqLeetK"",""response_cache_status"":""UNKNOWN"",""observed_provider"":""Baidu"",""observed_endpoint"":null,""observed_quantization"":null}],""response_cache_status"":""UNKNOWN"",""raw_action_valid"":false,""action"":null,""parse_error"":""response must be exactly QUERY <symbols> or SUBMIT <symbols>"",""consecutive_invalid_responses"":1},{""step"":12,""credits_before"":1,""http_attempts"":[{""attempt_number"":1,""started_at"":""2026-08-16T10:41:20.974Z"",""finished_at"":""2026-08-16T10:41:44.972Z"",""duration_ms"":23998,""status_code"":200,""error_category"":null,""error_message"":null,""usage"":{""input_tokens"":1091,""output_tokens"":7,""reasoning_tokens"":null,""cached_tokens"":512,""cache_write_tokens"":null,""total_tokens"":1098},""cost_usd"":4.478376e-05,""generation_id"":""gen-1786876903-ZqhpwCQYj7AM4EmiYYyu"",""response_cache_status"":""UNKNOWN"",""observed_provider"":""Baidu"",""observed_endpoint"":null,""observed_quantization"":null}],""response_cache_status"":""UNKNOWN"",""raw_action_valid"":true,""action_received"":""QUERY"",""value"":""ABBDFIJ"",""action_applied"":""QUERY"",""feedback"":{""exact"":2,""misplaced"":5},""credits_remaining"":0},{""step"":13,""credits_before"":0,""http_attempts"":[{""attempt_number"":1,""started_at"":""2026-08-16T10:43:12.161Z"",""finished_at"":""2026-08-16T10:43:31.889Z"",""duration_ms"":19728,""status_code"":200,""error_category"":null,""error_message"":null,""usage"":{""input_tokens"":1125,""output_tokens"":748,""reasoning_tokens"":null,""cached_tokens"":1024,""cache_write_tokens"":null,""total_tokens"":1873},""cost_usd"":0.00011603592,""generation_id"":""gen-1786877005-ReMgQ36IcUIlrGJyftZf"",""response_cache_status"":""UNKNOWN"",""observed_provider"":""Baidu"",""observed_endpoint"":null,""observed_quantization"":null}],""response_cache_status"":""UNKNOWN"",""raw_action_valid"":false,""action"":null,""parse_error"":""response must be exactly QUERY <symbols> or SUBMIT <symbols>"",""consecutive_invalid_responses"":1},{""step"":14,""credits_before"":0,""http_attempts"":[{""attempt_number"":1,""started_at"":""2026-08-16T10:44:22.500Z"",""finished_at"":""2026-08-16T10:44:43.050Z"",""duration_ms"":20551,""status_code"":200,""error_category"":null,""error_message"":null,""usage"":{""input_tokens"":1907,""output_tokens"":8,""reasoning_tokens"":null,""cached_tokens"":1024,""cache_write_tokens"":null,""total_tokens"":1915},""cost_usd"":7.108472e-05,""generation_id"":""gen-1786877080-grnsHRBrEJL6011gFPgX"",""response_cache_status"":""UNKNOWN"",""observed_provider"":""Baidu"",""observed_endpoint"":null,""observed_quantization"":null}],""response_cache_status"":""UNKNOWN"",""raw_action_valid"":true,""action_received"":""SUBMIT"",""value"":""ABBDFIJ"",""action_applied"":""SUBMIT"",""coerced_at_zero_credits"":false,""credits_remaining"":0}]"
85382673-d8b7-4e9e-9b8b-2cd29e8c5ee9,85382673-d8b7-4e9e-9b8b-2cd29e8c5ee9,1,,8,deepseek,deepseek-v4-flash-0731,deepseek/deepseek-v4-flash-0731,baidu,Baidu,baidu/fp8,,,,A,continuation,2026-08-16T09:59:24.893Z,2026-08-16T10:44:46.901Z,2722009,3d3baa6feb49226c87c6bc0788fe1936,38670cf73838db0a,HGABAEA,7,10,10,9,1,,,,,,14,14,0,5,86165,27773,1,56576,,113938,0.00621139288,true,true,false,a193e42687075f855a907c617cb6eb43c5979e687d22273bbab4c0919af923ac,"{""max_tokens"":8192,""temperature"":null,""top_p"":null,""top_k"":null,""min_p"":null,""seed"":null,""reasoning"":{""enabled"":false,""effort"":null,""max_tokens"":null,""exclude"":true},""thinking"":null}","{""endpoint_slug"":""baidu/fp8"",""quantizations"":null,""allow_fallbacks"":false,""require_parameters"":true}",invalid_submission,false,"[""invalid_submission""]",invalid_format,response must be exactly QUERY <symbols> or SUBMIT <symbols>,response must be exactly QUERY <symbols> or SUBMIT <symbols>,"[{""step"":1,""credits_before"":10,""http_attempts"":[{""attempt_number"":1,""started_at"":""2026-08-16T09:59:24.893Z"",""finished_at"":""2026-08-16T09:59:43.534Z"",""duration_ms"":18641,""status_code"":200,""error_category"":null,""error_message"":null,""usage"":{""input_tokens"":258,""output_tokens"":6,""reasoning_tokens"":null,""cached_tokens"":256,""cache_write_tokens"":null,""total_tokens"":264},""cost_usd"":4.19888e-06,""generation_id"":""gen-1786874382-3SvTXQe5q3gWeUyz8Mio"",""response_cache_status"":""UNKNOWN"",""observed_provider"":""Baidu"",""observed_endpoint"":null,""observed_quantization"":null}],""response_cache_status"":""UNKNOWN"",""raw_action_valid"":true,""action_received"":""QUERY"",""value"":""AAAAAAA"",""action_applied"":""QUERY"",""feedback"":{""exact"":3,""misplaced"":0},""credits_remaining"":9},{""step"":2,""credits_before"":9,""http_attempts"":[{""attempt_number"":1,""started_at"":""2026-08-16T10:03:13.679Z"",""finished_at"":""2026-08-16T10:03:37.904Z"",""duration_ms"":24224,""status_code"":200,""error_category"":null,""error_message"":null,""usage"":{""input_tokens"":291,""output_tokens"":7,""reasoning_tokens"":null,""cached_tokens"":256,""cache_write_tokens"":null,""total_tokens"":298},""cost_usd"":6.45288e-06,""generation_id"":""gen-1786874616-5fE5ep6lNDxsuLnZPMqe"",""response_cache_status"":""UNKNOWN"",""observed_provider"":""Baidu"",""observed_endpoint"":null,""observed_quantization"":null}],""response_cache_status"":""UNKNOWN"",""raw_action_valid"":true,""action_received"":""QUERY"",""value"":""AABBBCC"",""action_applied"":""QUERY"",""feedback"":{""exact"":1,""misplaced"":2},""credits_remaining"":8},{""step"":3,""credits_before"":8,""http_attempts"":[{""attempt_number"":1,""started_at"":""2026-08-16T10:07:02.020Z"",""finished_at"":""2026-08-16T10:07:27.028Z"",""duration_ms"":25008,""status_code"":200,""error_category"":null,""error_message"":null,""usage"":{""input_tokens"":325,""output_tokens"":7,""reasoning_tokens"":null,""cached_tokens"":256,""cache_write_tokens"":null,""total_tokens"":332},""cost_usd"":8.64248e-06,""generation_id"":""gen-1786874844-a6lWoP356E457bJNy6BI"",""response_cache_status"":""UNKNOWN"",""observed_provider"":""Baidu"",""observed_endpoint"":null,""observed_quantization"":null}],""response_cache_status"":""UNKNOWN"",""raw_action_valid"":true,""action_received"":""QUERY"",""value"":""AAADDDD"",""action_applied"":""QUERY"",""feedback"":{""exact"":1,""misplaced"":2},""credits_remaining"":7},{""step"":4,""credits_before"":7,""http_attempts"":[{""attempt_number"":1,""started_at"":""2026-08-16T10:10:47.602Z"",""finished_at"":""2026-08-16T10:11:11.750Z"",""duration_ms"":24148,""status_code"":200,""error_category"":null,""error_message"":null,""usage"":{""input_tokens"":359,""output_tokens"":6,""reasoning_tokens"":null,""cached_tokens"":256,""cache_write_tokens"":null,""total_tokens"":365},""cost_usd"":1.070328e-05,""generation_id"":""gen-1786875070-ivRhqhN7IpKxDOezF48b"",""response_cache_status"":""UNKNOWN"",""observed_provider"":""Baidu"",""observed_endpoint"":null,""observed_quantization"":null}],""response_cache_status"":""UNKNOWN"",""raw_action_valid"":true,""action_received"":""QUERY"",""value"":""AAAEEEE"",""action_applied"":""QUERY"",""feedback"":{""exact"":2,""misplaced"":2},""credits_remaining"":6},{""step"":5,""credits_before"":6,""http_attempts"":[{""attempt_number"":1,""started_at"":""2026-08-16T10:14:33.082Z"",""finished_at"":""2026-08-16T10:14:57.138Z"",""duration_ms"":24056,""status_code"":200,""error_category"":null,""error_message"":null,""usage"":{""input_tokens"":392,""output_tokens"":7,""reasoning_tokens"":null,""cached_tokens"":256,""cache_write_tokens"":null,""total_tokens"":399},""cost_usd"":1.295728e-05,""generation_id"":""gen-1786875295-Yk1OR7uaUcM3KcQsORLQ"",""response_cache_status"":""UNKNOWN"",""observed_provider"":""Baidu"",""observed_endpoint"":null,""observed_quantization"":null}],""response_cache_status"":""UNKNOWN"",""raw_action_valid"":true,""action_received"":""QUERY"",""value"":""AAAGGGG"",""action_applied"":""QUERY"",""feedback"":{""exact"":1,""misplaced"":3},""credits_remaining"":5},{""step"":6,""credits_before"":5,""http_attempts"":[{""attempt_number"":1,""started_at"":""2026-08-16T10:18:21.913Z"",""finished_at"":""2026-08-16T10:18:43.126Z"",""duration_ms"":21213,""status_code"":200,""error_category"":null,""error_message"":null,""usage"":{""input_tokens"":426,""output_tokens"":6,""reasoning_tokens"":null,""cached_tokens"":256,""cache_write_tokens"":null,""total_tokens"":432},""cost_usd"":1.501808e-05,""generation_id"":""gen-1786875521-yDzRJAkZtUgnuT1PGvY6"",""response_cache_status"":""UNKNOWN"",""observed_provider"":""Baidu"",""observed_endpoint"":null,""observed_quantization"":null}],""response_cache_status"":""UNKNOWN"",""raw_action_valid"":true,""action_received"":""QUERY"",""value"":""AAAHHHH"",""action_applied"":""QUERY"",""feedback"":{""exact"":1,""misplaced"":3},""credits_remaining"":4},{""step"":7,""credits_before"":4,""http_attempts"":[{""attempt_number"":1,""started_at"":""2026-08-16T10:22:04.019Z"",""finished_at"":""2026-08-16T10:22:25.534Z"",""duration_ms"":21515,""status_code"":200,""error_category"":null,""error_message"":null,""usage"":{""input_tokens"":459,""output_tokens"":6,""reasoning_tokens"":null,""cached_tokens"":256,""cache_write_tokens"":null,""total_tokens"":465},""cost_usd"":1.714328e-05,""generation_id"":""gen-1786875743-wLPfpMTZiqLruYhqqfMM"",""response_cache_status"":""UNKNOWN"",""observed_provider"":""Baidu"",""observed_endpoint"":null,""observed_quantization"":null}],""response_cache_status"":""UNKNOWN"",""raw_action_valid"":true,""action_received"":""QUERY"",""value"":""AAAIIII"",""action_applied"":""QUERY"",""feedback"":{""exact"":1,""misplaced"":2},""credits_remaining"":3},{""step"":8,""credits_before"":3,""http_attempts"":[{""attempt_number"":1,""started_at"":""2026-08-16T10:25:40.331Z"",""finished_at"":""2026-08-16T10:26:44.273Z"",""duration_ms"":63942,""status_code"":200,""error_category"":null,""error_message"":null,""usage"":{""input_tokens"":492,""output_tokens"":8192,""reasoning_tokens"":null,""cached_tokens"":256,""cache_write_tokens"":null,""total_tokens"":8684},""cost_usd"":0.00107362528,""generation_id"":""gen-1786875962-SZgnjAXYXYJzCXOcqjV2"",""response_cache_status"":""UNKNOWN"",""observed_provider"":""Baidu"",""observed_endpoint"":null,""observed_quantization"":null}],""response_cache_status"":""UNKNOWN"",""raw_action_valid"":false,""action"":null,""parse_error"":""response must be exactly QUERY <symbols> or SUBMIT <symbols>"",""consecutive_invalid_responses"":1},{""step"":9,""credits_before"":3,""http_attempts"":[{""attempt_number"":1,""started_at"":""2026-08-16T10:29:58.855Z"",""finished_at"":""2026-08-16T10:30:20.265Z"",""duration_ms"":21410,""status_code"":200,""error_category"":null,""error_message"":null,""usage"":{""input_tokens"":8719,""output_tokens"":7,""reasoning_tokens"":null,""cached_tokens"":256,""cache_write_tokens"":null,""total_tokens"":8726},""cost_usd"":0.00054921608,""generation_id"":""gen-1786876218-lH6BccRM8rnB3BzeVWFi"",""response_cache_status"":""UNKNOWN"",""observed_provider"":""Baidu"",""observed_endpoint"":null,""observed_quantization"":null}],""response_cache_status"":""UNKNOWN"",""raw_action_valid"":true,""action_received"":""QUERY"",""value"":""AGHAAEF"",""action_applied"":""QUERY"",""feedback"":{""exact"":3,""misplaced"":3},""credits_remaining"":2},{""step"":10,""credits_before"":2,""http_attempts"":[{""attempt_number"":1,""started_at"":""2026-08-16T10:33:26.218Z"",""finished_at"":""2026-08-16T10:33:57.791Z"",""duration_ms"":31573,""status_code"":200,""error_category"":null,""error_message"":null,""usage"":{""input_tokens"":8753,""output_tokens"":1442,""reasoning_tokens"":1,""cached_tokens"":8192,""cache_write_tokens"":null,""total_tokens"":10195},""cost_usd"":0.00032737096,""generation_id"":""gen-1786876428-vpIOZc7fPcZ43xdWmlBa"",""response_cache_status"":""UNKNOWN"",""observed_provider"":""Baidu"",""observed_endpoint"":null,""observed_quantization"":null}],""response_cache_status"":""UNKNOWN"",""raw_action_valid"":false,""action"":null,""parse_error"":""response must be exactly QUERY <symbols> or SUBMIT <symbols>"",""consecutive_invalid_responses"":1},{""step"":11,""credits_before"":2,""http_attempts"":[{""attempt_number"":1,""started_at"":""2026-08-16T10:37:02.615Z"",""finished_at"":""2026-08-16T10:37:23.785Z"",""duration_ms"":21169,""status_code"":200,""error_category"":null,""error_message"":null,""usage"":{""input_tokens"":10227,""output_tokens"":7,""reasoning_tokens"":null,""cached_tokens"":8192,""cache_write_tokens"":null,""total_tokens"":10234},""cost_usd"":0.00023746856,""generation_id"":""gen-1786876642-xTIxaraBGyO4YYBF6ZBE"",""response_cache_status"":""UNKNOWN"",""observed_provider"":""Baidu"",""observed_endpoint"":null,""observed_quantization"":null}],""response_cache_status"":""UNKNOWN"",""raw_action_valid"":true,""action_received"":""QUERY"",""value"":""GAHJEAA"",""action_applied"":""QUERY"",""feedback"":{""exact"":1,""misplaced"":5},""credits_remaining"":1},{""step"":12,""credits_before"":1,""http_attempts"":[{""attempt_number"":1,""started_at"":""2026-08-16T10:40:08.951Z"",""finished_at"":""2026-08-16T10:41:03.443Z"",""duration_ms"":54492,""status_code"":200,""error_category"":null,""error_message"":null,""usage"":{""input_tokens"":10261,""output_tokens"":8192,""reasoning_tokens"":null,""cached_tokens"":9216,""cache_write_tokens"":null,""total_tokens"":18453},""cost_usd"":0.00124112968,""generation_id"":""gen-1786876825-R8QRHk98nKsii050DURg"",""response_cache_status"":""UNKNOWN"",""observed_provider"":""Baidu"",""observed_endpoint"":null,""observed_quantization"":null}],""response_cache_status"":""UNKNOWN"",""raw_action_valid"":false,""action"":null,""parse_error"":""response must be exactly QUERY <symbols> or SUBMIT <symbols>"",""consecutive_invalid_responses"":1},{""step"":13,""credits_before"":1,""http_attempts"":[{""attempt_number"":1,""started_at"":""2026-08-16T10:42:30.181Z"",""finished_at"":""2026-08-16T10:43:27.191Z"",""duration_ms"":57010,""status_code"":200,""error_category"":null,""error_message"":null,""usage"":{""input_tokens"":18488,""output_tokens"":8192,""reasoning_tokens"":null,""cached_tokens"":10240,""cache_write_tokens"":null,""total_tokens"":26680},""cost_usd"":0.001718192,""generation_id"":""gen-1786876969-9LWy1SEV1D024gRFKGzQ"",""response_cache_status"":""UNKNOWN"",""observed_provider"":""Baidu"",""observed_endpoint"":null,""observed_quantization"":null}],""response_cache_status"":""UNKNOWN"",""raw_action_valid"":false,""action"":null,""parse_error"":""response must be exactly QUERY <symbols> or SUBMIT <symbols>"",""consecutive_invalid_responses"":2},{""step"":14,""credits_before"":1,""http_attempts"":[{""attempt_number"":1,""started_at"":""2026-08-16T10:44:22.241Z"",""finished_at"":""2026-08-16T10:44:46.901Z"",""duration_ms"":24660,""status_code"":200,""error_category"":null,""error_message"":null,""usage"":{""input_tokens"":26715,""output_tokens"":1696,""reasoning_tokens"":null,""cached_tokens"":18432,""cache_write_tokens"":null,""total_tokens"":28411},""cost_usd"":0.00098927416,""generation_id"":""gen-1786877078-5ZMFt6QDwqunS6i2Audb"",""response_cache_status"":""UNKNOWN"",""observed_provider"":""Baidu"",""observed_endpoint"":null,""observed_quantization"":null}],""response_cache_status"":""UNKNOWN"",""raw_action_valid"":false,""action"":null,""parse_error"":""response must be exactly QUERY <symbols> or SUBMIT <symbols>"",""consecutive_invalid_responses"":3}]"
585e1dd2-5a7a-4333-9a12-0cc16d66bd11,585e1dd2-5a7a-4333-9a12-0cc16d66bd11,1,,17,deepseek,deepseek-v4-flash-0731,deepseek/deepseek-v4-flash-0731,baidu,Baidu,baidu/fp8,,,,B,same_model_instance,2026-08-16T10:02:43.795Z,2026-08-16T10:46:15.979Z,2612183,3d3baa6feb49226c87c6bc0788fe1936,90d97429c86cd4e4,GFEFBAF,7,10,10,10,0,CDEFGAG,3,0.42857142857142855,false,partial,15,15,0,4,28949,11571,2,13056,,40520,0.00268201528,true,true,false,beac9c73922a2ffe8812688677869d60b795a42f7917e7d966869980810162d3,"{""max_tokens"":8192,""temperature"":null,""top_p"":null,""top_k"":null,""min_p"":null,""seed"":null,""reasoning"":{""enabled"":false,""effort"":null,""max_tokens"":null,""exclude"":true},""thinking"":null}","{""endpoint_slug"":""baidu/fp8"",""quantizations"":null,""allow_fallbacks"":false,""require_parameters"":true}",completed,true,[],,,response must be exactly QUERY <symbols> or SUBMIT <symbols>,"[{""step"":1,""credits_before"":10,""http_attempts"":[{""attempt_number"":1,""started_at"":""2026-08-16T10:02:43.795Z"",""finished_at"":""2026-08-16T10:03:07.676Z"",""duration_ms"":23880,""status_code"":200,""error_category"":null,""error_message"":null,""usage"":{""input_tokens"":263,""output_tokens"":6,""reasoning_tokens"":null,""cached_tokens"":256,""cache_write_tokens"":null,""total_tokens"":269},""cost_usd"":4.52088e-06,""generation_id"":""gen-1786874586-DvVqnMLwWrmq5uX3Vc7t"",""response_cache_status"":""UNKNOWN"",""observed_provider"":""Baidu"",""observed_endpoint"":null,""observed_quantization"":null}],""response_cache_status"":""UNKNOWN"",""raw_action_valid"":true,""action_received"":""QUERY"",""value"":""ABCDEFG"",""action_applied"":""QUERY"",""feedback"":{""exact"":0,""misplaced"":5},""credits_remaining"":9},{""step"":2,""credits_before"":9,""http_attempts"":[{""attempt_number"":1,""started_at"":""2026-08-16T10:06:31.883Z"",""finished_at"":""2026-08-16T10:06:55.979Z"",""duration_ms"":24096,""status_code"":200,""error_category"":null,""error_message"":null,""usage"":{""input_tokens"":296,""output_tokens"":7,""reasoning_tokens"":null,""cached_tokens"":256,""cache_write_tokens"":null,""total_tokens"":303},""cost_usd"":6.77488e-06,""generation_id"":""gen-1786874814-ow8hS7ur5UWaegSpPkS4"",""response_cache_status"":""UNKNOWN"",""observed_provider"":""Baidu"",""observed_endpoint"":null,""observed_quantization"":null}],""response_cache_status"":""UNKNOWN"",""raw_action_valid"":false,""action"":null,""parse_error"":""response must contain exactly 7 symbols"",""consecutive_invalid_responses"":1},{""step"":3,""credits_before"":9,""http_attempts"":[{""attempt_number"":1,""started_at"":""2026-08-16T10:10:20.751Z"",""finished_at"":""2026-08-16T10:10:44.577Z"",""duration_ms"":23826,""status_code"":200,""error_category"":null,""error_message"":null,""usage"":{""input_tokens"":337,""output_tokens"":6,""reasoning_tokens"":null,""cached_tokens"":256,""cache_write_tokens"":null,""total_tokens"":343},""cost_usd"":9.28648e-06,""generation_id"":""gen-1786875043-22OGu0ee3H2Tz04UOkdk"",""response_cache_status"":""UNKNOWN"",""observed_provider"":""Baidu"",""observed_endpoint"":null,""observed_quantization"":null}],""response_cache_status"":""UNKNOWN"",""raw_action_valid"":true,""action_received"":""QUERY"",""value"":""ABCDEFH"",""action_applied"":""QUERY"",""feedback"":{""exact"":0,""misplaced"":4},""credits_remaining"":8},{""step"":4,""credits_before"":8,""http_attempts"":[{""attempt_number"":1,""started_at"":""2026-08-16T10:14:05.936Z"",""finished_at"":""2026-08-16T10:14:30.020Z"",""duration_ms"":24084,""status_code"":200,""error_category"":null,""error_message"":null,""usage"":{""input_tokens"":370,""output_tokens"":6,""reasoning_tokens"":null,""cached_tokens"":256,""cache_write_tokens"":null,""total_tokens"":376},""cost_usd"":1.141168e-05,""generation_id"":""gen-1786875268-USkHHezTGyW4Jtvf6hcJ"",""response_cache_status"":""UNKNOWN"",""observed_provider"":""Baidu"",""observed_endpoint"":null,""observed_quantization"":null}],""response_cache_status"":""UNKNOWN"",""raw_action_valid"":true,""action_received"":""QUERY"",""value"":""ABCDEFI"",""action_applied"":""QUERY"",""feedback"":{""exact"":0,""misplaced"":4},""credits_remaining"":7},{""step"":5,""credits_before"":7,""http_attempts"":[{""attempt_number"":1,""started_at"":""2026-08-16T10:17:51.554Z"",""finished_at"":""2026-08-16T10:18:15.544Z"",""duration_ms"":23990,""status_code"":200,""error_category"":null,""error_message"":null,""usage"":{""input_tokens"":403,""output_tokens"":6,""reasoning_tokens"":null,""cached_tokens"":256,""cache_write_tokens"":null,""total_tokens"":409},""cost_usd"":1.353688e-05,""generation_id"":""gen-1786875494-InWeeCrnPxp7JOYwt7FT"",""response_cache_status"":""UNKNOWN"",""observed_provider"":""Baidu"",""observed_endpoint"":null,""observed_quantization"":null}],""response_cache_status"":""UNKNOWN"",""raw_action_valid"":true,""action_received"":""QUERY"",""value"":""ABCDEFJ"",""action_applied"":""QUERY"",""feedback"":{""exact"":0,""misplaced"":4},""credits_remaining"":6},{""step"":6,""credits_before"":6,""http_attempts"":[{""attempt_number"":1,""started_at"":""2026-08-16T10:21:33.900Z"",""finished_at"":""2026-08-16T10:21:57.892Z"",""duration_ms"":23992,""status_code"":200,""error_category"":null,""error_message"":null,""usage"":{""input_tokens"":436,""output_tokens"":6,""reasoning_tokens"":null,""cached_tokens"":256,""cache_write_tokens"":null,""total_tokens"":442},""cost_usd"":1.566208e-05,""generation_id"":""gen-1786875716-hIs9pwMNU9WRHLikUEjf"",""response_cache_status"":""UNKNOWN"",""observed_provider"":""Baidu"",""observed_endpoint"":null,""observed_quantization"":null}],""response_cache_status"":""UNKNOWN"",""raw_action_valid"":true,""action_received"":""QUERY"",""value"":""ABCDEFG"",""action_applied"":""QUERY"",""feedback"":{""exact"":0,""misplaced"":5},""credits_remaining"":5},{""step"":7,""credits_before"":5,""http_attempts"":[{""attempt_number"":1,""started_at"":""2026-08-16T10:25:13.493Z"",""finished_at"":""2026-08-16T10:25:37.382Z"",""duration_ms"":23889,""status_code"":200,""error_category"":null,""error_message"":null,""usage"":{""input_tokens"":469,""output_tokens"":7,""reasoning_tokens"":null,""cached_tokens"":256,""cache_write_tokens"":null,""total_tokens"":476},""cost_usd"":1.791608e-05,""generation_id"":""gen-1786875935-XRVmpCXCRU4GURj4GIIt"",""response_cache_status"":""UNKNOWN"",""observed_provider"":""Baidu"",""observed_endpoint"":null,""observed_quantization"":null}],""response_cache_status"":""UNKNOWN"",""raw_action_valid"":false,""action"":null,""parse_error"":""response must contain exactly 7 symbols"",""consecutive_invalid_responses"":1},{""step"":8,""credits_before"":5,""http_attempts"":[{""attempt_number"":1,""started_at"":""2026-08-16T10:28:55.536Z"",""finished_at"":""2026-08-16T10:29:16.702Z"",""duration_ms"":21165,""status_code"":200,""error_category"":null,""error_message"":null,""usage"":{""input_tokens"":510,""output_tokens"":6,""reasoning_tokens"":null,""cached_tokens"":256,""cache_write_tokens"":null,""total_tokens"":516},""cost_usd"":2.042768e-05,""generation_id"":""gen-1786876155-dBEbgtPTzszvOPLhyh4p"",""response_cache_status"":""UNKNOWN"",""observed_provider"":""Baidu"",""observed_endpoint"":null,""observed_quantization"":null}],""response_cache_status"":""UNKNOWN"",""raw_action_valid"":true,""action_received"":""QUERY"",""value"":""ABCDEFH"",""action_applied"":""QUERY"",""feedback"":{""exact"":0,""misplaced"":4},""credits_remaining"":4},{""step"":9,""credits_before"":4,""http_attempts"":[{""attempt_number"":1,""started_at"":""2026-08-16T10:32:26.244Z"",""finished_at"":""2026-08-16T10:32:50.021Z"",""duration_ms"":23777,""status_code"":200,""error_category"":null,""error_message"":null,""usage"":{""input_tokens"":543,""output_tokens"":6,""reasoning_tokens"":null,""cached_tokens"":256,""cache_write_tokens"":null,""total_tokens"":549},""cost_usd"":2.255288e-05,""generation_id"":""gen-1786876368-4QC9AoFMrbk1I2oYs5ZN"",""response_cache_status"":""UNKNOWN"",""observed_provider"":""Baidu"",""observed_endpoint"":null,""observed_quantization"":null}],""response_cache_status"":""UNKNOWN"",""raw_action_valid"":true,""action_received"":""QUERY"",""value"":""ABCDEFI"",""action_applied"":""QUERY"",""feedback"":{""exact"":0,""misplaced"":4},""credits_remaining"":3},{""step"":10,""credits_before"":3,""http_attempts"":[{""attempt_number"":1,""started_at"":""2026-08-16T10:36:03.361Z"",""finished_at"":""2026-08-16T10:36:23.878Z"",""duration_ms"":20517,""status_code"":200,""error_category"":null,""error_message"":null,""usage"":{""input_tokens"":576,""output_tokens"":6,""reasoning_tokens"":null,""cached_tokens"":512,""cache_write_tokens"":null,""total_tokens"":582},""cost_usd"":1.148896e-05,""generation_id"":""gen-1786876581-EIZ7bIdzP513IU1Nri7c"",""response_cache_status"":""UNKNOWN"",""observed_provider"":""Baidu"",""observed_endpoint"":null,""observed_quantization"":null}],""response_cache_status"":""UNKNOWN"",""raw_action_valid"":true,""action_received"":""QUERY"",""value"":""ABCDEFJ"",""action_applied"":""QUERY"",""feedback"":{""exact"":0,""misplaced"":4},""credits_remaining"":2},{""step"":11,""credits_before"":2,""http_attempts"":[{""attempt_number"":1,""started_at"":""2026-08-16T10:39:21.525Z"",""finished_at"":""2026-08-16T10:39:57.189Z"",""duration_ms"":35664,""status_code"":200,""error_category"":null,""error_message"":null,""usage"":{""input_tokens"":609,""output_tokens"":3295,""reasoning_tokens"":2,""cached_tokens"":512,""cache_write_tokens"":null,""total_tokens"":3904},""cost_usd"":0.00043723736,""generation_id"":""gen-1786876780-oRoCzNF9r2iMlg6Z9kXR"",""response_cache_status"":""UNKNOWN"",""observed_provider"":""Baidu"",""observed_endpoint"":null,""observed_quantization"":null}],""response_cache_status"":""UNKNOWN"",""raw_action_valid"":false,""action"":null,""parse_error"":""response must be exactly QUERY <symbols> or SUBMIT <symbols>"",""consecutive_invalid_responses"":1},{""step"":12,""credits_before"":2,""http_attempts"":[{""attempt_number"":1,""started_at"":""2026-08-16T10:41:41.482Z"",""finished_at"":""2026-08-16T10:42:03.163Z"",""duration_ms"":21681,""status_code"":200,""error_category"":null,""error_message"":null,""usage"":{""input_tokens"":3935,""output_tokens"":7,""reasoning_tokens"":null,""cached_tokens"":512,""cache_write_tokens"":null,""total_tokens"":3942},""cost_usd"":0.00022793736,""generation_id"":""gen-1786876921-x1PaX7VdLTZRaDLpARBo"",""response_cache_status"":""UNKNOWN"",""observed_provider"":""Baidu"",""observed_endpoint"":null,""observed_quantization"":null}],""response_cache_status"":""UNKNOWN"",""raw_action_valid"":true,""action_received"":""QUERY"",""value"":""BCDEFGA"",""action_applied"":""QUERY"",""feedback"":{""exact"":0,""misplaced"":5},""credits_remaining"":1},{""step"":13,""credits_before"":1,""http_attempts"":[{""attempt_number"":1,""started_at"":""2026-08-16T10:43:18.244Z"",""finished_at"":""2026-08-16T10:43:33.419Z"",""duration_ms"":15175,""status_code"":200,""error_category"":null,""error_message"":null,""usage"":{""input_tokens"":3969,""output_tokens"":7,""reasoning_tokens"":null,""cached_tokens"":3072,""cache_write_tokens"":null,""total_tokens"":3976},""cost_usd"":9.823576e-05,""generation_id"":""gen-1786877011-xfs2sWkDNYseVqKYdEr2"",""response_cache_status"":""UNKNOWN"",""observed_provider"":""Baidu"",""observed_endpoint"":null,""observed_quantization"":null}],""response_cache_status"":""UNKNOWN"",""raw_action_valid"":true,""action_received"":""QUERY"",""value"":""CDEFGAB"",""action_applied"":""QUERY"",""feedback"":{""exact"":3,""misplaced"":2},""credits_remaining"":0},{""step"":14,""credits_before"":0,""http_attempts"":[{""attempt_number"":1,""started_at"":""2026-08-16T10:44:25.259Z"",""finished_at"":""2026-08-16T10:45:18.706Z"",""duration_ms"":53446,""status_code"":200,""error_category"":null,""error_message"":null,""usage"":{""input_tokens"":4003,""output_tokens"":8192,""reasoning_tokens"":null,""cached_tokens"":3072,""cache_write_tokens"":null,""total_tokens"":12195},""cost_usd"":0.00115465336,""generation_id"":""gen-1786877084-JrtCf2yCqZvVFzem91iZ"",""response_cache_status"":""UNKNOWN"",""observed_provider"":""Baidu"",""observed_endpoint"":null,""observed_quantization"":null}],""response_cache_status"":""UNKNOWN"",""raw_action_valid"":false,""action"":null,""parse_error"":""response must be exactly QUERY <symbols> or SUBMIT <symbols>"",""consecutive_invalid_responses"":1},{""step"":15,""credits_before"":0,""http_attempts"":[{""attempt_number"":1,""started_at"":""2026-08-16T10:46:04.616Z"",""finished_at"":""2026-08-16T10:46:15.978Z"",""duration_ms"":11362,""status_code"":200,""error_category"":null,""error_message"":null,""usage"":{""input_tokens"":12230,""output_tokens"":8,""reasoning_tokens"":null,""cached_tokens"":3072,""cache_write_tokens"":null,""total_tokens"":12238},""cost_usd"":0.00063037296,""generation_id"":""gen-1786877174-SRqWkVQbIotdXntMy6eE"",""response_cache_status"":""UNKNOWN"",""observed_provider"":""Baidu"",""observed_endpoint"":null,""observed_quantization"":null}],""response_cache_status"":""UNKNOWN"",""raw_action_valid"":true,""action_received"":""SUBMIT"",""value"":""CDEFGAG"",""action_applied"":""SUBMIT"",""coerced_at_zero_credits"":false,""credits_remaining"":0}]"
d5a6ace7-9757-475f-8253-58d1b5c5be80,d5a6ace7-9757-475f-8253-58d1b5c5be80,1,,14,deepseek,deepseek-v4-flash-0731,deepseek/deepseek-v4-flash-0731,baidu,Baidu,baidu/fp8,,,,A,continuation,2026-08-16T10:00:22.898Z,2026-08-16T10:46:21.825Z,2758927,3d3baa6feb49226c87c6bc0788fe1936,17bb2d48d8684b65,HJDADEA,7,10,10,10,0,AEDAHJD,2,0.2857142857142857,false,partial,16,16,0,5,16112,5306,,7424,,21418,0.00133854112,true,true,false,a193e42687075f855a907c617cb6eb43c5979e687d22273bbab4c0919af923ac,"{""max_tokens"":8192,""temperature"":null,""top_p"":null,""top_k"":null,""min_p"":null,""seed"":null,""reasoning"":{""enabled"":false,""effort"":null,""max_tokens"":null,""exclude"":true},""thinking"":null}","{""endpoint_slug"":""baidu/fp8"",""quantizations"":null,""allow_fallbacks"":false,""require_parameters"":true}",completed,true,[],,,response must be exactly QUERY <symbols> or SUBMIT <symbols>,"[{""step"":1,""credits_before"":10,""http_attempts"":[{""attempt_number"":1,""started_at"":""2026-08-16T10:00:22.899Z"",""finished_at"":""2026-08-16T10:00:47.168Z"",""duration_ms"":24269,""status_code"":200,""error_category"":null,""error_message"":null,""usage"":{""input_tokens"":258,""output_tokens"":6,""reasoning_tokens"":null,""cached_tokens"":256,""cache_write_tokens"":null,""total_tokens"":264},""cost_usd"":4.19888e-06,""generation_id"":""gen-1786874445-HWtJ11nqmGGRo6mZk3Zv"",""response_cache_status"":""UNKNOWN"",""observed_provider"":""Baidu"",""observed_endpoint"":null,""observed_quantization"":null}],""response_cache_status"":""UNKNOWN"",""raw_action_valid"":true,""action_received"":""QUERY"",""value"":""AAAAAAA"",""action_applied"":""QUERY"",""feedback"":{""exact"":2,""misplaced"":0},""credits_remaining"":9},{""step"":2,""credits_before"":9,""http_attempts"":[{""attempt_number"":1,""started_at"":""2026-08-16T10:04:19.805Z"",""finished_at"":""2026-08-16T10:04:44.618Z"",""duration_ms"":24813,""status_code"":200,""error_category"":null,""error_message"":null,""usage"":{""input_tokens"":291,""output_tokens"":6,""reasoning_tokens"":null,""cached_tokens"":256,""cache_write_tokens"":null,""total_tokens"":297},""cost_usd"":6.32408e-06,""generation_id"":""gen-1786874682-g5CFmBUNkTvlhWUWyVgQ"",""response_cache_status"":""UNKNOWN"",""observed_provider"":""Baidu"",""observed_endpoint"":null,""observed_quantization"":null}],""response_cache_status"":""UNKNOWN"",""raw_action_valid"":true,""action_received"":""QUERY"",""value"":""BBBBBBB"",""action_applied"":""QUERY"",""feedback"":{""exact"":0,""misplaced"":0},""credits_remaining"":8},{""step"":3,""credits_before"":8,""http_attempts"":[{""attempt_number"":1,""started_at"":""2026-08-16T10:08:08.207Z"",""finished_at"":""2026-08-16T10:08:32.279Z"",""duration_ms"":24072,""status_code"":200,""error_category"":null,""error_message"":null,""usage"":{""input_tokens"":324,""output_tokens"":6,""reasoning_tokens"":null,""cached_tokens"":256,""cache_write_tokens"":null,""total_tokens"":330},""cost_usd"":8.44928e-06,""generation_id"":""gen-1786874910-nD4t8UlpQrENThiCwxfI"",""response_cache_status"":""UNKNOWN"",""observed_provider"":""Baidu"",""observed_endpoint"":null,""observed_quantization"":null}],""response_cache_status"":""UNKNOWN"",""raw_action_valid"":true,""action_received"":""QUERY"",""value"":""CCCCCCC"",""action_applied"":""QUERY"",""feedback"":{""exact"":0,""misplaced"":0},""credits_remaining"":7},{""step"":4,""credits_before"":7,""http_attempts"":[{""attempt_number"":1,""started_at"":""2026-08-16T10:11:56.879Z"",""finished_at"":""2026-08-16T10:12:20.793Z"",""duration_ms"":23913,""status_code"":200,""error_category"":null,""error_message"":null,""usage"":{""input_tokens"":357,""output_tokens"":7,""reasoning_tokens"":null,""cached_tokens"":256,""cache_write_tokens"":null,""total_tokens"":364},""cost_usd"":1.070328e-05,""generation_id"":""gen-1786875139-Pt0IIep6Ho84VTFv0PDO"",""response_cache_status"":""UNKNOWN"",""observed_provider"":""Baidu"",""observed_endpoint"":null,""observed_quantization"":null}],""response_cache_status"":""UNKNOWN"",""raw_action_valid"":true,""action_received"":""QUERY"",""value"":""DDDDDDD"",""action_applied"":""QUERY"",""feedback"":{""exact"":2,""misplaced"":0},""credits_remaining"":6},{""step"":5,""credits_before"":6,""http_attempts"":[{""attempt_number"":1,""started_at"":""2026-08-16T10:15:42.168Z"",""finished_at"":""2026-08-16T10:16:06.358Z"",""duration_ms"":24190,""status_code"":200,""error_category"":null,""error_message"":null,""usage"":{""input_tokens"":391,""output_tokens"":7,""reasoning_tokens"":null,""cached_tokens"":256,""cache_write_tokens"":null,""total_tokens"":398},""cost_usd"":1.289288e-05,""generation_id"":""gen-1786875364-ZHhv2MM5yWNXHpkM4H0r"",""response_cache_status"":""UNKNOWN"",""observed_provider"":""Baidu"",""observed_endpoint"":null,""observed_quantization"":null}],""response_cache_status"":""UNKNOWN"",""raw_action_valid"":true,""action_received"":""QUERY"",""value"":""EEEEEEE"",""action_applied"":""QUERY"",""feedback"":{""exact"":1,""misplaced"":0},""credits_remaining"":5},{""step"":6,""credits_before"":5,""http_attempts"":[{""attempt_number"":1,""started_at"":""2026-08-16T10:19:27.595Z"",""finished_at"":""2026-08-16T10:19:51.909Z"",""duration_ms"":24315,""status_code"":200,""error_category"":null,""error_message"":null,""usage"":{""input_tokens"":425,""output_tokens"":7,""reasoning_tokens"":null,""cached_tokens"":256,""cache_write_tokens"":null,""total_tokens"":432},""cost_usd"":1.508248e-05,""generation_id"":""gen-1786875590-BRAaTMLi5ZxL2tx2cOkw"",""response_cache_status"":""UNKNOWN"",""observed_provider"":""Baidu"",""observed_endpoint"":null,""observed_quantization"":null}],""response_cache_status"":""UNKNOWN"",""raw_action_valid"":false,""action"":null,""parse_error"":""response must be exactly QUERY <symbols> or SUBMIT <symbols>"",""consecutive_invalid_responses"":1},{""step"":7,""credits_before"":5,""http_attempts"":[{""attempt_number"":1,""started_at"":""2026-08-16T10:23:10.036Z"",""finished_at"":""2026-08-16T10:23:34.968Z"",""duration_ms"":24931,""status_code"":200,""error_category"":null,""error_message"":null,""usage"":{""input_tokens"":466,""output_tokens"":5,""reasoning_tokens"":null,""cached_tokens"":256,""cache_write_tokens"":null,""total_tokens"":471},""cost_usd"":1.746528e-05,""generation_id"":""gen-1786875812-Z90ee2cDrWga57YhSmtL"",""response_cache_status"":""UNKNOWN"",""observed_provider"":""Baidu"",""observed_endpoint"":null,""observed_quantization"":null}],""response_cache_status"":""UNKNOWN"",""raw_action_valid"":true,""action_received"":""QUERY"",""value"":""FFFFFFF"",""action_applied"":""QUERY"",""feedback"":{""exact"":0,""misplaced"":0},""credits_remaining"":4},{""step"":8,""credits_before"":4,""http_attempts"":[{""attempt_number"":1,""started_at"":""2026-08-16T10:26:52.964Z"",""finished_at"":""2026-08-16T10:27:16.726Z"",""duration_ms"":23762,""status_code"":200,""error_category"":null,""error_message"":null,""usage"":{""input_tokens"":498,""output_tokens"":7,""reasoning_tokens"":null,""cached_tokens"":256,""cache_write_tokens"":null,""total_tokens"":505},""cost_usd"":1.978368e-05,""generation_id"":""gen-1786876035-LyVLeHXcl39joplCGcWH"",""response_cache_status"":""UNKNOWN"",""observed_provider"":""Baidu"",""observed_endpoint"":null,""observed_quantization"":null}],""response_cache_status"":""UNKNOWN"",""raw_action_valid"":true,""action_received"":""QUERY"",""value"":""GGGGGGG"",""action_applied"":""QUERY"",""feedback"":{""exact"":0,""misplaced"":0},""credits_remaining"":3},{""step"":9,""credits_before"":3,""http_attempts"":[{""attempt_number"":1,""started_at"":""2026-08-16T10:30:34.974Z"",""finished_at"":""2026-08-16T10:30:56.924Z"",""duration_ms"":21950,""status_code"":200,""error_category"":null,""error_message"":null,""usage"":{""input_tokens"":532,""output_tokens"":137,""reasoning_tokens"":null,""cached_tokens"":256,""cache_write_tokens"":null,""total_tokens"":669},""cost_usd"":3.871728e-05,""generation_id"":""gen-1786876254-QRkP0Nbzq5PbOTIb4MVq"",""response_cache_status"":""UNKNOWN"",""observed_provider"":""Baidu"",""observed_endpoint"":null,""observed_quantization"":null}],""response_cache_status"":""UNKNOWN"",""raw_action_valid"":false,""action"":null,""parse_error"":""response must be exactly QUERY <symbols> or SUBMIT <symbols>"",""consecutive_invalid_responses"":1},{""step"":10,""credits_before"":3,""http_attempts"":[{""attempt_number"":1,""started_at"":""2026-08-16T10:34:05.414Z"",""finished_at"":""2026-08-16T10:34:29.307Z"",""duration_ms"":23893,""status_code"":200,""error_category"":null,""error_message"":null,""usage"":{""input_tokens"":703,""output_tokens"":7,""reasoning_tokens"":null,""cached_tokens"":512,""cache_write_tokens"":null,""total_tokens"":710},""cost_usd"":1.979656e-05,""generation_id"":""gen-1786876467-ZKlGb30JUNfkoyWwfbZS"",""response_cache_status"":""UNKNOWN"",""observed_provider"":""Baidu"",""observed_endpoint"":null,""observed_quantization"":null}],""response_cache_status"":""UNKNOWN"",""raw_action_valid"":true,""action_received"":""QUERY"",""value"":""HHHHHHH"",""action_applied"":""QUERY"",""feedback"":{""exact"":1,""misplaced"":0},""credits_remaining"":2},{""step"":11,""credits_before"":2,""http_attempts"":[{""attempt_number"":1,""started_at"":""2026-08-16T10:37:30.020Z"",""finished_at"":""2026-08-16T10:37:54.061Z"",""duration_ms"":24041,""status_code"":200,""error_category"":null,""error_message"":null,""usage"":{""input_tokens"":737,""output_tokens"":99,""reasoning_tokens"":null,""cached_tokens"":512,""cache_write_tokens"":null,""total_tokens"":836},""cost_usd"":3.383576e-05,""generation_id"":""gen-1786876672-KzmMek3VqjL90koTecDH"",""response_cache_status"":""UNKNOWN"",""observed_provider"":""Baidu"",""observed_endpoint"":null,""observed_quantization"":null}],""response_cache_status"":""UNKNOWN"",""raw_action_valid"":false,""action"":null,""parse_error"":""response must be exactly QUERY <symbols> or SUBMIT <symbols>"",""consecutive_invalid_responses"":1},{""step"":12,""credits_before"":2,""http_attempts"":[{""attempt_number"":1,""started_at"":""2026-08-16T10:40:24.772Z"",""finished_at"":""2026-08-16T10:40:44.958Z"",""duration_ms"":20186,""status_code"":200,""error_category"":null,""error_message"":null,""usage"":{""input_tokens"":870,""output_tokens"":6,""reasoning_tokens"":null,""cached_tokens"":512,""cache_write_tokens"":null,""total_tokens"":876},""cost_usd"":3.042256e-05,""generation_id"":""gen-1786876843-8y4uEX8dMfrHitkG9Sbi"",""response_cache_status"":""UNKNOWN"",""observed_provider"":""Baidu"",""observed_endpoint"":null,""observed_quantization"":null}],""response_cache_status"":""UNKNOWN"",""raw_action_valid"":true,""action_received"":""QUERY"",""value"":""IIIIIII"",""action_applied"":""QUERY"",""feedback"":{""exact"":0,""misplaced"":0},""credits_remaining"":1},{""step"":13,""credits_before"":1,""http_attempts"":[{""attempt_number"":1,""started_at"":""2026-08-16T10:42:18.012Z"",""finished_at"":""2026-08-16T10:42:43.242Z"",""duration_ms"":25230,""status_code"":200,""error_category"":null,""error_message"":null,""usage"":{""input_tokens"":903,""output_tokens"":726,""reasoning_tokens"":null,""cached_tokens"":768,""cache_write_tokens"":null,""total_tokens"":1629},""cost_usd"":0.00011209464,""generation_id"":""gen-1786876957-QhxT62JQyoe90c5NAlrb"",""response_cache_status"":""UNKNOWN"",""observed_provider"":""Baidu"",""observed_endpoint"":null,""observed_quantization"":null}],""response_cache_status"":""UNKNOWN"",""raw_action_valid"":false,""action"":null,""parse_error"":""response must be exactly QUERY <symbols> or SUBMIT <symbols>"",""consecutive_invalid_responses"":1},{""step"":14,""credits_before"":1,""http_attempts"":[{""attempt_number"":1,""started_at"":""2026-08-16T10:43:42.925Z"",""finished_at"":""2026-08-16T10:44:00.454Z"",""duration_ms"":17529,""status_code"":200,""error_category"":null,""error_message"":null,""usage"":{""input_tokens"":1663,""output_tokens"":7,""reasoning_tokens"":null,""cached_tokens"":768,""cache_write_tokens"":null,""total_tokens"":1670},""cost_usd"":6.843144e-05,""generation_id"":""gen-1786877038-nWvSDENWI2xdUX109ZXw"",""response_cache_status"":""UNKNOWN"",""observed_provider"":""Baidu"",""observed_endpoint"":null,""observed_quantization"":null}],""response_cache_status"":""UNKNOWN"",""raw_action_valid"":true,""action_received"":""QUERY"",""value"":""ADEADHJ"",""action_applied"":""QUERY"",""feedback"":{""exact"":2,""misplaced"":5},""credits_remaining"":0},{""step"":15,""credits_before"":0,""http_attempts"":[{""attempt_number"":1,""started_at"":""2026-08-16T10:44:46.952Z"",""finished_at"":""2026-08-16T10:45:25.665Z"",""duration_ms"":38713,""status_code"":200,""error_category"":null,""error_message"":null,""usage"":{""input_tokens"":1697,""output_tokens"":4266,""reasoning_tokens"":null,""cached_tokens"":1024,""cache_write_tokens"":null,""total_tokens"":5963},""cost_usd"":0.00060599112,""generation_id"":""gen-1786877105-neVXRAeQI5Dk0Do7UO1z"",""response_cache_status"":""UNKNOWN"",""observed_provider"":""Baidu"",""observed_endpoint"":null,""observed_quantization"":null}],""response_cache_status"":""UNKNOWN"",""raw_action_valid"":false,""action"":null,""parse_error"":""response must be exactly QUERY <symbols> or SUBMIT <symbols>"",""consecutive_invalid_responses"":1},{""step"":16,""credits_before"":0,""http_attempts"":[{""attempt_number"":1,""started_at"":""2026-08-16T10:46:13.010Z"",""finished_at"":""2026-08-16T10:46:21.825Z"",""duration_ms"":8814,""status_code"":200,""error_category"":null,""error_message"":null,""usage"":{""input_tokens"":5997,""output_tokens"":7,""reasoning_tokens"":null,""cached_tokens"":1024,""cache_write_tokens"":null,""total_tokens"":6004},""cost_usd"":0.00033435192,""generation_id"":""gen-1786877180-e905qDtR3CMtY82zzoCP"",""response_cache_status"":""UNKNOWN"",""observed_provider"":""Baidu"",""observed_endpoint"":null,""observed_quantization"":null}],""response_cache_status"":""UNKNOWN"",""raw_action_valid"":true,""action_received"":""SUBMIT"",""value"":""AEDAHJD"",""action_applied"":""SUBMIT"",""coerced_at_zero_credits"":false,""credits_remaining"":0}]"
bb3e3424-b9bc-467f-ad7e-129b8ea1d566,bb3e3424-b9bc-467f-ad7e-129b8ea1d566,1,,9,deepseek,deepseek-v4-flash-0731,deepseek/deepseek-v4-flash-0731,baidu,Baidu,baidu/fp8,,,,A,continuation,2026-08-16T10:02:34.806Z,2026-08-16T10:46:25.452Z,2630646,3d3baa6feb49226c87c6bc0788fe1936,1cd6b7449dcee142,FJHFGFB,7,10,10,8,2,,,,,,15,15,0,7,133251,22861,8,105984,,156112,0.006065565520000001,true,true,false,a193e42687075f855a907c617cb6eb43c5979e687d22273bbab4c0919af923ac,"{""max_tokens"":8192,""temperature"":null,""top_p"":null,""top_k"":null,""min_p"":null,""seed"":null,""reasoning"":{""enabled"":false,""effort"":null,""max_tokens"":null,""exclude"":true},""thinking"":null}","{""endpoint_slug"":""baidu/fp8"",""quantizations"":null,""allow_fallbacks"":false,""require_parameters"":true}",invalid_submission,false,"[""invalid_submission""]",invalid_format,response must be exactly QUERY <symbols> or SUBMIT <symbols>,response must be exactly QUERY <symbols> or SUBMIT <symbols>,"[{""step"":1,""credits_before"":10,""http_attempts"":[{""attempt_number"":1,""started_at"":""2026-08-16T10:02:34.806Z"",""finished_at"":""2026-08-16T10:02:59.135Z"",""duration_ms"":24329,""status_code"":200,""error_category"":null,""error_message"":null,""usage"":{""input_tokens"":258,""output_tokens"":6,""reasoning_tokens"":null,""cached_tokens"":256,""cache_write_tokens"":null,""total_tokens"":264},""cost_usd"":4.19888e-06,""generation_id"":""gen-1786874577-VyGMaxOQk4uiEF43Yau0"",""response_cache_status"":""UNKNOWN"",""observed_provider"":""Baidu"",""observed_endpoint"":null,""observed_quantization"":null}],""response_cache_status"":""UNKNOWN"",""raw_action_valid"":true,""action_received"":""QUERY"",""value"":""ABCDEFG"",""action_applied"":""QUERY"",""feedback"":{""exact"":1,""misplaced"":2},""credits_remaining"":9},{""step"":2,""credits_before"":9,""http_attempts"":[{""attempt_number"":1,""started_at"":""2026-08-16T10:06:23.136Z"",""finished_at"":""2026-08-16T10:06:47.684Z"",""duration_ms"":24548,""status_code"":200,""error_category"":null,""error_message"":null,""usage"":{""input_tokens"":291,""output_tokens"":6,""reasoning_tokens"":null,""cached_tokens"":256,""cache_write_tokens"":null,""total_tokens"":297},""cost_usd"":6.32408e-06,""generation_id"":""gen-1786874805-LdTvygDMIGInuriheT0a"",""response_cache_status"":""UNKNOWN"",""observed_provider"":""Baidu"",""observed_endpoint"":null,""observed_quantization"":null}],""response_cache_status"":""UNKNOWN"",""raw_action_valid"":true,""action_received"":""QUERY"",""value"":""HABCDEF"",""action_applied"":""QUERY"",""feedback"":{""exact"":0,""misplaced"":3},""credits_remaining"":8},{""step"":3,""credits_before"":8,""http_attempts"":[{""attempt_number"":1,""started_at"":""2026-08-16T10:10:11.488Z"",""finished_at"":""2026-08-16T10:10:35.561Z"",""duration_ms"":24073,""status_code"":200,""error_category"":null,""error_message"":null,""usage"":{""input_tokens"":324,""output_tokens"":7,""reasoning_tokens"":null,""cached_tokens"":256,""cache_write_tokens"":null,""total_tokens"":331},""cost_usd"":8.57808e-06,""generation_id"":""gen-1786875034-L1xQjgLzr8tyH0jH85y4"",""response_cache_status"":""UNKNOWN"",""observed_provider"":""Baidu"",""observed_endpoint"":null,""observed_quantization"":null}],""response_cache_status"":""UNKNOWN"",""raw_action_valid"":true,""action_received"":""QUERY"",""value"":""GHIJABC"",""action_applied"":""QUERY"",""feedback"":{""exact"":0,""misplaced"":4},""credits_remaining"":7},{""step"":4,""credits_before"":7,""http_attempts"":[{""attempt_number"":1,""started_at"":""2026-08-16T10:13:57.587Z"",""finished_at"":""2026-08-16T10:14:21.045Z"",""duration_ms"":23459,""status_code"":200,""error_category"":null,""error_message"":null,""usage"":{""input_tokens"":358,""output_tokens"":6,""reasoning_tokens"":null,""cached_tokens"":256,""cache_write_tokens"":null,""total_tokens"":364},""cost_usd"":1.063888e-05,""generation_id"":""gen-1786875259-tFpTlFWxVPo0XzYRmHTU"",""response_cache_status"":""UNKNOWN"",""observed_provider"":""Baidu"",""observed_endpoint"":null,""observed_quantization"":null}],""response_cache_status"":""UNKNOWN"",""raw_action_valid"":true,""action_received"":""QUERY"",""value"":""AJABCDE"",""action_applied"":""QUERY"",""feedback"":{""exact"":1,""misplaced"":1},""credits_remaining"":6},{""step"":5,""credits_before"":6,""http_attempts"":[{""attempt_number"":1,""started_at"":""2026-08-16T10:17:42.668Z"",""finished_at"":""2026-08-16T10:18:24.860Z"",""duration_ms"":42192,""status_code"":200,""error_category"":null,""error_message"":null,""usage"":{""input_tokens"":391,""output_tokens"":4173,""reasoning_tokens"":3,""cached_tokens"":256,""cache_write_tokens"":null,""total_tokens"":4564},""cost_usd"":0.00054947368,""generation_id"":""gen-1786875485-yaBV4us7Y2inrX9mz7UQ"",""response_cache_status"":""UNKNOWN"",""observed_provider"":""Baidu"",""observed_endpoint"":null,""observed_quantization"":null}],""response_cache_status"":""UNKNOWN"",""raw_action_valid"":false,""action"":null,""parse_error"":""response must be exactly QUERY <symbols> or SUBMIT <symbols>"",""consecutive_invalid_responses"":1},{""step"":6,""credits_before"":6,""http_attempts"":[{""attempt_number"":1,""started_at"":""2026-08-16T10:21:48.803Z"",""finished_at"":""2026-08-16T10:22:10.007Z"",""duration_ms"":21204,""status_code"":200,""error_category"":null,""error_message"":null,""usage"":{""input_tokens"":4595,""output_tokens"":7,""reasoning_tokens"":null,""cached_tokens"":256,""cache_write_tokens"":null,""total_tokens"":4602},""cost_usd"":0.00028363048,""generation_id"":""gen-1786875728-cOl2Qp4esXQJ88iz8Yw1"",""response_cache_status"":""UNKNOWN"",""observed_provider"":""Baidu"",""observed_endpoint"":null,""observed_quantization"":null}],""response_cache_status"":""UNKNOWN"",""raw_action_valid"":true,""action_received"":""QUERY"",""value"":""BCDEFGH"",""action_applied"":""QUERY"",""feedback"":{""exact"":0,""misplaced"":4},""credits_remaining"":5},{""step"":7,""credits_before"":5,""http_attempts"":[{""attempt_number"":1,""started_at"":""2026-08-16T10:25:25.995Z"",""finished_at"":""2026-08-16T10:26:13.427Z"",""duration_ms"":47432,""status_code"":200,""error_category"":null,""error_message"":null,""usage"":{""input_tokens"":4629,""output_tokens"":6323,""reasoning_tokens"":5,""cached_tokens"":4096,""cache_write_tokens"":null,""total_tokens"":10952},""cost_usd"":0.00090148408,""generation_id"":""gen-1786875947-8OuTccBdTBJkweR7t4Gj"",""response_cache_status"":""UNKNOWN"",""observed_provider"":""Baidu"",""observed_endpoint"":null,""observed_quantization"":null}],""response_cache_status"":""UNKNOWN"",""raw_action_valid"":false,""action"":null,""parse_error"":""response must be exactly QUERY <symbols> or SUBMIT <symbols>"",""consecutive_invalid_responses"":1},{""step"":8,""credits_before"":5,""http_attempts"":[{""attempt_number"":1,""started_at"":""2026-08-16T10:29:22.736Z"",""finished_at"":""2026-08-16T10:29:44.228Z"",""duration_ms"":21492,""status_code"":200,""error_category"":null,""error_message"":null,""usage"":{""input_tokens"":10981,""output_tokens"":6,""reasoning_tokens"":null,""cached_tokens"":4096,""cache_write_tokens"":null,""total_tokens"":10987},""cost_usd"":0.00049692328,""generation_id"":""gen-1786876182-2r1FWuTH0vfFbcJxtNvk"",""response_cache_status"":""UNKNOWN"",""observed_provider"":""Baidu"",""observed_endpoint"":null,""observed_quantization"":null}],""response_cache_status"":""UNKNOWN"",""raw_action_valid"":true,""action_received"":""QUERY"",""value"":""DEFIJGH"",""action_applied"":""QUERY"",""feedback"":{""exact"":0,""misplaced"":4},""credits_remaining"":4},{""step"":9,""credits_before"":4,""http_attempts"":[{""attempt_number"":1,""started_at"":""2026-08-16T10:32:53.093Z"",""finished_at"":""2026-08-16T10:33:23.254Z"",""duration_ms"":30161,""status_code"":200,""error_category"":null,""error_message"":null,""usage"":{""input_tokens"":11014,""output_tokens"":1338,""reasoning_tokens"":null,""cached_tokens"":10240,""cache_write_tokens"":null,""total_tokens"":12352},""cost_usd"":0.0003540712,""generation_id"":""gen-1786876395-Wf2I3zNKYpET7Ezmfq8q"",""response_cache_status"":""UNKNOWN"",""observed_provider"":""Baidu"",""observed_endpoint"":null,""observed_quantization"":null}],""response_cache_status"":""UNKNOWN"",""raw_action_valid"":false,""action"":null,""parse_error"":""response must be exactly QUERY <symbols> or SUBMIT <symbols>"",""consecutive_invalid_responses"":1},{""step"":10,""credits_before"":4,""http_attempts"":[{""attempt_number"":1,""started_at"":""2026-08-16T10:36:29.679Z"",""finished_at"":""2026-08-16T10:36:53.727Z"",""duration_ms"":24048,""status_code"":200,""error_category"":null,""error_message"":null,""usage"":{""input_tokens"":12386,""output_tokens"":7,""reasoning_tokens"":null,""cached_tokens"":10240,""cache_write_tokens"":null,""total_tokens"":12393},""cost_usd"":0.0002709952,""generation_id"":""gen-1786876612-KNO5zhVSXwzHYAa36ko7"",""response_cache_status"":""UNKNOWN"",""observed_provider"":""Baidu"",""observed_endpoint"":null,""observed_quantization"":null}],""response_cache_status"":""UNKNOWN"",""raw_action_valid"":true,""action_received"":""QUERY"",""value"":""BDEIJGH"",""action_applied"":""QUERY"",""feedback"":{""exact"":0,""misplaced"":4},""credits_remaining"":3},{""step"":11,""credits_before"":3,""http_attempts"":[{""attempt_number"":1,""started_at"":""2026-08-16T10:39:48.503Z"",""finished_at"":""2026-08-16T10:40:18.152Z"",""duration_ms"":29650,""status_code"":200,""error_category"":null,""error_message"":null,""usage"":{""input_tokens"":12420,""output_tokens"":2171,""reasoning_tokens"":null,""cached_tokens"":12288,""cache_write_tokens"":null,""total_tokens"":14591},""cost_usd"":0.00044639504,""generation_id"":""gen-1786876807-Sz0Xaov0t0k5hllgasxf"",""response_cache_status"":""UNKNOWN"",""observed_provider"":""Baidu"",""observed_endpoint"":null,""observed_quantization"":null}],""response_cache_status"":""UNKNOWN"",""raw_action_valid"":false,""action"":null,""parse_error"":""response must be exactly QUERY <symbols> or SUBMIT <symbols>"",""consecutive_invalid_responses"":1},{""step"":12,""credits_before"":3,""http_attempts"":[{""attempt_number"":1,""started_at"":""2026-08-16T10:42:03.163Z"",""finished_at"":""2026-08-16T10:42:24.518Z"",""duration_ms"":21354,""status_code"":200,""error_category"":null,""error_message"":null,""usage"":{""input_tokens"":14625,""output_tokens"":7,""reasoning_tokens"":null,""cached_tokens"":12288,""cache_write_tokens"":null,""total_tokens"":14632},""cost_usd"":0.00030967384,""generation_id"":""gen-1786876942-RMEOZRWNW4QPmX89Qvlh"",""response_cache_status"":""UNKNOWN"",""observed_provider"":""Baidu"",""observed_endpoint"":null,""observed_quantization"":null}],""response_cache_status"":""UNKNOWN"",""raw_action_valid"":true,""action_received"":""QUERY"",""value"":""DIJFBHG"",""action_applied"":""QUERY"",""feedback"":{""exact"":1,""misplaced"":4},""credits_remaining"":2},{""step"":13,""credits_before"":2,""http_attempts"":[{""attempt_number"":1,""started_at"":""2026-08-16T10:43:33.420Z"",""finished_at"":""2026-08-16T10:44:22.240Z"",""duration_ms"":48820,""status_code"":200,""error_category"":null,""error_message"":null,""usage"":{""input_tokens"":14659,""output_tokens"":8192,""reasoning_tokens"":null,""cached_tokens"":14336,""cache_write_tokens"":null,""total_tokens"":22851},""cost_usd"":0.00126057848,""generation_id"":""gen-1786877029-RcrxrVmSToEC7EZ9N3ZT"",""response_cache_status"":""UNKNOWN"",""observed_provider"":""Baidu"",""observed_endpoint"":null,""observed_quantization"":null}],""response_cache_status"":""UNKNOWN"",""raw_action_valid"":false,""action"":null,""parse_error"":""response must be exactly QUERY <symbols> or SUBMIT <symbols>"",""consecutive_invalid_responses"":1},{""step"":14,""credits_before"":2,""http_attempts"":[{""attempt_number"":1,""started_at"":""2026-08-16T10:45:04.764Z"",""finished_at"":""2026-08-16T10:45:27.563Z"",""duration_ms"":22799,""status_code"":200,""error_category"":null,""error_message"":null,""usage"":{""input_tokens"":22886,""output_tokens"":514,""reasoning_tokens"":null,""cached_tokens"":14336,""cache_write_tokens"":null,""total_tokens"":23400},""cost_usd"":0.00080147088,""generation_id"":""gen-1786877123-MrRNhpkrNOyhUKfOQzm3"",""response_cache_status"":""UNKNOWN"",""observed_provider"":""Baidu"",""observed_endpoint"":null,""observed_quantization"":null}],""response_cache_status"":""UNKNOWN"",""raw_action_valid"":false,""action"":null,""parse_error"":""response must be exactly QUERY <symbols> or SUBMIT <symbols>"",""consecutive_invalid_responses"":2},{""step"":15,""credits_before"":2,""http_attempts"":[{""attempt_number"":1,""started_at"":""2026-08-16T10:46:16.031Z"",""finished_at"":""2026-08-16T10:46:25.451Z"",""duration_ms"":9419,""status_code"":200,""error_category"":null,""error_message"":null,""usage"":{""input_tokens"":23434,""output_tokens"":98,""reasoning_tokens"":null,""cached_tokens"":22528,""cache_write_tokens"":null,""total_tokens"":23532},""cost_usd"":0.00036112944,""generation_id"":""gen-1786877183-nGyLhnh8W8WEHm3wa9ob"",""response_cache_status"":""UNKNOWN"",""observed_provider"":""Baidu"",""observed_endpoint"":null,""observed_quantization"":null}],""response_cache_status"":""UNKNOWN"",""raw_action_valid"":false,""action"":null,""parse_error"":""response must be exactly QUERY <symbols> or SUBMIT <symbols>"",""consecutive_invalid_responses"":3}]"
369659b3-8b4f-42f2-993e-022c6e55c384,369659b3-8b4f-42f2-993e-022c6e55c384,1,,17,deepseek,deepseek-v4-flash-0731,deepseek/deepseek-v4-flash-0731,baidu,Baidu,baidu/fp8,,,,A,continuation,2026-08-16T09:59:24.893Z,2026-08-16T10:46:27.933Z,2823040,3d3baa6feb49226c87c6bc0788fe1936,2a2dfa0265839b87,GFEFBAF,7,10,10,9,1,GFAFBFE,4,0.5714285714285714,false,partial,16,16,0,6,35646,11096,,20480,,46742,0.0026696376,true,true,false,a193e42687075f855a907c617cb6eb43c5979e687d22273bbab4c0919af923ac,"{""max_tokens"":8192,""temperature"":null,""top_p"":null,""top_k"":null,""min_p"":null,""seed"":null,""reasoning"":{""enabled"":false,""effort"":null,""max_tokens"":null,""exclude"":true},""thinking"":null}","{""endpoint_slug"":""baidu/fp8"",""quantizations"":null,""allow_fallbacks"":false,""require_parameters"":true}",completed,true,[],,,response must be exactly QUERY <symbols> or SUBMIT <symbols>,"[{""step"":1,""credits_before"":10,""http_attempts"":[{""attempt_number"":1,""started_at"":""2026-08-16T09:59:24.893Z"",""finished_at"":""2026-08-16T09:59:46.691Z"",""duration_ms"":21798,""status_code"":200,""error_category"":null,""error_message"":null,""usage"":{""input_tokens"":258,""output_tokens"":6,""reasoning_tokens"":null,""cached_tokens"":256,""cache_write_tokens"":null,""total_tokens"":264},""cost_usd"":4.19888e-06,""generation_id"":""gen-1786874385-4tJBSprMrAlzNxmg6kYK"",""response_cache_status"":""UNKNOWN"",""observed_provider"":""Baidu"",""observed_endpoint"":null,""observed_quantization"":null}],""response_cache_status"":""UNKNOWN"",""raw_action_valid"":true,""action_received"":""QUERY"",""value"":""AAAAAAA"",""action_applied"":""QUERY"",""feedback"":{""exact"":1,""misplaced"":0},""credits_remaining"":9},{""step"":2,""credits_before"":9,""http_attempts"":[{""attempt_number"":1,""started_at"":""2026-08-16T10:03:20.132Z"",""finished_at"":""2026-08-16T10:03:44.116Z"",""duration_ms"":23984,""status_code"":200,""error_category"":null,""error_message"":null,""usage"":{""input_tokens"":291,""output_tokens"":6,""reasoning_tokens"":null,""cached_tokens"":256,""cache_write_tokens"":null,""total_tokens"":297},""cost_usd"":6.32408e-06,""generation_id"":""gen-1786874622-72UaNKylfiIaCMBLxRst"",""response_cache_status"":""UNKNOWN"",""observed_provider"":""Baidu"",""observed_endpoint"":null,""observed_quantization"":null}],""response_cache_status"":""UNKNOWN"",""raw_action_valid"":true,""action_received"":""QUERY"",""value"":""BBBBBBB"",""action_applied"":""QUERY"",""feedback"":{""exact"":1,""misplaced"":0},""credits_remaining"":8},{""step"":3,""credits_before"":8,""http_attempts"":[{""attempt_number"":1,""started_at"":""2026-08-16T10:07:07.932Z"",""finished_at"":""2026-08-16T10:07:32.265Z"",""duration_ms"":24333,""status_code"":200,""error_category"":null,""error_message"":null,""usage"":{""input_tokens"":324,""output_tokens"":6,""reasoning_tokens"":null,""cached_tokens"":256,""cache_write_tokens"":null,""total_tokens"":330},""cost_usd"":8.44928e-06,""generation_id"":""gen-1786874850-kbFFY4f7CuMxlGTQSwTb"",""response_cache_status"":""UNKNOWN"",""observed_provider"":""Baidu"",""observed_endpoint"":null,""observed_quantization"":null}],""response_cache_status"":""UNKNOWN"",""raw_action_valid"":true,""action_received"":""QUERY"",""value"":""CCCCCCC"",""action_applied"":""QUERY"",""feedback"":{""exact"":0,""misplaced"":0},""credits_remaining"":7},{""step"":4,""credits_before"":7,""http_attempts"":[{""attempt_number"":1,""started_at"":""2026-08-16T10:10:50.523Z"",""finished_at"":""2026-08-16T10:11:14.642Z"",""duration_ms"":24119,""status_code"":200,""error_category"":null,""error_message"":null,""usage"":{""input_tokens"":357,""output_tokens"":7,""reasoning_tokens"":null,""cached_tokens"":256,""cache_write_tokens"":null,""total_tokens"":364},""cost_usd"":1.070328e-05,""generation_id"":""gen-1786875073-cRtZwDKUcSRmFTqomq94"",""response_cache_status"":""UNKNOWN"",""observed_provider"":""Baidu"",""observed_endpoint"":null,""observed_quantization"":null}],""response_cache_status"":""UNKNOWN"",""raw_action_valid"":true,""action_received"":""QUERY"",""value"":""DDDDDDD"",""action_applied"":""QUERY"",""feedback"":{""exact"":0,""misplaced"":0},""credits_remaining"":6},{""step"":5,""credits_before"":6,""http_attempts"":[{""attempt_number"":1,""started_at"":""2026-08-16T10:14:36.366Z"",""finished_at"":""2026-08-16T10:15:00.032Z"",""duration_ms"":23666,""status_code"":200,""error_category"":null,""error_message"":null,""usage"":{""input_tokens"":391,""output_tokens"":7,""reasoning_tokens"":null,""cached_tokens"":256,""cache_write_tokens"":null,""total_tokens"":398},""cost_usd"":1.289288e-05,""generation_id"":""gen-1786875298-3hVYfyoZcsEaGjCkI8em"",""response_cache_status"":""UNKNOWN"",""observed_provider"":""Baidu"",""observed_endpoint"":null,""observed_quantization"":null}],""response_cache_status"":""UNKNOWN"",""raw_action_valid"":true,""action_received"":""QUERY"",""value"":""EEEEEEE"",""action_applied"":""QUERY"",""feedback"":{""exact"":1,""misplaced"":0},""credits_remaining"":5},{""step"":6,""credits_before"":5,""http_attempts"":[{""attempt_number"":1,""started_at"":""2026-08-16T10:18:24.602Z"",""finished_at"":""2026-08-16T10:18:45.607Z"",""duration_ms"":21005,""status_code"":200,""error_category"":null,""error_message"":null,""usage"":{""input_tokens"":425,""output_tokens"":7,""reasoning_tokens"":null,""cached_tokens"":256,""cache_write_tokens"":null,""total_tokens"":432},""cost_usd"":1.508248e-05,""generation_id"":""gen-1786875524-oThQvhTt2vcAA5zLdx0u"",""response_cache_status"":""UNKNOWN"",""observed_provider"":""Baidu"",""observed_endpoint"":null,""observed_quantization"":null}],""response_cache_status"":""UNKNOWN"",""raw_action_valid"":false,""action"":null,""parse_error"":""response must be exactly QUERY <symbols> or SUBMIT <symbols>"",""consecutive_invalid_responses"":1},{""step"":7,""credits_before"":5,""http_attempts"":[{""attempt_number"":1,""started_at"":""2026-08-16T10:22:06.883Z"",""finished_at"":""2026-08-16T10:22:28.824Z"",""duration_ms"":21941,""status_code"":200,""error_category"":null,""error_message"":null,""usage"":{""input_tokens"":466,""output_tokens"":5,""reasoning_tokens"":null,""cached_tokens"":256,""cache_write_tokens"":null,""total_tokens"":471},""cost_usd"":1.746528e-05,""generation_id"":""gen-1786875746-7zqjxvI9J2OBeAUlwtOn"",""response_cache_status"":""UNKNOWN"",""observed_provider"":""Baidu"",""observed_endpoint"":null,""observed_quantization"":null}],""response_cache_status"":""UNKNOWN"",""raw_action_valid"":true,""action_received"":""QUERY"",""value"":""FFFFFFF"",""action_applied"":""QUERY"",""feedback"":{""exact"":3,""misplaced"":0},""credits_remaining"":4},{""step"":8,""credits_before"":4,""http_attempts"":[{""attempt_number"":1,""started_at"":""2026-08-16T10:25:43.567Z"",""finished_at"":""2026-08-16T10:26:08.312Z"",""duration_ms"":24745,""status_code"":200,""error_category"":null,""error_message"":null,""usage"":{""input_tokens"":498,""output_tokens"":163,""reasoning_tokens"":null,""cached_tokens"":256,""cache_write_tokens"":null,""total_tokens"":661},""cost_usd"":3.987648e-05,""generation_id"":""gen-1786875966-e4n7Lf7dTnQX7MSE0BRS"",""response_cache_status"":""UNKNOWN"",""observed_provider"":""Baidu"",""observed_endpoint"":null,""observed_quantization"":null}],""response_cache_status"":""UNKNOWN"",""raw_action_valid"":false,""action"":null,""parse_error"":""response must be exactly QUERY <symbols> or SUBMIT <symbols>"",""consecutive_invalid_responses"":1},{""step"":9,""credits_before"":4,""http_attempts"":[{""attempt_number"":1,""started_at"":""2026-08-16T10:29:20.548Z"",""finished_at"":""2026-08-16T10:29:40.748Z"",""duration_ms"":20200,""status_code"":200,""error_category"":null,""error_message"":null,""usage"":{""input_tokens"":695,""output_tokens"":7,""reasoning_tokens"":null,""cached_tokens"":256,""cache_write_tokens"":null,""total_tokens"":702},""cost_usd"":3.247048e-05,""generation_id"":""gen-1786876179-CZx1r3LP7eYQ6pNQtjv2"",""response_cache_status"":""UNKNOWN"",""observed_provider"":""Baidu"",""observed_endpoint"":null,""observed_quantization"":null}],""response_cache_status"":""UNKNOWN"",""raw_action_valid"":true,""action_received"":""QUERY"",""value"":""FFFCCCC"",""action_applied"":""QUERY"",""feedback"":{""exact"":1,""misplaced"":2},""credits_remaining"":3},{""step"":10,""credits_before"":3,""http_attempts"":[{""attempt_number"":1,""started_at"":""2026-08-16T10:32:47.099Z"",""finished_at"":""2026-08-16T10:33:13.371Z"",""duration_ms"":26272,""status_code"":200,""error_category"":null,""error_message"":null,""usage"":{""input_tokens"":729,""output_tokens"":241,""reasoning_tokens"":null,""cached_tokens"":512,""cache_write_tokens"":null,""total_tokens"":970},""cost_usd"":5.161016e-05,""generation_id"":""gen-1786876389-rJrn4mCvdWOgF4JZ8zQU"",""response_cache_status"":""UNKNOWN"",""observed_provider"":""Baidu"",""observed_endpoint"":null,""observed_quantization"":null}],""response_cache_status"":""UNKNOWN"",""raw_action_valid"":false,""action"":null,""parse_error"":""response must be exactly QUERY <symbols> or SUBMIT <symbols>"",""consecutive_invalid_responses"":1},{""step"":11,""credits_before"":3,""http_attempts"":[{""attempt_number"":1,""started_at"":""2026-08-16T10:36:20.494Z"",""finished_at"":""2026-08-16T10:36:44.616Z"",""duration_ms"":24122,""status_code"":200,""error_category"":null,""error_message"":null,""usage"":{""input_tokens"":1004,""output_tokens"":7,""reasoning_tokens"":null,""cached_tokens"":512,""cache_write_tokens"":null,""total_tokens"":1011},""cost_usd"":3.918096e-05,""generation_id"":""gen-1786876603-zaemAU5k7Ue8xcstD9Yb"",""response_cache_status"":""UNKNOWN"",""observed_provider"":""Baidu"",""observed_endpoint"":null,""observed_quantization"":null}],""response_cache_status"":""UNKNOWN"",""raw_action_valid"":true,""action_received"":""QUERY"",""value"":""FGFGFGG"",""action_applied"":""QUERY"",""feedback"":{""exact"":0,""misplaced"":4},""credits_remaining"":2},{""step"":12,""credits_before"":2,""http_attempts"":[{""attempt_number"":1,""started_at"":""2026-08-16T10:39:39.216Z"",""finished_at"":""2026-08-16T10:40:12.144Z"",""duration_ms"":32928,""status_code"":200,""error_category"":null,""error_message"":null,""usage"":{""input_tokens"":1038,""output_tokens"":1956,""reasoning_tokens"":null,""cached_tokens"":768,""cache_write_tokens"":null,""total_tokens"":2994},""cost_usd"":0.00027921264,""generation_id"":""gen-1786876801-BrrBC4DWmTPvbSJpyACd"",""response_cache_status"":""UNKNOWN"",""observed_provider"":""Baidu"",""observed_endpoint"":null,""observed_quantization"":null}],""response_cache_status"":""UNKNOWN"",""raw_action_valid"":false,""action"":null,""parse_error"":""response must be exactly QUERY <symbols> or SUBMIT <symbols>"",""consecutive_invalid_responses"":1},{""step"":13,""credits_before"":2,""http_attempts"":[{""attempt_number"":1,""started_at"":""2026-08-16T10:41:51.228Z"",""finished_at"":""2026-08-16T10:42:15.504Z"",""duration_ms"":24276,""status_code"":200,""error_category"":null,""error_message"":null,""usage"":{""input_tokens"":3028,""output_tokens"":6,""reasoning_tokens"":null,""cached_tokens"":1024,""cache_write_tokens"":null,""total_tokens"":3034},""cost_usd"":0.00014301952,""generation_id"":""gen-1786876933-0KGYEikWJZowueLuTgKD"",""response_cache_status"":""UNKNOWN"",""observed_provider"":""Baidu"",""observed_endpoint"":null,""observed_quantization"":null}],""response_cache_status"":""UNKNOWN"",""raw_action_valid"":true,""action_received"":""QUERY"",""value"":""AFBCECC"",""action_applied"":""QUERY"",""feedback"":{""exact"":1,""misplaced"":3},""credits_remaining"":1},{""step"":14,""credits_before"":1,""http_attempts"":[{""attempt_number"":1,""started_at"":""2026-08-16T10:43:27.192Z"",""finished_at"":""2026-08-16T10:44:22.499Z"",""duration_ms"":55307,""status_code"":200,""error_category"":null,""error_message"":null,""usage"":{""input_tokens"":3061,""output_tokens"":8192,""reasoning_tokens"":null,""cached_tokens"":2048,""cache_write_tokens"":null,""total_tokens"":11253},""cost_usd"":0.00114674504,""generation_id"":""gen-1786877023-pbSByVX7FuruYWrJ6U50"",""response_cache_status"":""UNKNOWN"",""observed_provider"":""Baidu"",""observed_endpoint"":null,""observed_quantization"":null}],""response_cache_status"":""UNKNOWN"",""raw_action_valid"":false,""action"":null,""parse_error"":""response must be exactly QUERY <symbols> or SUBMIT <symbols>"",""consecutive_invalid_responses"":1},{""step"":15,""credits_before"":1,""http_attempts"":[{""attempt_number"":1,""started_at"":""2026-08-16T10:45:09.663Z"",""finished_at"":""2026-08-16T10:45:29.936Z"",""duration_ms"":20273,""status_code"":200,""error_category"":null,""error_message"":null,""usage"":{""input_tokens"":11288,""output_tokens"":471,""reasoning_tokens"":null,""cached_tokens"":2048,""cache_write_tokens"":null,""total_tokens"":11759},""cost_usd"":0.00068209904,""generation_id"":""gen-1786877126-VWgWe61LkzxE1QiRAzHB"",""response_cache_status"":""UNKNOWN"",""observed_provider"":""Baidu"",""observed_endpoint"":null,""observed_quantization"":null}],""response_cache_status"":""UNKNOWN"",""raw_action_valid"":false,""action"":null,""parse_error"":""response must be exactly QUERY <symbols> or SUBMIT <symbols>"",""consecutive_invalid_responses"":2},{""step"":16,""credits_before"":1,""http_attempts"":[{""attempt_number"":1,""started_at"":""2026-08-16T10:46:18.304Z"",""finished_at"":""2026-08-16T10:46:27.932Z"",""duration_ms"":9628,""status_code"":200,""error_category"":null,""error_message"":null,""usage"":{""input_tokens"":11793,""output_tokens"":9,""reasoning_tokens"":null,""cached_tokens"":11264,""cache_write_tokens"":null,""total_tokens"":11802},""cost_usd"":0.00018030712,""generation_id"":""gen-1786877186-mASiSJ6R5MmOasFyCdJ4"",""response_cache_status"":""UNKNOWN"",""observed_provider"":""Baidu"",""observed_endpoint"":null,""observed_quantization"":null}],""response_cache_status"":""UNKNOWN"",""raw_action_valid"":true,""action_received"":""SUBMIT"",""value"":""GFAFBFE"",""action_applied"":""SUBMIT"",""coerced_at_zero_credits"":false,""credits_remaining"":1}]"
5330e45a-be35-466a-b9f1-b9d8847e4528,5330e45a-be35-466a-b9f1-b9d8847e4528,1,,19,deepseek,deepseek-v4-flash-0731,deepseek/deepseek-v4-flash-0731,baidu,Baidu,baidu/fp8,,,,A,continuation,2026-08-16T10:02:23.153Z,2026-08-16T10:46:49.420Z,2666266,3d3baa6feb49226c87c6bc0788fe1936,f05a26300973f37f,IFFJEDA,7,10,10,9,1,BCDAEIB,1,0.14285714285714285,false,partial,15,15,0,5,166311,33738,1,128768,,200049,0.008421755440000001,true,true,false,a193e42687075f855a907c617cb6eb43c5979e687d22273bbab4c0919af923ac,"{""max_tokens"":8192,""temperature"":null,""top_p"":null,""top_k"":null,""min_p"":null,""seed"":null,""reasoning"":{""enabled"":false,""effort"":null,""max_tokens"":null,""exclude"":true},""thinking"":null}","{""endpoint_slug"":""baidu/fp8"",""quantizations"":null,""allow_fallbacks"":false,""require_parameters"":true}",completed,true,[],,,response must be exactly QUERY <symbols> or SUBMIT <symbols>,"[{""step"":1,""credits_before"":10,""http_attempts"":[{""attempt_number"":1,""started_at"":""2026-08-16T10:02:23.154Z"",""finished_at"":""2026-08-16T10:02:43.795Z"",""duration_ms"":20641,""status_code"":200,""error_category"":null,""error_message"":null,""usage"":{""input_tokens"":258,""output_tokens"":6,""reasoning_tokens"":null,""cached_tokens"":256,""cache_write_tokens"":null,""total_tokens"":264},""cost_usd"":4.19888e-06,""generation_id"":""gen-1786874562-uHPjQU2sTemUynmx4peD"",""response_cache_status"":""UNKNOWN"",""observed_provider"":""Baidu"",""observed_endpoint"":null,""observed_quantization"":null}],""response_cache_status"":""UNKNOWN"",""raw_action_valid"":true,""action_received"":""QUERY"",""value"":""ABCDEFG"",""action_applied"":""QUERY"",""feedback"":{""exact"":1,""misplaced"":3},""credits_remaining"":9},{""step"":2,""credits_before"":9,""http_attempts"":[{""attempt_number"":1,""started_at"":""2026-08-16T10:06:10.949Z"",""finished_at"":""2026-08-16T10:06:35.191Z"",""duration_ms"":24242,""status_code"":200,""error_category"":null,""error_message"":null,""usage"":{""input_tokens"":291,""output_tokens"":6,""reasoning_tokens"":null,""cached_tokens"":256,""cache_write_tokens"":null,""total_tokens"":297},""cost_usd"":6.32408e-06,""generation_id"":""gen-1786874793-HK7MZsC1cCf6KYXjH0vy"",""response_cache_status"":""UNKNOWN"",""observed_provider"":""Baidu"",""observed_endpoint"":null,""observed_quantization"":null}],""response_cache_status"":""UNKNOWN"",""raw_action_valid"":true,""action_received"":""QUERY"",""value"":""ABCDEHI"",""action_applied"":""QUERY"",""feedback"":{""exact"":1,""misplaced"":3},""credits_remaining"":8},{""step"":3,""credits_before"":8,""http_attempts"":[{""attempt_number"":1,""started_at"":""2026-08-16T10:09:59.538Z"",""finished_at"":""2026-08-16T10:10:23.513Z"",""duration_ms"":23976,""status_code"":200,""error_category"":null,""error_message"":null,""usage"":{""input_tokens"":324,""output_tokens"":6,""reasoning_tokens"":null,""cached_tokens"":256,""cache_write_tokens"":null,""total_tokens"":330},""cost_usd"":8.44928e-06,""generation_id"":""gen-1786875022-7wLVJ9uWsaKYMNok0obw"",""response_cache_status"":""UNKNOWN"",""observed_provider"":""Baidu"",""observed_endpoint"":null,""observed_quantization"":null}],""response_cache_status"":""UNKNOWN"",""raw_action_valid"":true,""action_received"":""QUERY"",""value"":""ABCDEHJ"",""action_applied"":""QUERY"",""feedback"":{""exact"":1,""misplaced"":3},""credits_remaining"":7},{""step"":4,""credits_before"":7,""http_attempts"":[{""attempt_number"":1,""started_at"":""2026-08-16T10:13:45.062Z"",""finished_at"":""2026-08-16T10:14:09.175Z"",""duration_ms"":24113,""status_code"":200,""error_category"":null,""error_message"":null,""usage"":{""input_tokens"":357,""output_tokens"":6,""reasoning_tokens"":null,""cached_tokens"":256,""cache_write_tokens"":null,""total_tokens"":363},""cost_usd"":1.057448e-05,""generation_id"":""gen-1786875247-xgeIyeCWScDBdv9lEaPW"",""response_cache_status"":""UNKNOWN"",""observed_provider"":""Baidu"",""observed_endpoint"":null,""observed_quantization"":null}],""response_cache_status"":""UNKNOWN"",""raw_action_valid"":true,""action_received"":""QUERY"",""value"":""ABCDEIJ"",""action_applied"":""QUERY"",""feedback"":{""exact"":1,""misplaced"":4},""credits_remaining"":6},{""step"":5,""credits_before"":6,""http_attempts"":[{""attempt_number"":1,""started_at"":""2026-08-16T10:17:30.452Z"",""finished_at"":""2026-08-16T10:17:54.447Z"",""duration_ms"":23995,""status_code"":200,""error_category"":null,""error_message"":null,""usage"":{""input_tokens"":390,""output_tokens"":6,""reasoning_tokens"":null,""cached_tokens"":256,""cache_write_tokens"":null,""total_tokens"":396},""cost_usd"":1.269968e-05,""generation_id"":""gen-1786875473-FZ0UIrJfuYdrq292rhc2"",""response_cache_status"":""UNKNOWN"",""observed_provider"":""Baidu"",""observed_endpoint"":null,""observed_quantization"":null}],""response_cache_status"":""UNKNOWN"",""raw_action_valid"":true,""action_received"":""QUERY"",""value"":""ABCDFGH"",""action_applied"":""QUERY"",""feedback"":{""exact"":0,""misplaced"":3},""credits_remaining"":5},{""step"":6,""credits_before"":5,""http_attempts"":[{""attempt_number"":1,""started_at"":""2026-08-16T10:21:19.020Z"",""finished_at"":""2026-08-16T10:22:20.658Z"",""duration_ms"":61638,""status_code"":200,""error_category"":null,""error_message"":null,""usage"":{""input_tokens"":423,""output_tokens"":8192,""reasoning_tokens"":null,""cached_tokens"":256,""cache_write_tokens"":null,""total_tokens"":8615},""cost_usd"":0.00106918168,""generation_id"":""gen-1786875698-NUIeOoi3uQBpZ5eny6DY"",""response_cache_status"":""UNKNOWN"",""observed_provider"":""Baidu"",""observed_endpoint"":null,""observed_quantization"":null}],""response_cache_status"":""UNKNOWN"",""raw_action_valid"":false,""action"":null,""parse_error"":""response must be exactly QUERY <symbols> or SUBMIT <symbols>"",""consecutive_invalid_responses"":1},{""step"":7,""credits_before"":5,""http_attempts"":[{""attempt_number"":1,""started_at"":""2026-08-16T10:25:34.464Z"",""finished_at"":""2026-08-16T10:26:00.359Z"",""duration_ms"":25895,""status_code"":200,""error_category"":null,""error_message"":null,""usage"":{""input_tokens"":8650,""output_tokens"":6,""reasoning_tokens"":null,""cached_tokens"":256,""cache_write_tokens"":null,""total_tokens"":8656},""cost_usd"":0.00054464368,""generation_id"":""gen-1786875956-MwNz906mLFEMibXX2yi0"",""response_cache_status"":""UNKNOWN"",""observed_provider"":""Baidu"",""observed_endpoint"":null,""observed_quantization"":null}],""response_cache_status"":""UNKNOWN"",""raw_action_valid"":true,""action_received"":""QUERY"",""value"":""ABCEDEF"",""action_applied"":""QUERY"",""feedback"":{""exact"":0,""misplaced"":4},""credits_remaining"":4},{""step"":8,""credits_before"":4,""http_attempts"":[{""attempt_number"":1,""started_at"":""2026-08-16T10:29:10.790Z"",""finished_at"":""2026-08-16T10:29:43.386Z"",""duration_ms"":32596,""status_code"":200,""error_category"":null,""error_message"":null,""usage"":{""input_tokens"":8683,""output_tokens"":1764,""reasoning_tokens"":1,""cached_tokens"":8192,""cache_write_tokens"":null,""total_tokens"":10447},""cost_usd"":0.00036433656,""generation_id"":""gen-1786876173-bpbgM7Ap02HGbjwgbpIn"",""response_cache_status"":""UNKNOWN"",""observed_provider"":""Baidu"",""observed_endpoint"":null,""observed_quantization"":null}],""response_cache_status"":""UNKNOWN"",""raw_action_valid"":false,""action"":null,""parse_error"":""response must be exactly QUERY <symbols> or SUBMIT <symbols>"",""consecutive_invalid_responses"":1},{""step"":9,""credits_before"":4,""http_attempts"":[{""attempt_number"":1,""started_at"":""2026-08-16T10:32:50.022Z"",""finished_at"":""2026-08-16T10:33:14.381Z"",""duration_ms"":24359,""status_code"":200,""error_category"":null,""error_message"":null,""usage"":{""input_tokens"":10479,""output_tokens"":6,""reasoning_tokens"":null,""cached_tokens"":8192,""cache_write_tokens"":null,""total_tokens"":10485},""cost_usd"":0.00025356856,""generation_id"":""gen-1786876392-amjVB7cN3l8sBaiB4sdb"",""response_cache_status"":""UNKNOWN"",""observed_provider"":""Baidu"",""observed_endpoint"":null,""observed_quantization"":null}],""response_cache_status"":""UNKNOWN"",""raw_action_valid"":true,""action_received"":""QUERY"",""value"":""ABCEEIA"",""action_applied"":""QUERY"",""feedback"":{""exact"":2,""misplaced"":1},""credits_remaining"":3},{""step"":10,""credits_before"":3,""http_attempts"":[{""attempt_number"":1,""started_at"":""2026-08-16T10:36:23.879Z"",""finished_at"":""2026-08-16T10:37:27.687Z"",""duration_ms"":63808,""status_code"":200,""error_category"":null,""error_message"":null,""usage"":{""input_tokens"":10512,""output_tokens"":8192,""reasoning_tokens"":null,""cached_tokens"":10240,""cache_write_tokens"":null,""total_tokens"":18704},""cost_usd"":0.0012045376,""generation_id"":""gen-1786876606-u58juyvjE2uK9fiOl0Q8"",""response_cache_status"":""UNKNOWN"",""observed_provider"":""Baidu"",""observed_endpoint"":null,""observed_quantization"":null}],""response_cache_status"":""UNKNOWN"",""raw_action_valid"":false,""action"":null,""parse_error"":""response must be exactly QUERY <symbols> or SUBMIT <symbols>"",""consecutive_invalid_responses"":1},{""step"":11,""credits_before"":3,""http_attempts"":[{""attempt_number"":1,""started_at"":""2026-08-16T10:40:12.144Z"",""finished_at"":""2026-08-16T10:40:33.341Z"",""duration_ms"":21197,""status_code"":200,""error_category"":null,""error_message"":null,""usage"":{""input_tokens"":18739,""output_tokens"":6,""reasoning_tokens"":null,""cached_tokens"":10240,""cache_write_tokens"":null,""total_tokens"":18745},""cost_usd"":0.0006799996,""generation_id"":""gen-1786876831-xGLJWu9bemCEL4WouA8k"",""response_cache_status"":""UNKNOWN"",""observed_provider"":""Baidu"",""observed_endpoint"":null,""observed_quantization"":null}],""response_cache_status"":""UNKNOWN"",""raw_action_valid"":true,""action_received"":""QUERY"",""value"":""ABCDEIJ"",""action_applied"":""QUERY"",""feedback"":{""exact"":1,""misplaced"":4},""credits_remaining"":2},{""step"":12,""credits_before"":2,""http_attempts"":[{""attempt_number"":1,""started_at"":""2026-08-16T10:42:14.405Z"",""finished_at"":""2026-08-16T10:43:10.913Z"",""duration_ms"":56508,""status_code"":200,""error_category"":null,""error_message"":null,""usage"":{""input_tokens"":18772,""output_tokens"":8192,""reasoning_tokens"":null,""cached_tokens"":18432,""cache_write_tokens"":null,""total_tokens"":26964},""cost_usd"":0.00131442976,""generation_id"":""gen-1786876951-2tGvtcs53DSOZOb4Kokz"",""response_cache_status"":""UNKNOWN"",""observed_provider"":""Baidu"",""observed_endpoint"":null,""observed_quantization"":null}],""response_cache_status"":""UNKNOWN"",""raw_action_valid"":false,""action"":null,""parse_error"":""response must be exactly QUERY <symbols> or SUBMIT <symbols>"",""consecutive_invalid_responses"":1},{""step"":13,""credits_before"":2,""http_attempts"":[{""attempt_number"":1,""started_at"":""2026-08-16T10:44:03.646Z"",""finished_at"":""2026-08-16T10:44:18.821Z"",""duration_ms"":15175,""status_code"":200,""error_category"":null,""error_message"":null,""usage"":{""input_tokens"":26999,""output_tokens"":7,""reasoning_tokens"":null,""cached_tokens"":18432,""cache_write_tokens"":null,""total_tokens"":27006},""cost_usd"":0.00079002056,""generation_id"":""gen-1786877056-fahXXWNztmsFxdN6oBRi"",""response_cache_status"":""UNKNOWN"",""observed_provider"":""Baidu"",""observed_endpoint"":null,""observed_quantization"":null}],""response_cache_status"":""UNKNOWN"",""raw_action_valid"":true,""action_received"":""QUERY"",""value"":""EBCDFIA"",""action_applied"":""QUERY"",""feedback"":{""exact"":1,""misplaced"":4},""credits_remaining"":1},{""step"":14,""credits_before"":1,""http_attempts"":[{""attempt_number"":1,""started_at"":""2026-08-16T10:44:57.622Z"",""finished_at"":""2026-08-16T10:45:52.845Z"",""duration_ms"":55223,""status_code"":200,""error_category"":null,""error_message"":null,""usage"":{""input_tokens"":27033,""output_tokens"":7335,""reasoning_tokens"":null,""cached_tokens"":26624,""cache_write_tokens"":null,""total_tokens"":34368},""cost_usd"":0.00131400472,""generation_id"":""gen-1786877117-rHgxZUd4V7WUGLG2OsUb"",""response_cache_status"":""UNKNOWN"",""observed_provider"":""Baidu"",""observed_endpoint"":null,""observed_quantization"":null}],""response_cache_status"":""UNKNOWN"",""raw_action_valid"":false,""action"":null,""parse_error"":""response must be exactly QUERY <symbols> or SUBMIT <symbols>"",""consecutive_invalid_responses"":1},{""step"":15,""credits_before"":1,""http_attempts"":[{""attempt_number"":1,""started_at"":""2026-08-16T10:46:35.343Z"",""finished_at"":""2026-08-16T10:46:49.419Z"",""duration_ms"":14076,""status_code"":200,""error_category"":null,""error_message"":null,""usage"":{""input_tokens"":34401,""output_tokens"":8,""reasoning_tokens"":null,""cached_tokens"":26624,""cache_write_tokens"":null,""total_tokens"":34409},""cost_usd"":0.00084478632,""generation_id"":""gen-1786877207-0QL2XM9KxGre7eS18mnS"",""response_cache_status"":""UNKNOWN"",""observed_provider"":""Baidu"",""observed_endpoint"":null,""observed_quantization"":null}],""response_cache_status"":""UNKNOWN"",""raw_action_valid"":true,""action_received"":""SUBMIT"",""value"":""BCDAEIB"",""action_applied"":""SUBMIT"",""coerced_at_zero_credits"":false,""credits_remaining"":1}]"
32949fcd-23f0-437c-b7f4-49af34859961,32949fcd-23f0-437c-b7f4-49af34859961,1,,2,deepseek,deepseek-v4-flash-0731,deepseek/deepseek-v4-flash-0731,baidu,Baidu,baidu/fp8,,,,D,none,2026-08-16T10:00:40.619Z,2026-08-16T10:47:04.371Z,2783753,3d3baa6feb49226c87c6bc0788fe1936,77d12741e80eef31,GICEAIF,7,10,10,10,0,GICFAEC,4,0.5714285714285714,false,partial,16,16,0,5,90236,21139,,61952,,111375,0.00534213456,true,true,false,35eb269349366de62767de54014a2ee9e18f1c8ac55a4d1100739e287293bf0b,"{""max_tokens"":8192,""temperature"":null,""top_p"":null,""top_k"":null,""min_p"":null,""seed"":null,""reasoning"":{""enabled"":false,""effort"":null,""max_tokens"":null,""exclude"":true},""thinking"":null}","{""endpoint_slug"":""baidu/fp8"",""quantizations"":null,""allow_fallbacks"":false,""require_parameters"":true}",completed,true,[],,,response must be exactly QUERY <symbols> or SUBMIT <symbols>,"[{""step"":1,""credits_before"":10,""http_attempts"":[{""attempt_number"":1,""started_at"":""2026-08-16T10:00:40.619Z"",""finished_at"":""2026-08-16T10:01:04.670Z"",""duration_ms"":24052,""status_code"":200,""error_category"":null,""error_message"":null,""usage"":{""input_tokens"":234,""output_tokens"":6,""reasoning_tokens"":null,""cached_tokens"":null,""cache_write_tokens"":null,""total_tokens"":240},""cost_usd"":1.58424e-05,""generation_id"":""gen-1786874463-tG7JiswfpHYxAfNkoKl8"",""response_cache_status"":""UNKNOWN"",""observed_provider"":""Baidu"",""observed_endpoint"":null,""observed_quantization"":null}],""response_cache_status"":""UNKNOWN"",""raw_action_valid"":true,""action_received"":""QUERY"",""value"":""AAAAAAA"",""action_applied"":""QUERY"",""feedback"":{""exact"":1,""misplaced"":0},""credits_remaining"":9},{""step"":2,""credits_before"":9,""http_attempts"":[{""attempt_number"":1,""started_at"":""2026-08-16T10:04:37.820Z"",""finished_at"":""2026-08-16T10:05:01.939Z"",""duration_ms"":24119,""status_code"":200,""error_category"":null,""error_message"":null,""usage"":{""input_tokens"":267,""output_tokens"":6,""reasoning_tokens"":null,""cached_tokens"":256,""cache_write_tokens"":null,""total_tokens"":273},""cost_usd"":4.77848e-06,""generation_id"":""gen-1786874700-P5hkmZXt7i70aG5Vp944"",""response_cache_status"":""UNKNOWN"",""observed_provider"":""Baidu"",""observed_endpoint"":null,""observed_quantization"":null}],""response_cache_status"":""UNKNOWN"",""raw_action_valid"":true,""action_received"":""QUERY"",""value"":""ABABABA"",""action_applied"":""QUERY"",""feedback"":{""exact"":1,""misplaced"":0},""credits_remaining"":8},{""step"":3,""credits_before"":8,""http_attempts"":[{""attempt_number"":1,""started_at"":""2026-08-16T10:08:26.245Z"",""finished_at"":""2026-08-16T10:08:50.827Z"",""duration_ms"":24582,""status_code"":200,""error_category"":null,""error_message"":null,""usage"":{""input_tokens"":300,""output_tokens"":5,""reasoning_tokens"":null,""cached_tokens"":256,""cache_write_tokens"":null,""total_tokens"":305},""cost_usd"":6.77488e-06,""generation_id"":""gen-1786874928-Rz4jSmSjzDcPb6PJLuBn"",""response_cache_status"":""UNKNOWN"",""observed_provider"":""Baidu"",""observed_endpoint"":null,""observed_quantization"":null}],""response_cache_status"":""UNKNOWN"",""raw_action_valid"":true,""action_received"":""QUERY"",""value"":""ABCDABC"",""action_applied"":""QUERY"",""feedback"":{""exact"":2,""misplaced"":0},""credits_remaining"":7},{""step"":4,""credits_before"":7,""http_attempts"":[{""attempt_number"":1,""started_at"":""2026-08-16T10:12:15.337Z"",""finished_at"":""2026-08-16T10:12:38.750Z"",""duration_ms"":23413,""status_code"":200,""error_category"":null,""error_message"":null,""usage"":{""input_tokens"":332,""output_tokens"":6,""reasoning_tokens"":null,""cached_tokens"":256,""cache_write_tokens"":null,""total_tokens"":338},""cost_usd"":8.96448e-06,""generation_id"":""gen-1786875157-LmyXnYUiQPXh6Gbjix6k"",""response_cache_status"":""UNKNOWN"",""observed_provider"":""Baidu"",""observed_endpoint"":null,""observed_quantization"":null}],""response_cache_status"":""UNKNOWN"",""raw_action_valid"":true,""action_received"":""QUERY"",""value"":""ABCDEFG"",""action_applied"":""QUERY"",""feedback"":{""exact"":1,""misplaced"":4},""credits_remaining"":6},{""step"":5,""credits_before"":6,""http_attempts"":[{""attempt_number"":1,""started_at"":""2026-08-16T10:16:00.273Z"",""finished_at"":""2026-08-16T10:16:24.996Z"",""duration_ms"":24723,""status_code"":200,""error_category"":null,""error_message"":null,""usage"":{""input_tokens"":365,""output_tokens"":6,""reasoning_tokens"":null,""cached_tokens"":256,""cache_write_tokens"":null,""total_tokens"":371},""cost_usd"":1.108968e-05,""generation_id"":""gen-1786875382-1YpZUfenUolqAD3JidKS"",""response_cache_status"":""UNKNOWN"",""observed_provider"":""Baidu"",""observed_endpoint"":null,""observed_quantization"":null}],""response_cache_status"":""UNKNOWN"",""raw_action_valid"":true,""action_received"":""QUERY"",""value"":""ABCDEFH"",""action_applied"":""QUERY"",""feedback"":{""exact"":1,""misplaced"":3},""credits_remaining"":5},{""step"":6,""credits_before"":5,""http_attempts"":[{""attempt_number"":1,""started_at"":""2026-08-16T10:19:42.658Z"",""finished_at"":""2026-08-16T10:20:06.793Z"",""duration_ms"":24134,""status_code"":200,""error_category"":null,""error_message"":null,""usage"":{""input_tokens"":398,""output_tokens"":6,""reasoning_tokens"":null,""cached_tokens"":256,""cache_write_tokens"":null,""total_tokens"":404},""cost_usd"":1.321488e-05,""generation_id"":""gen-1786875605-vSnZzNGjGSOxbzAhEuik"",""response_cache_status"":""UNKNOWN"",""observed_provider"":""Baidu"",""observed_endpoint"":null,""observed_quantization"":null}],""response_cache_status"":""UNKNOWN"",""raw_action_valid"":true,""action_received"":""QUERY"",""value"":""ABCDEHI"",""action_applied"":""QUERY"",""feedback"":{""exact"":1,""misplaced"":3},""credits_remaining"":4},{""step"":7,""credits_before"":4,""http_attempts"":[{""attempt_number"":1,""started_at"":""2026-08-16T10:23:21.993Z"",""finished_at"":""2026-08-16T10:24:08.648Z"",""duration_ms"":46655,""status_code"":200,""error_category"":null,""error_message"":null,""usage"":{""input_tokens"":431,""output_tokens"":4157,""reasoning_tokens"":null,""cached_tokens"":256,""cache_write_tokens"":null,""total_tokens"":4588},""cost_usd"":0.00054998888,""generation_id"":""gen-1786875824-A1l1WzKTHtPHj2Ah5d8a"",""response_cache_status"":""UNKNOWN"",""observed_provider"":""Baidu"",""observed_endpoint"":null,""observed_quantization"":null}],""response_cache_status"":""UNKNOWN"",""raw_action_valid"":false,""action"":null,""parse_error"":""response must be exactly QUERY <symbols> or SUBMIT <symbols>"",""consecutive_invalid_responses"":1},{""step"":8,""credits_before"":4,""http_attempts"":[{""attempt_number"":1,""started_at"":""2026-08-16T10:27:25.633Z"",""finished_at"":""2026-08-16T10:27:50.586Z"",""duration_ms"":24953,""status_code"":200,""error_category"":null,""error_message"":null,""usage"":{""input_tokens"":4622,""output_tokens"":7,""reasoning_tokens"":null,""cached_tokens"":256,""cache_write_tokens"":null,""total_tokens"":4629},""cost_usd"":0.00028536928,""generation_id"":""gen-1786876068-XyqUY6IEN3v3b1qzKrVp"",""response_cache_status"":""UNKNOWN"",""observed_provider"":""Baidu"",""observed_endpoint"":null,""observed_quantization"":null}],""response_cache_status"":""UNKNOWN"",""raw_action_valid"":true,""action_received"":""QUERY"",""value"":""DDDDDDD"",""action_applied"":""QUERY"",""feedback"":{""exact"":0,""misplaced"":0},""credits_remaining"":3},{""step"":9,""credits_before"":3,""http_attempts"":[{""attempt_number"":1,""started_at"":""2026-08-16T10:30:59.309Z"",""finished_at"":""2026-08-16T10:31:31.190Z"",""duration_ms"":31880,""status_code"":200,""error_category"":null,""error_message"":null,""usage"":{""input_tokens"":4656,""output_tokens"":1311,""reasoning_tokens"":null,""cached_tokens"":4096,""cache_write_tokens"":null,""total_tokens"":5967},""cost_usd"":0.00025767728,""generation_id"":""gen-1786876281-yO2rPGR2zCxEnjJivlSk"",""response_cache_status"":""UNKNOWN"",""observed_provider"":""Baidu"",""observed_endpoint"":null,""observed_quantization"":null}],""response_cache_status"":""UNKNOWN"",""raw_action_valid"":false,""action"":null,""parse_error"":""response must be exactly QUERY <symbols> or SUBMIT <symbols>"",""consecutive_invalid_responses"":1},{""step"":10,""credits_before"":3,""http_attempts"":[{""attempt_number"":1,""started_at"":""2026-08-16T10:34:38.360Z"",""finished_at"":""2026-08-16T10:35:02.322Z"",""duration_ms"":23962,""status_code"":200,""error_category"":null,""error_message"":null,""usage"":{""input_tokens"":6001,""output_tokens"":7,""reasoning_tokens"":null,""cached_tokens"":4096,""cache_write_tokens"":null,""total_tokens"":6008},""cost_usd"":0.00017634008,""generation_id"":""gen-1786876500-fMT1BZoSqZHjsmROUami"",""response_cache_status"":""UNKNOWN"",""observed_provider"":""Baidu"",""observed_endpoint"":null,""observed_quantization"":null}],""response_cache_status"":""UNKNOWN"",""raw_action_valid"":true,""action_received"":""QUERY"",""value"":""EEEEEEE"",""action_applied"":""QUERY"",""feedback"":{""exact"":1,""misplaced"":0},""credits_remaining"":2},{""step"":11,""credits_before"":2,""http_attempts"":[{""attempt_number"":1,""started_at"":""2026-08-16T10:38:05.773Z"",""finished_at"":""2026-08-16T10:38:31.758Z"",""duration_ms"":25985,""status_code"":200,""error_category"":null,""error_message"":null,""usage"":{""input_tokens"":6035,""output_tokens"":980,""reasoning_tokens"":null,""cached_tokens"":5120,""cache_write_tokens"":null,""total_tokens"":7015},""cost_usd"":0.0002510956,""generation_id"":""gen-1786876705-AVkvmFWY92H16kE9YQlO"",""response_cache_status"":""UNKNOWN"",""observed_provider"":""Baidu"",""observed_endpoint"":null,""observed_quantization"":null}],""response_cache_status"":""UNKNOWN"",""raw_action_valid"":false,""action"":null,""parse_error"":""response must be exactly QUERY <symbols> or SUBMIT <symbols>"",""consecutive_invalid_responses"":1},{""step"":12,""credits_before"":2,""http_attempts"":[{""attempt_number"":1,""started_at"":""2026-08-16T10:40:49.047Z"",""finished_at"":""2026-08-16T10:41:09.234Z"",""duration_ms"":20187,""status_code"":200,""error_category"":null,""error_message"":null,""usage"":{""input_tokens"":7049,""output_tokens"":8,""reasoning_tokens"":null,""cached_tokens"":5120,""cache_write_tokens"":null,""total_tokens"":7057},""cost_usd"":0.0001912036,""generation_id"":""gen-1786876867-DDbUNJ3HVM5fUOO354Bi"",""response_cache_status"":""UNKNOWN"",""observed_provider"":""Baidu"",""observed_endpoint"":null,""observed_quantization"":null}],""response_cache_status"":""UNKNOWN"",""raw_action_valid"":true,""action_received"":""QUERY"",""value"":""AEFGIGC"",""action_applied"":""QUERY"",""feedback"":{""exact"":0,""misplaced"":6},""credits_remaining"":1},{""step"":13,""credits_before"":1,""http_attempts"":[{""attempt_number"":1,""started_at"":""2026-08-16T10:42:36.254Z"",""finished_at"":""2026-08-16T10:43:34.591Z"",""duration_ms"":58337,""status_code"":200,""error_category"":null,""error_message"":null,""usage"":{""input_tokens"":7084,""output_tokens"":8192,""reasoning_tokens"":null,""cached_tokens"":6144,""cache_write_tokens"":null,""total_tokens"":15276},""cost_usd"":0.00119480032,""generation_id"":""gen-1786876972-B2Du6AxgZnjH77I0kXzF"",""response_cache_status"":""UNKNOWN"",""observed_provider"":""Baidu"",""observed_endpoint"":null,""observed_quantization"":null}],""response_cache_status"":""UNKNOWN"",""raw_action_valid"":false,""action"":null,""parse_error"":""response must be exactly QUERY <symbols> or SUBMIT <symbols>"",""consecutive_invalid_responses"":1},{""step"":14,""credits_before"":1,""http_attempts"":[{""attempt_number"":1,""started_at"":""2026-08-16T10:44:30.636Z"",""finished_at"":""2026-08-16T10:44:48.867Z"",""duration_ms"":18231,""status_code"":200,""error_category"":null,""error_message"":null,""usage"":{""input_tokens"":15311,""output_tokens"":7,""reasoning_tokens"":null,""cached_tokens"":6144,""cache_write_tokens"":null,""total_tokens"":15318},""cost_usd"":0.00067039112,""generation_id"":""gen-1786877087-nm8yFDewuLDEkiPSOeL3"",""response_cache_status"":""UNKNOWN"",""observed_provider"":""Baidu"",""observed_endpoint"":null,""observed_quantization"":null}],""response_cache_status"":""UNKNOWN"",""raw_action_valid"":true,""action_received"":""QUERY"",""value"":""GECFAIJ"",""action_applied"":""QUERY"",""feedback"":{""exact"":4,""misplaced"":2},""credits_remaining"":0},{""step"":15,""credits_before"":0,""http_attempts"":[{""attempt_number"":1,""started_at"":""2026-08-16T10:45:29.937Z"",""finished_at"":""2026-08-16T10:46:18.304Z"",""duration_ms"":48366,""status_code"":200,""error_category"":null,""error_message"":null,""usage"":{""input_tokens"":15345,""output_tokens"":6427,""reasoning_tokens"":null,""cached_tokens"":14336,""cache_write_tokens"":null,""total_tokens"":21772},""cost_usd"":0.00107742488,""generation_id"":""gen-1786877147-SYYKBkRKp0rfjA0UTUpj"",""response_cache_status"":""UNKNOWN"",""observed_provider"":""Baidu"",""observed_endpoint"":null,""observed_quantization"":null}],""response_cache_status"":""UNKNOWN"",""raw_action_valid"":false,""action"":null,""parse_error"":""response must be exactly QUERY <symbols> or SUBMIT <symbols>"",""consecutive_invalid_responses"":1},{""step"":16,""credits_before"":0,""http_attempts"":[{""attempt_number"":1,""started_at"":""2026-08-16T10:46:49.476Z"",""finished_at"":""2026-08-16T10:47:04.371Z"",""duration_ms"":14895,""status_code"":200,""error_category"":null,""error_message"":null,""usage"":{""input_tokens"":21806,""output_tokens"":8,""reasoning_tokens"":null,""cached_tokens"":15104,""cache_write_tokens"":null,""total_tokens"":21814},""cost_usd"":0.00062717872,""generation_id"":""gen-1786877222-FpyrrRiVSPNPZpDDKeER"",""response_cache_status"":""UNKNOWN"",""observed_provider"":""Baidu"",""observed_endpoint"":null,""observed_quantization"":null}],""response_cache_status"":""UNKNOWN"",""raw_action_valid"":true,""action_received"":""SUBMIT"",""value"":""GICFAEC"",""action_applied"":""SUBMIT"",""coerced_at_zero_credits"":false,""credits_remaining"":0}]"
fd424f19-abb4-4ca5-aacd-043d481bf267,fd424f19-abb4-4ca5-aacd-043d481bf267,1,,13,deepseek,deepseek-v4-flash-0731,deepseek/deepseek-v4-flash-0731,baidu,Baidu,baidu/fp8,,,,B,same_model_instance,2026-08-16T10:02:59.136Z,2026-08-16T10:47:10.036Z,2650900,3d3baa6feb49226c87c6bc0788fe1936,95f576d5a3da9028,GCFCGGH,7,10,10,10,0,GCFCHGG,5,0.7142857142857143,false,partial,16,16,0,5,37776,11493,3,22272,,49269,0.00276561936,true,true,false,beac9c73922a2ffe8812688677869d60b795a42f7917e7d966869980810162d3,"{""max_tokens"":8192,""temperature"":null,""top_p"":null,""top_k"":null,""min_p"":null,""seed"":null,""reasoning"":{""enabled"":false,""effort"":null,""max_tokens"":null,""exclude"":true},""thinking"":null}","{""endpoint_slug"":""baidu/fp8"",""quantizations"":null,""allow_fallbacks"":false,""require_parameters"":true}",completed,true,[],,,response must be exactly QUERY <symbols> or SUBMIT <symbols>,"[{""step"":1,""credits_before"":10,""http_attempts"":[{""attempt_number"":1,""started_at"":""2026-08-16T10:02:59.137Z"",""finished_at"":""2026-08-16T10:03:23.159Z"",""duration_ms"":24023,""status_code"":200,""error_category"":null,""error_message"":null,""usage"":{""input_tokens"":263,""output_tokens"":6,""reasoning_tokens"":null,""cached_tokens"":256,""cache_write_tokens"":null,""total_tokens"":269},""cost_usd"":4.52088e-06,""generation_id"":""gen-1786874601-gMUJDwTnOzn0lFAzazMG"",""response_cache_status"":""UNKNOWN"",""observed_provider"":""Baidu"",""observed_endpoint"":null,""observed_quantization"":null}],""response_cache_status"":""UNKNOWN"",""raw_action_valid"":true,""action_received"":""QUERY"",""value"":""AAAAAAA"",""action_applied"":""QUERY"",""feedback"":{""exact"":0,""misplaced"":0},""credits_remaining"":9},{""step"":2,""credits_before"":9,""http_attempts"":[{""attempt_number"":1,""started_at"":""2026-08-16T10:06:47.685Z"",""finished_at"":""2026-08-16T10:07:11.644Z"",""duration_ms"":23959,""status_code"":200,""error_category"":null,""error_message"":null,""usage"":{""input_tokens"":296,""output_tokens"":6,""reasoning_tokens"":null,""cached_tokens"":256,""cache_write_tokens"":null,""total_tokens"":302},""cost_usd"":6.64608e-06,""generation_id"":""gen-1786874829-RuuWFNEiC6qjcLfUEAD6"",""response_cache_status"":""UNKNOWN"",""observed_provider"":""Baidu"",""observed_endpoint"":null,""observed_quantization"":null}],""response_cache_status"":""UNKNOWN"",""raw_action_valid"":true,""action_received"":""QUERY"",""value"":""BBBBBBB"",""action_applied"":""QUERY"",""feedback"":{""exact"":0,""misplaced"":0},""credits_remaining"":8},{""step"":3,""credits_before"":8,""http_attempts"":[{""attempt_number"":1,""started_at"":""2026-08-16T10:10:35.562Z"",""finished_at"":""2026-08-16T10:10:59.547Z"",""duration_ms"":23985,""status_code"":200,""error_category"":null,""error_message"":null,""usage"":{""input_tokens"":329,""output_tokens"":6,""reasoning_tokens"":null,""cached_tokens"":256,""cache_write_tokens"":null,""total_tokens"":335},""cost_usd"":8.77128e-06,""generation_id"":""gen-1786875058-hNfiiwTrpPx425zBv2n2"",""response_cache_status"":""UNKNOWN"",""observed_provider"":""Baidu"",""observed_endpoint"":null,""observed_quantization"":null}],""response_cache_status"":""UNKNOWN"",""raw_action_valid"":true,""action_received"":""QUERY"",""value"":""CCCCCCC"",""action_applied"":""QUERY"",""feedback"":{""exact"":2,""misplaced"":0},""credits_remaining"":7},{""step"":4,""credits_before"":7,""http_attempts"":[{""attempt_number"":1,""started_at"":""2026-08-16T10:14:21.046Z"",""finished_at"":""2026-08-16T10:14:45.090Z"",""duration_ms"":24043,""status_code"":200,""error_category"":null,""error_message"":null,""usage"":{""input_tokens"":362,""output_tokens"":7,""reasoning_tokens"":null,""cached_tokens"":256,""cache_write_tokens"":null,""total_tokens"":369},""cost_usd"":1.102528e-05,""generation_id"":""gen-1786875283-skcA927J0FO7Y4Pzk5C7"",""response_cache_status"":""UNKNOWN"",""observed_provider"":""Baidu"",""observed_endpoint"":null,""observed_quantization"":null}],""response_cache_status"":""UNKNOWN"",""raw_action_valid"":true,""action_received"":""QUERY"",""value"":""DDDDDDD"",""action_applied"":""QUERY"",""feedback"":{""exact"":0,""misplaced"":0},""credits_remaining"":6},{""step"":5,""credits_before"":6,""http_attempts"":[{""attempt_number"":1,""started_at"":""2026-08-16T10:18:09.471Z"",""finished_at"":""2026-08-16T10:18:30.941Z"",""duration_ms"":21470,""status_code"":200,""error_category"":null,""error_message"":null,""usage"":{""input_tokens"":396,""output_tokens"":7,""reasoning_tokens"":null,""cached_tokens"":256,""cache_write_tokens"":null,""total_tokens"":403},""cost_usd"":1.321488e-05,""generation_id"":""gen-1786875509-NOQVswnLU71gUguwHAnN"",""response_cache_status"":""UNKNOWN"",""observed_provider"":""Baidu"",""observed_endpoint"":null,""observed_quantization"":null}],""response_cache_status"":""UNKNOWN"",""raw_action_valid"":true,""action_received"":""QUERY"",""value"":""EEEEEEE"",""action_applied"":""QUERY"",""feedback"":{""exact"":0,""misplaced"":0},""credits_remaining"":5},{""step"":6,""credits_before"":5,""http_attempts"":[{""attempt_number"":1,""started_at"":""2026-08-16T10:21:54.923Z"",""finished_at"":""2026-08-16T10:22:16.154Z"",""duration_ms"":21231,""status_code"":200,""error_category"":null,""error_message"":null,""usage"":{""input_tokens"":430,""output_tokens"":6,""reasoning_tokens"":null,""cached_tokens"":256,""cache_write_tokens"":null,""total_tokens"":436},""cost_usd"":1.527568e-05,""generation_id"":""gen-1786875734-iaKlJn75qCvXDbEtc0fw"",""response_cache_status"":""UNKNOWN"",""observed_provider"":""Baidu"",""observed_endpoint"":null,""observed_quantization"":null}],""response_cache_status"":""UNKNOWN"",""raw_action_valid"":false,""action"":null,""parse_error"":""response must contain exactly 7 symbols"",""consecutive_invalid_responses"":1},{""step"":7,""credits_before"":5,""http_attempts"":[{""attempt_number"":1,""started_at"":""2026-08-16T10:25:31.353Z"",""finished_at"":""2026-08-16T10:25:55.415Z"",""duration_ms"":24062,""status_code"":200,""error_category"":null,""error_message"":null,""usage"":{""input_tokens"":470,""output_tokens"":5,""reasoning_tokens"":null,""cached_tokens"":256,""cache_write_tokens"":null,""total_tokens"":475},""cost_usd"":1.772288e-05,""generation_id"":""gen-1786875953-UkpInc0K9b3jVZ2Do95H"",""response_cache_status"":""UNKNOWN"",""observed_provider"":""Baidu"",""observed_endpoint"":null,""observed_quantization"":null}],""response_cache_status"":""UNKNOWN"",""raw_action_valid"":true,""action_received"":""QUERY"",""value"":""FFFFFFF"",""action_applied"":""QUERY"",""feedback"":{""exact"":1,""misplaced"":0},""credits_remaining"":4},{""step"":8,""credits_before"":4,""http_attempts"":[{""attempt_number"":1,""started_at"":""2026-08-16T10:29:07.692Z"",""finished_at"":""2026-08-16T10:29:32.076Z"",""duration_ms"":24384,""status_code"":200,""error_category"":null,""error_message"":null,""usage"":{""input_tokens"":502,""output_tokens"":6,""reasoning_tokens"":null,""cached_tokens"":256,""cache_write_tokens"":null,""total_tokens"":508},""cost_usd"":1.991248e-05,""generation_id"":""gen-1786876170-OgA8vsxZ9Uqz5KcpBZkt"",""response_cache_status"":""UNKNOWN"",""observed_provider"":""Baidu"",""observed_endpoint"":null,""observed_quantization"":null}],""response_cache_status"":""UNKNOWN"",""raw_action_valid"":true,""action_received"":""QUERY"",""value"":""CCCCCCC"",""action_applied"":""QUERY"",""feedback"":{""exact"":2,""misplaced"":0},""credits_remaining"":3},{""step"":9,""credits_before"":3,""http_attempts"":[{""attempt_number"":1,""started_at"":""2026-08-16T10:32:42.103Z"",""finished_at"":""2026-08-16T10:33:09.664Z"",""duration_ms"":27561,""status_code"":200,""error_category"":null,""error_message"":null,""usage"":{""input_tokens"":535,""output_tokens"":936,""reasoning_tokens"":1,""cached_tokens"":256,""cache_write_tokens"":null,""total_tokens"":1471},""cost_usd"":0.00014182168,""generation_id"":""gen-1786876383-4Fs3rLd1QRB9gtND3q7M"",""response_cache_status"":""UNKNOWN"",""observed_provider"":""Baidu"",""observed_endpoint"":null,""observed_quantization"":null}],""response_cache_status"":""UNKNOWN"",""raw_action_valid"":false,""action"":null,""parse_error"":""response must be exactly QUERY <symbols> or SUBMIT <symbols>"",""consecutive_invalid_responses"":1},{""step"":10,""credits_before"":3,""http_attempts"":[{""attempt_number"":1,""started_at"":""2026-08-16T10:36:14.961Z"",""finished_at"":""2026-08-16T10:36:38.625Z"",""duration_ms"":23664,""status_code"":200,""error_category"":null,""error_message"":null,""usage"":{""input_tokens"":1503,""output_tokens"":6,""reasoning_tokens"":null,""cached_tokens"":512,""cache_write_tokens"":null,""total_tokens"":1509},""cost_usd"":7.118776e-05,""generation_id"":""gen-1786876597-xhGtDVXZ56666axEV0xt"",""response_cache_status"":""UNKNOWN"",""observed_provider"":""Baidu"",""observed_endpoint"":null,""observed_quantization"":null}],""response_cache_status"":""UNKNOWN"",""raw_action_valid"":true,""action_received"":""QUERY"",""value"":""CCFAAAA"",""action_applied"":""QUERY"",""feedback"":{""exact"":2,""misplaced"":1},""credits_remaining"":2},{""step"":11,""credits_before"":2,""http_attempts"":[{""attempt_number"":1,""started_at"":""2026-08-16T10:39:36.084Z"",""finished_at"":""2026-08-16T10:40:08.950Z"",""duration_ms"":32866,""status_code"":200,""error_category"":null,""error_message"":null,""usage"":{""input_tokens"":1536,""output_tokens"":2501,""reasoning_tokens"":null,""cached_tokens"":1024,""cache_write_tokens"":null,""total_tokens"":4037},""cost_usd"":0.00036829072,""generation_id"":""gen-1786876795-sPP40r7QQwKri8O6agmy"",""response_cache_status"":""UNKNOWN"",""observed_provider"":""Baidu"",""observed_endpoint"":null,""observed_quantization"":null}],""response_cache_status"":""UNKNOWN"",""raw_action_valid"":false,""action"":null,""parse_error"":""response must be exactly QUERY <symbols> or SUBMIT <symbols>"",""consecutive_invalid_responses"":1},{""step"":12,""credits_before"":2,""http_attempts"":[{""attempt_number"":1,""started_at"":""2026-08-16T10:41:44.973Z"",""finished_at"":""2026-08-16T10:42:09.300Z"",""duration_ms"":24327,""status_code"":200,""error_category"":null,""error_message"":null,""usage"":{""input_tokens"":4070,""output_tokens"":7,""reasoning_tokens"":null,""cached_tokens"":1024,""cache_write_tokens"":null,""total_tokens"":4077},""cost_usd"":0.00021025312,""generation_id"":""gen-1786876927-NzKh1zZJbsc32a2jVqOn"",""response_cache_status"":""UNKNOWN"",""observed_provider"":""Baidu"",""observed_endpoint"":null,""observed_quantization"":null}],""response_cache_status"":""UNKNOWN"",""raw_action_valid"":true,""action_received"":""QUERY"",""value"":""GGGGGGG"",""action_applied"":""QUERY"",""feedback"":{""exact"":3,""misplaced"":0},""credits_remaining"":1},{""step"":13,""credits_before"":1,""http_attempts"":[{""attempt_number"":1,""started_at"":""2026-08-16T10:43:22.311Z"",""finished_at"":""2026-08-16T10:43:46.094Z"",""duration_ms"":23784,""status_code"":200,""error_category"":null,""error_message"":null,""usage"":{""input_tokens"":4104,""output_tokens"":1248,""reasoning_tokens"":2,""cached_tokens"":3072,""cache_write_tokens"":null,""total_tokens"":5352},""cost_usd"":0.00026677056,""generation_id"":""gen-1786877017-h9wgF4LYtuoG5aNIcs3M"",""response_cache_status"":""UNKNOWN"",""observed_provider"":""Baidu"",""observed_endpoint"":null,""observed_quantization"":null}],""response_cache_status"":""UNKNOWN"",""raw_action_valid"":false,""action"":null,""parse_error"":""response must be exactly QUERY <symbols> or SUBMIT <symbols>"",""consecutive_invalid_responses"":1},{""step"":14,""credits_before"":1,""http_attempts"":[{""attempt_number"":1,""started_at"":""2026-08-16T10:44:41.940Z"",""finished_at"":""2026-08-16T10:44:55.070Z"",""duration_ms"":13130,""status_code"":200,""error_category"":null,""error_message"":null,""usage"":{""input_tokens"":5382,""output_tokens"":7,""reasoning_tokens"":null,""cached_tokens"":4096,""cache_write_tokens"":null,""total_tokens"":5389},""cost_usd"":0.00013647648,""generation_id"":""gen-1786877093-ZG45EqbpkhTNB5M9gLuK"",""response_cache_status"":""UNKNOWN"",""observed_provider"":""Baidu"",""observed_endpoint"":null,""observed_quantization"":null}],""response_cache_status"":""UNKNOWN"",""raw_action_valid"":true,""action_received"":""QUERY"",""value"":""CFGGGCG"",""action_applied"":""QUERY"",""feedback"":{""exact"":1,""misplaced"":5},""credits_remaining"":0},{""step"":15,""credits_before"":0,""http_attempts"":[{""attempt_number"":1,""started_at"":""2026-08-16T10:45:36.817Z"",""finished_at"":""2026-08-16T10:46:23.409Z"",""duration_ms"":46593,""status_code"":200,""error_category"":null,""error_message"":null,""usage"":{""input_tokens"":5416,""output_tokens"":6732,""reasoning_tokens"":null,""cached_tokens"":5120,""cache_write_tokens"":null,""total_tokens"":12148},""cost_usd"":0.0009520896,""generation_id"":""gen-1786877153-hVvMFrbfwONGlHCyzNZc"",""response_cache_status"":""UNKNOWN"",""observed_provider"":""Baidu"",""observed_endpoint"":null,""observed_quantization"":null}],""response_cache_status"":""UNKNOWN"",""raw_action_valid"":false,""action"":null,""parse_error"":""response must be exactly QUERY <symbols> or SUBMIT <symbols>"",""consecutive_invalid_responses"":1},{""step"":16,""credits_before"":0,""http_attempts"":[{""attempt_number"":1,""started_at"":""2026-08-16T10:46:53.329Z"",""finished_at"":""2026-08-16T10:47:10.035Z"",""duration_ms"":16706,""status_code"":200,""error_category"":null,""error_message"":null,""usage"":{""input_tokens"":12182,""output_tokens"":7,""reasoning_tokens"":null,""cached_tokens"":5120,""cache_write_tokens"":null,""total_tokens"":12189},""cost_usd"":0.00052164,""generation_id"":""gen-1786877228-j3vgTSAfcvhVqTIyvbm8"",""response_cache_status"":""UNKNOWN"",""observed_provider"":""Baidu"",""observed_endpoint"":null,""observed_quantization"":null}],""response_cache_status"":""UNKNOWN"",""raw_action_valid"":true,""action_received"":""SUBMIT"",""value"":""GCFCHGG"",""action_applied"":""SUBMIT"",""coerced_at_zero_credits"":false,""credits_remaining"":0}]"
8a4ab8db-25e7-43bc-b5c9-5ce6ce12c922,8a4ab8db-25e7-43bc-b5c9-5ce6ce12c922,1,,9,deepseek,deepseek-v4-flash-0731,deepseek/deepseek-v4-flash-0731,baidu,Baidu,baidu/fp8,,,,D,none,2026-08-16T10:00:28.619Z,2026-08-16T10:47:16.054Z,2807435,3d3baa6feb49226c87c6bc0788fe1936,dadda58856ed0704,FJHFGFB,7,10,10,10,0,BFHHHHG,1,0.14285714285714285,false,partial,17,17,0,6,107968,15668,1,87552,,123636,0.00446049856,true,true,false,35eb269349366de62767de54014a2ee9e18f1c8ac55a4d1100739e287293bf0b,"{""max_tokens"":8192,""temperature"":null,""top_p"":null,""top_k"":null,""min_p"":null,""seed"":null,""reasoning"":{""enabled"":false,""effort"":null,""max_tokens"":null,""exclude"":true},""thinking"":null}","{""endpoint_slug"":""baidu/fp8"",""quantizations"":null,""allow_fallbacks"":false,""require_parameters"":true}",completed,true,[],,,response must be exactly QUERY <symbols> or SUBMIT <symbols>,"[{""step"":1,""credits_before"":10,""http_attempts"":[{""attempt_number"":1,""started_at"":""2026-08-16T10:00:28.619Z"",""finished_at"":""2026-08-16T10:00:52.807Z"",""duration_ms"":24187,""status_code"":200,""error_category"":null,""error_message"":null,""usage"":{""input_tokens"":234,""output_tokens"":6,""reasoning_tokens"":null,""cached_tokens"":null,""cache_write_tokens"":null,""total_tokens"":240},""cost_usd"":1.58424e-05,""generation_id"":""gen-1786874451-7SoLBLKQp2q5bLufXYOL"",""response_cache_status"":""UNKNOWN"",""observed_provider"":""Baidu"",""observed_endpoint"":null,""observed_quantization"":null}],""response_cache_status"":""UNKNOWN"",""raw_action_valid"":true,""action_received"":""QUERY"",""value"":""ABCDEFG"",""action_applied"":""QUERY"",""feedback"":{""exact"":1,""misplaced"":2},""credits_remaining"":9},{""step"":2,""credits_before"":9,""http_attempts"":[{""attempt_number"":1,""started_at"":""2026-08-16T10:04:25.999Z"",""finished_at"":""2026-08-16T10:04:50.005Z"",""duration_ms"":24006,""status_code"":200,""error_category"":null,""error_message"":null,""usage"":{""input_tokens"":267,""output_tokens"":6,""reasoning_tokens"":null,""cached_tokens"":256,""cache_write_tokens"":null,""total_tokens"":273},""cost_usd"":4.77848e-06,""generation_id"":""gen-1786874688-Ms9SlqbddGIwTnXP94ut"",""response_cache_status"":""UNKNOWN"",""observed_provider"":""Baidu"",""observed_endpoint"":null,""observed_quantization"":null}],""response_cache_status"":""UNKNOWN"",""raw_action_valid"":true,""action_received"":""QUERY"",""value"":""AABCDEF"",""action_applied"":""QUERY"",""feedback"":{""exact"":0,""misplaced"":2},""credits_remaining"":8},{""step"":3,""credits_before"":8,""http_attempts"":[{""attempt_number"":1,""started_at"":""2026-08-16T10:08:14.283Z"",""finished_at"":""2026-08-16T10:08:38.606Z"",""duration_ms"":24323,""status_code"":200,""error_category"":null,""error_message"":null,""usage"":{""input_tokens"":300,""output_tokens"":6,""reasoning_tokens"":null,""cached_tokens"":256,""cache_write_tokens"":null,""total_tokens"":306},""cost_usd"":6.90368e-06,""generation_id"":""gen-1786874916-R9G9otRAuaAnVlkfJBuV"",""response_cache_status"":""UNKNOWN"",""observed_provider"":""Baidu"",""observed_endpoint"":null,""observed_quantization"":null}],""response_cache_status"":""UNKNOWN"",""raw_action_valid"":true,""action_received"":""QUERY"",""value"":""ABBCDEF"",""action_applied"":""QUERY"",""feedback"":{""exact"":0,""misplaced"":2},""credits_remaining"":7},{""step"":4,""credits_before"":7,""http_attempts"":[{""attempt_number"":1,""started_at"":""2026-08-16T10:12:02.933Z"",""finished_at"":""2026-08-16T10:12:26.788Z"",""duration_ms"":23856,""status_code"":200,""error_category"":null,""error_message"":null,""usage"":{""input_tokens"":333,""output_tokens"":6,""reasoning_tokens"":null,""cached_tokens"":256,""cache_write_tokens"":null,""total_tokens"":339},""cost_usd"":9.02888e-06,""generation_id"":""gen-1786875145-2YzsaOKXHnpO68Zz700W"",""response_cache_status"":""UNKNOWN"",""observed_provider"":""Baidu"",""observed_endpoint"":null,""observed_quantization"":null}],""response_cache_status"":""UNKNOWN"",""raw_action_valid"":true,""action_received"":""QUERY"",""value"":""ABCCDEF"",""action_applied"":""QUERY"",""feedback"":{""exact"":0,""misplaced"":2},""credits_remaining"":6},{""step"":5,""credits_before"":6,""http_attempts"":[{""attempt_number"":1,""started_at"":""2026-08-16T10:15:48.352Z"",""finished_at"":""2026-08-16T10:16:12.421Z"",""duration_ms"":24069,""status_code"":200,""error_category"":null,""error_message"":null,""usage"":{""input_tokens"":366,""output_tokens"":6,""reasoning_tokens"":null,""cached_tokens"":256,""cache_write_tokens"":null,""total_tokens"":372},""cost_usd"":1.115408e-05,""generation_id"":""gen-1786875370-pIsd9HfxU3JWOvnA0Voe"",""response_cache_status"":""UNKNOWN"",""observed_provider"":""Baidu"",""observed_endpoint"":null,""observed_quantization"":null}],""response_cache_status"":""UNKNOWN"",""raw_action_valid"":true,""action_received"":""QUERY"",""value"":""ABCDEEF"",""action_applied"":""QUERY"",""feedback"":{""exact"":0,""misplaced"":2},""credits_remaining"":5},{""step"":6,""credits_before"":5,""http_attempts"":[{""attempt_number"":1,""started_at"":""2026-08-16T10:19:33.719Z"",""finished_at"":""2026-08-16T10:20:08.349Z"",""duration_ms"":34631,""status_code"":200,""error_category"":null,""error_message"":null,""usage"":{""input_tokens"":399,""output_tokens"":1912,""reasoning_tokens"":null,""cached_tokens"":256,""cache_write_tokens"":null,""total_tokens"":2311},""cost_usd"":0.00025877208,""generation_id"":""gen-1786875596-RS1pTTs25FaEHzgfwJhb"",""response_cache_status"":""UNKNOWN"",""observed_provider"":""Baidu"",""observed_endpoint"":null,""observed_quantization"":null}],""response_cache_status"":""UNKNOWN"",""raw_action_valid"":false,""action"":null,""parse_error"":""response must be exactly QUERY <symbols> or SUBMIT <symbols>"",""consecutive_invalid_responses"":1},{""step"":7,""credits_before"":5,""http_attempts"":[{""attempt_number"":1,""started_at"":""2026-08-16T10:23:25.052Z"",""finished_at"":""2026-08-16T10:23:49.496Z"",""duration_ms"":24444,""status_code"":200,""error_category"":null,""error_message"":null,""usage"":{""input_tokens"":2345,""output_tokens"":7,""reasoning_tokens"":null,""cached_tokens"":256,""cache_write_tokens"":null,""total_tokens"":2352},""cost_usd"":0.00013873048,""generation_id"":""gen-1786875827-vONZfvZvMgIk0twUTGzp"",""response_cache_status"":""UNKNOWN"",""observed_provider"":""Baidu"",""observed_endpoint"":null,""observed_quantization"":null}],""response_cache_status"":""UNKNOWN"",""raw_action_valid"":true,""action_received"":""QUERY"",""value"":""GGGGGGG"",""action_applied"":""QUERY"",""feedback"":{""exact"":1,""misplaced"":0},""credits_remaining"":4},{""step"":8,""credits_before"":4,""http_attempts"":[{""attempt_number"":1,""started_at"":""2026-08-16T10:27:04.841Z"",""finished_at"":""2026-08-16T10:28:07.366Z"",""duration_ms"":62525,""status_code"":200,""error_category"":null,""error_message"":null,""usage"":{""input_tokens"":2379,""output_tokens"":8068,""reasoning_tokens"":1,""cached_tokens"":2048,""cache_write_tokens"":null,""total_tokens"":10447},""cost_usd"":0.00108685304,""generation_id"":""gen-1786876047-mW1JY2yKvRYcyJz0eLLM"",""response_cache_status"":""UNKNOWN"",""observed_provider"":""Baidu"",""observed_endpoint"":null,""observed_quantization"":null}],""response_cache_status"":""UNKNOWN"",""raw_action_valid"":false,""action"":null,""parse_error"":""response must be exactly QUERY <symbols> or SUBMIT <symbols>"",""consecutive_invalid_responses"":1},{""step"":9,""credits_before"":4,""http_attempts"":[{""attempt_number"":1,""started_at"":""2026-08-16T10:31:20.134Z"",""finished_at"":""2026-08-16T10:31:43.684Z"",""duration_ms"":23550,""status_code"":200,""error_category"":null,""error_message"":null,""usage"":{""input_tokens"":10479,""output_tokens"":6,""reasoning_tokens"":null,""cached_tokens"":2048,""cache_write_tokens"":null,""total_tokens"":10485},""cost_usd"":0.00057010744,""generation_id"":""gen-1786876299-1xI2LLomcYgVi3Z0HskT"",""response_cache_status"":""UNKNOWN"",""observed_provider"":""Baidu"",""observed_endpoint"":null,""observed_quantization"":null}],""response_cache_status"":""UNKNOWN"",""raw_action_valid"":true,""action_received"":""QUERY"",""value"":""AAAAAAA"",""action_applied"":""QUERY"",""feedback"":{""exact"":0,""misplaced"":0},""credits_remaining"":3},{""step"":10,""credits_before"":3,""http_attempts"":[{""attempt_number"":1,""started_at"":""2026-08-16T10:34:50.627Z"",""finished_at"":""2026-08-16T10:35:14.921Z"",""duration_ms"":24294,""status_code"":200,""error_category"":null,""error_message"":null,""usage"":{""input_tokens"":10512,""output_tokens"":17,""reasoning_tokens"":null,""cached_tokens"":10240,""cache_write_tokens"":null,""total_tokens"":10529},""cost_usd"":0.0001515976,""generation_id"":""gen-1786876512-AnXlyWkJJIY49cF4eAwT"",""response_cache_status"":""UNKNOWN"",""observed_provider"":""Baidu"",""observed_endpoint"":null,""observed_quantization"":null}],""response_cache_status"":""UNKNOWN"",""raw_action_valid"":false,""action"":null,""parse_error"":""response must be exactly QUERY <symbols> or SUBMIT <symbols>"",""consecutive_invalid_responses"":1},{""step"":11,""credits_before"":3,""http_attempts"":[{""attempt_number"":1,""started_at"":""2026-08-16T10:38:20.010Z"",""finished_at"":""2026-08-16T10:38:39.029Z"",""duration_ms"":19019,""status_code"":200,""error_category"":null,""error_message"":null,""usage"":{""input_tokens"":10563,""output_tokens"":6,""reasoning_tokens"":null,""cached_tokens"":10240,""cache_write_tokens"":null,""total_tokens"":10569},""cost_usd"":0.0001534652,""generation_id"":""gen-1786876717-pcpZRpNVsHkR4HXHiwCF"",""response_cache_status"":""UNKNOWN"",""observed_provider"":""Baidu"",""observed_endpoint"":null,""observed_quantization"":null}],""response_cache_status"":""UNKNOWN"",""raw_action_valid"":true,""action_received"":""QUERY"",""value"":""BBBBBBB"",""action_applied"":""QUERY"",""feedback"":{""exact"":1,""misplaced"":0},""credits_remaining"":2},{""step"":12,""credits_before"":2,""http_attempts"":[{""attempt_number"":1,""started_at"":""2026-08-16T10:40:58.848Z"",""finished_at"":""2026-08-16T10:41:18.914Z"",""duration_ms"":20067,""status_code"":200,""error_category"":null,""error_message"":null,""usage"":{""input_tokens"":10596,""output_tokens"":18,""reasoning_tokens"":null,""cached_tokens"":10240,""cache_write_tokens"":null,""total_tokens"":10614},""cost_usd"":0.000157136,""generation_id"":""gen-1786876876-wnFfmcW9rHiJ6gijiWhQ"",""response_cache_status"":""UNKNOWN"",""observed_provider"":""Baidu"",""observed_endpoint"":null,""observed_quantization"":null}],""response_cache_status"":""UNKNOWN"",""raw_action_valid"":false,""action"":null,""parse_error"":""response must be exactly QUERY <symbols> or SUBMIT <symbols>"",""consecutive_invalid_responses"":1},{""step"":13,""credits_before"":2,""http_attempts"":[{""attempt_number"":1,""started_at"":""2026-08-16T10:42:44.129Z"",""finished_at"":""2026-08-16T10:43:03.580Z"",""duration_ms"":19451,""status_code"":200,""error_category"":null,""error_message"":null,""usage"":{""input_tokens"":10648,""output_tokens"":6,""reasoning_tokens"":null,""cached_tokens"":10240,""cache_write_tokens"":null,""total_tokens"":10654},""cost_usd"":0.0001589392,""generation_id"":""gen-1786876981-xzwbIFnCQSOxCU7a64V0"",""response_cache_status"":""UNKNOWN"",""observed_provider"":""Baidu"",""observed_endpoint"":null,""observed_quantization"":null}],""response_cache_status"":""UNKNOWN"",""raw_action_valid"":true,""action_received"":""QUERY"",""value"":""CCCCCCC"",""action_applied"":""QUERY"",""feedback"":{""exact"":0,""misplaced"":0},""credits_remaining"":1},{""step"":14,""credits_before"":1,""http_attempts"":[{""attempt_number"":1,""started_at"":""2026-08-16T10:43:51.473Z"",""finished_at"":""2026-08-16T10:44:10.204Z"",""duration_ms"":18732,""status_code"":200,""error_category"":null,""error_message"":null,""usage"":{""input_tokens"":10681,""output_tokens"":18,""reasoning_tokens"":null,""cached_tokens"":10240,""cache_write_tokens"":null,""total_tokens"":10699},""cost_usd"":0.00016261,""generation_id"":""gen-1786877047-3XHxsdiifCIYE9ofGjQF"",""response_cache_status"":""UNKNOWN"",""observed_provider"":""Baidu"",""observed_endpoint"":null,""observed_quantization"":null}],""response_cache_status"":""UNKNOWN"",""raw_action_valid"":false,""action"":null,""parse_error"":""response must be exactly QUERY <symbols> or SUBMIT <symbols>"",""consecutive_invalid_responses"":1},{""step"":15,""credits_before"":1,""http_attempts"":[{""attempt_number"":1,""started_at"":""2026-08-16T10:44:52.676Z"",""finished_at"":""2026-08-16T10:45:12.740Z"",""duration_ms"":20064,""status_code"":200,""error_category"":null,""error_message"":null,""usage"":{""input_tokens"":10733,""output_tokens"":7,""reasoning_tokens"":null,""cached_tokens"":10240,""cache_write_tokens"":null,""total_tokens"":10740},""cost_usd"":0.000164542,""generation_id"":""gen-1786877111-4PvUuSqLinb5mmiumgsb"",""response_cache_status"":""UNKNOWN"",""observed_provider"":""Baidu"",""observed_endpoint"":null,""observed_quantization"":null}],""response_cache_status"":""UNKNOWN"",""raw_action_valid"":true,""action_received"":""QUERY"",""value"":""DDDDDDD"",""action_applied"":""QUERY"",""feedback"":{""exact"":0,""misplaced"":0},""credits_remaining"":0},{""step"":16,""credits_before"":0,""http_attempts"":[{""attempt_number"":1,""started_at"":""2026-08-16T10:45:52.846Z"",""finished_at"":""2026-08-16T10:46:35.342Z"",""duration_ms"":42496,""status_code"":200,""error_category"":null,""error_message"":null,""usage"":{""input_tokens"":10767,""output_tokens"":5565,""reasoning_tokens"":null,""cached_tokens"":10240,""cache_write_tokens"":null,""total_tokens"":16332},""cost_usd"":0.000882602,""generation_id"":""gen-1786877168-pEmwd6hgVbgajPyCwg4T"",""response_cache_status"":""UNKNOWN"",""observed_provider"":""Baidu"",""observed_endpoint"":null,""observed_quantization"":null}],""response_cache_status"":""UNKNOWN"",""raw_action_valid"":false,""action"":null,""parse_error"":""response must be exactly QUERY <symbols> or SUBMIT <symbols>"",""consecutive_invalid_responses"":1},{""step"":17,""credits_before"":0,""http_attempts"":[{""attempt_number"":1,""started_at"":""2026-08-16T10:47:00.999Z"",""finished_at"":""2026-08-16T10:47:16.054Z"",""duration_ms"":15055,""status_code"":200,""error_category"":null,""error_message"":null,""usage"":{""input_tokens"":16366,""output_tokens"":8,""reasoning_tokens"":null,""cached_tokens"":10240,""cache_write_tokens"":null,""total_tokens"":16374},""cost_usd"":0.000527436,""generation_id"":""gen-1786877234-fhjrVkfqnqFDd3Fi3z3u"",""response_cache_status"":""UNKNOWN"",""observed_provider"":""Baidu"",""observed_endpoint"":null,""observed_quantization"":null}],""response_cache_status"":""UNKNOWN"",""raw_action_valid"":true,""action_received"":""SUBMIT"",""value"":""BFHHHHG"",""action_applied"":""SUBMIT"",""coerced_at_zero_credits"":false,""credits_remaining"":0}]"
80fcf0a8-5268-4368-9840-0c5c8855af4c,80fcf0a8-5268-4368-9840-0c5c8855af4c,1,,11,deepseek,deepseek-v4-flash-0731,deepseek/deepseek-v4-flash-0731,baidu,Baidu,baidu/fp8,,,,C,different_model,2026-08-16T10:02:04.857Z,2026-08-16T10:47:34.068Z,2729211,3d3baa6feb49226c87c6bc0788fe1936,934952b6b6c9bff7,EAJHABB,7,10,10,9,1,HJAJBJE,0,0.0,false,partial,17,17,0,7,43886,7686,,29184,,51572,0.00231265552,true,true,false,2ac8682c462a8f01ea519b44aa73090e57243476b55eaf2539123ca100c55ab6,"{""max_tokens"":8192,""temperature"":null,""top_p"":null,""top_k"":null,""min_p"":null,""seed"":null,""reasoning"":{""enabled"":false,""effort"":null,""max_tokens"":null,""exclude"":true},""thinking"":null}","{""endpoint_slug"":""baidu/fp8"",""quantizations"":null,""allow_fallbacks"":false,""require_parameters"":true}",completed,true,[],,,response must be exactly QUERY <symbols> or SUBMIT <symbols>,"[{""step"":1,""credits_before"":10,""http_attempts"":[{""attempt_number"":1,""started_at"":""2026-08-16T10:02:04.857Z"",""finished_at"":""2026-08-16T10:02:31.728Z"",""duration_ms"":26871,""status_code"":200,""error_category"":null,""error_message"":null,""usage"":{""input_tokens"":268,""output_tokens"":288,""reasoning_tokens"":null,""cached_tokens"":256,""cache_write_tokens"":null,""total_tokens"":556},""cost_usd"":4.116448e-05,""generation_id"":""gen-1786874547-FcWMthM6GcJsbYhEb3zv"",""response_cache_status"":""UNKNOWN"",""observed_provider"":""Baidu"",""observed_endpoint"":null,""observed_quantization"":null}],""response_cache_status"":""UNKNOWN"",""raw_action_valid"":false,""action"":null,""parse_error"":""response must be exactly QUERY <symbols> or SUBMIT <symbols>"",""consecutive_invalid_responses"":1},{""step"":2,""credits_before"":10,""http_attempts"":[{""attempt_number"":1,""started_at"":""2026-08-16T10:05:56.030Z"",""finished_at"":""2026-08-16T10:06:20.001Z"",""duration_ms"":23970,""status_code"":200,""error_category"":null,""error_message"":null,""usage"":{""input_tokens"":590,""output_tokens"":6,""reasoning_tokens"":null,""cached_tokens"":256,""cache_write_tokens"":null,""total_tokens"":596},""cost_usd"":2.557968e-05,""generation_id"":""gen-1786874778-tNfjBWAtBCybikKu0YBC"",""response_cache_status"":""UNKNOWN"",""observed_provider"":""Baidu"",""observed_endpoint"":null,""observed_quantization"":null}],""response_cache_status"":""UNKNOWN"",""raw_action_valid"":true,""action_received"":""QUERY"",""value"":""ABCDEFG"",""action_applied"":""QUERY"",""feedback"":{""exact"":0,""misplaced"":3},""credits_remaining"":9},{""step"":3,""credits_before"":9,""http_attempts"":[{""attempt_number"":1,""started_at"":""2026-08-16T10:09:44.757Z"",""finished_at"":""2026-08-16T10:10:08.675Z"",""duration_ms"":23918,""status_code"":200,""error_category"":null,""error_message"":null,""usage"":{""input_tokens"":623,""output_tokens"":6,""reasoning_tokens"":null,""cached_tokens"":512,""cache_write_tokens"":null,""total_tokens"":629},""cost_usd"":1.451576e-05,""generation_id"":""gen-1786875007-yXo76b0VT1xqUNRfw59R"",""response_cache_status"":""UNKNOWN"",""observed_provider"":""Baidu"",""observed_endpoint"":null,""observed_quantization"":null}],""response_cache_status"":""UNKNOWN"",""raw_action_valid"":true,""action_received"":""QUERY"",""value"":""HABCDEF"",""action_applied"":""QUERY"",""feedback"":{""exact"":1,""misplaced"":3},""credits_remaining"":8},{""step"":4,""credits_before"":8,""http_attempts"":[{""attempt_number"":1,""started_at"":""2026-08-16T10:13:29.899Z"",""finished_at"":""2026-08-16T10:13:53.963Z"",""duration_ms"":24064,""status_code"":200,""error_category"":null,""error_message"":null,""usage"":{""input_tokens"":656,""output_tokens"":6,""reasoning_tokens"":null,""cached_tokens"":512,""cache_write_tokens"":null,""total_tokens"":662},""cost_usd"":1.664096e-05,""generation_id"":""gen-1786875232-4te8PzIDccYGkgBZ0ukS"",""response_cache_status"":""UNKNOWN"",""observed_provider"":""Baidu"",""observed_endpoint"":null,""observed_quantization"":null}],""response_cache_status"":""UNKNOWN"",""raw_action_valid"":true,""action_received"":""QUERY"",""value"":""IABCDEF"",""action_applied"":""QUERY"",""feedback"":{""exact"":1,""misplaced"":2},""credits_remaining"":7},{""step"":5,""credits_before"":7,""http_attempts"":[{""attempt_number"":1,""started_at"":""2026-08-16T10:17:13.367Z"",""finished_at"":""2026-08-16T10:17:36.699Z"",""duration_ms"":23332,""status_code"":200,""error_category"":null,""error_message"":null,""usage"":{""input_tokens"":689,""output_tokens"":6,""reasoning_tokens"":null,""cached_tokens"":512,""cache_write_tokens"":null,""total_tokens"":695},""cost_usd"":1.876616e-05,""generation_id"":""gen-1786875454-7tSc8zzsXCWCAVhkSu5l"",""response_cache_status"":""UNKNOWN"",""observed_provider"":""Baidu"",""observed_endpoint"":null,""observed_quantization"":null}],""response_cache_status"":""UNKNOWN"",""raw_action_valid"":true,""action_received"":""QUERY"",""value"":""JABCDEF"",""action_applied"":""QUERY"",""feedback"":{""exact"":1,""misplaced"":3},""credits_remaining"":6},{""step"":6,""credits_before"":6,""http_attempts"":[{""attempt_number"":1,""started_at"":""2026-08-16T10:20:57.976Z"",""finished_at"":""2026-08-16T10:21:28.579Z"",""duration_ms"":30603,""status_code"":200,""error_category"":null,""error_message"":null,""usage"":{""input_tokens"":722,""output_tokens"":1346,""reasoning_tokens"":null,""cached_tokens"":null,""cache_write_tokens"":null,""total_tokens"":2068},""cost_usd"":0.0002198616,""generation_id"":""gen-1786875680-cnalYl8AAQnxN44KxoCv"",""response_cache_status"":""UNKNOWN"",""observed_provider"":""Baidu"",""observed_endpoint"":null,""observed_quantization"":null}],""response_cache_status"":""UNKNOWN"",""raw_action_valid"":false,""action"":null,""parse_error"":""response must be exactly QUERY <symbols> or SUBMIT <symbols>"",""consecutive_invalid_responses"":1},{""step"":7,""credits_before"":6,""http_attempts"":[{""attempt_number"":1,""started_at"":""2026-08-16T10:24:46.440Z"",""finished_at"":""2026-08-16T10:25:10.353Z"",""duration_ms"":23913,""status_code"":200,""error_category"":null,""error_message"":null,""usage"":{""input_tokens"":2102,""output_tokens"":6,""reasoning_tokens"":null,""cached_tokens"":512,""cache_write_tokens"":null,""total_tokens"":2108},""cost_usd"":0.00010976336,""generation_id"":""gen-1786875908-PCUXnCLM90ZzMNBXAS6A"",""response_cache_status"":""UNKNOWN"",""observed_provider"":""Baidu"",""observed_endpoint"":null,""observed_quantization"":null}],""response_cache_status"":""UNKNOWN"",""raw_action_valid"":true,""action_received"":""QUERY"",""value"":""HABCDEJ"",""action_applied"":""QUERY"",""feedback"":{""exact"":1,""misplaced"":4},""credits_remaining"":5},{""step"":8,""credits_before"":5,""http_attempts"":[{""attempt_number"":1,""started_at"":""2026-08-16T10:28:28.704Z"",""finished_at"":""2026-08-16T10:28:55.536Z"",""duration_ms"":26832,""status_code"":200,""error_category"":null,""error_message"":null,""usage"":{""input_tokens"":2135,""output_tokens"":492,""reasoning_tokens"":null,""cached_tokens"":2048,""cache_write_tokens"":null,""total_tokens"":2627},""cost_usd"":9.535064e-05,""generation_id"":""gen-1786876131-9e4lsJaqO9GM7qlRL42c"",""response_cache_status"":""UNKNOWN"",""observed_provider"":""Baidu"",""observed_endpoint"":null,""observed_quantization"":null}],""response_cache_status"":""UNKNOWN"",""raw_action_valid"":false,""action"":null,""parse_error"":""response must be exactly QUERY <symbols> or SUBMIT <symbols>"",""consecutive_invalid_responses"":1},{""step"":9,""credits_before"":5,""http_attempts"":[{""attempt_number"":1,""started_at"":""2026-08-16T10:32:05.126Z"",""finished_at"":""2026-08-16T10:32:30.064Z"",""duration_ms"":24938,""status_code"":200,""error_category"":null,""error_message"":null,""usage"":{""input_tokens"":2661,""output_tokens"":7,""reasoning_tokens"":null,""cached_tokens"":2048,""cache_write_tokens"":null,""total_tokens"":2668},""cost_usd"":6.675704e-05,""generation_id"":""gen-1786876347-Qru2xfLj0lP9LLQA8qOY"",""response_cache_status"":""UNKNOWN"",""observed_provider"":""Baidu"",""observed_endpoint"":null,""observed_quantization"":null}],""response_cache_status"":""UNKNOWN"",""raw_action_valid"":true,""action_received"":""QUERY"",""value"":""HABCJFG"",""action_applied"":""QUERY"",""feedback"":{""exact"":1,""misplaced"":3},""credits_remaining"":4},{""step"":10,""credits_before"":4,""http_attempts"":[{""attempt_number"":1,""started_at"":""2026-08-16T10:35:38.267Z"",""finished_at"":""2026-08-16T10:36:04.163Z"",""duration_ms"":25896,""status_code"":200,""error_category"":null,""error_message"":null,""usage"":{""input_tokens"":2695,""output_tokens"":283,""reasoning_tokens"":null,""cached_tokens"":2048,""cache_write_tokens"":null,""total_tokens"":2978},""cost_usd"":0.00010449544,""generation_id"":""gen-1786876560-PTFOMEjZXdQYFrRrdi84"",""response_cache_status"":""UNKNOWN"",""observed_provider"":""Baidu"",""observed_endpoint"":null,""observed_quantization"":null}],""response_cache_status"":""UNKNOWN"",""raw_action_valid"":false,""action"":null,""parse_error"":""response must be exactly QUERY <symbols> or SUBMIT <symbols>"",""consecutive_invalid_responses"":1},{""step"":11,""credits_before"":4,""http_attempts"":[{""attempt_number"":1,""started_at"":""2026-08-16T10:39:01.575Z"",""finished_at"":""2026-08-16T10:39:21.524Z"",""duration_ms"":19949,""status_code"":200,""error_category"":null,""error_message"":null,""usage"":{""input_tokens"":3012,""output_tokens"":7,""reasoning_tokens"":null,""cached_tokens"":2048,""cache_write_tokens"":null,""total_tokens"":3019},""cost_usd"":8.936144e-05,""generation_id"":""gen-1786876759-twNbngoNTL1ow89u0acl"",""response_cache_status"":""UNKNOWN"",""observed_provider"":""Baidu"",""observed_endpoint"":null,""observed_quantization"":null}],""response_cache_status"":""UNKNOWN"",""raw_action_valid"":true,""action_received"":""QUERY"",""value"":""HABDFGI"",""action_applied"":""QUERY"",""feedback"":{""exact"":1,""misplaced"":2},""credits_remaining"":3},{""step"":12,""credits_before"":3,""http_attempts"":[{""attempt_number"":1,""started_at"":""2026-08-16T10:41:18.915Z"",""finished_at"":""2026-08-16T10:41:43.647Z"",""duration_ms"":24732,""status_code"":200,""error_category"":null,""error_message"":null,""usage"":{""input_tokens"":3046,""output_tokens"":320,""reasoning_tokens"":null,""cached_tokens"":2048,""cache_write_tokens"":null,""total_tokens"":3366},""cost_usd"":0.00013186544,""generation_id"":""gen-1786876900-67zmYreshRiP8bOou6pW"",""response_cache_status"":""UNKNOWN"",""observed_provider"":""Baidu"",""observed_endpoint"":null,""observed_quantization"":null}],""response_cache_status"":""UNKNOWN"",""raw_action_valid"":false,""action"":null,""parse_error"":""response must be exactly QUERY <symbols> or SUBMIT <symbols>"",""consecutive_invalid_responses"":1},{""step"":13,""credits_before"":3,""http_attempts"":[{""attempt_number"":1,""started_at"":""2026-08-16T10:43:11.470Z"",""finished_at"":""2026-08-16T10:43:24.472Z"",""duration_ms"":13002,""status_code"":200,""error_category"":null,""error_message"":null,""usage"":{""input_tokens"":3400,""output_tokens"":7,""reasoning_tokens"":null,""cached_tokens"":2048,""cache_write_tokens"":null,""total_tokens"":3407},""cost_usd"":0.00011434864,""generation_id"":""gen-1786877002-Vgx5yAyCByR406uly2X1"",""response_cache_status"":""UNKNOWN"",""observed_provider"":""Baidu"",""observed_endpoint"":null,""observed_quantization"":null}],""response_cache_status"":""UNKNOWN"",""raw_action_valid"":true,""action_received"":""QUERY"",""value"":""HACDFGI"",""action_applied"":""QUERY"",""feedback"":{""exact"":1,""misplaced"":1},""credits_remaining"":2},{""step"":14,""credits_before"":2,""http_attempts"":[{""attempt_number"":1,""started_at"":""2026-08-16T10:44:21.460Z"",""finished_at"":""2026-08-16T10:44:41.939Z"",""duration_ms"":20479,""status_code"":200,""error_category"":null,""error_message"":null,""usage"":{""input_tokens"":3434,""output_tokens"":1228,""reasoning_tokens"":null,""cached_tokens"":3072,""cache_write_tokens"":null,""total_tokens"":4662},""cost_usd"":0.00022104656,""generation_id"":""gen-1786877074-hP5KundXfKBSdvSlIk7G"",""response_cache_status"":""UNKNOWN"",""observed_provider"":""Baidu"",""observed_endpoint"":null,""observed_quantization"":null}],""response_cache_status"":""UNKNOWN"",""raw_action_valid"":false,""action"":null,""parse_error"":""response must be exactly QUERY <symbols> or SUBMIT <symbols>"",""consecutive_invalid_responses"":1},{""step"":15,""credits_before"":2,""http_attempts"":[{""attempt_number"":1,""started_at"":""2026-08-16T10:45:25.039Z"",""finished_at"":""2026-08-16T10:45:40.852Z"",""duration_ms"":15813,""status_code"":200,""error_category"":null,""error_message"":null,""usage"":{""input_tokens"":4696,""output_tokens"":7,""reasoning_tokens"":null,""cached_tokens"":3072,""cache_write_tokens"":null,""total_tokens"":4703},""cost_usd"":0.00014505456,""generation_id"":""gen-1786877138-HRTUAtdPDsk2jhXlPgp3"",""response_cache_status"":""UNKNOWN"",""observed_provider"":""Baidu"",""observed_endpoint"":null,""observed_quantization"":null}],""response_cache_status"":""UNKNOWN"",""raw_action_valid"":true,""action_received"":""QUERY"",""value"":""HAEBJFG"",""action_applied"":""QUERY"",""feedback"":{""exact"":1,""misplaced"":4},""credits_remaining"":1},{""step"":16,""credits_before"":1,""http_attempts"":[{""attempt_number"":1,""started_at"":""2026-08-16T10:46:23.411Z"",""finished_at"":""2026-08-16T10:46:53.328Z"",""duration_ms"":29918,""status_code"":200,""error_category"":null,""error_message"":null,""usage"":{""input_tokens"":4730,""output_tokens"":3663,""reasoning_tokens"":null,""cached_tokens"":4096,""cache_write_tokens"":null,""total_tokens"":8393},""cost_usd"":0.00056538048,""generation_id"":""gen-1786877195-fB7LOu94A5mgmTRVrSKe"",""response_cache_status"":""UNKNOWN"",""observed_provider"":""Baidu"",""observed_endpoint"":null,""observed_quantization"":null}],""response_cache_status"":""UNKNOWN"",""raw_action_valid"":false,""action"":null,""parse_error"":""response must be exactly QUERY <symbols> or SUBMIT <symbols>"",""consecutive_invalid_responses"":1},{""step"":17,""credits_before"":1,""http_attempts"":[{""attempt_number"":1,""started_at"":""2026-08-16T10:47:14.447Z"",""finished_at"":""2026-08-16T10:47:34.068Z"",""duration_ms"":19621,""status_code"":200,""error_category"":null,""error_message"":null,""usage"":{""input_tokens"":8427,""output_tokens"":8,""reasoning_tokens"":null,""cached_tokens"":4096,""cache_write_tokens"":null,""total_tokens"":8435},""cost_usd"":0.00033270328,""generation_id"":""gen-1786877252-Xm9K6lLi1YlvxFSuAG8n"",""response_cache_status"":""UNKNOWN"",""observed_provider"":""Baidu"",""observed_endpoint"":null,""observed_quantization"":null}],""response_cache_status"":""UNKNOWN"",""raw_action_valid"":true,""action_received"":""SUBMIT"",""value"":""HJAJBJE"",""action_applied"":""SUBMIT"",""coerced_at_zero_credits"":false,""credits_remaining"":1}]"
66b67e4b-be92-4489-96ba-a8381e2e080e,66b67e4b-be92-4489-96ba-a8381e2e080e,1,,19,deepseek,deepseek-v4-flash-0731,deepseek/deepseek-v4-flash-0731,baidu,Baidu,baidu/fp8,,,,D,none,2026-08-16T10:01:39.764Z,2026-08-16T10:47:43.227Z,2763463,3d3baa6feb49226c87c6bc0788fe1936,55ddf26bddb68db1,IFFJEDA,7,10,10,10,0,FDFDEAD,2,0.2857142857142857,false,partial,17,17,0,6,27294,9605,,11520,,36899,0.0024013472,true,true,false,35eb269349366de62767de54014a2ee9e18f1c8ac55a4d1100739e287293bf0b,"{""max_tokens"":8192,""temperature"":null,""top_p"":null,""top_k"":null,""min_p"":null,""seed"":null,""reasoning"":{""enabled"":false,""effort"":null,""max_tokens"":null,""exclude"":true},""thinking"":null}","{""endpoint_slug"":""baidu/fp8"",""quantizations"":null,""allow_fallbacks"":false,""require_parameters"":true}",completed,true,[],,,response must be exactly QUERY <symbols> or SUBMIT <symbols>,"[{""step"":1,""credits_before"":10,""http_attempts"":[{""attempt_number"":1,""started_at"":""2026-08-16T10:01:39.764Z"",""finished_at"":""2026-08-16T10:02:01.636Z"",""duration_ms"":21871,""status_code"":200,""error_category"":null,""error_message"":null,""usage"":{""input_tokens"":234,""output_tokens"":6,""reasoning_tokens"":null,""cached_tokens"":null,""cache_write_tokens"":null,""total_tokens"":240},""cost_usd"":1.58424e-05,""generation_id"":""gen-1786874520-N9zceQPvao7uGbtqlAPC"",""response_cache_status"":""UNKNOWN"",""observed_provider"":""Baidu"",""observed_endpoint"":null,""observed_quantization"":null}],""response_cache_status"":""UNKNOWN"",""raw_action_valid"":true,""action_received"":""QUERY"",""value"":""AAAAAAA"",""action_applied"":""QUERY"",""feedback"":{""exact"":1,""misplaced"":0},""credits_remaining"":9},{""step"":2,""credits_before"":9,""http_attempts"":[{""attempt_number"":1,""started_at"":""2026-08-16T10:05:32.044Z"",""finished_at"":""2026-08-16T10:05:56.030Z"",""duration_ms"":23986,""status_code"":200,""error_category"":null,""error_message"":null,""usage"":{""input_tokens"":267,""output_tokens"":6,""reasoning_tokens"":null,""cached_tokens"":256,""cache_write_tokens"":null,""total_tokens"":273},""cost_usd"":4.77848e-06,""generation_id"":""gen-1786874754-QQKKw6rjgv3ektmQSDSV"",""response_cache_status"":""UNKNOWN"",""observed_provider"":""Baidu"",""observed_endpoint"":null,""observed_quantization"":null}],""response_cache_status"":""UNKNOWN"",""raw_action_valid"":true,""action_received"":""QUERY"",""value"":""BBBBBBB"",""action_applied"":""QUERY"",""feedback"":{""exact"":0,""misplaced"":0},""credits_remaining"":8},{""step"":3,""credits_before"":8,""http_attempts"":[{""attempt_number"":1,""started_at"":""2026-08-16T10:09:20.792Z"",""finished_at"":""2026-08-16T10:09:44.756Z"",""duration_ms"":23964,""status_code"":200,""error_category"":null,""error_message"":null,""usage"":{""input_tokens"":300,""output_tokens"":6,""reasoning_tokens"":null,""cached_tokens"":256,""cache_write_tokens"":null,""total_tokens"":306},""cost_usd"":6.90368e-06,""generation_id"":""gen-1786874982-aUwi4ehWYSfLC7achhrw"",""response_cache_status"":""UNKNOWN"",""observed_provider"":""Baidu"",""observed_endpoint"":null,""observed_quantization"":null}],""response_cache_status"":""UNKNOWN"",""raw_action_valid"":true,""action_received"":""QUERY"",""value"":""CCCCCCC"",""action_applied"":""QUERY"",""feedback"":{""exact"":0,""misplaced"":0},""credits_remaining"":7},{""step"":4,""credits_before"":7,""http_attempts"":[{""attempt_number"":1,""started_at"":""2026-08-16T10:13:05.940Z"",""finished_at"":""2026-08-16T10:13:29.898Z"",""duration_ms"":23958,""status_code"":200,""error_category"":null,""error_message"":null,""usage"":{""input_tokens"":333,""output_tokens"":7,""reasoning_tokens"":null,""cached_tokens"":256,""cache_write_tokens"":null,""total_tokens"":340},""cost_usd"":9.15768e-06,""generation_id"":""gen-1786875208-8UDQN0xMalv0yqX1NezJ"",""response_cache_status"":""UNKNOWN"",""observed_provider"":""Baidu"",""observed_endpoint"":null,""observed_quantization"":null}],""response_cache_status"":""UNKNOWN"",""raw_action_valid"":true,""action_received"":""QUERY"",""value"":""DDDDDDD"",""action_applied"":""QUERY"",""feedback"":{""exact"":1,""misplaced"":0},""credits_remaining"":6},{""step"":5,""credits_before"":6,""http_attempts"":[{""attempt_number"":1,""started_at"":""2026-08-16T10:16:51.403Z"",""finished_at"":""2026-08-16T10:17:15.600Z"",""duration_ms"":24198,""status_code"":200,""error_category"":null,""error_message"":null,""usage"":{""input_tokens"":367,""output_tokens"":7,""reasoning_tokens"":null,""cached_tokens"":256,""cache_write_tokens"":null,""total_tokens"":374},""cost_usd"":1.134728e-05,""generation_id"":""gen-1786875434-FNOPnzxQFTH70tQ2RStG"",""response_cache_status"":""UNKNOWN"",""observed_provider"":""Baidu"",""observed_endpoint"":null,""observed_quantization"":null}],""response_cache_status"":""UNKNOWN"",""raw_action_valid"":true,""action_received"":""QUERY"",""value"":""EEEEEEE"",""action_applied"":""QUERY"",""feedback"":{""exact"":1,""misplaced"":0},""credits_remaining"":5},{""step"":6,""credits_before"":5,""http_attempts"":[{""attempt_number"":1,""started_at"":""2026-08-16T10:20:36.712Z"",""finished_at"":""2026-08-16T10:21:00.752Z"",""duration_ms"":24039,""status_code"":200,""error_category"":null,""error_message"":null,""usage"":{""input_tokens"":401,""output_tokens"":7,""reasoning_tokens"":null,""cached_tokens"":256,""cache_write_tokens"":null,""total_tokens"":408},""cost_usd"":1.353688e-05,""generation_id"":""gen-1786875659-hrXLAYkpzo9bcQsnIhgL"",""response_cache_status"":""UNKNOWN"",""observed_provider"":""Baidu"",""observed_endpoint"":null,""observed_quantization"":null}],""response_cache_status"":""UNKNOWN"",""raw_action_valid"":false,""action"":null,""parse_error"":""response must be exactly QUERY <symbols> or SUBMIT <symbols>"",""consecutive_invalid_responses"":1},{""step"":7,""credits_before"":5,""http_attempts"":[{""attempt_number"":1,""started_at"":""2026-08-16T10:24:19.865Z"",""finished_at"":""2026-08-16T10:24:43.645Z"",""duration_ms"":23779,""status_code"":200,""error_category"":null,""error_message"":null,""usage"":{""input_tokens"":442,""output_tokens"":5,""reasoning_tokens"":null,""cached_tokens"":256,""cache_write_tokens"":null,""total_tokens"":447},""cost_usd"":1.591968e-05,""generation_id"":""gen-1786875881-oaqcK2br7oP00ewrFMFh"",""response_cache_status"":""UNKNOWN"",""observed_provider"":""Baidu"",""observed_endpoint"":null,""observed_quantization"":null}],""response_cache_status"":""UNKNOWN"",""raw_action_valid"":true,""action_received"":""QUERY"",""value"":""FFFFFFF"",""action_applied"":""QUERY"",""feedback"":{""exact"":2,""misplaced"":0},""credits_remaining"":4},{""step"":8,""credits_before"":4,""http_attempts"":[{""attempt_number"":1,""started_at"":""2026-08-16T10:28:04.945Z"",""finished_at"":""2026-08-16T10:28:26.318Z"",""duration_ms"":21373,""status_code"":200,""error_category"":null,""error_message"":null,""usage"":{""input_tokens"":474,""output_tokens"":7,""reasoning_tokens"":null,""cached_tokens"":256,""cache_write_tokens"":null,""total_tokens"":481},""cost_usd"":1.823808e-05,""generation_id"":""gen-1786876104-pyxDsyRY36ibnk2Pl9NT"",""response_cache_status"":""UNKNOWN"",""observed_provider"":""Baidu"",""observed_endpoint"":null,""observed_quantization"":null}],""response_cache_status"":""UNKNOWN"",""raw_action_valid"":true,""action_received"":""QUERY"",""value"":""GGGGGGG"",""action_applied"":""QUERY"",""feedback"":{""exact"":0,""misplaced"":0},""credits_remaining"":3},{""step"":9,""credits_before"":3,""http_attempts"":[{""attempt_number"":1,""started_at"":""2026-08-16T10:31:38.014Z"",""finished_at"":""2026-08-16T10:32:02.841Z"",""duration_ms"":24827,""status_code"":200,""error_category"":null,""error_message"":null,""usage"":{""input_tokens"":508,""output_tokens"":150,""reasoning_tokens"":null,""cached_tokens"":256,""cache_write_tokens"":null,""total_tokens"":658},""cost_usd"":3.884608e-05,""generation_id"":""gen-1786876320-m2jVJ8LOtpb5HopM0x4y"",""response_cache_status"":""UNKNOWN"",""observed_provider"":""Baidu"",""observed_endpoint"":null,""observed_quantization"":null}],""response_cache_status"":""UNKNOWN"",""raw_action_valid"":false,""action"":null,""parse_error"":""response must be exactly QUERY <symbols> or SUBMIT <symbols>"",""consecutive_invalid_responses"":1},{""step"":10,""credits_before"":3,""http_attempts"":[{""attempt_number"":1,""started_at"":""2026-08-16T10:35:11.590Z"",""finished_at"":""2026-08-16T10:35:35.492Z"",""duration_ms"":23903,""status_code"":200,""error_category"":null,""error_message"":null,""usage"":{""input_tokens"":692,""output_tokens"":5,""reasoning_tokens"":null,""cached_tokens"":256,""cache_write_tokens"":null,""total_tokens"":697},""cost_usd"":3.201968e-05,""generation_id"":""gen-1786876533-TU67YfkNncKXUwGjOW88"",""response_cache_status"":""UNKNOWN"",""observed_provider"":""Baidu"",""observed_endpoint"":null,""observed_quantization"":null}],""response_cache_status"":""UNKNOWN"",""raw_action_valid"":true,""action_received"":""QUERY"",""value"":""AAAFFFF"",""action_applied"":""QUERY"",""feedback"":{""exact"":0,""misplaced"":3},""credits_remaining"":2},{""step"":11,""credits_before"":2,""http_attempts"":[{""attempt_number"":1,""started_at"":""2026-08-16T10:38:36.585Z"",""finished_at"":""2026-08-16T10:39:01.574Z"",""duration_ms"":24989,""status_code"":200,""error_category"":null,""error_message"":null,""usage"":{""input_tokens"":724,""output_tokens"":896,""reasoning_tokens"":null,""cached_tokens"":512,""cache_write_tokens"":null,""total_tokens"":1620},""cost_usd"":0.00013565216,""generation_id"":""gen-1786876735-OTXSnEakKH4ifP31qRQM"",""response_cache_status"":""UNKNOWN"",""observed_provider"":""Baidu"",""observed_endpoint"":null,""observed_quantization"":null}],""response_cache_status"":""UNKNOWN"",""raw_action_valid"":false,""action"":null,""parse_error"":""response must be exactly QUERY <symbols> or SUBMIT <symbols>"",""consecutive_invalid_responses"":1},{""step"":12,""credits_before"":2,""http_attempts"":[{""attempt_number"":1,""started_at"":""2026-08-16T10:41:09.234Z"",""finished_at"":""2026-08-16T10:41:33.483Z"",""duration_ms"":24248,""status_code"":200,""error_category"":null,""error_message"":null,""usage"":{""input_tokens"":1654,""output_tokens"":6,""reasoning_tokens"":null,""cached_tokens"":512,""cache_write_tokens"":null,""total_tokens"":1660},""cost_usd"":8.091216e-05,""generation_id"":""gen-1786876891-UCERnGxi9h92YjorsVeq"",""response_cache_status"":""UNKNOWN"",""observed_provider"":""Baidu"",""observed_endpoint"":null,""observed_quantization"":null}],""response_cache_status"":""UNKNOWN"",""raw_action_valid"":true,""action_received"":""QUERY"",""value"":""DEFAABB"",""action_applied"":""QUERY"",""feedback"":{""exact"":1,""misplaced"":3},""credits_remaining"":1},{""step"":13,""credits_before"":1,""http_attempts"":[{""attempt_number"":1,""started_at"":""2026-08-16T10:43:06.517Z"",""finished_at"":""2026-08-16T10:43:21.345Z"",""duration_ms"":14828,""status_code"":200,""error_category"":null,""error_message"":null,""usage"":{""input_tokens"":1687,""output_tokens"":1209,""reasoning_tokens"":null,""cached_tokens"":1024,""cache_write_tokens"":null,""total_tokens"":2896},""cost_usd"":0.00021160552,""generation_id"":""gen-1786876993-4WElsnTYXwSrIcFirlXX"",""response_cache_status"":""UNKNOWN"",""observed_provider"":""Baidu"",""observed_endpoint"":null,""observed_quantization"":null}],""response_cache_status"":""UNKNOWN"",""raw_action_valid"":false,""action"":null,""parse_error"":""response must be exactly QUERY <symbols> or SUBMIT <symbols>"",""consecutive_invalid_responses"":1},{""step"":14,""credits_before"":1,""http_attempts"":[{""attempt_number"":1,""started_at"":""2026-08-16T10:44:15.706Z"",""finished_at"":""2026-08-16T10:44:30.635Z"",""duration_ms"":14929,""status_code"":200,""error_category"":null,""error_message"":null,""usage"":{""input_tokens"":2930,""output_tokens"":7,""reasoning_tokens"":null,""cached_tokens"":1024,""cache_write_tokens"":null,""total_tokens"":2937},""cost_usd"":0.00013683712,""generation_id"":""gen-1786877068-Ut7tLzlFzGwM2o7h3QiE"",""response_cache_status"":""UNKNOWN"",""observed_provider"":""Baidu"",""observed_endpoint"":null,""observed_quantization"":null}],""response_cache_status"":""UNKNOWN"",""raw_action_valid"":false,""action"":null,""parse_error"":""response must be exactly QUERY <symbols> or SUBMIT <symbols>"",""consecutive_invalid_responses"":2},{""step"":15,""credits_before"":1,""http_attempts"":[{""attempt_number"":1,""started_at"":""2026-08-16T10:45:17.961Z"",""finished_at"":""2026-08-16T10:45:33.956Z"",""duration_ms"":15995,""status_code"":200,""error_category"":null,""error_message"":null,""usage"":{""input_tokens"":2971,""output_tokens"":7,""reasoning_tokens"":null,""cached_tokens"":2048,""cache_write_tokens"":null,""total_tokens"":2978},""cost_usd"":8.672104e-05,""generation_id"":""gen-1786877132-XnDT6s5FE7Dewm64wFmj"",""response_cache_status"":""UNKNOWN"",""observed_provider"":""Baidu"",""observed_endpoint"":null,""observed_quantization"":null}],""response_cache_status"":""UNKNOWN"",""raw_action_valid"":true,""action_received"":""QUERY"",""value"":""FFAADEF"",""action_applied"":""QUERY"",""feedback"":{""exact"":1,""misplaced"":4},""credits_remaining"":0},{""step"":16,""credits_before"":0,""http_attempts"":[{""attempt_number"":1,""started_at"":""2026-08-16T10:46:18.822Z"",""finished_at"":""2026-08-16T10:47:03.114Z"",""duration_ms"":44293,""status_code"":200,""error_category"":null,""error_message"":null,""usage"":{""input_tokens"":3005,""output_tokens"":7266,""reasoning_tokens"":null,""cached_tokens"":2048,""cache_write_tokens"":null,""total_tokens"":10271},""cost_usd"":0.00102386984,""generation_id"":""gen-1786877189-1IYNWNVz2xQpVzMaFiUr"",""response_cache_status"":""UNKNOWN"",""observed_provider"":""Baidu"",""observed_endpoint"":null,""observed_quantization"":null}],""response_cache_status"":""UNKNOWN"",""raw_action_valid"":false,""action"":null,""parse_error"":""response must be exactly QUERY <symbols> or SUBMIT <symbols>"",""consecutive_invalid_responses"":1},{""step"":17,""credits_before"":0,""http_attempts"":[{""attempt_number"":1,""started_at"":""2026-08-16T10:47:20.255Z"",""finished_at"":""2026-08-16T10:47:43.227Z"",""duration_ms"":22972,""status_code"":200,""error_category"":null,""error_message"":null,""usage"":{""input_tokens"":10305,""output_tokens"":8,""reasoning_tokens"":null,""cached_tokens"":2048,""cache_write_tokens"":null,""total_tokens"":10313},""cost_usd"":0.00055915944,""generation_id"":""gen-1786877261-E73qtJU9OlLBsOa33BRj"",""response_cache_status"":""UNKNOWN"",""observed_provider"":""Baidu"",""observed_endpoint"":null,""observed_quantization"":null}],""response_cache_status"":""UNKNOWN"",""raw_action_valid"":true,""action_received"":""SUBMIT"",""value"":""FDFDEAD"",""action_applied"":""SUBMIT"",""coerced_at_zero_credits"":false,""credits_remaining"":0}]"
548e2929-8270-4f76-ad9f-4fade3c1c990,548e2929-8270-4f76-ad9f-4fade3c1c990,1,,6,deepseek,deepseek-v4-flash-0731,deepseek/deepseek-v4-flash-0731,baidu,Baidu,baidu/fp8,,,,A,continuation,2026-08-16T10:01:19.663Z,2026-08-16T10:47:52.159Z,2792496,3d3baa6feb49226c87c6bc0788fe1936,b144b1f7edbc6246,DGFDDHH,7,10,10,10,0,DHHFGDD,1,0.14285714285714285,false,partial,17,17,0,6,44425,16838,,25856,,61263,0.0036976032800000004,true,true,false,a193e42687075f855a907c617cb6eb43c5979e687d22273bbab4c0919af923ac,"{""max_tokens"":8192,""temperature"":null,""top_p"":null,""top_k"":null,""min_p"":null,""seed"":null,""reasoning"":{""enabled"":false,""effort"":null,""max_tokens"":null,""exclude"":true},""thinking"":null}","{""endpoint_slug"":""baidu/fp8"",""quantizations"":null,""allow_fallbacks"":false,""require_parameters"":true}",completed,true,[],,,response must be exactly QUERY <symbols> or SUBMIT <symbols>,"[{""step"":1,""credits_before"":10,""http_attempts"":[{""attempt_number"":1,""started_at"":""2026-08-16T10:01:19.663Z"",""finished_at"":""2026-08-16T10:01:43.785Z"",""duration_ms"":24122,""status_code"":200,""error_category"":null,""error_message"":null,""usage"":{""input_tokens"":258,""output_tokens"":6,""reasoning_tokens"":null,""cached_tokens"":256,""cache_write_tokens"":null,""total_tokens"":264},""cost_usd"":4.19888e-06,""generation_id"":""gen-1786874502-GEoiQp8Lcwzmm7WyfBQ9"",""response_cache_status"":""UNKNOWN"",""observed_provider"":""Baidu"",""observed_endpoint"":null,""observed_quantization"":null}],""response_cache_status"":""UNKNOWN"",""raw_action_valid"":true,""action_received"":""QUERY"",""value"":""AAAAAAA"",""action_applied"":""QUERY"",""feedback"":{""exact"":0,""misplaced"":0},""credits_remaining"":9},{""step"":2,""credits_before"":9,""http_attempts"":[{""attempt_number"":1,""started_at"":""2026-08-16T10:05:14.171Z"",""finished_at"":""2026-08-16T10:05:37.775Z"",""duration_ms"":23604,""status_code"":200,""error_category"":null,""error_message"":null,""usage"":{""input_tokens"":291,""output_tokens"":6,""reasoning_tokens"":null,""cached_tokens"":256,""cache_write_tokens"":null,""total_tokens"":297},""cost_usd"":6.32408e-06,""generation_id"":""gen-1786874736-odPx05f6Fh1fAEDx9GLh"",""response_cache_status"":""UNKNOWN"",""observed_provider"":""Baidu"",""observed_endpoint"":null,""observed_quantization"":null}],""response_cache_status"":""UNKNOWN"",""raw_action_valid"":true,""action_received"":""QUERY"",""value"":""BBBBBBB"",""action_applied"":""QUERY"",""feedback"":{""exact"":0,""misplaced"":0},""credits_remaining"":8},{""step"":3,""credits_before"":8,""http_attempts"":[{""attempt_number"":1,""started_at"":""2026-08-16T10:09:02.379Z"",""finished_at"":""2026-08-16T10:09:26.363Z"",""duration_ms"":23983,""status_code"":200,""error_category"":null,""error_message"":null,""usage"":{""input_tokens"":324,""output_tokens"":6,""reasoning_tokens"":null,""cached_tokens"":256,""cache_write_tokens"":null,""total_tokens"":330},""cost_usd"":8.44928e-06,""generation_id"":""gen-1786874964-eMWLd7Eg2XDxkjf0uv05"",""response_cache_status"":""UNKNOWN"",""observed_provider"":""Baidu"",""observed_endpoint"":null,""observed_quantization"":null}],""response_cache_status"":""UNKNOWN"",""raw_action_valid"":true,""action_received"":""QUERY"",""value"":""CCCCCCC"",""action_applied"":""QUERY"",""feedback"":{""exact"":0,""misplaced"":0},""credits_remaining"":7},{""step"":4,""credits_before"":7,""http_attempts"":[{""attempt_number"":1,""started_at"":""2026-08-16T10:12:47.762Z"",""finished_at"":""2026-08-16T10:13:11.891Z"",""duration_ms"":24128,""status_code"":200,""error_category"":null,""error_message"":null,""usage"":{""input_tokens"":357,""output_tokens"":7,""reasoning_tokens"":null,""cached_tokens"":256,""cache_write_tokens"":null,""total_tokens"":364},""cost_usd"":1.070328e-05,""generation_id"":""gen-1786875190-fxSZEp4L5h3YKyLku2wp"",""response_cache_status"":""UNKNOWN"",""observed_provider"":""Baidu"",""observed_endpoint"":null,""observed_quantization"":null}],""response_cache_status"":""UNKNOWN"",""raw_action_valid"":true,""action_received"":""QUERY"",""value"":""DDDDDDD"",""action_applied"":""QUERY"",""feedback"":{""exact"":3,""misplaced"":0},""credits_remaining"":6},{""step"":5,""credits_before"":6,""http_attempts"":[{""attempt_number"":1,""started_at"":""2026-08-16T10:16:34.674Z"",""finished_at"":""2026-08-16T10:16:57.920Z"",""duration_ms"":23246,""status_code"":200,""error_category"":null,""error_message"":null,""usage"":{""input_tokens"":391,""output_tokens"":65,""reasoning_tokens"":null,""cached_tokens"":256,""cache_write_tokens"":null,""total_tokens"":456},""cost_usd"":2.036328e-05,""generation_id"":""gen-1786875415-JgYPzqtBxOS7WvrXMrvW"",""response_cache_status"":""UNKNOWN"",""observed_provider"":""Baidu"",""observed_endpoint"":null,""observed_quantization"":null}],""response_cache_status"":""UNKNOWN"",""raw_action_valid"":false,""action"":null,""parse_error"":""response must be exactly QUERY <symbols> or SUBMIT <symbols>"",""consecutive_invalid_responses"":1},{""step"":6,""credits_before"":6,""http_attempts"":[{""attempt_number"":1,""started_at"":""2026-08-16T10:20:18.804Z"",""finished_at"":""2026-08-16T10:20:42.792Z"",""duration_ms"":23988,""status_code"":200,""error_category"":null,""error_message"":null,""usage"":{""input_tokens"":490,""output_tokens"":7,""reasoning_tokens"":null,""cached_tokens"":256,""cache_write_tokens"":null,""total_tokens"":497},""cost_usd"":1.926848e-05,""generation_id"":""gen-1786875641-DkmEyMephFpOu4Fg93se"",""response_cache_status"":""UNKNOWN"",""observed_provider"":""Baidu"",""observed_endpoint"":null,""observed_quantization"":null}],""response_cache_status"":""UNKNOWN"",""raw_action_valid"":true,""action_received"":""QUERY"",""value"":""EEEEEEE"",""action_applied"":""QUERY"",""feedback"":{""exact"":0,""misplaced"":0},""credits_remaining"":5},{""step"":7,""credits_before"":5,""http_attempts"":[{""attempt_number"":1,""started_at"":""2026-08-16T10:24:04.611Z"",""finished_at"":""2026-08-16T10:24:25.406Z"",""duration_ms"":20795,""status_code"":200,""error_category"":null,""error_message"":null,""usage"":{""input_tokens"":524,""output_tokens"":5,""reasoning_tokens"":null,""cached_tokens"":256,""cache_write_tokens"":null,""total_tokens"":529},""cost_usd"":2.120048e-05,""generation_id"":""gen-1786875863-hy2N76yx34BFuAGBmGKQ"",""response_cache_status"":""UNKNOWN"",""observed_provider"":""Baidu"",""observed_endpoint"":null,""observed_quantization"":null}],""response_cache_status"":""UNKNOWN"",""raw_action_valid"":true,""action_received"":""QUERY"",""value"":""FFFFFFF"",""action_applied"":""QUERY"",""feedback"":{""exact"":1,""misplaced"":0},""credits_remaining"":4},{""step"":8,""credits_before"":4,""http_attempts"":[{""attempt_number"":1,""started_at"":""2026-08-16T10:27:44.408Z"",""finished_at"":""2026-08-16T10:28:04.944Z"",""duration_ms"":20536,""status_code"":200,""error_category"":null,""error_message"":null,""usage"":{""input_tokens"":556,""output_tokens"":54,""reasoning_tokens"":null,""cached_tokens"":512,""cache_write_tokens"":null,""total_tokens"":610},""cost_usd"":1.638336e-05,""generation_id"":""gen-1786876083-lfgXBVwKJ6rNQh1o9VJY"",""response_cache_status"":""UNKNOWN"",""observed_provider"":""Baidu"",""observed_endpoint"":null,""observed_quantization"":null}],""response_cache_status"":""UNKNOWN"",""raw_action_valid"":false,""action"":null,""parse_error"":""response must be exactly QUERY <symbols> or SUBMIT <symbols>"",""consecutive_invalid_responses"":1},{""step"":9,""credits_before"":4,""http_attempts"":[{""attempt_number"":1,""started_at"":""2026-08-16T10:31:14.099Z"",""finished_at"":""2026-08-16T10:31:38.014Z"",""duration_ms"":23914,""status_code"":200,""error_category"":null,""error_message"":null,""usage"":{""input_tokens"":644,""output_tokens"":7,""reasoning_tokens"":null,""cached_tokens"":512,""cache_write_tokens"":null,""total_tokens"":651},""cost_usd"":1.599696e-05,""generation_id"":""gen-1786876296-7ReWOROFY6uiWf6U7dmc"",""response_cache_status"":""UNKNOWN"",""observed_provider"":""Baidu"",""observed_endpoint"":null,""observed_quantization"":null}],""response_cache_status"":""UNKNOWN"",""raw_action_valid"":true,""action_received"":""QUERY"",""value"":""GGGGGGG"",""action_applied"":""QUERY"",""feedback"":{""exact"":1,""misplaced"":0},""credits_remaining"":3},{""step"":10,""credits_before"":3,""http_attempts"":[{""attempt_number"":1,""started_at"":""2026-08-16T10:34:48.342Z"",""finished_at"":""2026-08-16T10:35:11.589Z"",""duration_ms"":23247,""status_code"":200,""error_category"":null,""error_message"":null,""usage"":{""input_tokens"":678,""output_tokens"":66,""reasoning_tokens"":null,""cached_tokens"":512,""cache_write_tokens"":null,""total_tokens"":744},""cost_usd"":2.578576e-05,""generation_id"":""gen-1786876509-G6SnN6KZuyDM9SN6yPXg"",""response_cache_status"":""UNKNOWN"",""observed_provider"":""Baidu"",""observed_endpoint"":null,""observed_quantization"":null}],""response_cache_status"":""UNKNOWN"",""raw_action_valid"":false,""action"":null,""parse_error"":""response must be exactly QUERY <symbols> or SUBMIT <symbols>"",""consecutive_invalid_responses"":1},{""step"":11,""credits_before"":3,""http_attempts"":[{""attempt_number"":1,""started_at"":""2026-08-16T10:38:17.899Z"",""finished_at"":""2026-08-16T10:38:36.584Z"",""duration_ms"":18685,""status_code"":200,""error_category"":null,""error_message"":null,""usage"":{""input_tokens"":778,""output_tokens"":7,""reasoning_tokens"":null,""cached_tokens"":512,""cache_write_tokens"":null,""total_tokens"":785},""cost_usd"":2.462656e-05,""generation_id"":""gen-1786876714-Zv01IEYH1oy5w7Hae4vQ"",""response_cache_status"":""UNKNOWN"",""observed_provider"":""Baidu"",""observed_endpoint"":null,""observed_quantization"":null}],""response_cache_status"":""UNKNOWN"",""raw_action_valid"":true,""action_received"":""QUERY"",""value"":""HHHHHHH"",""action_applied"":""QUERY"",""feedback"":{""exact"":2,""misplaced"":0},""credits_remaining"":2},{""step"":12,""credits_before"":2,""http_attempts"":[{""attempt_number"":1,""started_at"":""2026-08-16T10:40:55.480Z"",""finished_at"":""2026-08-16T10:41:16.097Z"",""duration_ms"":20618,""status_code"":200,""error_category"":null,""error_message"":null,""usage"":{""input_tokens"":812,""output_tokens"":196,""reasoning_tokens"":null,""cached_tokens"":768,""cache_write_tokens"":null,""total_tokens"":1008},""cost_usd"":3.797024e-05,""generation_id"":""gen-1786876873-V5x8lhZBZaEMxtSRmKcI"",""response_cache_status"":""UNKNOWN"",""observed_provider"":""Baidu"",""observed_endpoint"":null,""observed_quantization"":null}],""response_cache_status"":""UNKNOWN"",""raw_action_valid"":false,""action"":null,""parse_error"":""response must be exactly QUERY <symbols> or SUBMIT <symbols>"",""consecutive_invalid_responses"":1},{""step"":13,""credits_before"":2,""http_attempts"":[{""attempt_number"":1,""started_at"":""2026-08-16T10:42:43.243Z"",""finished_at"":""2026-08-16T10:43:00.397Z"",""duration_ms"":17154,""status_code"":200,""error_category"":null,""error_message"":null,""usage"":{""input_tokens"":1042,""output_tokens"":7,""reasoning_tokens"":null,""cached_tokens"":768,""cache_write_tokens"":null,""total_tokens"":1049},""cost_usd"":2.843904e-05,""generation_id"":""gen-1786876978-QOe6jgnftm8I92E6KG6x"",""response_cache_status"":""UNKNOWN"",""observed_provider"":""Baidu"",""observed_endpoint"":null,""observed_quantization"":null}],""response_cache_status"":""UNKNOWN"",""raw_action_valid"":true,""action_received"":""QUERY"",""value"":""DDDFGHH"",""action_applied"":""QUERY"",""feedback"":{""exact"":3,""misplaced"":4},""credits_remaining"":1},{""step"":14,""credits_before"":1,""http_attempts"":[{""attempt_number"":1,""started_at"":""2026-08-16T10:43:48.030Z"",""finished_at"":""2026-08-16T10:44:42.026Z"",""duration_ms"":53996,""status_code"":200,""error_category"":null,""error_message"":null,""usage"":{""input_tokens"":1076,""output_tokens"":8192,""reasoning_tokens"":null,""cached_tokens"":1024,""cache_write_tokens"":null,""total_tokens"":9268},""cost_usd"":0.00107166752,""generation_id"":""gen-1786877044-x6Gg6DYJBTH0E7y9UqZE"",""response_cache_status"":""UNKNOWN"",""observed_provider"":""Baidu"",""observed_endpoint"":null,""observed_quantization"":null}],""response_cache_status"":""UNKNOWN"",""raw_action_valid"":false,""action"":null,""parse_error"":""response must be exactly QUERY <symbols> or SUBMIT <symbols>"",""consecutive_invalid_responses"":1},{""step"":15,""credits_before"":1,""http_attempts"":[{""attempt_number"":1,""started_at"":""2026-08-16T10:45:25.665Z"",""finished_at"":""2026-08-16T10:45:43.076Z"",""duration_ms"":17411,""status_code"":200,""error_category"":null,""error_message"":null,""usage"":{""input_tokens"":9303,""output_tokens"":7,""reasoning_tokens"":null,""cached_tokens"":1024,""cache_write_tokens"":null,""total_tokens"":9310},""cost_usd"":0.00054725832,""generation_id"":""gen-1786877141-VsCspWwiByVhQNCOLXdW"",""response_cache_status"":""UNKNOWN"",""observed_provider"":""Baidu"",""observed_endpoint"":null,""observed_quantization"":null}],""response_cache_status"":""UNKNOWN"",""raw_action_valid"":true,""action_received"":""QUERY"",""value"":""DDDHHGF"",""action_applied"":""QUERY"",""feedback"":{""exact"":1,""misplaced"":6},""credits_remaining"":0},{""step"":16,""credits_before"":0,""http_attempts"":[{""attempt_number"":1,""started_at"":""2026-08-16T10:46:25.506Z"",""finished_at"":""2026-08-16T10:47:14.446Z"",""duration_ms"":48940,""status_code"":200,""error_category"":null,""error_message"":null,""usage"":{""input_tokens"":9337,""output_tokens"":8192,""reasoning_tokens"":null,""cached_tokens"":9216,""cache_write_tokens"":null,""total_tokens"":17529},""cost_usd"":0.00118162408,""generation_id"":""gen-1786877198-K7jX3219eolbH3nwCKnh"",""response_cache_status"":""UNKNOWN"",""observed_provider"":""Baidu"",""observed_endpoint"":null,""observed_quantization"":null}],""response_cache_status"":""UNKNOWN"",""raw_action_valid"":false,""action"":null,""parse_error"":""response must be exactly QUERY <symbols> or SUBMIT <symbols>"",""consecutive_invalid_responses"":1},{""step"":17,""credits_before"":0,""http_attempts"":[{""attempt_number"":1,""started_at"":""2026-08-16T10:47:28.329Z"",""finished_at"":""2026-08-16T10:47:52.158Z"",""duration_ms"":23829,""status_code"":200,""error_category"":null,""error_message"":null,""usage"":{""input_tokens"":17564,""output_tokens"":8,""reasoning_tokens"":null,""cached_tokens"":9216,""cache_write_tokens"":null,""total_tokens"":17572},""cost_usd"":0.00065734368,""generation_id"":""gen-1786877270-e4IIHkpEMt2GNP75FBHk"",""response_cache_status"":""UNKNOWN"",""observed_provider"":""Baidu"",""observed_endpoint"":null,""observed_quantization"":null}],""response_cache_status"":""UNKNOWN"",""raw_action_valid"":true,""action_received"":""SUBMIT"",""value"":""DHHFGDD"",""action_applied"":""SUBMIT"",""coerced_at_zero_credits"":false,""credits_remaining"":0}]"
5adf3462-a5c1-4065-9de2-3b10793f3e2c,5adf3462-a5c1-4065-9de2-3b10793f3e2c,1,,1,deepseek,deepseek-v4-flash-0731,deepseek/deepseek-v4-flash-0731,baidu,Baidu,baidu/fp8,,,,A,continuation,2026-08-16T10:01:07.729Z,2026-08-16T10:47:56.583Z,2808855,3d3baa6feb49226c87c6bc0788fe1936,4cd259d413c2aa26,EBICIJB,7,10,10,10,0,BECJIIB,2,0.2857142857142857,false,partial,17,17,0,6,54508,14458,2,35840,,68966,0.0035260288,true,true,false,a193e42687075f855a907c617cb6eb43c5979e687d22273bbab4c0919af923ac,"{""max_tokens"":8192,""temperature"":null,""top_p"":null,""top_k"":null,""min_p"":null,""seed"":null,""reasoning"":{""enabled"":false,""effort"":null,""max_tokens"":null,""exclude"":true},""thinking"":null}","{""endpoint_slug"":""baidu/fp8"",""quantizations"":null,""allow_fallbacks"":false,""require_parameters"":true}",completed,true,[],,,response must be exactly QUERY <symbols> or SUBMIT <symbols>,"[{""step"":1,""credits_before"":10,""http_attempts"":[{""attempt_number"":1,""started_at"":""2026-08-16T10:01:07.729Z"",""finished_at"":""2026-08-16T10:01:31.595Z"",""duration_ms"":23867,""status_code"":200,""error_category"":null,""error_message"":null,""usage"":{""input_tokens"":258,""output_tokens"":6,""reasoning_tokens"":null,""cached_tokens"":256,""cache_write_tokens"":null,""total_tokens"":264},""cost_usd"":4.19888e-06,""generation_id"":""gen-1786874490-HBmrFPHABDFhpadiWBz1"",""response_cache_status"":""UNKNOWN"",""observed_provider"":""Baidu"",""observed_endpoint"":null,""observed_quantization"":null}],""response_cache_status"":""UNKNOWN"",""raw_action_valid"":true,""action_received"":""QUERY"",""value"":""AAAAAAA"",""action_applied"":""QUERY"",""feedback"":{""exact"":0,""misplaced"":0},""credits_remaining"":9},{""step"":2,""credits_before"":9,""http_attempts"":[{""attempt_number"":1,""started_at"":""2026-08-16T10:05:01.939Z"",""finished_at"":""2026-08-16T10:05:26.048Z"",""duration_ms"":24108,""status_code"":200,""error_category"":null,""error_message"":null,""usage"":{""input_tokens"":291,""output_tokens"":6,""reasoning_tokens"":null,""cached_tokens"":256,""cache_write_tokens"":null,""total_tokens"":297},""cost_usd"":6.32408e-06,""generation_id"":""gen-1786874724-gzwP2oMOEDmxpx77Dmrj"",""response_cache_status"":""UNKNOWN"",""observed_provider"":""Baidu"",""observed_endpoint"":null,""observed_quantization"":null}],""response_cache_status"":""UNKNOWN"",""raw_action_valid"":true,""action_received"":""QUERY"",""value"":""BBBBBBB"",""action_applied"":""QUERY"",""feedback"":{""exact"":2,""misplaced"":0},""credits_remaining"":8},{""step"":3,""credits_before"":8,""http_attempts"":[{""attempt_number"":1,""started_at"":""2026-08-16T10:08:50.828Z"",""finished_at"":""2026-08-16T10:09:14.301Z"",""duration_ms"":23473,""status_code"":200,""error_category"":null,""error_message"":null,""usage"":{""input_tokens"":324,""output_tokens"":6,""reasoning_tokens"":null,""cached_tokens"":256,""cache_write_tokens"":null,""total_tokens"":330},""cost_usd"":8.44928e-06,""generation_id"":""gen-1786874952-qgBgJxzopX0frjQhm42r"",""response_cache_status"":""UNKNOWN"",""observed_provider"":""Baidu"",""observed_endpoint"":null,""observed_quantization"":null}],""response_cache_status"":""UNKNOWN"",""raw_action_valid"":true,""action_received"":""QUERY"",""value"":""CCCCCCC"",""action_applied"":""QUERY"",""feedback"":{""exact"":1,""misplaced"":0},""credits_remaining"":7},{""step"":4,""credits_before"":7,""http_attempts"":[{""attempt_number"":1,""started_at"":""2026-08-16T10:12:38.751Z"",""finished_at"":""2026-08-16T10:13:03.150Z"",""duration_ms"":24399,""status_code"":200,""error_category"":null,""error_message"":null,""usage"":{""input_tokens"":357,""output_tokens"":7,""reasoning_tokens"":null,""cached_tokens"":256,""cache_write_tokens"":null,""total_tokens"":364},""cost_usd"":1.070328e-05,""generation_id"":""gen-1786875181-Ip4QiEoGMwrogJxSk4nt"",""response_cache_status"":""UNKNOWN"",""observed_provider"":""Baidu"",""observed_endpoint"":null,""observed_quantization"":null}],""response_cache_status"":""UNKNOWN"",""raw_action_valid"":true,""action_received"":""QUERY"",""value"":""DDDDDDD"",""action_applied"":""QUERY"",""feedback"":{""exact"":0,""misplaced"":0},""credits_remaining"":6},{""step"":5,""credits_before"":6,""http_attempts"":[{""attempt_number"":1,""started_at"":""2026-08-16T10:16:27.242Z"",""finished_at"":""2026-08-16T10:16:48.475Z"",""duration_ms"":21233,""status_code"":200,""error_category"":null,""error_message"":null,""usage"":{""input_tokens"":391,""output_tokens"":7,""reasoning_tokens"":null,""cached_tokens"":256,""cache_write_tokens"":null,""total_tokens"":398},""cost_usd"":1.289288e-05,""generation_id"":""gen-1786875406-qvPKM1e4O1cuNjnQL7L6"",""response_cache_status"":""UNKNOWN"",""observed_provider"":""Baidu"",""observed_endpoint"":null,""observed_quantization"":null}],""response_cache_status"":""UNKNOWN"",""raw_action_valid"":true,""action_received"":""QUERY"",""value"":""EEEEEEE"",""action_applied"":""QUERY"",""feedback"":{""exact"":1,""misplaced"":0},""credits_remaining"":5},{""step"":6,""credits_before"":5,""http_attempts"":[{""attempt_number"":1,""started_at"":""2026-08-16T10:20:10.211Z"",""finished_at"":""2026-08-16T10:20:34.091Z"",""duration_ms"":23880,""status_code"":200,""error_category"":null,""error_message"":null,""usage"":{""input_tokens"":425,""output_tokens"":27,""reasoning_tokens"":null,""cached_tokens"":256,""cache_write_tokens"":null,""total_tokens"":452},""cost_usd"":1.765848e-05,""generation_id"":""gen-1786875632-IobME1iUu3fhRCJWLooK"",""response_cache_status"":""UNKNOWN"",""observed_provider"":""Baidu"",""observed_endpoint"":null,""observed_quantization"":null}],""response_cache_status"":""UNKNOWN"",""raw_action_valid"":false,""action"":null,""parse_error"":""response must be exactly QUERY <symbols> or SUBMIT <symbols>"",""consecutive_invalid_responses"":1},{""step"":7,""credits_before"":5,""http_attempts"":[{""attempt_number"":1,""started_at"":""2026-08-16T10:23:55.205Z"",""finished_at"":""2026-08-16T10:24:16.339Z"",""duration_ms"":21134,""status_code"":200,""error_category"":null,""error_message"":null,""usage"":{""input_tokens"":485,""output_tokens"":7,""reasoning_tokens"":null,""cached_tokens"":256,""cache_write_tokens"":null,""total_tokens"":492},""cost_usd"":1.894648e-05,""generation_id"":""gen-1786875854-VAhCqR4LXHMmRE6F3Aff"",""response_cache_status"":""UNKNOWN"",""observed_provider"":""Baidu"",""observed_endpoint"":null,""observed_quantization"":null}],""response_cache_status"":""UNKNOWN"",""raw_action_valid"":true,""action_received"":""QUERY"",""value"":""GGGGGGG"",""action_applied"":""QUERY"",""feedback"":{""exact"":0,""misplaced"":0},""credits_remaining"":4},{""step"":8,""credits_before"":4,""http_attempts"":[{""attempt_number"":1,""started_at"":""2026-08-16T10:27:37.702Z"",""finished_at"":""2026-08-16T10:27:58.767Z"",""duration_ms"":21065,""status_code"":200,""error_category"":null,""error_message"":null,""usage"":{""input_tokens"":519,""output_tokens"":7,""reasoning_tokens"":null,""cached_tokens"":256,""cache_write_tokens"":null,""total_tokens"":526},""cost_usd"":2.113608e-05,""generation_id"":""gen-1786876077-RKVz43ELCNcqPoKX3fHl"",""response_cache_status"":""UNKNOWN"",""observed_provider"":""Baidu"",""observed_endpoint"":null,""observed_quantization"":null}],""response_cache_status"":""UNKNOWN"",""raw_action_valid"":true,""action_received"":""QUERY"",""value"":""HHHHHHH"",""action_applied"":""QUERY"",""feedback"":{""exact"":0,""misplaced"":0},""credits_remaining"":3},{""step"":9,""credits_before"":3,""http_attempts"":[{""attempt_number"":1,""started_at"":""2026-08-16T10:31:07.890Z"",""finished_at"":""2026-08-16T10:31:34.263Z"",""duration_ms"":26373,""status_code"":200,""error_category"":null,""error_message"":null,""usage"":{""input_tokens"":553,""output_tokens"":493,""reasoning_tokens"":null,""cached_tokens"":512,""cache_write_tokens"":null,""total_tokens"":1046},""cost_usd"":7.273336e-05,""generation_id"":""gen-1786876290-6UWYGF5gQGULvj4DCEER"",""response_cache_status"":""UNKNOWN"",""observed_provider"":""Baidu"",""observed_endpoint"":null,""observed_quantization"":null}],""response_cache_status"":""UNKNOWN"",""raw_action_valid"":false,""action"":null,""parse_error"":""response must be exactly QUERY <symbols> or SUBMIT <symbols>"",""consecutive_invalid_responses"":1},{""step"":10,""credits_before"":3,""http_attempts"":[{""attempt_number"":1,""started_at"":""2026-08-16T10:34:41.219Z"",""finished_at"":""2026-08-16T10:35:05.159Z"",""duration_ms"":23940,""status_code"":200,""error_category"":null,""error_message"":null,""usage"":{""input_tokens"":1080,""output_tokens"":6,""reasoning_tokens"":null,""cached_tokens"":512,""cache_write_tokens"":null,""total_tokens"":1086},""cost_usd"":4.394656e-05,""generation_id"":""gen-1786876503-8pCdjkbyepUgmGqq4PTt"",""response_cache_status"":""UNKNOWN"",""observed_provider"":""Baidu"",""observed_endpoint"":null,""observed_quantization"":null}],""response_cache_status"":""UNKNOWN"",""raw_action_valid"":true,""action_received"":""QUERY"",""value"":""BBCCCCC"",""action_applied"":""QUERY"",""feedback"":{""exact"":2,""misplaced"":1},""credits_remaining"":2},{""step"":11,""credits_before"":2,""http_attempts"":[{""attempt_number"":1,""started_at"":""2026-08-16T10:38:08.784Z"",""finished_at"":""2026-08-16T10:39:38.062Z"",""duration_ms"":89279,""status_code"":200,""error_category"":null,""error_message"":null,""usage"":{""input_tokens"":1113,""output_tokens"":1710,""reasoning_tokens"":2,""cached_tokens"":1024,""cache_write_tokens"":null,""total_tokens"":2823},""cost_usd"":0.00023916872,""generation_id"":""gen-1786876708-p6dk0UMHIa6UsYIVAJnG"",""response_cache_status"":""UNKNOWN"",""observed_provider"":""Baidu"",""observed_endpoint"":null,""observed_quantization"":null}],""response_cache_status"":""UNKNOWN"",""raw_action_valid"":false,""action"":null,""parse_error"":""response must be exactly QUERY <symbols> or SUBMIT <symbols>"",""consecutive_invalid_responses"":1},{""step"":12,""credits_before"":2,""http_attempts"":[{""attempt_number"":1,""started_at"":""2026-08-16T10:41:29.011Z"",""finished_at"":""2026-08-16T10:41:51.228Z"",""duration_ms"":22217,""status_code"":200,""error_category"":null,""error_message"":null,""usage"":{""input_tokens"":2853,""output_tokens"":7,""reasoning_tokens"":null,""cached_tokens"":1024,""cache_write_tokens"":null,""total_tokens"":2860},""cost_usd"":0.00013187832,""generation_id"":""gen-1786876909-EwGD40aTAdntrTjiXK4n"",""response_cache_status"":""UNKNOWN"",""observed_provider"":""Baidu"",""observed_endpoint"":null,""observed_quantization"":null}],""response_cache_status"":""UNKNOWN"",""raw_action_valid"":true,""action_received"":""QUERY"",""value"":""EBCIIII"",""action_applied"":""QUERY"",""feedback"":{""exact"":3,""misplaced"":2},""credits_remaining"":1},{""step"":13,""credits_before"":1,""http_attempts"":[{""attempt_number"":1,""started_at"":""2026-08-16T10:43:12.510Z"",""finished_at"":""2026-08-16T10:43:48.029Z"",""duration_ms"":35519,""status_code"":200,""error_category"":null,""error_message"":null,""usage"":{""input_tokens"":2887,""output_tokens"":3579,""reasoning_tokens"":null,""cached_tokens"":2048,""cache_write_tokens"":null,""total_tokens"":6466},""cost_usd"":0.00054138504,""generation_id"":""gen-1786877008-J4vZvxvujeXP9y6EpnHM"",""response_cache_status"":""UNKNOWN"",""observed_provider"":""Baidu"",""observed_endpoint"":null,""observed_quantization"":null}],""response_cache_status"":""UNKNOWN"",""raw_action_valid"":false,""action"":null,""parse_error"":""response must be exactly QUERY <symbols> or SUBMIT <symbols>"",""consecutive_invalid_responses"":1},{""step"":14,""credits_before"":1,""http_attempts"":[{""attempt_number"":1,""started_at"":""2026-08-16T10:44:42.026Z"",""finished_at"":""2026-08-16T10:44:57.622Z"",""duration_ms"":15595,""status_code"":200,""error_category"":null,""error_message"":null,""usage"":{""input_tokens"":6500,""output_tokens"":7,""reasoning_tokens"":null,""cached_tokens"":2048,""cache_write_tokens"":null,""total_tokens"":6507},""cost_usd"":0.00031398864,""generation_id"":""gen-1786877096-dAfZ4PPCr8z4KxlRGKdH"",""response_cache_status"":""UNKNOWN"",""observed_provider"":""Baidu"",""observed_endpoint"":null,""observed_quantization"":null}],""response_cache_status"":""UNKNOWN"",""raw_action_valid"":true,""action_received"":""QUERY"",""value"":""BECBIII"",""action_applied"":""QUERY"",""feedback"":{""exact"":1,""misplaced"":5},""credits_remaining"":0},{""step"":15,""credits_before"":0,""http_attempts"":[{""attempt_number"":1,""started_at"":""2026-08-16T10:45:40.853Z"",""finished_at"":""2026-08-16T10:46:34.176Z"",""duration_ms"":53323,""status_code"":200,""error_category"":null,""error_message"":null,""usage"":{""input_tokens"":6534,""output_tokens"":8192,""reasoning_tokens"":null,""cached_tokens"":6144,""cache_write_tokens"":null,""total_tokens"":14726},""cost_usd"":0.00115938032,""generation_id"":""gen-1786877156-aMDHEL2qQx1PxpQIAaPc"",""response_cache_status"":""UNKNOWN"",""observed_provider"":""Baidu"",""observed_endpoint"":null,""observed_quantization"":null}],""response_cache_status"":""UNKNOWN"",""raw_action_valid"":false,""action"":null,""parse_error"":""response must be exactly QUERY <symbols> or SUBMIT <symbols>"",""consecutive_invalid_responses"":1},{""step"":16,""credits_before"":0,""http_attempts"":[{""attempt_number"":1,""started_at"":""2026-08-16T10:46:57.920Z"",""finished_at"":""2026-08-16T10:47:15.661Z"",""duration_ms"":17741,""status_code"":200,""error_category"":null,""error_message"":null,""usage"":{""input_tokens"":14761,""output_tokens"":382,""reasoning_tokens"":null,""cached_tokens"":6144,""cache_write_tokens"":null,""total_tokens"":15143},""cost_usd"":0.00068327112,""generation_id"":""gen-1786877231-dx6DpCC76ZnJgbEYmstu"",""response_cache_status"":""UNKNOWN"",""observed_provider"":""Baidu"",""observed_endpoint"":null,""observed_quantization"":null}],""response_cache_status"":""UNKNOWN"",""raw_action_valid"":false,""action"":null,""parse_error"":""response must be exactly QUERY <symbols> or SUBMIT <symbols>"",""consecutive_invalid_responses"":2},{""step"":17,""credits_before"":0,""http_attempts"":[{""attempt_number"":1,""started_at"":""2026-08-16T10:47:34.120Z"",""finished_at"":""2026-08-16T10:47:56.583Z"",""duration_ms"":22463,""status_code"":200,""error_category"":null,""error_message"":null,""usage"":{""input_tokens"":15177,""output_tokens"":9,""reasoning_tokens"":null,""cached_tokens"":14336,""cache_write_tokens"":null,""total_tokens"":15186},""cost_usd"":0.00023996728,""generation_id"":""gen-1786877273-if6K1PZ13fqtrvx7DKys"",""response_cache_status"":""UNKNOWN"",""observed_provider"":""Baidu"",""observed_endpoint"":null,""observed_quantization"":null}],""response_cache_status"":""UNKNOWN"",""raw_action_valid"":true,""action_received"":""SUBMIT"",""value"":""BECJIIB"",""action_applied"":""SUBMIT"",""coerced_at_zero_credits"":false,""credits_remaining"":0}]"
c0b17d8d-f2ac-42bd-a7b2-fe3c22ff9480,c0b17d8d-f2ac-42bd-a7b2-fe3c22ff9480,1,,8,deepseek,deepseek-v4-flash-0731,deepseek/deepseek-v4-flash-0731,baidu,Baidu,baidu/fp8,,,,B,same_model_instance,2026-08-16T09:59:24.892Z,2026-08-16T10:47:58.879Z,2913987,3d3baa6feb49226c87c6bc0788fe1936,3dc8fb8874632fdc,HGABAEA,7,10,10,7,3,ACDBAEA,4,0.5714285714285714,false,partial,18,18,0,10,206527,26227,2,175616,,232754,0.007630640080000001,true,true,false,beac9c73922a2ffe8812688677869d60b795a42f7917e7d966869980810162d3,"{""max_tokens"":8192,""temperature"":null,""top_p"":null,""top_k"":null,""min_p"":null,""seed"":null,""reasoning"":{""enabled"":false,""effort"":null,""max_tokens"":null,""exclude"":true},""thinking"":null}","{""endpoint_slug"":""baidu/fp8"",""quantizations"":null,""allow_fallbacks"":false,""require_parameters"":true}",completed,true,[],,,response must be exactly QUERY <symbols> or SUBMIT <symbols>,"[{""step"":1,""credits_before"":10,""http_attempts"":[{""attempt_number"":1,""started_at"":""2026-08-16T09:59:24.893Z"",""finished_at"":""2026-08-16T09:59:43.462Z"",""duration_ms"":18570,""status_code"":200,""error_category"":null,""error_message"":null,""usage"":{""input_tokens"":263,""output_tokens"":1072,""reasoning_tokens"":null,""cached_tokens"":256,""cache_write_tokens"":null,""total_tokens"":1335},""cost_usd"":0.00014182168,""generation_id"":""gen-1786874376-awSSr3lFNTq995Xt8mHg"",""response_cache_status"":""UNKNOWN"",""observed_provider"":""Baidu"",""observed_endpoint"":null,""observed_quantization"":null}],""response_cache_status"":""UNKNOWN"",""raw_action_valid"":false,""action"":null,""parse_error"":""response must be exactly QUERY <symbols> or SUBMIT <symbols>"",""consecutive_invalid_responses"":1},{""step"":2,""credits_before"":10,""http_attempts"":[{""attempt_number"":1,""started_at"":""2026-08-16T10:03:10.687Z"",""finished_at"":""2026-08-16T10:03:34.972Z"",""duration_ms"":24284,""status_code"":200,""error_category"":null,""error_message"":null,""usage"":{""input_tokens"":1369,""output_tokens"":6,""reasoning_tokens"":null,""cached_tokens"":256,""cache_write_tokens"":null,""total_tokens"":1375},""cost_usd"":7.574728e-05,""generation_id"":""gen-1786874613-OfeHbDt7965j14etjuJg"",""response_cache_status"":""UNKNOWN"",""observed_provider"":""Baidu"",""observed_endpoint"":null,""observed_quantization"":null}],""response_cache_status"":""UNKNOWN"",""raw_action_valid"":true,""action_received"":""QUERY"",""value"":""AAAAAAA"",""action_applied"":""QUERY"",""feedback"":{""exact"":3,""misplaced"":0},""credits_remaining"":9},{""step"":3,""credits_before"":9,""http_attempts"":[{""attempt_number"":1,""started_at"":""2026-08-16T10:06:59.060Z"",""finished_at"":""2026-08-16T10:07:34.844Z"",""duration_ms"":35784,""status_code"":200,""error_category"":null,""error_message"":null,""usage"":{""input_tokens"":1402,""output_tokens"":2346,""reasoning_tokens"":null,""cached_tokens"":1024,""cache_write_tokens"":null,""total_tokens"":3748},""cost_usd"":0.00033969712,""generation_id"":""gen-1786874841-GgATv4x63VzM8UPmpnAK"",""response_cache_status"":""UNKNOWN"",""observed_provider"":""Baidu"",""observed_endpoint"":null,""observed_quantization"":null}],""response_cache_status"":""UNKNOWN"",""raw_action_valid"":false,""action"":null,""parse_error"":""response must be exactly QUERY <symbols> or SUBMIT <symbols>"",""consecutive_invalid_responses"":1},{""step"":4,""credits_before"":9,""http_attempts"":[{""attempt_number"":1,""started_at"":""2026-08-16T10:10:53.618Z"",""finished_at"":""2026-08-16T10:11:17.605Z"",""duration_ms"":23987,""status_code"":200,""error_category"":null,""error_message"":null,""usage"":{""input_tokens"":3782,""output_tokens"":6,""reasoning_tokens"":null,""cached_tokens"":1024,""cache_write_tokens"":null,""total_tokens"":3788},""cost_usd"":0.00019157712,""generation_id"":""gen-1786875076-P54xHzWQx1PcJ8p7YGy4"",""response_cache_status"":""UNKNOWN"",""observed_provider"":""Baidu"",""observed_endpoint"":null,""observed_quantization"":null}],""response_cache_status"":""UNKNOWN"",""raw_action_valid"":true,""action_received"":""QUERY"",""value"":""AAAABBB"",""action_applied"":""QUERY"",""feedback"":{""exact"":1,""misplaced"":3},""credits_remaining"":8},{""step"":5,""credits_before"":8,""http_attempts"":[{""attempt_number"":1,""started_at"":""2026-08-16T10:14:39.323Z"",""finished_at"":""2026-08-16T10:15:09.562Z"",""duration_ms"":30240,""status_code"":200,""error_category"":null,""error_message"":null,""usage"":{""input_tokens"":3815,""output_tokens"":1386,""reasoning_tokens"":2,""cached_tokens"":3072,""cache_write_tokens"":null,""total_tokens"":5201},""cost_usd"":0.00026593336,""generation_id"":""gen-1786875301-vGCAcdyqj3zYg0Pc1qFV"",""response_cache_status"":""UNKNOWN"",""observed_provider"":""Baidu"",""observed_endpoint"":null,""observed_quantization"":null}],""response_cache_status"":""UNKNOWN"",""raw_action_valid"":false,""action"":null,""parse_error"":""response must be exactly QUERY <symbols> or SUBMIT <symbols>"",""consecutive_invalid_responses"":1},{""step"":6,""credits_before"":8,""http_attempts"":[{""attempt_number"":1,""started_at"":""2026-08-16T10:18:27.668Z"",""finished_at"":""2026-08-16T10:18:51.717Z"",""duration_ms"":24049,""status_code"":200,""error_category"":null,""error_message"":null,""usage"":{""input_tokens"":5232,""output_tokens"":7,""reasoning_tokens"":null,""cached_tokens"":3072,""cache_write_tokens"":null,""total_tokens"":5239},""cost_usd"":0.00017957296,""generation_id"":""gen-1786875530-CSrSaNI8MD54nGk9Mhtb"",""response_cache_status"":""UNKNOWN"",""observed_provider"":""Baidu"",""observed_endpoint"":null,""observed_quantization"":null}],""response_cache_status"":""UNKNOWN"",""raw_action_valid"":true,""action_received"":""QUERY"",""value"":""AABBBBB"",""action_applied"":""QUERY"",""feedback"":{""exact"":1,""misplaced"":2},""credits_remaining"":7},{""step"":7,""credits_before"":7,""http_attempts"":[{""attempt_number"":1,""started_at"":""2026-08-16T10:22:13.664Z"",""finished_at"":""2026-08-16T10:22:43.225Z"",""duration_ms"":29562,""status_code"":200,""error_category"":null,""error_message"":null,""usage"":{""input_tokens"":5266,""output_tokens"":1993,""reasoning_tokens"":null,""cached_tokens"":5120,""cache_write_tokens"":null,""total_tokens"":7259},""cost_usd"":0.0003320464,""generation_id"":""gen-1786875752-TvbdJvwk2fTYZnushAZk"",""response_cache_status"":""UNKNOWN"",""observed_provider"":""Baidu"",""observed_endpoint"":null,""observed_quantization"":null}],""response_cache_status"":""UNKNOWN"",""raw_action_valid"":false,""action"":null,""parse_error"":""response must be exactly QUERY <symbols> or SUBMIT <symbols>"",""consecutive_invalid_responses"":1},{""step"":8,""credits_before"":7,""http_attempts"":[{""attempt_number"":1,""started_at"":""2026-08-16T10:26:00.360Z"",""finished_at"":""2026-08-16T10:26:19.619Z"",""duration_ms"":19258,""status_code"":200,""error_category"":null,""error_message"":null,""usage"":{""input_tokens"":7293,""output_tokens"":6,""reasoning_tokens"":null,""cached_tokens"":5120,""cache_write_tokens"":null,""total_tokens"":7299},""cost_usd"":0.0002066596,""generation_id"":""gen-1786875978-TzF02s6PhtbiNpxyNIcg"",""response_cache_status"":""UNKNOWN"",""observed_provider"":""Baidu"",""observed_endpoint"":null,""observed_quantization"":null}],""response_cache_status"":""UNKNOWN"",""raw_action_valid"":true,""action_received"":""QUERY"",""value"":""BBABAAB"",""action_applied"":""QUERY"",""feedback"":{""exact"":3,""misplaced"":1},""credits_remaining"":6},{""step"":9,""credits_before"":6,""http_attempts"":[{""attempt_number"":1,""started_at"":""2026-08-16T10:29:32.077Z"",""finished_at"":""2026-08-16T10:30:28.961Z"",""duration_ms"":56884,""status_code"":200,""error_category"":null,""error_message"":null,""usage"":{""input_tokens"":7326,""output_tokens"":8192,""reasoning_tokens"":null,""cached_tokens"":7168,""cache_write_tokens"":null,""total_tokens"":15518},""cost_usd"":0.00115762864,""generation_id"":""gen-1786876191-qLVgC25R3rEhl3C3SsQP"",""response_cache_status"":""UNKNOWN"",""observed_provider"":""Baidu"",""observed_endpoint"":null,""observed_quantization"":null}],""response_cache_status"":""UNKNOWN"",""raw_action_valid"":false,""action"":null,""parse_error"":""response must be exactly QUERY <symbols> or SUBMIT <symbols>"",""consecutive_invalid_responses"":1},{""step"":10,""credits_before"":6,""http_attempts"":[{""attempt_number"":1,""started_at"":""2026-08-16T10:33:38.874Z"",""finished_at"":""2026-08-16T10:34:02.683Z"",""duration_ms"":23810,""status_code"":200,""error_category"":null,""error_message"":null,""usage"":{""input_tokens"":15553,""output_tokens"":111,""reasoning_tokens"":null,""cached_tokens"":7168,""cache_write_tokens"":null,""total_tokens"":15664},""cost_usd"":0.00064661464,""generation_id"":""gen-1786876440-VAZPty3bp9ypvXc1GCTS"",""response_cache_status"":""UNKNOWN"",""observed_provider"":""Baidu"",""observed_endpoint"":null,""observed_quantization"":null}],""response_cache_status"":""UNKNOWN"",""raw_action_valid"":false,""action"":null,""parse_error"":""response must be exactly QUERY <symbols> or SUBMIT <symbols>"",""consecutive_invalid_responses"":2},{""step"":11,""credits_before"":6,""http_attempts"":[{""attempt_number"":1,""started_at"":""2026-08-16T10:37:05.961Z"",""finished_at"":""2026-08-16T10:37:26.712Z"",""duration_ms"":20751,""status_code"":200,""error_category"":null,""error_message"":null,""usage"":{""input_tokens"":15698,""output_tokens"":6,""reasoning_tokens"":null,""cached_tokens"":15360,""cache_write_tokens"":null,""total_tokens"":15704},""cost_usd"":0.0002203768,""generation_id"":""gen-1786876645-q0mzj5Lo4UDKFPfI3KfI"",""response_cache_status"":""UNKNOWN"",""observed_provider"":""Baidu"",""observed_endpoint"":null,""observed_quantization"":null}],""response_cache_status"":""UNKNOWN"",""raw_action_valid"":true,""action_received"":""QUERY"",""value"":""ABBBBBB"",""action_applied"":""QUERY"",""feedback"":{""exact"":1,""misplaced"":1},""credits_remaining"":5},{""step"":12,""credits_before"":5,""http_attempts"":[{""attempt_number"":1,""started_at"":""2026-08-16T10:40:12.112Z"",""finished_at"":""2026-08-16T10:40:33.863Z"",""duration_ms"":21751,""status_code"":200,""error_category"":null,""error_message"":null,""usage"":{""input_tokens"":15731,""output_tokens"":740,""reasoning_tokens"":null,""cached_tokens"":15360,""cache_write_tokens"":null,""total_tokens"":16471},""cost_usd"":0.0003170412,""generation_id"":""gen-1786876828-DP8EhRoHZC8gL1xOn2MM"",""response_cache_status"":""UNKNOWN"",""observed_provider"":""Baidu"",""observed_endpoint"":null,""observed_quantization"":null}],""response_cache_status"":""UNKNOWN"",""raw_action_valid"":false,""action"":null,""parse_error"":""response must be exactly QUERY <symbols> or SUBMIT <symbols>"",""consecutive_invalid_responses"":1},{""step"":13,""credits_before"":5,""http_attempts"":[{""attempt_number"":1,""started_at"":""2026-08-16T10:42:15.505Z"",""finished_at"":""2026-08-16T10:42:36.253Z"",""duration_ms"":20749,""status_code"":200,""error_category"":null,""error_message"":null,""usage"":{""input_tokens"":16505,""output_tokens"":6,""reasoning_tokens"":null,""cached_tokens"":15360,""cache_write_tokens"":null,""total_tokens"":16511},""cost_usd"":0.0002723476,""generation_id"":""gen-1786876954-pJCVeqbF6r1a2CNA4U4c"",""response_cache_status"":""UNKNOWN"",""observed_provider"":""Baidu"",""observed_endpoint"":null,""observed_quantization"":null}],""response_cache_status"":""UNKNOWN"",""raw_action_valid"":true,""action_received"":""QUERY"",""value"":""ABABBBB"",""action_applied"":""QUERY"",""feedback"":{""exact"":2,""misplaced"":1},""credits_remaining"":4},{""step"":14,""credits_before"":4,""http_attempts"":[{""attempt_number"":1,""started_at"":""2026-08-16T10:43:36.534Z"",""finished_at"":""2026-08-16T10:44:05.912Z"",""duration_ms"":29378,""status_code"":200,""error_category"":null,""error_message"":null,""usage"":{""input_tokens"":16538,""output_tokens"":1911,""reasoning_tokens"":null,""cached_tokens"":16384,""cache_write_tokens"":null,""total_tokens"":18449},""cost_usd"":0.00046708032,""generation_id"":""gen-1786877035-rRlPwnCxn382tGK1qUB9"",""response_cache_status"":""UNKNOWN"",""observed_provider"":""Baidu"",""observed_endpoint"":null,""observed_quantization"":null}],""response_cache_status"":""UNKNOWN"",""raw_action_valid"":false,""action"":null,""parse_error"":""response must be exactly QUERY <symbols> or SUBMIT <symbols>"",""consecutive_invalid_responses"":1},{""step"":15,""credits_before"":4,""http_attempts"":[{""attempt_number"":1,""started_at"":""2026-08-16T10:44:48.868Z"",""finished_at"":""2026-08-16T10:45:09.662Z"",""duration_ms"":20794,""status_code"":200,""error_category"":null,""error_message"":null,""usage"":{""input_tokens"":18483,""output_tokens"":7,""reasoning_tokens"":null,""cached_tokens"":16384,""cache_write_tokens"":null,""total_tokens"":18490},""cost_usd"":0.00034710312,""generation_id"":""gen-1786877108-RXuiBZjB3kzbZv6DVNWI"",""response_cache_status"":""UNKNOWN"",""observed_provider"":""Baidu"",""observed_endpoint"":null,""observed_quantization"":null}],""response_cache_status"":""UNKNOWN"",""raw_action_valid"":true,""action_received"":""QUERY"",""value"":""ACDBAAC"",""action_applied"":""QUERY"",""feedback"":{""exact"":2,""misplaced"":2},""credits_remaining"":3},{""step"":16,""credits_before"":3,""http_attempts"":[{""attempt_number"":1,""started_at"":""2026-08-16T10:45:51.918Z"",""finished_at"":""2026-08-16T10:46:42.316Z"",""duration_ms"":50397,""status_code"":200,""error_category"":null,""error_message"":null,""usage"":{""input_tokens"":18517,""output_tokens"":8192,""reasoning_tokens"":null,""cached_tokens"":18432,""cache_write_tokens"":null,""total_tokens"":26709},""cost_usd"":0.00129800776,""generation_id"":""gen-1786877165-wZz2g3mrXSTHWXOcqhHI"",""response_cache_status"":""UNKNOWN"",""observed_provider"":""Baidu"",""observed_endpoint"":null,""observed_quantization"":null}],""response_cache_status"":""UNKNOWN"",""raw_action_valid"":false,""action"":null,""parse_error"":""response must be exactly QUERY <symbols> or SUBMIT <symbols>"",""consecutive_invalid_responses"":1},{""step"":17,""credits_before"":3,""http_attempts"":[{""attempt_number"":1,""started_at"":""2026-08-16T10:47:03.115Z"",""finished_at"":""2026-08-16T10:47:20.253Z"",""duration_ms"":17138,""status_code"":200,""error_category"":null,""error_message"":null,""usage"":{""input_tokens"":26744,""output_tokens"":232,""reasoning_tokens"":null,""cached_tokens"":18432,""cache_write_tokens"":null,""total_tokens"":26976},""cost_usd"":0.00080257856,""generation_id"":""gen-1786877237-CjtziUGheCkXlHeQJiGa"",""response_cache_status"":""UNKNOWN"",""observed_provider"":""Baidu"",""observed_endpoint"":null,""observed_quantization"":null}],""response_cache_status"":""UNKNOWN"",""raw_action_valid"":false,""action"":null,""parse_error"":""response must be exactly QUERY <symbols> or SUBMIT <symbols>"",""consecutive_invalid_responses"":2},{""step"":18,""credits_before"":3,""http_attempts"":[{""attempt_number"":1,""started_at"":""2026-08-16T10:47:42.179Z"",""finished_at"":""2026-08-16T10:47:58.878Z"",""duration_ms"":16699,""status_code"":200,""error_category"":null,""error_message"":null,""usage"":{""input_tokens"":27010,""output_tokens"":8,""reasoning_tokens"":null,""cached_tokens"":26624,""cache_write_tokens"":null,""total_tokens"":27018},""cost_usd"":0.00036880592,""generation_id"":""gen-1786877276-ENa0a4FQqicW4veaQoC7"",""response_cache_status"":""UNKNOWN"",""observed_provider"":""Baidu"",""observed_endpoint"":null,""observed_quantization"":null}],""response_cache_status"":""UNKNOWN"",""raw_action_valid"":true,""action_received"":""SUBMIT"",""value"":""ACDBAEA"",""action_applied"":""SUBMIT"",""coerced_at_zero_credits"":false,""credits_remaining"":3}]"
9399b074-d2aa-4372-a9d7-1af2fc85b5df,9399b074-d2aa-4372-a9d7-1af2fc85b5df,1,,15,deepseek,deepseek-v4-flash-0731,deepseek/deepseek-v4-flash-0731,baidu,Baidu,baidu/fp8,,,,B,same_model_instance,2026-08-16T09:59:32.029Z,2026-08-16T10:48:13.253Z,2921224,3d3baa6feb49226c87c6bc0788fe1936,d60f1494e191bf6d,GFDEEHJ,7,10,10,10,0,DEEFGHJ,2,0.2857142857142857,false,partial,19,19,0,8,47944,5495,,34304,,53439,0.00202800752,true,true,false,beac9c73922a2ffe8812688677869d60b795a42f7917e7d966869980810162d3,"{""max_tokens"":8192,""temperature"":null,""top_p"":null,""top_k"":null,""min_p"":null,""seed"":null,""reasoning"":{""enabled"":false,""effort"":null,""max_tokens"":null,""exclude"":true},""thinking"":null}","{""endpoint_slug"":""baidu/fp8"",""quantizations"":null,""allow_fallbacks"":false,""require_parameters"":true}",completed,true,[],,,response must be exactly QUERY <symbols> or SUBMIT <symbols>,"[{""step"":1,""credits_before"":10,""http_attempts"":[{""attempt_number"":1,""started_at"":""2026-08-16T09:59:32.029Z"",""finished_at"":""2026-08-16T10:00:03.862Z"",""duration_ms"":31833,""status_code"":200,""error_category"":null,""error_message"":null,""usage"":{""input_tokens"":263,""output_tokens"":1510,""reasoning_tokens"":null,""cached_tokens"":256,""cache_write_tokens"":null,""total_tokens"":1773},""cost_usd"":0.00019823608,""generation_id"":""gen-1786874394-TqjObO69DVlAjFp4RXd9"",""response_cache_status"":""UNKNOWN"",""observed_provider"":""Baidu"",""observed_endpoint"":null,""observed_quantization"":null}],""response_cache_status"":""UNKNOWN"",""raw_action_valid"":false,""action"":null,""parse_error"":""response must be exactly QUERY <symbols> or SUBMIT <symbols>"",""consecutive_invalid_responses"":1},{""step"":2,""credits_before"":10,""http_attempts"":[{""attempt_number"":1,""started_at"":""2026-08-16T10:03:34.972Z"",""finished_at"":""2026-08-16T10:03:58.819Z"",""duration_ms"":23847,""status_code"":200,""error_category"":null,""error_message"":null,""usage"":{""input_tokens"":1806,""output_tokens"":6,""reasoning_tokens"":null,""cached_tokens"":256,""cache_write_tokens"":null,""total_tokens"":1812},""cost_usd"":0.00010389008,""generation_id"":""gen-1786874637-mVGqTULagcOoGJZQg15t"",""response_cache_status"":""UNKNOWN"",""observed_provider"":""Baidu"",""observed_endpoint"":null,""observed_quantization"":null}],""response_cache_status"":""UNKNOWN"",""raw_action_valid"":true,""action_received"":""QUERY"",""value"":""AAAAAAA"",""action_applied"":""QUERY"",""feedback"":{""exact"":0,""misplaced"":0},""credits_remaining"":9},{""step"":3,""credits_before"":9,""http_attempts"":[{""attempt_number"":1,""started_at"":""2026-08-16T10:07:27.029Z"",""finished_at"":""2026-08-16T10:07:47.673Z"",""duration_ms"":20644,""status_code"":200,""error_category"":null,""error_message"":null,""usage"":{""input_tokens"":1839,""output_tokens"":6,""reasoning_tokens"":null,""cached_tokens"":1024,""cache_write_tokens"":null,""total_tokens"":1845},""cost_usd"":6.644792e-05,""generation_id"":""gen-1786874865-6KvrK0oJrm2oyfFqhVWJ"",""response_cache_status"":""UNKNOWN"",""observed_provider"":""Baidu"",""observed_endpoint"":null,""observed_quantization"":null}],""response_cache_status"":""UNKNOWN"",""raw_action_valid"":true,""action_received"":""QUERY"",""value"":""BBBBBBB"",""action_applied"":""QUERY"",""feedback"":{""exact"":0,""misplaced"":0},""credits_remaining"":8},{""step"":4,""credits_before"":8,""http_attempts"":[{""attempt_number"":1,""started_at"":""2026-08-16T10:11:11.751Z"",""finished_at"":""2026-08-16T10:11:35.987Z"",""duration_ms"":24236,""status_code"":200,""error_category"":null,""error_message"":null,""usage"":{""input_tokens"":1872,""output_tokens"":6,""reasoning_tokens"":null,""cached_tokens"":1024,""cache_write_tokens"":null,""total_tokens"":1878},""cost_usd"":6.857312e-05,""generation_id"":""gen-1786875094-WsMfStSmma8mIJ6G8JFt"",""response_cache_status"":""UNKNOWN"",""observed_provider"":""Baidu"",""observed_endpoint"":null,""observed_quantization"":null}],""response_cache_status"":""UNKNOWN"",""raw_action_valid"":true,""action_received"":""QUERY"",""value"":""CCCCCCC"",""action_applied"":""QUERY"",""feedback"":{""exact"":0,""misplaced"":0},""credits_remaining"":7},{""step"":5,""credits_before"":7,""http_attempts"":[{""attempt_number"":1,""started_at"":""2026-08-16T10:14:57.139Z"",""finished_at"":""2026-08-16T10:15:21.230Z"",""duration_ms"":24090,""status_code"":200,""error_category"":null,""error_message"":null,""usage"":{""input_tokens"":1905,""output_tokens"":7,""reasoning_tokens"":null,""cached_tokens"":1024,""cache_write_tokens"":null,""total_tokens"":1912},""cost_usd"":7.082712e-05,""generation_id"":""gen-1786875319-xsGfPur44M3wY3oGR4qU"",""response_cache_status"":""UNKNOWN"",""observed_provider"":""Baidu"",""observed_endpoint"":null,""observed_quantization"":null}],""response_cache_status"":""UNKNOWN"",""raw_action_valid"":true,""action_received"":""QUERY"",""value"":""DDDDDDD"",""action_applied"":""QUERY"",""feedback"":{""exact"":1,""misplaced"":0},""credits_remaining"":6},{""step"":6,""credits_before"":6,""http_attempts"":[{""attempt_number"":1,""started_at"":""2026-08-16T10:18:43.127Z"",""finished_at"":""2026-08-16T10:19:06.973Z"",""duration_ms"":23847,""status_code"":200,""error_category"":null,""error_message"":null,""usage"":{""input_tokens"":1939,""output_tokens"":80,""reasoning_tokens"":null,""cached_tokens"":1024,""cache_write_tokens"":null,""total_tokens"":2019},""cost_usd"":8.241912e-05,""generation_id"":""gen-1786875545-3R2FJjtwD82dLjacdnRF"",""response_cache_status"":""UNKNOWN"",""observed_provider"":""Baidu"",""observed_endpoint"":null,""observed_quantization"":null}],""response_cache_status"":""UNKNOWN"",""raw_action_valid"":false,""action"":null,""parse_error"":""response must be exactly QUERY <symbols> or SUBMIT <symbols>"",""consecutive_invalid_responses"":1},{""step"":7,""credits_before"":6,""http_attempts"":[{""attempt_number"":1,""started_at"":""2026-08-16T10:22:25.535Z"",""finished_at"":""2026-08-16T10:22:46.139Z"",""duration_ms"":20604,""status_code"":200,""error_category"":null,""error_message"":null,""usage"":{""input_tokens"":2053,""output_tokens"":7,""reasoning_tokens"":null,""cached_tokens"":1024,""cache_write_tokens"":null,""total_tokens"":2060},""cost_usd"":8.035832e-05,""generation_id"":""gen-1786875764-Xy7My6GdkoKytNjf2KB9"",""response_cache_status"":""UNKNOWN"",""observed_provider"":""Baidu"",""observed_endpoint"":null,""observed_quantization"":null}],""response_cache_status"":""UNKNOWN"",""raw_action_valid"":true,""action_received"":""QUERY"",""value"":""EEEEEEE"",""action_applied"":""QUERY"",""feedback"":{""exact"":2,""misplaced"":0},""credits_remaining"":5},{""step"":8,""credits_before"":5,""http_attempts"":[{""attempt_number"":1,""started_at"":""2026-08-16T10:26:08.312Z"",""finished_at"":""2026-08-16T10:26:25.745Z"",""duration_ms"":17433,""status_code"":200,""error_category"":null,""error_message"":null,""usage"":{""input_tokens"":2087,""output_tokens"":67,""reasoning_tokens"":null,""cached_tokens"":2048,""cache_write_tokens"":null,""total_tokens"":2154},""cost_usd"":3.751944e-05,""generation_id"":""gen-1786875984-kVbfGWK5lpKbfUioE6er"",""response_cache_status"":""UNKNOWN"",""observed_provider"":""Baidu"",""observed_endpoint"":null,""observed_quantization"":null}],""response_cache_status"":""UNKNOWN"",""raw_action_valid"":false,""action"":null,""parse_error"":""response must be exactly QUERY <symbols> or SUBMIT <symbols>"",""consecutive_invalid_responses"":1},{""step"":9,""credits_before"":5,""http_attempts"":[{""attempt_number"":1,""started_at"":""2026-08-16T10:29:40.749Z"",""finished_at"":""2026-08-16T10:29:58.854Z"",""duration_ms"":18105,""status_code"":200,""error_category"":null,""error_message"":null,""usage"":{""input_tokens"":2188,""output_tokens"":5,""reasoning_tokens"":null,""cached_tokens"":2048,""cache_write_tokens"":null,""total_tokens"":2193},""cost_usd"":3.603824e-05,""generation_id"":""gen-1786876197-wvbqSOpEUxaDV87a9qZF"",""response_cache_status"":""UNKNOWN"",""observed_provider"":""Baidu"",""observed_endpoint"":null,""observed_quantization"":null}],""response_cache_status"":""UNKNOWN"",""raw_action_valid"":true,""action_received"":""QUERY"",""value"":""FFFFFFF"",""action_applied"":""QUERY"",""feedback"":{""exact"":1,""misplaced"":0},""credits_remaining"":4},{""step"":10,""credits_before"":4,""http_attempts"":[{""attempt_number"":1,""started_at"":""2026-08-16T10:33:09.760Z"",""finished_at"":""2026-08-16T10:33:32.517Z"",""duration_ms"":22756,""status_code"":200,""error_category"":null,""error_message"":null,""usage"":{""input_tokens"":2220,""output_tokens"":75,""reasoning_tokens"":null,""cached_tokens"":2048,""cache_write_tokens"":null,""total_tokens"":2295},""cost_usd"":4.711504e-05,""generation_id"":""gen-1786876410-kug2WJ593AZ19aV5KNid"",""response_cache_status"":""UNKNOWN"",""observed_provider"":""Baidu"",""observed_endpoint"":null,""observed_quantization"":null}],""response_cache_status"":""UNKNOWN"",""raw_action_valid"":false,""action"":null,""parse_error"":""response must be exactly QUERY <symbols> or SUBMIT <symbols>"",""consecutive_invalid_responses"":1},{""step"":11,""credits_before"":4,""http_attempts"":[{""attempt_number"":1,""started_at"":""2026-08-16T10:36:38.625Z"",""finished_at"":""2026-08-16T10:37:02.615Z"",""duration_ms"":23989,""status_code"":200,""error_category"":null,""error_message"":null,""usage"":{""input_tokens"":2329,""output_tokens"":7,""reasoning_tokens"":null,""cached_tokens"":2048,""cache_write_tokens"":null,""total_tokens"":2336},""cost_usd"":4.537624e-05,""generation_id"":""gen-1786876621-mRatN5jKLQpHcV4B7SkQ"",""response_cache_status"":""UNKNOWN"",""observed_provider"":""Baidu"",""observed_endpoint"":null,""observed_quantization"":null}],""response_cache_status"":""UNKNOWN"",""raw_action_valid"":true,""action_received"":""QUERY"",""value"":""GGGGGGG"",""action_applied"":""QUERY"",""feedback"":{""exact"":1,""misplaced"":0},""credits_remaining"":3},{""step"":12,""credits_before"":3,""http_attempts"":[{""attempt_number"":1,""started_at"":""2026-08-16T10:39:53.868Z"",""finished_at"":""2026-08-16T10:40:15.357Z"",""duration_ms"":21489,""status_code"":200,""error_category"":null,""error_message"":null,""usage"":{""input_tokens"":2363,""output_tokens"":79,""reasoning_tokens"":null,""cached_tokens"":2048,""cache_write_tokens"":null,""total_tokens"":2442},""cost_usd"":5.683944e-05,""generation_id"":""gen-1786876813-S7V96WLtqqPDJCHYGTpg"",""response_cache_status"":""UNKNOWN"",""observed_provider"":""Baidu"",""observed_endpoint"":null,""observed_quantization"":null}],""response_cache_status"":""UNKNOWN"",""raw_action_valid"":false,""action"":null,""parse_error"":""response must be exactly QUERY <symbols> or SUBMIT <symbols>"",""consecutive_invalid_responses"":1},{""step"":13,""credits_before"":3,""http_attempts"":[{""attempt_number"":1,""started_at"":""2026-08-16T10:41:54.203Z"",""finished_at"":""2026-08-16T10:42:18.011Z"",""duration_ms"":23808,""status_code"":200,""error_category"":null,""error_message"":null,""usage"":{""input_tokens"":2476,""output_tokens"":7,""reasoning_tokens"":null,""cached_tokens"":2048,""cache_write_tokens"":null,""total_tokens"":2483},""cost_usd"":5.484304e-05,""generation_id"":""gen-1786876936-g05Eyh9tZ8QeY65GHiua"",""response_cache_status"":""UNKNOWN"",""observed_provider"":""Baidu"",""observed_endpoint"":null,""observed_quantization"":null}],""response_cache_status"":""UNKNOWN"",""raw_action_valid"":true,""action_received"":""QUERY"",""value"":""HHHHHHH"",""action_applied"":""QUERY"",""feedback"":{""exact"":1,""misplaced"":0},""credits_remaining"":2},{""step"":14,""credits_before"":2,""http_attempts"":[{""attempt_number"":1,""started_at"":""2026-08-16T10:43:31.890Z"",""finished_at"":""2026-08-16T10:43:51.472Z"",""duration_ms"":19582,""status_code"":200,""error_category"":null,""error_message"":null,""usage"":{""input_tokens"":2510,""output_tokens"":654,""reasoning_tokens"":null,""cached_tokens"":2048,""cache_write_tokens"":null,""total_tokens"":3164},""cost_usd"":0.00014036624,""generation_id"":""gen-1786877026-ZOCR7MfKxiVkhcQLFq2n"",""response_cache_status"":""UNKNOWN"",""observed_provider"":""Baidu"",""observed_endpoint"":null,""observed_quantization"":null}],""response_cache_status"":""UNKNOWN"",""raw_action_valid"":false,""action"":null,""parse_error"":""response must be exactly QUERY <symbols> or SUBMIT <symbols>"",""consecutive_invalid_responses"":1},{""step"":15,""credits_before"":2,""http_attempts"":[{""attempt_number"":1,""started_at"":""2026-08-16T10:44:43.104Z"",""finished_at"":""2026-08-16T10:45:00.461Z"",""duration_ms"":17358,""status_code"":200,""error_category"":null,""error_message"":null,""usage"":{""input_tokens"":3198,""output_tokens"":8,""reasoning_tokens"":null,""cached_tokens"":2048,""cache_write_tokens"":null,""total_tokens"":3206},""cost_usd"":0.00010146864,""generation_id"":""gen-1786877099-Wsn8iJ1wYgC9vYudBFyc"",""response_cache_status"":""UNKNOWN"",""observed_provider"":""Baidu"",""observed_endpoint"":null,""observed_quantization"":null}],""response_cache_status"":""UNKNOWN"",""raw_action_valid"":true,""action_received"":""QUERY"",""value"":""DEEFGHI"",""action_applied"":""QUERY"",""feedback"":{""exact"":1,""misplaced"":5},""credits_remaining"":1},{""step"":16,""credits_before"":1,""http_attempts"":[{""attempt_number"":1,""started_at"":""2026-08-16T10:45:43.077Z"",""finished_at"":""2026-08-16T10:46:02.655Z"",""duration_ms"":19578,""status_code"":200,""error_category"":null,""error_message"":null,""usage"":{""input_tokens"":3233,""output_tokens"":402,""reasoning_tokens"":null,""cached_tokens"":3072,""cache_write_tokens"":null,""total_tokens"":3635},""cost_usd"":0.00010171336,""generation_id"":""gen-1786877159-DrJt3r15IBI7ZWrA4KH2"",""response_cache_status"":""UNKNOWN"",""observed_provider"":""Baidu"",""observed_endpoint"":null,""observed_quantization"":null}],""response_cache_status"":""UNKNOWN"",""raw_action_valid"":false,""action"":null,""parse_error"":""response must be exactly QUERY <symbols> or SUBMIT <symbols>"",""consecutive_invalid_responses"":1},{""step"":17,""credits_before"":1,""http_attempts"":[{""attempt_number"":1,""started_at"":""2026-08-16T10:46:42.317Z"",""finished_at"":""2026-08-16T10:46:51.979Z"",""duration_ms"":9662,""status_code"":200,""error_category"":null,""error_message"":null,""usage"":{""input_tokens"":3669,""output_tokens"":8,""reasoning_tokens"":null,""cached_tokens"":3072,""cache_write_tokens"":null,""total_tokens"":3677},""cost_usd"":7.904456e-05,""generation_id"":""gen-1786877210-ojfuJD99RcwMr1Wh38Rt"",""response_cache_status"":""UNKNOWN"",""observed_provider"":""Baidu"",""observed_endpoint"":null,""observed_quantization"":null}],""response_cache_status"":""UNKNOWN"",""raw_action_valid"":true,""action_received"":""QUERY"",""value"":""DEEFGHJ"",""action_applied"":""QUERY"",""feedback"":{""exact"":2,""misplaced"":5},""credits_remaining"":0},{""step"":18,""credits_before"":0,""http_attempts"":[{""attempt_number"":1,""started_at"":""2026-08-16T10:47:10.094Z"",""finished_at"":""2026-08-16T10:47:43.119Z"",""duration_ms"":33025,""status_code"":200,""error_category"":null,""error_message"":null,""usage"":{""input_tokens"":3704,""output_tokens"":2552,""reasoning_tokens"":null,""cached_tokens"":3072,""cache_write_tokens"":null,""total_tokens"":6256},""cost_usd"":0.00040896576,""generation_id"":""gen-1786877249-ydNAdp35BEJWSRRkjA5Q"",""response_cache_status"":""UNKNOWN"",""observed_provider"":""Baidu"",""observed_endpoint"":null,""observed_quantization"":null}],""response_cache_status"":""UNKNOWN"",""raw_action_valid"":false,""action"":null,""parse_error"":""response must be exactly QUERY <symbols> or SUBMIT <symbols>"",""consecutive_invalid_responses"":1},{""step"":19,""credits_before"":0,""http_attempts"":[{""attempt_number"":1,""started_at"":""2026-08-16T10:47:50.260Z"",""finished_at"":""2026-08-16T10:48:13.252Z"",""duration_ms"":22993,""status_code"":200,""error_category"":null,""error_message"":null,""usage"":{""input_tokens"":6290,""output_tokens"":9,""reasoning_tokens"":null,""cached_tokens"":3072,""cache_write_tokens"":null,""total_tokens"":6299},""cost_usd"":0.00024796576,""generation_id"":""gen-1786877291-3A8NHvGAmicK5PTNP5vY"",""response_cache_status"":""UNKNOWN"",""observed_provider"":""Baidu"",""observed_endpoint"":null,""observed_quantization"":null}],""response_cache_status"":""UNKNOWN"",""raw_action_valid"":true,""action_received"":""SUBMIT"",""value"":""DEEFGHJ"",""action_applied"":""SUBMIT"",""coerced_at_zero_credits"":false,""credits_remaining"":0}]"
3ec97488-f048-46b4-a5e2-e038409a4053,3ec97488-f048-46b4-a5e2-e038409a4053,1,,3,deepseek,deepseek-v4-flash-0731,deepseek/deepseek-v4-flash-0731,baidu,Baidu,baidu/fp8,,,,C,different_model,2026-08-16T09:59:25.637Z,2026-08-16T10:48:19.277Z,2933640,3d3baa6feb49226c87c6bc0788fe1936,1f9f39055fd13962,ABJFIBD,7,10,10,10,0,ABDFIJA,4,0.5714285714285714,false,partial,19,19,0,8,94254,9340,,77568,,103594,0.0032766462399999997,true,true,false,2ac8682c462a8f01ea519b44aa73090e57243476b55eaf2539123ca100c55ab6,"{""max_tokens"":8192,""temperature"":null,""top_p"":null,""top_k"":null,""min_p"":null,""seed"":null,""reasoning"":{""enabled"":false,""effort"":null,""max_tokens"":null,""exclude"":true},""thinking"":null}","{""endpoint_slug"":""baidu/fp8"",""quantizations"":null,""allow_fallbacks"":false,""require_parameters"":true}",completed,true,[],,,response must be exactly QUERY <symbols> or SUBMIT <symbols>,"[{""step"":1,""credits_before"":10,""http_attempts"":[{""attempt_number"":1,""started_at"":""2026-08-16T09:59:25.637Z"",""finished_at"":""2026-08-16T09:59:50.001Z"",""duration_ms"":24364,""status_code"":200,""error_category"":null,""error_message"":null,""usage"":{""input_tokens"":268,""output_tokens"":6,""reasoning_tokens"":null,""cached_tokens"":256,""cache_write_tokens"":null,""total_tokens"":274},""cost_usd"":4.84288e-06,""generation_id"":""gen-1786874388-CHOT3JBxOekAJ480px6s"",""response_cache_status"":""UNKNOWN"",""observed_provider"":""Baidu"",""observed_endpoint"":null,""observed_quantization"":null}],""response_cache_status"":""UNKNOWN"",""raw_action_valid"":true,""action_received"":""QUERY"",""value"":""ABCDEFG"",""action_applied"":""QUERY"",""feedback"":{""exact"":2,""misplaced"":2},""credits_remaining"":9},{""step"":2,""credits_before"":9,""http_attempts"":[{""attempt_number"":1,""started_at"":""2026-08-16T10:03:23.160Z"",""finished_at"":""2026-08-16T10:03:47.203Z"",""duration_ms"":24043,""status_code"":200,""error_category"":null,""error_message"":null,""usage"":{""input_tokens"":301,""output_tokens"":56,""reasoning_tokens"":null,""cached_tokens"":256,""cache_write_tokens"":null,""total_tokens"":357},""cost_usd"":1.340808e-05,""generation_id"":""gen-1786874625-aIqhd3FotE0BvKYwFezd"",""response_cache_status"":""UNKNOWN"",""observed_provider"":""Baidu"",""observed_endpoint"":null,""observed_quantization"":null}],""response_cache_status"":""UNKNOWN"",""raw_action_valid"":false,""action"":null,""parse_error"":""response must be exactly QUERY <symbols> or SUBMIT <symbols>"",""consecutive_invalid_responses"":1},{""step"":3,""credits_before"":9,""http_attempts"":[{""attempt_number"":1,""started_at"":""2026-08-16T10:07:11.645Z"",""finished_at"":""2026-08-16T10:07:35.118Z"",""duration_ms"":23473,""status_code"":200,""error_category"":null,""error_message"":null,""usage"":{""input_tokens"":391,""output_tokens"":6,""reasoning_tokens"":null,""cached_tokens"":256,""cache_write_tokens"":null,""total_tokens"":397},""cost_usd"":1.276408e-05,""generation_id"":""gen-1786874853-U9qcBo7MS9e6jWBlzXml"",""response_cache_status"":""UNKNOWN"",""observed_provider"":""Baidu"",""observed_endpoint"":null,""observed_quantization"":null}],""response_cache_status"":""UNKNOWN"",""raw_action_valid"":true,""action_received"":""QUERY"",""value"":""ABCDEFH"",""action_applied"":""QUERY"",""feedback"":{""exact"":2,""misplaced"":2},""credits_remaining"":8},{""step"":4,""credits_before"":8,""http_attempts"":[{""attempt_number"":1,""started_at"":""2026-08-16T10:10:59.548Z"",""finished_at"":""2026-08-16T10:11:23.536Z"",""duration_ms"":23988,""status_code"":200,""error_category"":null,""error_message"":null,""usage"":{""input_tokens"":424,""output_tokens"":6,""reasoning_tokens"":null,""cached_tokens"":256,""cache_write_tokens"":null,""total_tokens"":430},""cost_usd"":1.488928e-05,""generation_id"":""gen-1786875082-BYMGYZ0ahGv49Z7BBVQP"",""response_cache_status"":""UNKNOWN"",""observed_provider"":""Baidu"",""observed_endpoint"":null,""observed_quantization"":null}],""response_cache_status"":""UNKNOWN"",""raw_action_valid"":true,""action_received"":""QUERY"",""value"":""ABCDEFI"",""action_applied"":""QUERY"",""feedback"":{""exact"":2,""misplaced"":3},""credits_remaining"":7},{""step"":5,""credits_before"":7,""http_attempts"":[{""attempt_number"":1,""started_at"":""2026-08-16T10:14:45.091Z"",""finished_at"":""2026-08-16T10:15:09.987Z"",""duration_ms"":24897,""status_code"":200,""error_category"":null,""error_message"":null,""usage"":{""input_tokens"":457,""output_tokens"":6,""reasoning_tokens"":null,""cached_tokens"":256,""cache_write_tokens"":null,""total_tokens"":463},""cost_usd"":1.701448e-05,""generation_id"":""gen-1786875307-pOKsbxgSq51PhlfKjojl"",""response_cache_status"":""UNKNOWN"",""observed_provider"":""Baidu"",""observed_endpoint"":null,""observed_quantization"":null}],""response_cache_status"":""UNKNOWN"",""raw_action_valid"":true,""action_received"":""QUERY"",""value"":""ABCDEFJ"",""action_applied"":""QUERY"",""feedback"":{""exact"":2,""misplaced"":3},""credits_remaining"":6},{""step"":6,""credits_before"":6,""http_attempts"":[{""attempt_number"":1,""started_at"":""2026-08-16T10:18:30.942Z"",""finished_at"":""2026-08-16T10:19:24.093Z"",""duration_ms"":53151,""status_code"":200,""error_category"":null,""error_message"":null,""usage"":{""input_tokens"":490,""output_tokens"":5698,""reasoning_tokens"":null,""cached_tokens"":256,""cache_write_tokens"":null,""total_tokens"":6188},""cost_usd"":0.00075226928,""generation_id"":""gen-1786875533-tzYrlkqXsbepQQ3QcZWF"",""response_cache_status"":""UNKNOWN"",""observed_provider"":""Baidu"",""observed_endpoint"":null,""observed_quantization"":null}],""response_cache_status"":""UNKNOWN"",""raw_action_valid"":false,""action"":null,""parse_error"":""response must be exactly QUERY <symbols> or SUBMIT <symbols>"",""consecutive_invalid_responses"":1},{""step"":7,""credits_before"":6,""http_attempts"":[{""attempt_number"":1,""started_at"":""2026-08-16T10:22:43.483Z"",""finished_at"":""2026-08-16T10:23:04.262Z"",""duration_ms"":20779,""status_code"":200,""error_category"":null,""error_message"":null,""usage"":{""input_tokens"":6221,""output_tokens"":7,""reasoning_tokens"":null,""cached_tokens"":256,""cache_write_tokens"":null,""total_tokens"":6228},""cost_usd"":0.00038834488,""generation_id"":""gen-1786875782-MLXxI6Efg3POHhizWIGA"",""response_cache_status"":""UNKNOWN"",""observed_provider"":""Baidu"",""observed_endpoint"":null,""observed_quantization"":null}],""response_cache_status"":""UNKNOWN"",""raw_action_valid"":true,""action_received"":""QUERY"",""value"":""GBCDEFG"",""action_applied"":""QUERY"",""feedback"":{""exact"":1,""misplaced"":2},""credits_remaining"":5},{""step"":8,""credits_before"":5,""http_attempts"":[{""attempt_number"":1,""started_at"":""2026-08-16T10:26:28.712Z"",""finished_at"":""2026-08-16T10:26:47.227Z"",""duration_ms"":18515,""status_code"":200,""error_category"":null,""error_message"":null,""usage"":{""input_tokens"":6255,""output_tokens"":87,""reasoning_tokens"":null,""cached_tokens"":6144,""cache_write_tokens"":null,""total_tokens"":6342},""cost_usd"":9.748872e-05,""generation_id"":""gen-1786876005-V4fTxnVVx5gkZIFIIN5O"",""response_cache_status"":""UNKNOWN"",""observed_provider"":""Baidu"",""observed_endpoint"":null,""observed_quantization"":null}],""response_cache_status"":""UNKNOWN"",""raw_action_valid"":false,""action"":null,""parse_error"":""response must be exactly QUERY <symbols> or SUBMIT <symbols>"",""consecutive_invalid_responses"":1},{""step"":9,""credits_before"":5,""http_attempts"":[{""attempt_number"":1,""started_at"":""2026-08-16T10:30:04.819Z"",""finished_at"":""2026-08-16T10:30:25.946Z"",""duration_ms"":21127,""status_code"":200,""error_category"":null,""error_message"":null,""usage"":{""input_tokens"":6376,""output_tokens"":7,""reasoning_tokens"":null,""cached_tokens"":6144,""cache_write_tokens"":null,""total_tokens"":6383},""cost_usd"":9.497712e-05,""generation_id"":""gen-1786876224-0i1J6NQCHWuDlZKeAfHN"",""response_cache_status"":""UNKNOWN"",""observed_provider"":""Baidu"",""observed_endpoint"":null,""observed_quantization"":null}],""response_cache_status"":""UNKNOWN"",""raw_action_valid"":true,""action_received"":""QUERY"",""value"":""AGCDEFG"",""action_applied"":""QUERY"",""feedback"":{""exact"":1,""misplaced"":2},""credits_remaining"":4},{""step"":10,""credits_before"":4,""http_attempts"":[{""attempt_number"":1,""started_at"":""2026-08-16T10:33:32.517Z"",""finished_at"":""2026-08-16T10:33:56.764Z"",""duration_ms"":24247,""status_code"":200,""error_category"":null,""error_message"":null,""usage"":{""input_tokens"":6410,""output_tokens"":103,""reasoning_tokens"":null,""cached_tokens"":6144,""cache_write_tokens"":null,""total_tokens"":6513},""cost_usd"":0.00010953152,""generation_id"":""gen-1786876434-6R7uXdXubf5BgeipcjJW"",""response_cache_status"":""UNKNOWN"",""observed_provider"":""Baidu"",""observed_endpoint"":null,""observed_quantization"":null}],""response_cache_status"":""UNKNOWN"",""raw_action_valid"":false,""action"":null,""parse_error"":""response must be exactly QUERY <symbols> or SUBMIT <symbols>"",""consecutive_invalid_responses"":1},{""step"":11,""credits_before"":4,""http_attempts"":[{""attempt_number"":1,""started_at"":""2026-08-16T10:36:59.674Z"",""finished_at"":""2026-08-16T10:37:20.673Z"",""duration_ms"":20999,""status_code"":200,""error_category"":null,""error_message"":null,""usage"":{""input_tokens"":6547,""output_tokens"":7,""reasoning_tokens"":null,""cached_tokens"":6144,""cache_write_tokens"":null,""total_tokens"":6554},""cost_usd"":0.00010598952,""generation_id"":""gen-1786876639-EOBN8ogh3CwBo9E1kXOB"",""response_cache_status"":""UNKNOWN"",""observed_provider"":""Baidu"",""observed_endpoint"":null,""observed_quantization"":null}],""response_cache_status"":""UNKNOWN"",""raw_action_valid"":true,""action_received"":""QUERY"",""value"":""ABGDEFG"",""action_applied"":""QUERY"",""feedback"":{""exact"":2,""misplaced"":2},""credits_remaining"":3},{""step"":12,""credits_before"":3,""http_attempts"":[{""attempt_number"":1,""started_at"":""2026-08-16T10:40:06.135Z"",""finished_at"":""2026-08-16T10:40:24.772Z"",""duration_ms"":18637,""status_code"":200,""error_category"":null,""error_message"":null,""usage"":{""input_tokens"":6581,""output_tokens"":65,""reasoning_tokens"":null,""cached_tokens"":6144,""cache_write_tokens"":null,""total_tokens"":6646},""cost_usd"":0.00011564952,""generation_id"":""gen-1786876822-p0SB1O72jutNPJxCoswt"",""response_cache_status"":""UNKNOWN"",""observed_provider"":""Baidu"",""observed_endpoint"":null,""observed_quantization"":null}],""response_cache_status"":""UNKNOWN"",""raw_action_valid"":false,""action"":null,""parse_error"":""response must be exactly QUERY <symbols> or SUBMIT <symbols>"",""consecutive_invalid_responses"":1},{""step"":13,""credits_before"":3,""http_attempts"":[{""attempt_number"":1,""started_at"":""2026-08-16T10:42:08.571Z"",""finished_at"":""2026-08-16T10:42:27.314Z"",""duration_ms"":18743,""status_code"":200,""error_category"":null,""error_message"":null,""usage"":{""input_tokens"":6680,""output_tokens"":7,""reasoning_tokens"":null,""cached_tokens"":6144,""cache_write_tokens"":null,""total_tokens"":6687},""cost_usd"":0.00011455472,""generation_id"":""gen-1786876945-Sb1eoLocWZ90LuFrVRXq"",""response_cache_status"":""UNKNOWN"",""observed_provider"":""Baidu"",""observed_endpoint"":null,""observed_quantization"":null}],""response_cache_status"":""UNKNOWN"",""raw_action_valid"":true,""action_received"":""QUERY"",""value"":""ABCGEFG"",""action_applied"":""QUERY"",""feedback"":{""exact"":2,""misplaced"":1},""credits_remaining"":2},{""step"":14,""credits_before"":2,""http_attempts"":[{""attempt_number"":1,""started_at"":""2026-08-16T10:43:34.592Z"",""finished_at"":""2026-08-16T10:43:55.715Z"",""duration_ms"":21123,""status_code"":200,""error_category"":null,""error_message"":null,""usage"":{""input_tokens"":6714,""output_tokens"":254,""reasoning_tokens"":null,""cached_tokens"":6144,""cache_write_tokens"":null,""total_tokens"":6968},""cost_usd"":0.00014855792,""generation_id"":""gen-1786877032-cbZezLZDLTOhkgNl2I6b"",""response_cache_status"":""UNKNOWN"",""observed_provider"":""Baidu"",""observed_endpoint"":null,""observed_quantization"":null}],""response_cache_status"":""UNKNOWN"",""raw_action_valid"":false,""action"":null,""parse_error"":""response must be exactly QUERY <symbols> or SUBMIT <symbols>"",""consecutive_invalid_responses"":1},{""step"":15,""credits_before"":2,""http_attempts"":[{""attempt_number"":1,""started_at"":""2026-08-16T10:44:43.296Z"",""finished_at"":""2026-08-16T10:45:04.763Z"",""duration_ms"":21467,""status_code"":200,""error_category"":null,""error_message"":null,""usage"":{""input_tokens"":7002,""output_tokens"":6,""reasoning_tokens"":null,""cached_tokens"":6144,""cache_write_tokens"":null,""total_tokens"":7008},""cost_usd"":0.00013516272,""generation_id"":""gen-1786877102-17yInUJMdMp4inldQ3xK"",""response_cache_status"":""UNKNOWN"",""observed_provider"":""Baidu"",""observed_endpoint"":null,""observed_quantization"":null}],""response_cache_status"":""UNKNOWN"",""raw_action_valid"":true,""action_received"":""QUERY"",""value"":""ABCDGFG"",""action_applied"":""QUERY"",""feedback"":{""exact"":2,""misplaced"":2},""credits_remaining"":1},{""step"":16,""credits_before"":1,""http_attempts"":[{""attempt_number"":1,""started_at"":""2026-08-16T10:45:45.761Z"",""finished_at"":""2026-08-16T10:46:08.632Z"",""duration_ms"":22871,""status_code"":200,""error_category"":null,""error_message"":null,""usage"":{""input_tokens"":7035,""output_tokens"":895,""reasoning_tokens"":null,""cached_tokens"":6144,""cache_write_tokens"":null,""total_tokens"":7930},""cost_usd"":0.00025179112,""generation_id"":""gen-1786877162-I4dPB7PPxyl9zElQgjzS"",""response_cache_status"":""UNKNOWN"",""observed_provider"":""Baidu"",""observed_endpoint"":null,""observed_quantization"":null}],""response_cache_status"":""UNKNOWN"",""raw_action_valid"":false,""action"":null,""parse_error"":""response must be exactly QUERY <symbols> or SUBMIT <symbols>"",""consecutive_invalid_responses"":1},{""step"":17,""credits_before"":1,""http_attempts"":[{""attempt_number"":1,""started_at"":""2026-08-16T10:46:45.529Z"",""finished_at"":""2026-08-16T10:46:57.919Z"",""duration_ms"":12390,""status_code"":200,""error_category"":null,""error_message"":null,""usage"":{""input_tokens"":7964,""output_tokens"":6,""reasoning_tokens"":null,""cached_tokens"":6144,""cache_write_tokens"":null,""total_tokens"":7970},""cost_usd"":0.00019711552,""generation_id"":""gen-1786877216-ncXJaCdMoD5qOCa4ChSO"",""response_cache_status"":""UNKNOWN"",""observed_provider"":""Baidu"",""observed_endpoint"":null,""observed_quantization"":null}],""response_cache_status"":""UNKNOWN"",""raw_action_valid"":true,""action_received"":""QUERY"",""value"":""ABCDEGG"",""action_applied"":""QUERY"",""feedback"":{""exact"":2,""misplaced"":1},""credits_remaining"":0},{""step"":18,""credits_before"":0,""http_attempts"":[{""attempt_number"":1,""started_at"":""2026-08-16T10:47:15.662Z"",""finished_at"":""2026-08-16T10:47:47.088Z"",""duration_ms"":31427,""status_code"":200,""error_category"":null,""error_message"":null,""usage"":{""input_tokens"":7997,""output_tokens"":2110,""reasoning_tokens"":null,""cached_tokens"":7168,""cache_write_tokens"":null,""total_tokens"":10107},""cost_usd"":0.00041747944,""generation_id"":""gen-1786877255-s24pyHbqtxAM4WvjqMk0"",""response_cache_status"":""UNKNOWN"",""observed_provider"":""Baidu"",""observed_endpoint"":null,""observed_quantization"":null}],""response_cache_status"":""UNKNOWN"",""raw_action_valid"":false,""action"":null,""parse_error"":""response must be exactly QUERY <symbols> or SUBMIT <symbols>"",""consecutive_invalid_responses"":1},{""step"":19,""credits_before"":0,""http_attempts"":[{""attempt_number"":1,""started_at"":""2026-08-16T10:47:56.630Z"",""finished_at"":""2026-08-16T10:48:19.276Z"",""duration_ms"":22647,""status_code"":200,""error_category"":null,""error_message"":null,""usage"":{""input_tokens"":10141,""output_tokens"":8,""reasoning_tokens"":null,""cached_tokens"":7168,""cache_write_tokens"":null,""total_tokens"":10149},""cost_usd"":0.00028481544,""generation_id"":""gen-1786877297-jYagEBz3RfjXDfTIWwuu"",""response_cache_status"":""UNKNOWN"",""observed_provider"":""Baidu"",""observed_endpoint"":null,""observed_quantization"":null}],""response_cache_status"":""UNKNOWN"",""raw_action_valid"":true,""action_received"":""SUBMIT"",""value"":""ABDFIJA"",""action_applied"":""SUBMIT"",""coerced_at_zero_credits"":false,""credits_remaining"":0}]"
e8894e86-4226-40a2-b95b-01445ee7225a,e8894e86-4226-40a2-b95b-01445ee7225a,1,,2,deepseek,deepseek-v4-flash-0731,deepseek/deepseek-v4-flash-0731,baidu,Baidu,baidu/fp8,,,,C,different_model,2026-08-16T10:01:49.633Z,2026-08-16T10:48:31.554Z,2801921,3d3baa6feb49226c87c6bc0788fe1936,ebdc2c03c64b084e,GICEAIF,7,10,10,10,0,EACFIGA,1,0.14285714285714285,false,partial,19,19,0,8,68647,9212,2,53504,,77859,0.0028508463200000002,true,true,false,2ac8682c462a8f01ea519b44aa73090e57243476b55eaf2539123ca100c55ab6,"{""max_tokens"":8192,""temperature"":null,""top_p"":null,""top_k"":null,""min_p"":null,""seed"":null,""reasoning"":{""enabled"":false,""effort"":null,""max_tokens"":null,""exclude"":true},""thinking"":null}","{""endpoint_slug"":""baidu/fp8"",""quantizations"":null,""allow_fallbacks"":false,""require_parameters"":true}",completed,true,[],,,response must be exactly QUERY <symbols> or SUBMIT <symbols>,"[{""step"":1,""credits_before"":10,""http_attempts"":[{""attempt_number"":1,""started_at"":""2026-08-16T10:01:49.633Z"",""finished_at"":""2026-08-16T10:02:17.005Z"",""duration_ms"":27372,""status_code"":200,""error_category"":null,""error_message"":null,""usage"":{""input_tokens"":268,""output_tokens"":582,""reasoning_tokens"":null,""cached_tokens"":256,""cache_write_tokens"":null,""total_tokens"":850},""cost_usd"":7.903168e-05,""generation_id"":""gen-1786874532-fLo5sMegd23gwKGpE6hA"",""response_cache_status"":""UNKNOWN"",""observed_provider"":""Baidu"",""observed_endpoint"":null,""observed_quantization"":null}],""response_cache_status"":""UNKNOWN"",""raw_action_valid"":false,""action"":null,""parse_error"":""response must be exactly QUERY <symbols> or SUBMIT <symbols>"",""consecutive_invalid_responses"":1},{""step"":2,""credits_before"":10,""http_attempts"":[{""attempt_number"":1,""started_at"":""2026-08-16T10:05:46.961Z"",""finished_at"":""2026-08-16T10:06:10.948Z"",""duration_ms"":23987,""status_code"":200,""error_category"":null,""error_message"":null,""usage"":{""input_tokens"":884,""output_tokens"":6,""reasoning_tokens"":null,""cached_tokens"":256,""cache_write_tokens"":null,""total_tokens"":890},""cost_usd"":4.451328e-05,""generation_id"":""gen-1786874769-h0tCOY0w2RZpzhUJQQFz"",""response_cache_status"":""UNKNOWN"",""observed_provider"":""Baidu"",""observed_endpoint"":null,""observed_quantization"":null}],""response_cache_status"":""UNKNOWN"",""raw_action_valid"":true,""action_received"":""QUERY"",""value"":""ABCDEFG"",""action_applied"":""QUERY"",""feedback"":{""exact"":1,""misplaced"":4},""credits_remaining"":9},{""step"":3,""credits_before"":9,""http_attempts"":[{""attempt_number"":1,""started_at"":""2026-08-16T10:09:36.694Z"",""finished_at"":""2026-08-16T10:09:59.537Z"",""duration_ms"":22843,""status_code"":200,""error_category"":null,""error_message"":null,""usage"":{""input_tokens"":917,""output_tokens"":6,""reasoning_tokens"":null,""cached_tokens"":768,""cache_write_tokens"":null,""total_tokens"":923},""cost_usd"":2.026024e-05,""generation_id"":""gen-1786874998-zQjXIOgT7TGmZv0cP61O"",""response_cache_status"":""UNKNOWN"",""observed_provider"":""Baidu"",""observed_endpoint"":null,""observed_quantization"":null}],""response_cache_status"":""UNKNOWN"",""raw_action_valid"":true,""action_received"":""QUERY"",""value"":""ABCDEFH"",""action_applied"":""QUERY"",""feedback"":{""exact"":1,""misplaced"":3},""credits_remaining"":8},{""step"":4,""credits_before"":8,""http_attempts"":[{""attempt_number"":1,""started_at"":""2026-08-16T10:13:20.920Z"",""finished_at"":""2026-08-16T10:13:45.061Z"",""duration_ms"":24141,""status_code"":200,""error_category"":null,""error_message"":null,""usage"":{""input_tokens"":950,""output_tokens"":6,""reasoning_tokens"":null,""cached_tokens"":768,""cache_write_tokens"":null,""total_tokens"":956},""cost_usd"":2.238544e-05,""generation_id"":""gen-1786875223-5SjcpLN2QPyZBqRoMCRm"",""response_cache_status"":""UNKNOWN"",""observed_provider"":""Baidu"",""observed_endpoint"":null,""observed_quantization"":null}],""response_cache_status"":""UNKNOWN"",""raw_action_valid"":true,""action_received"":""QUERY"",""value"":""ABCDEFI"",""action_applied"":""QUERY"",""feedback"":{""exact"":1,""misplaced"":4},""credits_remaining"":7},{""step"":5,""credits_before"":7,""http_attempts"":[{""attempt_number"":1,""started_at"":""2026-08-16T10:17:08.477Z"",""finished_at"":""2026-08-16T10:17:30.452Z"",""duration_ms"":21975,""status_code"":200,""error_category"":null,""error_message"":null,""usage"":{""input_tokens"":983,""output_tokens"":6,""reasoning_tokens"":null,""cached_tokens"":768,""cache_write_tokens"":null,""total_tokens"":989},""cost_usd"":2.451064e-05,""generation_id"":""gen-1786875448-Bk0AehJ1CsyaklPrc1NK"",""response_cache_status"":""UNKNOWN"",""observed_provider"":""Baidu"",""observed_endpoint"":null,""observed_quantization"":null}],""response_cache_status"":""UNKNOWN"",""raw_action_valid"":true,""action_received"":""QUERY"",""value"":""ABCDEFJ"",""action_applied"":""QUERY"",""feedback"":{""exact"":1,""misplaced"":3},""credits_remaining"":6},{""step"":6,""credits_before"":6,""http_attempts"":[{""attempt_number"":1,""started_at"":""2026-08-16T10:20:52.188Z"",""finished_at"":""2026-08-16T10:21:24.171Z"",""duration_ms"":31982,""status_code"":200,""error_category"":null,""error_message"":null,""usage"":{""input_tokens"":1016,""output_tokens"":1554,""reasoning_tokens"":1,""cached_tokens"":768,""cache_write_tokens"":null,""total_tokens"":2570},""cost_usd"":0.00022601824,""generation_id"":""gen-1786875674-L4zJOo6BheaGUwbrK0v1"",""response_cache_status"":""UNKNOWN"",""observed_provider"":""Baidu"",""observed_endpoint"":null,""observed_quantization"":null}],""response_cache_status"":""UNKNOWN"",""raw_action_valid"":false,""action"":null,""parse_error"":""response must be exactly QUERY <symbols> or SUBMIT <symbols>"",""consecutive_invalid_responses"":1},{""step"":7,""credits_before"":6,""http_attempts"":[{""attempt_number"":1,""started_at"":""2026-08-16T10:24:37.851Z"",""finished_at"":""2026-08-16T10:25:01.434Z"",""duration_ms"":23584,""status_code"":200,""error_category"":null,""error_message"":null,""usage"":{""input_tokens"":2602,""output_tokens"":7,""reasoning_tokens"":null,""cached_tokens"":768,""cache_write_tokens"":null,""total_tokens"":2609},""cost_usd"":0.00012890304,""generation_id"":""gen-1786875899-WTXzG4JVPIqnM42tLr9P"",""response_cache_status"":""UNKNOWN"",""observed_provider"":""Baidu"",""observed_endpoint"":null,""observed_quantization"":null}],""response_cache_status"":""UNKNOWN"",""raw_action_valid"":true,""action_received"":""QUERY"",""value"":""HBCDEFG"",""action_applied"":""QUERY"",""feedback"":{""exact"":1,""misplaced"":3},""credits_remaining"":5},{""step"":8,""credits_before"":5,""http_attempts"":[{""attempt_number"":1,""started_at"":""2026-08-16T10:28:19.726Z"",""finished_at"":""2026-08-16T10:28:47.351Z"",""duration_ms"":27625,""status_code"":200,""error_category"":null,""error_message"":null,""usage"":{""input_tokens"":2636,""output_tokens"":716,""reasoning_tokens"":1,""cached_tokens"":2048,""cache_write_tokens"":null,""total_tokens"":3352},""cost_usd"":0.00015646624,""generation_id"":""gen-1786876122-EsldYxlKgbvNKWJ7eoib"",""response_cache_status"":""UNKNOWN"",""observed_provider"":""Baidu"",""observed_endpoint"":null,""observed_quantization"":null}],""response_cache_status"":""UNKNOWN"",""raw_action_valid"":false,""action"":null,""parse_error"":""response must be exactly QUERY <symbols> or SUBMIT <symbols>"",""consecutive_invalid_responses"":1},{""step"":9,""credits_before"":5,""http_attempts"":[{""attempt_number"":1,""started_at"":""2026-08-16T10:31:55.938Z"",""finished_at"":""2026-08-16T10:32:20.019Z"",""duration_ms"":24081,""status_code"":200,""error_category"":null,""error_message"":null,""usage"":{""input_tokens"":3384,""output_tokens"":7,""reasoning_tokens"":null,""cached_tokens"":2048,""cache_write_tokens"":null,""total_tokens"":3391},""cost_usd"":0.00011331824,""generation_id"":""gen-1786876338-TsoPhOJkPIgdhULboVP7"",""response_cache_status"":""UNKNOWN"",""observed_provider"":""Baidu"",""observed_endpoint"":null,""observed_quantization"":null}],""response_cache_status"":""UNKNOWN"",""raw_action_valid"":true,""action_received"":""QUERY"",""value"":""AHCDEFG"",""action_applied"":""QUERY"",""feedback"":{""exact"":1,""misplaced"":4},""credits_remaining"":4},{""step"":10,""credits_before"":4,""http_attempts"":[{""attempt_number"":1,""started_at"":""2026-08-16T10:35:29.427Z"",""finished_at"":""2026-08-16T10:35:54.861Z"",""duration_ms"":25434,""status_code"":200,""error_category"":null,""error_message"":null,""usage"":{""input_tokens"":3418,""output_tokens"":318,""reasoning_tokens"":null,""cached_tokens"":3072,""cache_write_tokens"":null,""total_tokens"":3736},""cost_usd"":0.00010280816,""generation_id"":""gen-1786876551-bdTh6z4X8D4tQo7gypI1"",""response_cache_status"":""UNKNOWN"",""observed_provider"":""Baidu"",""observed_endpoint"":null,""observed_quantization"":null}],""response_cache_status"":""UNKNOWN"",""raw_action_valid"":false,""action"":null,""parse_error"":""response must be exactly QUERY <symbols> or SUBMIT <symbols>"",""consecutive_invalid_responses"":1},{""step"":11,""credits_before"":4,""http_attempts"":[{""attempt_number"":1,""started_at"":""2026-08-16T10:38:54.090Z"",""finished_at"":""2026-08-16T10:39:11.920Z"",""duration_ms"":17830,""status_code"":200,""error_category"":null,""error_message"":null,""usage"":{""input_tokens"":3769,""output_tokens"":7,""reasoning_tokens"":null,""cached_tokens"":3072,""cache_write_tokens"":null,""total_tokens"":3776},""cost_usd"":8.535576e-05,""generation_id"":""gen-1786876750-ecM2sHnFjW60VTk0R6uF"",""response_cache_status"":""UNKNOWN"",""observed_provider"":""Baidu"",""observed_endpoint"":null,""observed_quantization"":null}],""response_cache_status"":""UNKNOWN"",""raw_action_valid"":true,""action_received"":""QUERY"",""value"":""ABHDEFG"",""action_applied"":""QUERY"",""feedback"":{""exact"":0,""misplaced"":4},""credits_remaining"":3},{""step"":12,""credits_before"":3,""http_attempts"":[{""attempt_number"":1,""started_at"":""2026-08-16T10:41:12.208Z"",""finished_at"":""2026-08-16T10:41:38.770Z"",""duration_ms"":26562,""status_code"":200,""error_category"":null,""error_message"":null,""usage"":{""input_tokens"":3803,""output_tokens"":496,""reasoning_tokens"":null,""cached_tokens"":3072,""cache_write_tokens"":null,""total_tokens"":4299},""cost_usd"":0.00015052856,""generation_id"":""gen-1786876894-zgu2tSRQZM811AdnWmgr"",""response_cache_status"":""UNKNOWN"",""observed_provider"":""Baidu"",""observed_endpoint"":null,""observed_quantization"":null}],""response_cache_status"":""UNKNOWN"",""raw_action_valid"":false,""action"":null,""parse_error"":""response must be exactly QUERY <symbols> or SUBMIT <symbols>"",""consecutive_invalid_responses"":1},{""step"":13,""credits_before"":3,""http_attempts"":[{""attempt_number"":1,""started_at"":""2026-08-16T10:43:08.760Z"",""finished_at"":""2026-08-16T10:43:18.243Z"",""duration_ms"":9484,""status_code"":200,""error_category"":null,""error_message"":null,""usage"":{""input_tokens"":4333,""output_tokens"":7,""reasoning_tokens"":null,""cached_tokens"":3072,""cache_write_tokens"":null,""total_tokens"":4340},""cost_usd"":0.00012167736,""generation_id"":""gen-1786876996-5xhbQiXtqzjxCY0sX2Ar"",""response_cache_status"":""UNKNOWN"",""observed_provider"":""Baidu"",""observed_endpoint"":null,""observed_quantization"":null}],""response_cache_status"":""UNKNOWN"",""raw_action_valid"":true,""action_received"":""QUERY"",""value"":""ACDEFGI"",""action_applied"":""QUERY"",""feedback"":{""exact"":1,""misplaced"":5},""credits_remaining"":2},{""step"":14,""credits_before"":2,""http_attempts"":[{""attempt_number"":1,""started_at"":""2026-08-16T10:44:12.706Z"",""finished_at"":""2026-08-16T10:44:31.189Z"",""duration_ms"":18483,""status_code"":200,""error_category"":null,""error_message"":null,""usage"":{""input_tokens"":4367,""output_tokens"":766,""reasoning_tokens"":null,""cached_tokens"":4096,""cache_write_tokens"":null,""total_tokens"":5133},""cost_usd"":0.00016886968,""generation_id"":""gen-1786877065-I4Lw3sZl8pZPhaP3jprj"",""response_cache_status"":""UNKNOWN"",""observed_provider"":""Baidu"",""observed_endpoint"":null,""observed_quantization"":null}],""response_cache_status"":""UNKNOWN"",""raw_action_valid"":false,""action"":null,""parse_error"":""response must be exactly QUERY <symbols> or SUBMIT <symbols>"",""consecutive_invalid_responses"":1},{""step"":15,""credits_before"":2,""http_attempts"":[{""attempt_number"":1,""started_at"":""2026-08-16T10:45:18.707Z"",""finished_at"":""2026-08-16T10:45:36.816Z"",""duration_ms"":18109,""status_code"":200,""error_category"":null,""error_message"":null,""usage"":{""input_tokens"":5167,""output_tokens"":7,""reasoning_tokens"":null,""cached_tokens"":4096,""cache_write_tokens"":null,""total_tokens"":5174},""cost_usd"":0.00012263048,""generation_id"":""gen-1786877135-d9ol37SG1G84VI7ZC5p1"",""response_cache_status"":""UNKNOWN"",""observed_provider"":""Baidu"",""observed_endpoint"":null,""observed_quantization"":null}],""response_cache_status"":""UNKNOWN"",""raw_action_valid"":true,""action_received"":""QUERY"",""value"":""AHCEFGI"",""action_applied"":""QUERY"",""feedback"":{""exact"":2,""misplaced"":4},""credits_remaining"":1},{""step"":16,""credits_before"":1,""http_attempts"":[{""attempt_number"":1,""started_at"":""2026-08-16T10:46:21.876Z"",""finished_at"":""2026-08-16T10:46:43.522Z"",""duration_ms"":21646,""status_code"":200,""error_category"":null,""error_message"":null,""usage"":{""input_tokens"":5201,""output_tokens"":2218,""reasoning_tokens"":null,""cached_tokens"":5120,""cache_write_tokens"":null,""total_tokens"":7419},""cost_usd"":0.0003568404,""generation_id"":""gen-1786877192-7mneGPxDiUmDmRVs7XYm"",""response_cache_status"":""UNKNOWN"",""observed_provider"":""Baidu"",""observed_endpoint"":null,""observed_quantization"":null}],""response_cache_status"":""UNKNOWN"",""raw_action_valid"":false,""action"":null,""parse_error"":""response must be exactly QUERY <symbols> or SUBMIT <symbols>"",""consecutive_invalid_responses"":1},{""step"":17,""credits_before"":1,""http_attempts"":[{""attempt_number"":1,""started_at"":""2026-08-16T10:47:04.423Z"",""finished_at"":""2026-08-16T10:47:22.082Z"",""duration_ms"":17659,""status_code"":200,""error_category"":null,""error_message"":null,""usage"":{""input_tokens"":7453,""output_tokens"":7,""reasoning_tokens"":null,""cached_tokens"":5120,""cache_write_tokens"":null,""total_tokens"":7460},""cost_usd"":0.0002170924,""generation_id"":""gen-1786877240-HtfjuymqhT2hDkon6fdG"",""response_cache_status"":""UNKNOWN"",""observed_provider"":""Baidu"",""observed_endpoint"":null,""observed_quantization"":null}],""response_cache_status"":""UNKNOWN"",""raw_action_valid"":true,""action_received"":""QUERY"",""value"":""AHCEHGI"",""action_applied"":""QUERY"",""feedback"":{""exact"":2,""misplaced"":3},""credits_remaining"":0},{""step"":18,""credits_before"":0,""http_attempts"":[{""attempt_number"":1,""started_at"":""2026-08-16T10:47:43.120Z"",""finished_at"":""2026-08-16T10:48:13.360Z"",""duration_ms"":30240,""status_code"":200,""error_category"":null,""error_message"":null,""usage"":{""input_tokens"":7487,""output_tokens"":2488,""reasoning_tokens"":null,""cached_tokens"":7168,""cache_write_tokens"":null,""total_tokens"":9975},""cost_usd"":0.00043332184,""generation_id"":""gen-1786877279-5f84LgVtN7NbdwUqlhJa"",""response_cache_status"":""UNKNOWN"",""observed_provider"":""Baidu"",""observed_endpoint"":null,""observed_quantization"":null}],""response_cache_status"":""UNKNOWN"",""raw_action_valid"":false,""action"":null,""parse_error"":""response must be exactly QUERY <symbols> or SUBMIT <symbols>"",""consecutive_invalid_responses"":1},{""step"":19,""credits_before"":0,""http_attempts"":[{""attempt_number"":1,""started_at"":""2026-08-16T10:48:13.361Z"",""finished_at"":""2026-08-16T10:48:31.554Z"",""duration_ms"":18193,""status_code"":200,""error_category"":null,""error_message"":null,""usage"":{""input_tokens"":10009,""output_tokens"":8,""reasoning_tokens"":null,""cached_tokens"":7168,""cache_write_tokens"":null,""total_tokens"":10017},""cost_usd"":0.00027631464,""generation_id"":""gen-1786877309-8sXblom2dCHggy4JQ2y2"",""response_cache_status"":""UNKNOWN"",""observed_provider"":""Baidu"",""observed_endpoint"":null,""observed_quantization"":null}],""response_cache_status"":""UNKNOWN"",""raw_action_valid"":true,""action_received"":""SUBMIT"",""value"":""EACFIGA"",""action_applied"":""SUBMIT"",""coerced_at_zero_credits"":false,""credits_remaining"":0}]"
be698524-d4ee-4e6c-8f1f-107ccae7c098,be698524-d4ee-4e6c-8f1f-107ccae7c098,1,,7,deepseek,deepseek-v4-flash-0731,deepseek/deepseek-v4-flash-0731,baidu,Baidu,baidu/fp8,,,,A,continuation,2026-08-16T10:01:28.804Z,2026-08-16T10:48:37.132Z,2828328,3d3baa6feb49226c87c6bc0788fe1936,a48121b96372b86d,AAFFCCF,7,10,10,9,1,AAFCFCF,5,0.7142857142857143,false,partial,20,20,0,10,40198,3858,,28672,,44056,0.00160848016,true,true,false,a193e42687075f855a907c617cb6eb43c5979e687d22273bbab4c0919af923ac,"{""max_tokens"":8192,""temperature"":null,""top_p"":null,""top_k"":null,""min_p"":null,""seed"":null,""reasoning"":{""enabled"":false,""effort"":null,""max_tokens"":null,""exclude"":true},""thinking"":null}","{""endpoint_slug"":""baidu/fp8"",""quantizations"":null,""allow_fallbacks"":false,""require_parameters"":true}",completed,true,[],,,response must be exactly QUERY <symbols> or SUBMIT <symbols>,"[{""step"":1,""credits_before"":10,""http_attempts"":[{""attempt_number"":1,""started_at"":""2026-08-16T10:01:28.804Z"",""finished_at"":""2026-08-16T10:01:53.924Z"",""duration_ms"":25120,""status_code"":200,""error_category"":null,""error_message"":null,""usage"":{""input_tokens"":258,""output_tokens"":168,""reasoning_tokens"":null,""cached_tokens"":256,""cache_write_tokens"":null,""total_tokens"":426},""cost_usd"":2.506448e-05,""generation_id"":""gen-1786874511-yDpgRb7ICV8G1WwQXt4I"",""response_cache_status"":""UNKNOWN"",""observed_provider"":""Baidu"",""observed_endpoint"":null,""observed_quantization"":null}],""response_cache_status"":""UNKNOWN"",""raw_action_valid"":false,""action"":null,""parse_error"":""response must be exactly QUERY <symbols> or SUBMIT <symbols>"",""consecutive_invalid_responses"":1},{""step"":2,""credits_before"":10,""http_attempts"":[{""attempt_number"":1,""started_at"":""2026-08-16T10:05:23.008Z"",""finished_at"":""2026-08-16T10:05:46.960Z"",""duration_ms"":23952,""status_code"":200,""error_category"":null,""error_message"":null,""usage"":{""input_tokens"":460,""output_tokens"":6,""reasoning_tokens"":null,""cached_tokens"":256,""cache_write_tokens"":null,""total_tokens"":466},""cost_usd"":1.720768e-05,""generation_id"":""gen-1786874745-Dpvz5khLpLC6PO3YJOup"",""response_cache_status"":""UNKNOWN"",""observed_provider"":""Baidu"",""observed_endpoint"":null,""observed_quantization"":null}],""response_cache_status"":""UNKNOWN"",""raw_action_valid"":true,""action_received"":""QUERY"",""value"":""ABCDEFG"",""action_applied"":""QUERY"",""feedback"":{""exact"":1,""misplaced"":2},""credits_remaining"":9},{""step"":3,""credits_before"":9,""http_attempts"":[{""attempt_number"":1,""started_at"":""2026-08-16T10:09:11.815Z"",""finished_at"":""2026-08-16T10:09:36.693Z"",""duration_ms"":24878,""status_code"":200,""error_category"":null,""error_message"":null,""usage"":{""input_tokens"":493,""output_tokens"":150,""reasoning_tokens"":null,""cached_tokens"":256,""cache_write_tokens"":null,""total_tokens"":643},""cost_usd"":3.788008e-05,""generation_id"":""gen-1786874973-4O7zkHyRlWPgJxrwRhmh"",""response_cache_status"":""UNKNOWN"",""observed_provider"":""Baidu"",""observed_endpoint"":null,""observed_quantization"":null}],""response_cache_status"":""UNKNOWN"",""raw_action_valid"":false,""action"":null,""parse_error"":""response must be exactly QUERY <symbols> or SUBMIT <symbols>"",""consecutive_invalid_responses"":1},{""step"":4,""credits_before"":9,""http_attempts"":[{""attempt_number"":1,""started_at"":""2026-08-16T10:12:56.832Z"",""finished_at"":""2026-08-16T10:13:20.919Z"",""duration_ms"":24088,""status_code"":200,""error_category"":null,""error_message"":null,""usage"":{""input_tokens"":677,""output_tokens"":8,""reasoning_tokens"":null,""cached_tokens"":256,""cache_write_tokens"":null,""total_tokens"":685},""cost_usd"":3.144008e-05,""generation_id"":""gen-1786875199-croxJlbrcuhkkEHmz8pG"",""response_cache_status"":""UNKNOWN"",""observed_provider"":""Baidu"",""observed_endpoint"":null,""observed_quantization"":null}],""response_cache_status"":""UNKNOWN"",""raw_action_valid"":true,""action_received"":""QUERY"",""value"":""HHIJHHH"",""action_applied"":""QUERY"",""feedback"":{""exact"":0,""misplaced"":0},""credits_remaining"":8},{""step"":5,""credits_before"":8,""http_attempts"":[{""attempt_number"":1,""started_at"":""2026-08-16T10:16:42.280Z"",""finished_at"":""2026-08-16T10:17:08.476Z"",""duration_ms"":26196,""status_code"":200,""error_category"":null,""error_message"":null,""usage"":{""input_tokens"":712,""output_tokens"":396,""reasoning_tokens"":null,""cached_tokens"":512,""cache_write_tokens"":null,""total_tokens"":1108},""cost_usd"":7.047936e-05,""generation_id"":""gen-1786875424-i3fScrgvgkyHFHdZKphp"",""response_cache_status"":""UNKNOWN"",""observed_provider"":""Baidu"",""observed_endpoint"":null,""observed_quantization"":null}],""response_cache_status"":""UNKNOWN"",""raw_action_valid"":false,""action"":null,""parse_error"":""response must be exactly QUERY <symbols> or SUBMIT <symbols>"",""consecutive_invalid_responses"":1},{""step"":6,""credits_before"":8,""http_attempts"":[{""attempt_number"":1,""started_at"":""2026-08-16T10:20:27.745Z"",""finished_at"":""2026-08-16T10:20:52.188Z"",""duration_ms"":24443,""status_code"":200,""error_category"":null,""error_message"":null,""usage"":{""input_tokens"":1142,""output_tokens"":6,""reasoning_tokens"":null,""cached_tokens"":512,""cache_write_tokens"":null,""total_tokens"":1148},""cost_usd"":4.793936e-05,""generation_id"":""gen-1786875650-rGFgu1L2NqJjHyT6gZqa"",""response_cache_status"":""UNKNOWN"",""observed_provider"":""Baidu"",""observed_endpoint"":null,""observed_quantization"":null}],""response_cache_status"":""UNKNOWN"",""raw_action_valid"":true,""action_received"":""QUERY"",""value"":""AAAAAAA"",""action_applied"":""QUERY"",""feedback"":{""exact"":2,""misplaced"":0},""credits_remaining"":7},{""step"":7,""credits_before"":7,""http_attempts"":[{""attempt_number"":1,""started_at"":""2026-08-16T10:24:10.082Z"",""finished_at"":""2026-08-16T10:24:35.601Z"",""duration_ms"":25519,""status_code"":200,""error_category"":null,""error_message"":null,""usage"":{""input_tokens"":1175,""output_tokens"":269,""reasoning_tokens"":null,""cached_tokens"":1024,""cache_write_tokens"":null,""total_tokens"":1444},""cost_usd"":5.756072e-05,""generation_id"":""gen-1786875872-6vZELG8CCKHqMek7tk5V"",""response_cache_status"":""UNKNOWN"",""observed_provider"":""Baidu"",""observed_endpoint"":null,""observed_quantization"":null}],""response_cache_status"":""UNKNOWN"",""raw_action_valid"":false,""action"":null,""parse_error"":""response must be exactly QUERY <symbols> or SUBMIT <symbols>"",""consecutive_invalid_responses"":1},{""step"":8,""credits_before"":7,""http_attempts"":[{""attempt_number"":1,""started_at"":""2026-08-16T10:27:55.691Z"",""finished_at"":""2026-08-16T10:28:16.768Z"",""duration_ms"":21077,""status_code"":200,""error_category"":null,""error_message"":null,""usage"":{""input_tokens"":1478,""output_tokens"":6,""reasoning_tokens"":null,""cached_tokens"":1024,""cache_write_tokens"":null,""total_tokens"":1484},""cost_usd"":4.319952e-05,""generation_id"":""gen-1786876095-SLUZHGruU066J0EscUqG"",""response_cache_status"":""UNKNOWN"",""observed_provider"":""Baidu"",""observed_endpoint"":null,""observed_quantization"":null}],""response_cache_status"":""UNKNOWN"",""raw_action_valid"":true,""action_received"":""QUERY"",""value"":""AAABBBB"",""action_applied"":""QUERY"",""feedback"":{""exact"":2,""misplaced"":0},""credits_remaining"":6},{""step"":9,""credits_before"":6,""http_attempts"":[{""attempt_number"":1,""started_at"":""2026-08-16T10:31:31.190Z"",""finished_at"":""2026-08-16T10:31:54.562Z"",""duration_ms"":23371,""status_code"":200,""error_category"":null,""error_message"":null,""usage"":{""input_tokens"":1511,""output_tokens"":317,""reasoning_tokens"":null,""cached_tokens"":1024,""cache_write_tokens"":null,""total_tokens"":1828},""cost_usd"":8.538152e-05,""generation_id"":""gen-1786876311-PSZMgCCn5MUaa9PZrUXc"",""response_cache_status"":""UNKNOWN"",""observed_provider"":""Baidu"",""observed_endpoint"":null,""observed_quantization"":null}],""response_cache_status"":""UNKNOWN"",""raw_action_valid"":false,""action"":null,""parse_error"":""response must be exactly QUERY <symbols> or SUBMIT <symbols>"",""consecutive_invalid_responses"":1},{""step"":10,""credits_before"":6,""http_attempts"":[{""attempt_number"":1,""started_at"":""2026-08-16T10:35:02.323Z"",""finished_at"":""2026-08-16T10:35:27.750Z"",""duration_ms"":25427,""status_code"":200,""error_category"":null,""error_message"":null,""usage"":{""input_tokens"":1862,""output_tokens"":6,""reasoning_tokens"":null,""cached_tokens"":1024,""cache_write_tokens"":null,""total_tokens"":1868},""cost_usd"":6.792912e-05,""generation_id"":""gen-1786876524-6YVZtMS1whTns62EbCqv"",""response_cache_status"":""UNKNOWN"",""observed_provider"":""Baidu"",""observed_endpoint"":null,""observed_quantization"":null}],""response_cache_status"":""UNKNOWN"",""raw_action_valid"":true,""action_received"":""QUERY"",""value"":""CCCDDDG"",""action_applied"":""QUERY"",""feedback"":{""exact"":0,""misplaced"":2},""credits_remaining"":5},{""step"":11,""credits_before"":5,""http_attempts"":[{""attempt_number"":1,""started_at"":""2026-08-16T10:38:33.526Z"",""finished_at"":""2026-08-16T10:38:51.872Z"",""duration_ms"":18347,""status_code"":200,""error_category"":null,""error_message"":null,""usage"":{""input_tokens"":1895,""output_tokens"":167,""reasoning_tokens"":null,""cached_tokens"":1024,""cache_write_tokens"":null,""total_tokens"":2062},""cost_usd"":9.079112e-05,""generation_id"":""gen-1786876729-Ixaftu8suUWskiD1Hsf0"",""response_cache_status"":""UNKNOWN"",""observed_provider"":""Baidu"",""observed_endpoint"":null,""observed_quantization"":null}],""response_cache_status"":""UNKNOWN"",""raw_action_valid"":false,""action"":null,""parse_error"":""response must be exactly QUERY <symbols> or SUBMIT <symbols>"",""consecutive_invalid_responses"":1},{""step"":12,""credits_before"":5,""http_attempts"":[{""attempt_number"":1,""started_at"":""2026-08-16T10:41:03.252Z"",""finished_at"":""2026-08-16T10:41:24.168Z"",""duration_ms"":20916,""status_code"":200,""error_category"":null,""error_message"":null,""usage"":{""input_tokens"":2096,""output_tokens"":6,""reasoning_tokens"":null,""cached_tokens"":1024,""cache_write_tokens"":null,""total_tokens"":2102},""cost_usd"":8.299872e-05,""generation_id"":""gen-1786876882-rjhkDuWgKDAErL6BLz3o"",""response_cache_status"":""UNKNOWN"",""observed_provider"":""Baidu"",""observed_endpoint"":null,""observed_quantization"":null}],""response_cache_status"":""UNKNOWN"",""raw_action_valid"":true,""action_received"":""QUERY"",""value"":""EEFFFFF"",""action_applied"":""QUERY"",""feedback"":{""exact"":3,""misplaced"":0},""credits_remaining"":4},{""step"":13,""credits_before"":4,""http_attempts"":[{""attempt_number"":1,""started_at"":""2026-08-16T10:43:00.398Z"",""finished_at"":""2026-08-16T10:43:11.470Z"",""duration_ms"":11072,""status_code"":200,""error_category"":null,""error_message"":null,""usage"":{""input_tokens"":2129,""output_tokens"":356,""reasoning_tokens"":null,""cached_tokens"":2048,""cache_write_tokens"":null,""total_tokens"":2485},""cost_usd"":7.744744e-05,""generation_id"":""gen-1786876987-uzMmkWvCXrEe5V40URvg"",""response_cache_status"":""UNKNOWN"",""observed_provider"":""Baidu"",""observed_endpoint"":null,""observed_quantization"":null}],""response_cache_status"":""UNKNOWN"",""raw_action_valid"":false,""action"":null,""parse_error"":""response must be exactly QUERY <symbols> or SUBMIT <symbols>"",""consecutive_invalid_responses"":1},{""step"":14,""credits_before"":4,""http_attempts"":[{""attempt_number"":1,""started_at"":""2026-08-16T10:44:05.913Z"",""finished_at"":""2026-08-16T10:44:21.459Z"",""duration_ms"":15547,""status_code"":200,""error_category"":null,""error_message"":null,""usage"":{""input_tokens"":2519,""output_tokens"":6,""reasoning_tokens"":null,""cached_tokens"":2048,""cache_write_tokens"":null,""total_tokens"":2525},""cost_usd"":5.748344e-05,""generation_id"":""gen-1786877059-eSzqOzpCHDZFS22FEUj4"",""response_cache_status"":""UNKNOWN"",""observed_provider"":""Baidu"",""observed_endpoint"":null,""observed_quantization"":null}],""response_cache_status"":""UNKNOWN"",""raw_action_valid"":true,""action_received"":""QUERY"",""value"":""AAACCCC"",""action_applied"":""QUERY"",""feedback"":{""exact"":4,""misplaced"":0},""credits_remaining"":3},{""step"":15,""credits_before"":3,""http_attempts"":[{""attempt_number"":1,""started_at"":""2026-08-16T10:45:00.462Z"",""finished_at"":""2026-08-16T10:45:25.039Z"",""duration_ms"":24576,""status_code"":200,""error_category"":null,""error_message"":null,""usage"":{""input_tokens"":2552,""output_tokens"":713,""reasoning_tokens"":null,""cached_tokens"":2048,""cache_write_tokens"":null,""total_tokens"":3265},""cost_usd"":0.00015067024,""generation_id"":""gen-1786877120-9cqrETo4mKnCRLy8ODKT"",""response_cache_status"":""UNKNOWN"",""observed_provider"":""Baidu"",""observed_endpoint"":null,""observed_quantization"":null}],""response_cache_status"":""UNKNOWN"",""raw_action_valid"":false,""action"":null,""parse_error"":""response must be exactly QUERY <symbols> or SUBMIT <symbols>"",""consecutive_invalid_responses"":1},{""step"":16,""credits_before"":3,""http_attempts"":[{""attempt_number"":1,""started_at"":""2026-08-16T10:46:08.633Z"",""finished_at"":""2026-08-16T10:46:18.821Z"",""duration_ms"":10188,""status_code"":200,""error_category"":null,""error_message"":null,""usage"":{""input_tokens"":3299,""output_tokens"":6,""reasoning_tokens"":null,""cached_tokens"":2048,""cache_write_tokens"":null,""total_tokens"":3305},""cost_usd"":0.00010771544,""generation_id"":""gen-1786877177-Y4Hcwa28cAMTaUkQ0lnG"",""response_cache_status"":""UNKNOWN"",""observed_provider"":""Baidu"",""observed_endpoint"":null,""observed_quantization"":null}],""response_cache_status"":""UNKNOWN"",""raw_action_valid"":true,""action_received"":""QUERY"",""value"":""AACCCCC"",""action_applied"":""QUERY"",""feedback"":{""exact"":4,""misplaced"":0},""credits_remaining"":2},{""step"":17,""credits_before"":2,""http_attempts"":[{""attempt_number"":1,""started_at"":""2026-08-16T10:46:51.980Z"",""finished_at"":""2026-08-16T10:47:09.448Z"",""duration_ms"":17468,""status_code"":200,""error_category"":null,""error_message"":null,""usage"":{""input_tokens"":3332,""output_tokens"":576,""reasoning_tokens"":null,""cached_tokens"":3072,""cache_write_tokens"":null,""total_tokens"":3908},""cost_usd"":0.00013050016,""generation_id"":""gen-1786877225-JZSO5WfYHqVxGUTLPUVP"",""response_cache_status"":""UNKNOWN"",""observed_provider"":""Baidu"",""observed_endpoint"":null,""observed_quantization"":null}],""response_cache_status"":""UNKNOWN"",""raw_action_valid"":false,""action"":null,""parse_error"":""response must be exactly QUERY <symbols> or SUBMIT <symbols>"",""consecutive_invalid_responses"":1},{""step"":18,""credits_before"":2,""http_attempts"":[{""attempt_number"":1,""started_at"":""2026-08-16T10:47:25.121Z"",""finished_at"":""2026-08-16T10:47:50.259Z"",""duration_ms"":25138,""status_code"":200,""error_category"":null,""error_message"":null,""usage"":{""input_tokens"":3942,""output_tokens"":6,""reasoning_tokens"":null,""cached_tokens"":3072,""cache_write_tokens"":null,""total_tokens"":3948},""cost_usd"":9.636816e-05,""generation_id"":""gen-1786877267-4vqOsAJbrSig8MVZXDyk"",""response_cache_status"":""UNKNOWN"",""observed_provider"":""Baidu"",""observed_endpoint"":null,""observed_quantization"":null}],""response_cache_status"":""UNKNOWN"",""raw_action_valid"":true,""action_received"":""QUERY"",""value"":""AACCCAA"",""action_applied"":""QUERY"",""feedback"":{""exact"":3,""misplaced"":1},""credits_remaining"":1},{""step"":19,""credits_before"":1,""http_attempts"":[{""attempt_number"":1,""started_at"":""2026-08-16T10:47:58.934Z"",""finished_at"":""2026-08-16T10:48:25.264Z"",""duration_ms"":26330,""status_code"":200,""error_category"":null,""error_message"":null,""usage"":{""input_tokens"":3975,""output_tokens"":682,""reasoning_tokens"":null,""cached_tokens"":3072,""cache_write_tokens"":null,""total_tokens"":4657},""cost_usd"":0.00018556216,""generation_id"":""gen-1786877300-4M3qYZKSDLqhwXMH0zEz"",""response_cache_status"":""UNKNOWN"",""observed_provider"":""Baidu"",""observed_endpoint"":null,""observed_quantization"":null}],""response_cache_status"":""UNKNOWN"",""raw_action_valid"":false,""action"":null,""parse_error"":""response must be exactly QUERY <symbols> or SUBMIT <symbols>"",""consecutive_invalid_responses"":1},{""step"":20,""credits_before"":1,""http_attempts"":[{""attempt_number"":1,""started_at"":""2026-08-16T10:48:25.265Z"",""finished_at"":""2026-08-16T10:48:37.132Z"",""duration_ms"":11867,""status_code"":200,""error_category"":null,""error_message"":null,""usage"":{""input_tokens"":4691,""output_tokens"":8,""reasoning_tokens"":null,""cached_tokens"":3072,""cache_write_tokens"":null,""total_tokens"":4699},""cost_usd"":0.00014486136,""generation_id"":""gen-1786877315-hVPvGzCt3Cmip7S6dknC"",""response_cache_status"":""UNKNOWN"",""observed_provider"":""Baidu"",""observed_endpoint"":null,""observed_quantization"":null}],""response_cache_status"":""UNKNOWN"",""raw_action_valid"":true,""action_received"":""SUBMIT"",""value"":""AAFCFCF"",""action_applied"":""SUBMIT"",""coerced_at_zero_credits"":false,""credits_remaining"":1}]"
bc5c4294-b4dd-499d-9196-02b8bd5e1bb2,bc5c4294-b4dd-499d-9196-02b8bd5e1bb2,1,,9,deepseek,deepseek-v4-flash-0731,deepseek/deepseek-v4-flash-0731,baidu,Baidu,baidu/fp8,,,,B,same_model_instance,2026-08-16T10:00:37.626Z,2026-08-16T10:48:46.456Z,2888830,3d3baa6feb49226c87c6bc0788fe1936,eb874879d1f069aa,FJHFGFB,7,10,10,9,1,FFHBGFJ,4,0.5714285714285714,false,partial,19,19,0,9,151522,25884,,116480,,177406,0.0070908264,true,true,false,beac9c73922a2ffe8812688677869d60b795a42f7917e7d966869980810162d3,"{""max_tokens"":8192,""temperature"":null,""top_p"":null,""top_k"":null,""min_p"":null,""seed"":null,""reasoning"":{""enabled"":false,""effort"":null,""max_tokens"":null,""exclude"":true},""thinking"":null}","{""endpoint_slug"":""baidu/fp8"",""quantizations"":null,""allow_fallbacks"":false,""require_parameters"":true}",completed,true,[],,,response must be exactly QUERY <symbols> or SUBMIT <symbols>,"[{""step"":1,""credits_before"":10,""http_attempts"":[{""attempt_number"":1,""started_at"":""2026-08-16T10:00:37.626Z"",""finished_at"":""2026-08-16T10:01:01.894Z"",""duration_ms"":24268,""status_code"":200,""error_category"":null,""error_message"":null,""usage"":{""input_tokens"":263,""output_tokens"":56,""reasoning_tokens"":null,""cached_tokens"":256,""cache_write_tokens"":null,""total_tokens"":319},""cost_usd"":1.096088e-05,""generation_id"":""gen-1786874460-ptaCmAjAbJfk65x0gdPY"",""response_cache_status"":""UNKNOWN"",""observed_provider"":""Baidu"",""observed_endpoint"":null,""observed_quantization"":null}],""response_cache_status"":""UNKNOWN"",""raw_action_valid"":false,""action"":null,""parse_error"":""response must be exactly QUERY <symbols> or SUBMIT <symbols>"",""consecutive_invalid_responses"":1},{""step"":2,""credits_before"":10,""http_attempts"":[{""attempt_number"":1,""started_at"":""2026-08-16T10:04:34.850Z"",""finished_at"":""2026-08-16T10:04:58.763Z"",""duration_ms"":23913,""status_code"":200,""error_category"":null,""error_message"":null,""usage"":{""input_tokens"":353,""output_tokens"":6,""reasoning_tokens"":null,""cached_tokens"":256,""cache_write_tokens"":null,""total_tokens"":359},""cost_usd"":1.031688e-05,""generation_id"":""gen-1786874697-eTVWmAcUEcDGqazlkHcV"",""response_cache_status"":""UNKNOWN"",""observed_provider"":""Baidu"",""observed_endpoint"":null,""observed_quantization"":null}],""response_cache_status"":""UNKNOWN"",""raw_action_valid"":true,""action_received"":""QUERY"",""value"":""ABCDEFG"",""action_applied"":""QUERY"",""feedback"":{""exact"":1,""misplaced"":2},""credits_remaining"":9},{""step"":3,""credits_before"":9,""http_attempts"":[{""attempt_number"":1,""started_at"":""2026-08-16T10:08:23.170Z"",""finished_at"":""2026-08-16T10:08:47.312Z"",""duration_ms"":24142,""status_code"":200,""error_category"":null,""error_message"":null,""usage"":{""input_tokens"":386,""output_tokens"":6,""reasoning_tokens"":null,""cached_tokens"":256,""cache_write_tokens"":null,""total_tokens"":392},""cost_usd"":1.244208e-05,""generation_id"":""gen-1786874925-S1HVqoldjU81uYoA5IrB"",""response_cache_status"":""UNKNOWN"",""observed_provider"":""Baidu"",""observed_endpoint"":null,""observed_quantization"":null}],""response_cache_status"":""UNKNOWN"",""raw_action_valid"":true,""action_received"":""QUERY"",""value"":""HIJAAAA"",""action_applied"":""QUERY"",""feedback"":{""exact"":0,""misplaced"":2},""credits_remaining"":8},{""step"":4,""credits_before"":8,""http_attempts"":[{""attempt_number"":1,""started_at"":""2026-08-16T10:12:11.821Z"",""finished_at"":""2026-08-16T10:12:35.796Z"",""duration_ms"":23975,""status_code"":200,""error_category"":null,""error_message"":null,""usage"":{""input_tokens"":419,""output_tokens"":7,""reasoning_tokens"":null,""cached_tokens"":256,""cache_write_tokens"":null,""total_tokens"":426},""cost_usd"":1.469608e-05,""generation_id"":""gen-1786875154-OWDKfAMlWFml82ZdoMnf"",""response_cache_status"":""UNKNOWN"",""observed_provider"":""Baidu"",""observed_endpoint"":null,""observed_quantization"":null}],""response_cache_status"":""UNKNOWN"",""raw_action_valid"":true,""action_received"":""QUERY"",""value"":""BCDEFGH"",""action_applied"":""QUERY"",""feedback"":{""exact"":0,""misplaced"":4},""credits_remaining"":7},{""step"":5,""credits_before"":7,""http_attempts"":[{""attempt_number"":1,""started_at"":""2026-08-16T10:15:57.527Z"",""finished_at"":""2026-08-16T10:16:34.674Z"",""duration_ms"":37146,""status_code"":200,""error_category"":null,""error_message"":null,""usage"":{""input_tokens"":453,""output_tokens"":2690,""reasoning_tokens"":null,""cached_tokens"":256,""cache_write_tokens"":null,""total_tokens"":3143},""cost_usd"":0.00036245608,""generation_id"":""gen-1786875379-CcfxHh8AlKYeQbw3FwmM"",""response_cache_status"":""UNKNOWN"",""observed_provider"":""Baidu"",""observed_endpoint"":null,""observed_quantization"":null}],""response_cache_status"":""UNKNOWN"",""raw_action_valid"":false,""action"":null,""parse_error"":""response must be exactly QUERY <symbols> or SUBMIT <symbols>"",""consecutive_invalid_responses"":1},{""step"":6,""credits_before"":7,""http_attempts"":[{""attempt_number"":1,""started_at"":""2026-08-16T10:19:55.060Z"",""finished_at"":""2026-08-16T10:20:18.803Z"",""duration_ms"":23742,""status_code"":200,""error_category"":null,""error_message"":null,""usage"":{""input_tokens"":3177,""output_tokens"":6,""reasoning_tokens"":null,""cached_tokens"":256,""cache_write_tokens"":null,""total_tokens"":3183},""cost_usd"":0.00019218248,""generation_id"":""gen-1786875617-dUtuAT7sWdqiDr2roo6N"",""response_cache_status"":""UNKNOWN"",""observed_provider"":""Baidu"",""observed_endpoint"":null,""observed_quantization"":null}],""response_cache_status"":""UNKNOWN"",""raw_action_valid"":true,""action_received"":""QUERY"",""value"":""HIBCDEF"",""action_applied"":""QUERY"",""feedback"":{""exact"":0,""misplaced"":3},""credits_remaining"":6},{""step"":7,""credits_before"":6,""http_attempts"":[{""attempt_number"":1,""started_at"":""2026-08-16T10:23:37.718Z"",""finished_at"":""2026-08-16T10:24:04.610Z"",""duration_ms"":26892,""status_code"":200,""error_category"":null,""error_message"":null,""usage"":{""input_tokens"":3210,""output_tokens"":812,""reasoning_tokens"":null,""cached_tokens"":3072,""cache_write_tokens"":null,""total_tokens"":4022},""cost_usd"":0.00015304016,""generation_id"":""gen-1786875839-HYIgldZyf2q1lAY2tY5F"",""response_cache_status"":""UNKNOWN"",""observed_provider"":""Baidu"",""observed_endpoint"":null,""observed_quantization"":null}],""response_cache_status"":""UNKNOWN"",""raw_action_valid"":false,""action"":null,""parse_error"":""response must be exactly QUERY <symbols> or SUBMIT <symbols>"",""consecutive_invalid_responses"":1},{""step"":8,""credits_before"":6,""http_attempts"":[{""attempt_number"":1,""started_at"":""2026-08-16T10:27:19.870Z"",""finished_at"":""2026-08-16T10:27:44.407Z"",""duration_ms"":24537,""status_code"":200,""error_category"":null,""error_message"":null,""usage"":{""input_tokens"":4056,""output_tokens"":7,""reasoning_tokens"":null,""cached_tokens"":3072,""cache_write_tokens"":null,""total_tokens"":4063},""cost_usd"":0.00010383856,""generation_id"":""gen-1786876062-6NWlmu2f8kv9bqYhp9BW"",""response_cache_status"":""UNKNOWN"",""observed_provider"":""Baidu"",""observed_endpoint"":null,""observed_quantization"":null}],""response_cache_status"":""UNKNOWN"",""raw_action_valid"":true,""action_received"":""QUERY"",""value"":""BCHJGDE"",""action_applied"":""QUERY"",""feedback"":{""exact"":2,""misplaced"":2},""credits_remaining"":5},{""step"":9,""credits_before"":5,""http_attempts"":[{""attempt_number"":1,""started_at"":""2026-08-16T10:30:53.225Z"",""finished_at"":""2026-08-16T10:31:20.133Z"",""duration_ms"":26908,""status_code"":200,""error_category"":null,""error_message"":null,""usage"":{""input_tokens"":4090,""output_tokens"":589,""reasoning_tokens"":null,""cached_tokens"":3072,""cache_write_tokens"":null,""total_tokens"":4679},""cost_usd"":0.00018098976,""generation_id"":""gen-1786876275-v7795n3qEMPCDWvRZTdr"",""response_cache_status"":""UNKNOWN"",""observed_provider"":""Baidu"",""observed_endpoint"":null,""observed_quantization"":null}],""response_cache_status"":""UNKNOWN"",""raw_action_valid"":false,""action"":null,""parse_error"":""response must be exactly QUERY <symbols> or SUBMIT <symbols>"",""consecutive_invalid_responses"":1},{""step"":10,""credits_before"":5,""http_attempts"":[{""attempt_number"":1,""started_at"":""2026-08-16T10:34:26.812Z"",""finished_at"":""2026-08-16T10:34:50.627Z"",""duration_ms"":23814,""status_code"":200,""error_category"":null,""error_message"":null,""usage"":{""input_tokens"":4713,""output_tokens"":7,""reasoning_tokens"":null,""cached_tokens"":3072,""cache_write_tokens"":null,""total_tokens"":4720},""cost_usd"":0.00014614936,""generation_id"":""gen-1786876488-2rmuti5oH7A7vibhdaL3"",""response_cache_status"":""UNKNOWN"",""observed_provider"":""Baidu"",""observed_endpoint"":null,""observed_quantization"":null}],""response_cache_status"":""UNKNOWN"",""raw_action_valid"":true,""action_received"":""QUERY"",""value"":""BHHJJGG"",""action_applied"":""QUERY"",""feedback"":{""exact"":1,""misplaced"":3},""credits_remaining"":4},{""step"":11,""credits_before"":4,""http_attempts"":[{""attempt_number"":1,""started_at"":""2026-08-16T10:37:51.219Z"",""finished_at"":""2026-08-16T10:38:20.009Z"",""duration_ms"":28790,""status_code"":200,""error_category"":null,""error_message"":null,""usage"":{""input_tokens"":4747,""output_tokens"":1014,""reasoning_tokens"":null,""cached_tokens"":4096,""cache_write_tokens"":null,""total_tokens"":5761},""cost_usd"":0.00022528408,""generation_id"":""gen-1786876693-3oY8JsmYfvJr9ThQUd2l"",""response_cache_status"":""UNKNOWN"",""observed_provider"":""Baidu"",""observed_endpoint"":null,""observed_quantization"":null}],""response_cache_status"":""UNKNOWN"",""raw_action_valid"":false,""action"":null,""parse_error"":""response must be exactly QUERY <symbols> or SUBMIT <symbols>"",""consecutive_invalid_responses"":1},{""step"":12,""credits_before"":4,""http_attempts"":[{""attempt_number"":1,""started_at"":""2026-08-16T10:40:42.340Z"",""finished_at"":""2026-08-16T10:41:03.251Z"",""duration_ms"":20911,""status_code"":200,""error_category"":null,""error_message"":null,""usage"":{""input_tokens"":5795,""output_tokens"":7,""reasoning_tokens"":null,""cached_tokens"":4096,""cache_write_tokens"":null,""total_tokens"":5802},""cost_usd"":0.00016307368,""generation_id"":""gen-1786876861-DP0EPHQtiEszhvIF8fjp"",""response_cache_status"":""UNKNOWN"",""observed_provider"":""Baidu"",""observed_endpoint"":null,""observed_quantization"":null}],""response_cache_status"":""UNKNOWN"",""raw_action_valid"":true,""action_received"":""QUERY"",""value"":""CDEFGHJ"",""action_applied"":""QUERY"",""feedback"":{""exact"":2,""misplaced"":2},""credits_remaining"":3},{""step"":13,""credits_before"":3,""http_attempts"":[{""attempt_number"":1,""started_at"":""2026-08-16T10:42:27.315Z"",""finished_at"":""2026-08-16T10:43:12.160Z"",""duration_ms"":44845,""status_code"":200,""error_category"":null,""error_message"":null,""usage"":{""input_tokens"":5829,""output_tokens"":5244,""reasoning_tokens"":null,""cached_tokens"":5120,""cache_write_tokens"":null,""total_tokens"":11073},""cost_usd"":0.0007870324,""generation_id"":""gen-1786876966-BVF5cpGmBNpxalof5z8W"",""response_cache_status"":""UNKNOWN"",""observed_provider"":""Baidu"",""observed_endpoint"":null,""observed_quantization"":null}],""response_cache_status"":""UNKNOWN"",""raw_action_valid"":false,""action"":null,""parse_error"":""response must be exactly QUERY <symbols> or SUBMIT <symbols>"",""consecutive_invalid_responses"":1},{""step"":14,""credits_before"":3,""http_attempts"":[{""attempt_number"":1,""started_at"":""2026-08-16T10:44:10.205Z"",""finished_at"":""2026-08-16T10:44:25.258Z"",""duration_ms"":15053,""status_code"":200,""error_category"":null,""error_message"":null,""usage"":{""input_tokens"":11107,""output_tokens"":7,""reasoning_tokens"":null,""cached_tokens"":5120,""cache_write_tokens"":null,""total_tokens"":11114},""cost_usd"":0.00045241,""generation_id"":""gen-1786877062-JJh9ONBzAPI5KcAWFIlD"",""response_cache_status"":""UNKNOWN"",""observed_provider"":""Baidu"",""observed_endpoint"":null,""observed_quantization"":null}],""response_cache_status"":""UNKNOWN"",""raw_action_valid"":true,""action_received"":""QUERY"",""value"":""JBHFGBF"",""action_applied"":""QUERY"",""feedback"":{""exact"":3,""misplaced"":3},""credits_remaining"":2},{""step"":15,""credits_before"":2,""http_attempts"":[{""attempt_number"":1,""started_at"":""2026-08-16T10:45:12.741Z"",""finished_at"":""2026-08-16T10:46:04.615Z"",""duration_ms"":51875,""status_code"":200,""error_category"":null,""error_message"":null,""usage"":{""input_tokens"":11141,""output_tokens"":8192,""reasoning_tokens"":null,""cached_tokens"":10240,""cache_write_tokens"":null,""total_tokens"":19333},""cost_usd"":0.0012450452,""generation_id"":""gen-1786877129-I19vwY4LtcGd8OjHTRHL"",""response_cache_status"":""UNKNOWN"",""observed_provider"":""Baidu"",""observed_endpoint"":null,""observed_quantization"":null}],""response_cache_status"":""UNKNOWN"",""raw_action_valid"":false,""action"":null,""parse_error"":""response must be exactly QUERY <symbols> or SUBMIT <symbols>"",""consecutive_invalid_responses"":1},{""step"":16,""credits_before"":2,""http_attempts"":[{""attempt_number"":1,""started_at"":""2026-08-16T10:46:43.523Z"",""finished_at"":""2026-08-16T10:47:09.336Z"",""duration_ms"":25814,""status_code"":200,""error_category"":null,""error_message"":null,""usage"":{""input_tokens"":19368,""output_tokens"":3445,""reasoning_tokens"":null,""cached_tokens"":10240,""cache_write_tokens"":null,""total_tokens"":22813},""cost_usd"":0.0011634504,""generation_id"":""gen-1786877213-SIaR7E9MfRUMFhzNJbiC"",""response_cache_status"":""UNKNOWN"",""observed_provider"":""Baidu"",""observed_endpoint"":null,""observed_quantization"":null}],""response_cache_status"":""UNKNOWN"",""raw_action_valid"":false,""action"":null,""parse_error"":""response must be exactly QUERY <symbols> or SUBMIT <symbols>"",""consecutive_invalid_responses"":2},{""step"":17,""credits_before"":2,""http_attempts"":[{""attempt_number"":1,""started_at"":""2026-08-16T10:47:22.083Z"",""finished_at"":""2026-08-16T10:47:46.223Z"",""duration_ms"":24140,""status_code"":200,""error_category"":null,""error_message"":null,""usage"":{""input_tokens"":22847,""output_tokens"":7,""reasoning_tokens"":null,""cached_tokens"":18432,""cache_write_tokens"":null,""total_tokens"":22854},""cost_usd"":0.00052263176,""generation_id"":""gen-1786877264-9Yma1jSO5uDyFsdW62TK"",""response_cache_status"":""UNKNOWN"",""observed_provider"":""Baidu"",""observed_endpoint"":null,""observed_quantization"":null}],""response_cache_status"":""UNKNOWN"",""raw_action_valid"":true,""action_received"":""QUERY"",""value"":""BBHFGBJ"",""action_applied"":""QUERY"",""feedback"":{""exact"":3,""misplaced"":2},""credits_remaining"":1},{""step"":18,""credits_before"":1,""http_attempts"":[{""attempt_number"":1,""started_at"":""2026-08-16T10:47:52.211Z"",""finished_at"":""2026-08-16T10:48:31.816Z"",""duration_ms"":39606,""status_code"":200,""error_category"":null,""error_message"":null,""usage"":{""input_tokens"":22881,""output_tokens"":3774,""reasoning_tokens"":null,""cached_tokens"":22528,""cache_write_tokens"":null,""total_tokens"":26655},""cost_usd"":0.00079898504,""generation_id"":""gen-1786877294-wBev5cjPsJ2KF3lQpt6g"",""response_cache_status"":""UNKNOWN"",""observed_provider"":""Baidu"",""observed_endpoint"":null,""observed_quantization"":null}],""response_cache_status"":""UNKNOWN"",""raw_action_valid"":false,""action"":null,""parse_error"":""response must be exactly QUERY <symbols> or SUBMIT <symbols>"",""consecutive_invalid_responses"":1},{""step"":19,""credits_before"":1,""http_attempts"":[{""attempt_number"":1,""started_at"":""2026-08-16T10:48:31.817Z"",""finished_at"":""2026-08-16T10:48:46.455Z"",""duration_ms"":14638,""status_code"":200,""error_category"":null,""error_message"":null,""usage"":{""input_tokens"":26687,""output_tokens"":8,""reasoning_tokens"":null,""cached_tokens"":22784,""cache_write_tokens"":null,""total_tokens"":26695},""cost_usd"":0.00054584152,""generation_id"":""gen-1786877324-Wyev9jc2NPt2mMo9274j"",""response_cache_status"":""UNKNOWN"",""observed_provider"":""Baidu"",""observed_endpoint"":null,""observed_quantization"":null}],""response_cache_status"":""UNKNOWN"",""raw_action_valid"":true,""action_received"":""SUBMIT"",""value"":""FFHBGFJ"",""action_applied"":""SUBMIT"",""coerced_at_zero_credits"":false,""credits_remaining"":1}]"
1fcb347c-b7dd-4a93-81de-a5af543c867f,1fcb347c-b7dd-4a93-81de-a5af543c867f,1,,17,deepseek,deepseek-v4-flash-0731,deepseek/deepseek-v4-flash-0731,baidu,Baidu,baidu/fp8,,,,C,different_model,2026-08-16T10:01:16.576Z,2026-08-16T10:48:52.202Z,2855626,3d3baa6feb49226c87c6bc0788fe1936,7fd1e53632448b8c,GFEFBAF,7,10,10,10,0,CCBCCAC,1,0.14285714285714285,false,partial,22,22,0,11,36931,2263,,27904,,39194,0.00123221672,true,true,false,2ac8682c462a8f01ea519b44aa73090e57243476b55eaf2539123ca100c55ab6,"{""max_tokens"":8192,""temperature"":null,""top_p"":null,""top_k"":null,""min_p"":null,""seed"":null,""reasoning"":{""enabled"":false,""effort"":null,""max_tokens"":null,""exclude"":true},""thinking"":null}","{""endpoint_slug"":""baidu/fp8"",""quantizations"":null,""allow_fallbacks"":false,""require_parameters"":true}",completed,true,[],,,response must be exactly QUERY <symbols> or SUBMIT <symbols>,"[{""step"":1,""credits_before"":10,""http_attempts"":[{""attempt_number"":1,""started_at"":""2026-08-16T10:01:16.576Z"",""finished_at"":""2026-08-16T10:01:41.121Z"",""duration_ms"":24544,""status_code"":200,""error_category"":null,""error_message"":null,""usage"":{""input_tokens"":268,""output_tokens"":69,""reasoning_tokens"":null,""cached_tokens"":256,""cache_write_tokens"":null,""total_tokens"":337},""cost_usd"":1.295728e-05,""generation_id"":""gen-1786874499-4vNE5QjW4WzrOksTcsqw"",""response_cache_status"":""UNKNOWN"",""observed_provider"":""Baidu"",""observed_endpoint"":null,""observed_quantization"":null}],""response_cache_status"":""UNKNOWN"",""raw_action_valid"":false,""action"":null,""parse_error"":""response must be exactly QUERY <symbols> or SUBMIT <symbols>"",""consecutive_invalid_responses"":1},{""step"":2,""credits_before"":10,""http_attempts"":[{""attempt_number"":1,""started_at"":""2026-08-16T10:05:10.798Z"",""finished_at"":""2026-08-16T10:05:35.020Z"",""duration_ms"":24221,""status_code"":200,""error_category"":null,""error_message"":null,""usage"":{""input_tokens"":371,""output_tokens"":6,""reasoning_tokens"":null,""cached_tokens"":256,""cache_write_tokens"":null,""total_tokens"":377},""cost_usd"":1.147608e-05,""generation_id"":""gen-1786874733-zhdgrOOQSsfi75Zoauci"",""response_cache_status"":""UNKNOWN"",""observed_provider"":""Baidu"",""observed_endpoint"":null,""observed_quantization"":null}],""response_cache_status"":""UNKNOWN"",""raw_action_valid"":true,""action_received"":""QUERY"",""value"":""AAAAAAA"",""action_applied"":""QUERY"",""feedback"":{""exact"":1,""misplaced"":0},""credits_remaining"":9},{""step"":3,""credits_before"":9,""http_attempts"":[{""attempt_number"":1,""started_at"":""2026-08-16T10:08:59.463Z"",""finished_at"":""2026-08-16T10:09:23.635Z"",""duration_ms"":24172,""status_code"":200,""error_category"":null,""error_message"":null,""usage"":{""input_tokens"":404,""output_tokens"":52,""reasoning_tokens"":null,""cached_tokens"":256,""cache_write_tokens"":null,""total_tokens"":456},""cost_usd"":1.952608e-05,""generation_id"":""gen-1786874961-YAp7xhsuqbzzPSLPeIkh"",""response_cache_status"":""UNKNOWN"",""observed_provider"":""Baidu"",""observed_endpoint"":null,""observed_quantization"":null}],""response_cache_status"":""UNKNOWN"",""raw_action_valid"":false,""action"":null,""parse_error"":""response must be exactly QUERY <symbols> or SUBMIT <symbols>"",""consecutive_invalid_responses"":1},{""step"":4,""credits_before"":9,""http_attempts"":[{""attempt_number"":1,""started_at"":""2026-08-16T10:12:44.785Z"",""finished_at"":""2026-08-16T10:13:08.777Z"",""duration_ms"":23992,""status_code"":200,""error_category"":null,""error_message"":null,""usage"":{""input_tokens"":490,""output_tokens"":6,""reasoning_tokens"":null,""cached_tokens"":256,""cache_write_tokens"":null,""total_tokens"":496},""cost_usd"":1.913968e-05,""generation_id"":""gen-1786875187-HS9DB2kpLiiqf8fKaLzx"",""response_cache_status"":""UNKNOWN"",""observed_provider"":""Baidu"",""observed_endpoint"":null,""observed_quantization"":null}],""response_cache_status"":""UNKNOWN"",""raw_action_valid"":true,""action_received"":""QUERY"",""value"":""BBBBBBB"",""action_applied"":""QUERY"",""feedback"":{""exact"":1,""misplaced"":0},""credits_remaining"":8},{""step"":5,""credits_before"":8,""http_attempts"":[{""attempt_number"":1,""started_at"":""2026-08-16T10:16:33.554Z"",""finished_at"":""2026-08-16T10:16:57.251Z"",""duration_ms"":23697,""status_code"":200,""error_category"":null,""error_message"":null,""usage"":{""input_tokens"":523,""output_tokens"":447,""reasoning_tokens"":null,""cached_tokens"":256,""cache_write_tokens"":null,""total_tokens"":970},""cost_usd"":7.806568e-05,""generation_id"":""gen-1786875412-gJq87TwMxx30DVJ2YYEP"",""response_cache_status"":""UNKNOWN"",""observed_provider"":""Baidu"",""observed_endpoint"":null,""observed_quantization"":null}],""response_cache_status"":""UNKNOWN"",""raw_action_valid"":false,""action"":null,""parse_error"":""response must be exactly QUERY <symbols> or SUBMIT <symbols>"",""consecutive_invalid_responses"":1},{""step"":6,""credits_before"":8,""http_attempts"":[{""attempt_number"":1,""started_at"":""2026-08-16T10:20:15.693Z"",""finished_at"":""2026-08-16T10:20:39.974Z"",""duration_ms"":24281,""status_code"":200,""error_category"":null,""error_message"":null,""usage"":{""input_tokens"":1004,""output_tokens"":6,""reasoning_tokens"":null,""cached_tokens"":512,""cache_write_tokens"":null,""total_tokens"":1010},""cost_usd"":3.905216e-05,""generation_id"":""gen-1786875638-sLy6m28IW8rFBnsR8xnV"",""response_cache_status"":""UNKNOWN"",""observed_provider"":""Baidu"",""observed_endpoint"":null,""observed_quantization"":null}],""response_cache_status"":""UNKNOWN"",""raw_action_valid"":true,""action_received"":""QUERY"",""value"":""ABCCCCC"",""action_applied"":""QUERY"",""feedback"":{""exact"":0,""misplaced"":2},""credits_remaining"":7},{""step"":7,""credits_before"":7,""http_attempts"":[{""attempt_number"":1,""started_at"":""2026-08-16T10:24:04.172Z"",""finished_at"":""2026-08-16T10:24:25.416Z"",""duration_ms"":21244,""status_code"":200,""error_category"":null,""error_message"":null,""usage"":{""input_tokens"":1037,""output_tokens"":497,""reasoning_tokens"":null,""cached_tokens"":768,""cache_write_tokens"":null,""total_tokens"":1534},""cost_usd"":9.122904e-05,""generation_id"":""gen-1786875860-OgC6BQ2e6FIlFVtMUWiz"",""response_cache_status"":""UNKNOWN"",""observed_provider"":""Baidu"",""observed_endpoint"":null,""observed_quantization"":null}],""response_cache_status"":""UNKNOWN"",""raw_action_valid"":false,""action"":null,""parse_error"":""response must be exactly QUERY <symbols> or SUBMIT <symbols>"",""consecutive_invalid_responses"":1},{""step"":8,""credits_before"":7,""http_attempts"":[{""attempt_number"":1,""started_at"":""2026-08-16T10:27:46.585Z"",""finished_at"":""2026-08-16T10:28:07.843Z"",""duration_ms"":21257,""status_code"":200,""error_category"":null,""error_message"":null,""usage"":{""input_tokens"":1568,""output_tokens"":7,""reasoning_tokens"":null,""cached_tokens"":1024,""cache_write_tokens"":null,""total_tokens"":1575},""cost_usd"":4.912432e-05,""generation_id"":""gen-1786876086-CJmVWciGbPBEfpSdgDfi"",""response_cache_status"":""UNKNOWN"",""observed_provider"":""Baidu"",""observed_endpoint"":null,""observed_quantization"":null}],""response_cache_status"":""UNKNOWN"",""raw_action_valid"":true,""action_received"":""QUERY"",""value"":""ADDDDDD"",""action_applied"":""QUERY"",""feedback"":{""exact"":0,""misplaced"":1},""credits_remaining"":6},{""step"":9,""credits_before"":6,""http_attempts"":[{""attempt_number"":1,""started_at"":""2026-08-16T10:31:20.576Z"",""finished_at"":""2026-08-16T10:31:45.467Z"",""duration_ms"":24891,""status_code"":200,""error_category"":null,""error_message"":null,""usage"":{""input_tokens"":1602,""output_tokens"":239,""reasoning_tokens"":null,""cached_tokens"":1024,""cache_write_tokens"":null,""total_tokens"":1841},""cost_usd"":8.119552e-05,""generation_id"":""gen-1786876302-umBZl1EDqOYFYkDcmASo"",""response_cache_status"":""UNKNOWN"",""observed_provider"":""Baidu"",""observed_endpoint"":null,""observed_quantization"":null}],""response_cache_status"":""UNKNOWN"",""raw_action_valid"":false,""action"":null,""parse_error"":""response must be exactly QUERY <symbols> or SUBMIT <symbols>"",""consecutive_invalid_responses"":1},{""step"":10,""credits_before"":6,""http_attempts"":[{""attempt_number"":1,""started_at"":""2026-08-16T10:34:53.246Z"",""finished_at"":""2026-08-16T10:35:17.354Z"",""duration_ms"":24108,""status_code"":200,""error_category"":null,""error_message"":null,""usage"":{""input_tokens"":1875,""output_tokens"":7,""reasoning_tokens"":null,""cached_tokens"":1024,""cache_write_tokens"":null,""total_tokens"":1882},""cost_usd"":6.889512e-05,""generation_id"":""gen-1786876515-O9r8UYkgcJViJG7gHQ99"",""response_cache_status"":""UNKNOWN"",""observed_provider"":""Baidu"",""observed_endpoint"":null,""observed_quantization"":null}],""response_cache_status"":""UNKNOWN"",""raw_action_valid"":true,""action_received"":""QUERY"",""value"":""DADDDDD"",""action_applied"":""QUERY"",""feedback"":{""exact"":0,""misplaced"":1},""credits_remaining"":5},{""step"":11,""credits_before"":5,""http_attempts"":[{""attempt_number"":1,""started_at"":""2026-08-16T10:38:20.879Z"",""finished_at"":""2026-08-16T10:38:42.662Z"",""duration_ms"":21783,""status_code"":200,""error_category"":null,""error_message"":null,""usage"":{""input_tokens"":1909,""output_tokens"":73,""reasoning_tokens"":null,""cached_tokens"":1024,""cache_write_tokens"":null,""total_tokens"":1982},""cost_usd"":7.958552e-05,""generation_id"":""gen-1786876720-miuJKP0Z2CAujxLMBxtk"",""response_cache_status"":""UNKNOWN"",""observed_provider"":""Baidu"",""observed_endpoint"":null,""observed_quantization"":null}],""response_cache_status"":""UNKNOWN"",""raw_action_valid"":false,""action"":null,""parse_error"":""response must be exactly QUERY <symbols> or SUBMIT <symbols>"",""consecutive_invalid_responses"":1},{""step"":12,""credits_before"":5,""http_attempts"":[{""attempt_number"":1,""started_at"":""2026-08-16T10:41:00.248Z"",""finished_at"":""2026-08-16T10:41:20.973Z"",""duration_ms"":20725,""status_code"":200,""error_category"":null,""error_message"":null,""usage"":{""input_tokens"":2016,""output_tokens"":7,""reasoning_tokens"":null,""cached_tokens"":1024,""cache_write_tokens"":null,""total_tokens"":2023},""cost_usd"":7.797552e-05,""generation_id"":""gen-1786876879-vSMK5IMyAsMqmjnqY2ty"",""response_cache_status"":""UNKNOWN"",""observed_provider"":""Baidu"",""observed_endpoint"":null,""observed_quantization"":null}],""response_cache_status"":""UNKNOWN"",""raw_action_valid"":true,""action_received"":""QUERY"",""value"":""DDADDDD"",""action_applied"":""QUERY"",""feedback"":{""exact"":0,""misplaced"":1},""credits_remaining"":4},{""step"":13,""credits_before"":4,""http_attempts"":[{""attempt_number"":1,""started_at"":""2026-08-16T10:42:45.362Z"",""finished_at"":""2026-08-16T10:43:06.516Z"",""duration_ms"":21155,""status_code"":200,""error_category"":null,""error_message"":null,""usage"":{""input_tokens"":2050,""output_tokens"":37,""reasoning_tokens"":null,""cached_tokens"":1024,""cache_write_tokens"":null,""total_tokens"":2087},""cost_usd"":8.402912e-05,""generation_id"":""gen-1786876984-6H2U1Jvyt5Ff7gHzq5k9"",""response_cache_status"":""UNKNOWN"",""observed_provider"":""Baidu"",""observed_endpoint"":null,""observed_quantization"":null}],""response_cache_status"":""UNKNOWN"",""raw_action_valid"":false,""action"":null,""parse_error"":""response must be exactly QUERY <symbols> or SUBMIT <symbols>"",""consecutive_invalid_responses"":1},{""step"":14,""credits_before"":4,""http_attempts"":[{""attempt_number"":1,""started_at"":""2026-08-16T10:43:55.716Z"",""finished_at"":""2026-08-16T10:44:12.706Z"",""duration_ms"":16989,""status_code"":200,""error_category"":null,""error_message"":null,""usage"":{""input_tokens"":2121,""output_tokens"":7,""reasoning_tokens"":null,""cached_tokens"":2048,""cache_write_tokens"":null,""total_tokens"":2128},""cost_usd"":3.198104e-05,""generation_id"":""gen-1786877050-jVZjUZkDuaVYKlUMYabA"",""response_cache_status"":""UNKNOWN"",""observed_provider"":""Baidu"",""observed_endpoint"":null,""observed_quantization"":null}],""response_cache_status"":""UNKNOWN"",""raw_action_valid"":true,""action_received"":""QUERY"",""value"":""DDDADDD"",""action_applied"":""QUERY"",""feedback"":{""exact"":0,""misplaced"":1},""credits_remaining"":3},{""step"":15,""credits_before"":3,""http_attempts"":[{""attempt_number"":1,""started_at"":""2026-08-16T10:44:55.071Z"",""finished_at"":""2026-08-16T10:45:17.960Z"",""duration_ms"":22889,""status_code"":200,""error_category"":null,""error_message"":null,""usage"":{""input_tokens"":2155,""output_tokens"":21,""reasoning_tokens"":null,""cached_tokens"":2048,""cache_write_tokens"":null,""total_tokens"":2176},""cost_usd"":3.597384e-05,""generation_id"":""gen-1786877114-QvDpRurA2b7yaN0Pv2nQ"",""response_cache_status"":""UNKNOWN"",""observed_provider"":""Baidu"",""observed_endpoint"":null,""observed_quantization"":null}],""response_cache_status"":""UNKNOWN"",""raw_action_valid"":false,""action"":null,""parse_error"":""response must be exactly QUERY <symbols> or SUBMIT <symbols>"",""consecutive_invalid_responses"":1},{""step"":16,""credits_before"":3,""http_attempts"":[{""attempt_number"":1,""started_at"":""2026-08-16T10:46:02.656Z"",""finished_at"":""2026-08-16T10:46:13.010Z"",""duration_ms"":10354,""status_code"":200,""error_category"":null,""error_message"":null,""usage"":{""input_tokens"":2210,""output_tokens"":7,""reasoning_tokens"":null,""cached_tokens"":2048,""cache_write_tokens"":null,""total_tokens"":2217},""cost_usd"":3.771264e-05,""generation_id"":""gen-1786877171-lN9zOTY0qCR0j6n51agK"",""response_cache_status"":""UNKNOWN"",""observed_provider"":""Baidu"",""observed_endpoint"":null,""observed_quantization"":null}],""response_cache_status"":""UNKNOWN"",""raw_action_valid"":true,""action_received"":""QUERY"",""value"":""DDDDADD"",""action_applied"":""QUERY"",""feedback"":{""exact"":0,""misplaced"":1},""credits_remaining"":2},{""step"":17,""credits_before"":2,""http_attempts"":[{""attempt_number"":1,""started_at"":""2026-08-16T10:46:47.362Z"",""finished_at"":""2026-08-16T10:47:00.998Z"",""duration_ms"":13636,""status_code"":200,""error_category"":null,""error_message"":null,""usage"":{""input_tokens"":2244,""output_tokens"":21,""reasoning_tokens"":null,""cached_tokens"":2048,""cache_write_tokens"":null,""total_tokens"":2265},""cost_usd"":4.170544e-05,""generation_id"":""gen-1786877219-Xiia6lV21A5DAFinwAsR"",""response_cache_status"":""UNKNOWN"",""observed_provider"":""Baidu"",""observed_endpoint"":null,""observed_quantization"":null}],""response_cache_status"":""UNKNOWN"",""raw_action_valid"":false,""action"":null,""parse_error"":""response must be exactly QUERY <symbols> or SUBMIT <symbols>"",""consecutive_invalid_responses"":1},{""step"":18,""credits_before"":2,""http_attempts"":[{""attempt_number"":1,""started_at"":""2026-08-16T10:47:16.108Z"",""finished_at"":""2026-08-16T10:47:42.178Z"",""duration_ms"":26071,""status_code"":200,""error_category"":null,""error_message"":null,""usage"":{""input_tokens"":2299,""output_tokens"":7,""reasoning_tokens"":null,""cached_tokens"":2048,""cache_write_tokens"":null,""total_tokens"":2306},""cost_usd"":4.344424e-05,""generation_id"":""gen-1786877258-b811UP9YjuJ8lpHtTNHI"",""response_cache_status"":""UNKNOWN"",""observed_provider"":""Baidu"",""observed_endpoint"":null,""observed_quantization"":null}],""response_cache_status"":""UNKNOWN"",""raw_action_valid"":true,""action_received"":""QUERY"",""value"":""DDDDDAD"",""action_applied"":""QUERY"",""feedback"":{""exact"":1,""misplaced"":0},""credits_remaining"":1},{""step"":19,""credits_before"":1,""http_attempts"":[{""attempt_number"":1,""started_at"":""2026-08-16T10:47:47.089Z"",""finished_at"":""2026-08-16T10:48:11.176Z"",""duration_ms"":24087,""status_code"":200,""error_category"":null,""error_message"":null,""usage"":{""input_tokens"":2333,""output_tokens"":259,""reasoning_tokens"":null,""cached_tokens"":2048,""cache_write_tokens"":null,""total_tokens"":2592},""cost_usd"":7.809144e-05,""generation_id"":""gen-1786877288-cJeGISVJJLS0ic1FcRrz"",""response_cache_status"":""UNKNOWN"",""observed_provider"":""Baidu"",""observed_endpoint"":null,""observed_quantization"":null}],""response_cache_status"":""UNKNOWN"",""raw_action_valid"":false,""action"":null,""parse_error"":""response must be exactly QUERY <symbols> or SUBMIT <symbols>"",""consecutive_invalid_responses"":1},{""step"":20,""credits_before"":1,""http_attempts"":[{""attempt_number"":1,""started_at"":""2026-08-16T10:48:11.177Z"",""finished_at"":""2026-08-16T10:48:28.307Z"",""duration_ms"":17131,""status_code"":200,""error_category"":null,""error_message"":null,""usage"":{""input_tokens"":2626,""output_tokens"":8,""reasoning_tokens"":null,""cached_tokens"":2048,""cache_write_tokens"":null,""total_tokens"":2634},""cost_usd"":6.463184e-05,""generation_id"":""gen-1786877306-m6piukIrvpeYgWs5GMk5"",""response_cache_status"":""UNKNOWN"",""observed_provider"":""Baidu"",""observed_endpoint"":null,""observed_quantization"":null}],""response_cache_status"":""UNKNOWN"",""raw_action_valid"":true,""action_received"":""QUERY"",""value"":""BDDDDAE"",""action_applied"":""QUERY"",""feedback"":{""exact"":1,""misplaced"":2},""credits_remaining"":0},{""step"":21,""credits_before"":0,""http_attempts"":[{""attempt_number"":1,""started_at"":""2026-08-16T10:48:28.308Z"",""finished_at"":""2026-08-16T10:48:45.561Z"",""duration_ms"":17253,""status_code"":200,""error_category"":null,""error_message"":null,""usage"":{""input_tokens"":2661,""output_tokens"":472,""reasoning_tokens"":null,""cached_tokens"":2304,""cache_write_tokens"":null,""total_tokens"":3133},""cost_usd"":0.00011345992,""generation_id"":""gen-1786877321-5ZJ8mqkGAtqo8jF4MlJj"",""response_cache_status"":""UNKNOWN"",""observed_provider"":""Baidu"",""observed_endpoint"":null,""observed_quantization"":null}],""response_cache_status"":""UNKNOWN"",""raw_action_valid"":false,""action"":null,""parse_error"":""response must be exactly QUERY <symbols> or SUBMIT <symbols>"",""consecutive_invalid_responses"":1},{""step"":22,""credits_before"":0,""http_attempts"":[{""attempt_number"":1,""started_at"":""2026-08-16T10:48:45.562Z"",""finished_at"":""2026-08-16T10:48:52.201Z"",""duration_ms"":6639,""status_code"":200,""error_category"":null,""error_message"":null,""usage"":{""input_tokens"":3165,""output_tokens"":8,""reasoning_tokens"":null,""cached_tokens"":2560,""cache_write_tokens"":null,""total_tokens"":3173},""cost_usd"":7.29652e-05,""generation_id"":""gen-1786877330-tVeVPmLMonNL3a7RmKEy"",""response_cache_status"":""UNKNOWN"",""observed_provider"":""Baidu"",""observed_endpoint"":null,""observed_quantization"":null}],""response_cache_status"":""UNKNOWN"",""raw_action_valid"":true,""action_received"":""SUBMIT"",""value"":""CCBCCAC"",""action_applied"":""SUBMIT"",""coerced_at_zero_credits"":false,""credits_remaining"":0}]"
02c415b5-174d-49b2-b2c7-e59880e56e61,02c415b5-174d-49b2-b2c7-e59880e56e61,1,,15,deepseek,deepseek-v4-flash-0731,deepseek/deepseek-v4-flash-0731,baidu,Baidu,baidu/fp8,,,,C,different_model,2026-08-16T10:01:55.622Z,2026-08-16T10:48:58.753Z,2823132,3d3baa6feb49226c87c6bc0788fe1936,c48588cadfc49afa,GFDEEHJ,7,10,10,10,0,DEFDHGI,0,0.0,false,partial,21,21,0,10,112984,11807,1,93952,,124791,0.00395650416,true,true,false,2ac8682c462a8f01ea519b44aa73090e57243476b55eaf2539123ca100c55ab6,"{""max_tokens"":8192,""temperature"":null,""top_p"":null,""top_k"":null,""min_p"":null,""seed"":null,""reasoning"":{""enabled"":false,""effort"":null,""max_tokens"":null,""exclude"":true},""thinking"":null}","{""endpoint_slug"":""baidu/fp8"",""quantizations"":null,""allow_fallbacks"":false,""require_parameters"":true}",completed,true,[],,,response must be exactly QUERY <symbols> or SUBMIT <symbols>,"[{""step"":1,""credits_before"":10,""http_attempts"":[{""attempt_number"":1,""started_at"":""2026-08-16T10:01:55.622Z"",""finished_at"":""2026-08-16T10:02:23.973Z"",""duration_ms"":28351,""status_code"":200,""error_category"":null,""error_message"":null,""usage"":{""input_tokens"":268,""output_tokens"":761,""reasoning_tokens"":null,""cached_tokens"":256,""cache_write_tokens"":null,""total_tokens"":1029},""cost_usd"":0.00010208688,""generation_id"":""gen-1786874538-kTcaOFh9Z1QwZjhFLtvf"",""response_cache_status"":""UNKNOWN"",""observed_provider"":""Baidu"",""observed_endpoint"":null,""observed_quantization"":null}],""response_cache_status"":""UNKNOWN"",""raw_action_valid"":false,""action"":null,""parse_error"":""response must be exactly QUERY <symbols> or SUBMIT <symbols>"",""consecutive_invalid_responses"":1},{""step"":2,""credits_before"":10,""http_attempts"":[{""attempt_number"":1,""started_at"":""2026-08-16T10:05:49.938Z"",""finished_at"":""2026-08-16T10:06:13.831Z"",""duration_ms"":23893,""status_code"":200,""error_category"":null,""error_message"":null,""usage"":{""input_tokens"":1063,""output_tokens"":6,""reasoning_tokens"":null,""cached_tokens"":256,""cache_write_tokens"":null,""total_tokens"":1069},""cost_usd"":5.604088e-05,""generation_id"":""gen-1786874772-lgtv84Bey2iEuzuUnIUt"",""response_cache_status"":""UNKNOWN"",""observed_provider"":""Baidu"",""observed_endpoint"":null,""observed_quantization"":null}],""response_cache_status"":""UNKNOWN"",""raw_action_valid"":true,""action_received"":""QUERY"",""value"":""ABCDEFG"",""action_applied"":""QUERY"",""feedback"":{""exact"":1,""misplaced"":3},""credits_remaining"":9},{""step"":3,""credits_before"":9,""http_attempts"":[{""attempt_number"":1,""started_at"":""2026-08-16T10:09:38.400Z"",""finished_at"":""2026-08-16T10:10:02.502Z"",""duration_ms"":24101,""status_code"":200,""error_category"":null,""error_message"":null,""usage"":{""input_tokens"":1096,""output_tokens"":6,""reasoning_tokens"":null,""cached_tokens"":1024,""cache_write_tokens"":null,""total_tokens"":1102},""cost_usd"":1.859872e-05,""generation_id"":""gen-1786875001-pmiej2qtuSY3L0FnTczt"",""response_cache_status"":""UNKNOWN"",""observed_provider"":""Baidu"",""observed_endpoint"":null,""observed_quantization"":null}],""response_cache_status"":""UNKNOWN"",""raw_action_valid"":true,""action_received"":""QUERY"",""value"":""HIJABCD"",""action_applied"":""QUERY"",""feedback"":{""exact"":0,""misplaced"":3},""credits_remaining"":8},{""step"":4,""credits_before"":8,""http_attempts"":[{""attempt_number"":1,""started_at"":""2026-08-16T10:13:23.843Z"",""finished_at"":""2026-08-16T10:13:56.178Z"",""duration_ms"":32335,""status_code"":200,""error_category"":null,""error_message"":null,""usage"":{""input_tokens"":1129,""output_tokens"":1487,""reasoning_tokens"":null,""cached_tokens"":1024,""cache_write_tokens"":null,""total_tokens"":2616},""cost_usd"":0.00021147672,""generation_id"":""gen-1786875226-MCckuPhLcKThgFBkgXpT"",""response_cache_status"":""UNKNOWN"",""observed_provider"":""Baidu"",""observed_endpoint"":null,""observed_quantization"":null}],""response_cache_status"":""UNKNOWN"",""raw_action_valid"":false,""action"":null,""parse_error"":""response must be exactly QUERY <symbols> or SUBMIT <symbols>"",""consecutive_invalid_responses"":1},{""step"":5,""credits_before"":8,""http_attempts"":[{""attempt_number"":1,""started_at"":""2026-08-16T10:17:15.601Z"",""finished_at"":""2026-08-16T10:17:39.940Z"",""duration_ms"":24339,""status_code"":200,""error_category"":null,""error_message"":null,""usage"":{""input_tokens"":2649,""output_tokens"":6,""reasoning_tokens"":null,""cached_tokens"":1024,""cache_write_tokens"":null,""total_tokens"":2655},""cost_usd"":0.00011861192,""generation_id"":""gen-1786875458-0PE8WyVQPu2YpZoNEkt6"",""response_cache_status"":""UNKNOWN"",""observed_provider"":""Baidu"",""observed_endpoint"":null,""observed_quantization"":null}],""response_cache_status"":""UNKNOWN"",""raw_action_valid"":true,""action_received"":""QUERY"",""value"":""ABABABA"",""action_applied"":""QUERY"",""feedback"":{""exact"":0,""misplaced"":0},""credits_remaining"":7},{""step"":6,""credits_before"":7,""http_attempts"":[{""attempt_number"":1,""started_at"":""2026-08-16T10:21:00.752Z"",""finished_at"":""2026-08-16T10:21:27.858Z"",""duration_ms"":27105,""status_code"":200,""error_category"":null,""error_message"":null,""usage"":{""input_tokens"":2682,""output_tokens"":638,""reasoning_tokens"":null,""cached_tokens"":2048,""cache_write_tokens"":null,""total_tokens"":3320},""cost_usd"":0.00014938224,""generation_id"":""gen-1786875683-chfv1aQCVnQo2a5igmX2"",""response_cache_status"":""UNKNOWN"",""observed_provider"":""Baidu"",""observed_endpoint"":null,""observed_quantization"":null}],""response_cache_status"":""UNKNOWN"",""raw_action_valid"":false,""action"":null,""parse_error"":""response must be exactly QUERY <symbols> or SUBMIT <symbols>"",""consecutive_invalid_responses"":1},{""step"":7,""credits_before"":7,""http_attempts"":[{""attempt_number"":1,""started_at"":""2026-08-16T10:24:40.486Z"",""finished_at"":""2026-08-16T10:25:04.435Z"",""duration_ms"":23949,""status_code"":200,""error_category"":null,""error_message"":null,""usage"":{""input_tokens"":3354,""output_tokens"":6,""reasoning_tokens"":null,""cached_tokens"":2048,""cache_write_tokens"":null,""total_tokens"":3360},""cost_usd"":0.00011125744,""generation_id"":""gen-1786875902-OLdODCSyQasdjjHiNHys"",""response_cache_status"":""UNKNOWN"",""observed_provider"":""Baidu"",""observed_endpoint"":null,""observed_quantization"":null}],""response_cache_status"":""UNKNOWN"",""raw_action_valid"":true,""action_received"":""QUERY"",""value"":""CCCCCCC"",""action_applied"":""QUERY"",""feedback"":{""exact"":0,""misplaced"":0},""credits_remaining"":6},{""step"":8,""credits_before"":6,""http_attempts"":[{""attempt_number"":1,""started_at"":""2026-08-16T10:28:23.343Z"",""finished_at"":""2026-08-16T10:28:51.548Z"",""duration_ms"":28205,""status_code"":200,""error_category"":null,""error_message"":null,""usage"":{""input_tokens"":3387,""output_tokens"":943,""reasoning_tokens"":null,""cached_tokens"":3072,""cache_write_tokens"":null,""total_tokens"":4330},""cost_usd"":0.00018131176,""generation_id"":""gen-1786876125-YmVXBvRzO9RoHoSv8e7x"",""response_cache_status"":""UNKNOWN"",""observed_provider"":""Baidu"",""observed_endpoint"":null,""observed_quantization"":null}],""response_cache_status"":""UNKNOWN"",""raw_action_valid"":false,""action"":null,""parse_error"":""response must be exactly QUERY <symbols> or SUBMIT <symbols>"",""consecutive_invalid_responses"":1},{""step"":9,""credits_before"":6,""http_attempts"":[{""attempt_number"":1,""started_at"":""2026-08-16T10:32:02.842Z"",""finished_at"":""2026-08-16T10:32:26.243Z"",""duration_ms"":23401,""status_code"":200,""error_category"":null,""error_message"":null,""usage"":{""input_tokens"":4364,""output_tokens"":7,""reasoning_tokens"":null,""cached_tokens"":3072,""cache_write_tokens"":null,""total_tokens"":4371},""cost_usd"":0.00012367376,""generation_id"":""gen-1786876344-c3kZZhvs9b8ygrm7H5va"",""response_cache_status"":""UNKNOWN"",""observed_provider"":""Baidu"",""observed_endpoint"":null,""observed_quantization"":null}],""response_cache_status"":""UNKNOWN"",""raw_action_valid"":true,""action_received"":""QUERY"",""value"":""HIJDEFG"",""action_applied"":""QUERY"",""feedback"":{""exact"":1,""misplaced"":5},""credits_remaining"":5},{""step"":10,""credits_before"":5,""http_attempts"":[{""attempt_number"":1,""started_at"":""2026-08-16T10:35:35.493Z"",""finished_at"":""2026-08-16T10:36:03.360Z"",""duration_ms"":27867,""status_code"":200,""error_category"":null,""error_message"":null,""usage"":{""input_tokens"":4398,""output_tokens"":836,""reasoning_tokens"":null,""cached_tokens"":4096,""cache_write_tokens"":null,""total_tokens"":5234},""cost_usd"":0.00017988208,""generation_id"":""gen-1786876557-wfYLktlEuoJDRZgUqzoH"",""response_cache_status"":""UNKNOWN"",""observed_provider"":""Baidu"",""observed_endpoint"":null,""observed_quantization"":null}],""response_cache_status"":""UNKNOWN"",""raw_action_valid"":false,""action"":null,""parse_error"":""response must be exactly QUERY <symbols> or SUBMIT <symbols>"",""consecutive_invalid_responses"":1},{""step"":11,""credits_before"":5,""http_attempts"":[{""attempt_number"":1,""started_at"":""2026-08-16T10:38:59.853Z"",""finished_at"":""2026-08-16T10:39:17.893Z"",""duration_ms"":18040,""status_code"":200,""error_category"":null,""error_message"":null,""usage"":{""input_tokens"":5268,""output_tokens"":7,""reasoning_tokens"":null,""cached_tokens"":4096,""cache_write_tokens"":null,""total_tokens"":5275},""cost_usd"":0.00012913488,""generation_id"":""gen-1786876756-0Pw5oPKISwhbmqImhiYU"",""response_cache_status"":""UNKNOWN"",""observed_provider"":""Baidu"",""observed_endpoint"":null,""observed_quantization"":null}],""response_cache_status"":""UNKNOWN"",""raw_action_valid"":true,""action_received"":""QUERY"",""value"":""IJHDEFG"",""action_applied"":""QUERY"",""feedback"":{""exact"":1,""misplaced"":5},""credits_remaining"":4},{""step"":12,""credits_before"":4,""http_attempts"":[{""attempt_number"":1,""started_at"":""2026-08-16T10:41:16.098Z"",""finished_at"":""2026-08-16T10:41:41.481Z"",""duration_ms"":25383,""status_code"":200,""error_category"":null,""error_message"":null,""usage"":{""input_tokens"":5302,""output_tokens"":426,""reasoning_tokens"":null,""cached_tokens"":5120,""cache_write_tokens"":null,""total_tokens"":5728},""cost_usd"":0.0001325352,""generation_id"":""gen-1786876897-EM5C1t6bt0QydPJBP4tj"",""response_cache_status"":""UNKNOWN"",""observed_provider"":""Baidu"",""observed_endpoint"":null,""observed_quantization"":null}],""response_cache_status"":""UNKNOWN"",""raw_action_valid"":false,""action"":null,""parse_error"":""response must be exactly QUERY <symbols> or SUBMIT <symbols>"",""consecutive_invalid_responses"":1},{""step"":13,""credits_before"":4,""http_attempts"":[{""attempt_number"":1,""started_at"":""2026-08-16T10:43:10.914Z"",""finished_at"":""2026-08-16T10:43:22.310Z"",""duration_ms"":11395,""status_code"":200,""error_category"":null,""error_message"":null,""usage"":{""input_tokens"":5762,""output_tokens"":7,""reasoning_tokens"":null,""cached_tokens"":5120,""cache_write_tokens"":null,""total_tokens"":5769},""cost_usd"":0.000108192,""generation_id"":""gen-1786876999-RbGpczkdgCJSfcjKdvc6"",""response_cache_status"":""UNKNOWN"",""observed_provider"":""Baidu"",""observed_endpoint"":null,""observed_quantization"":null}],""response_cache_status"":""UNKNOWN"",""raw_action_valid"":true,""action_received"":""QUERY"",""value"":""JHIDEFG"",""action_applied"":""QUERY"",""feedback"":{""exact"":1,""misplaced"":5},""credits_remaining"":3},{""step"":14,""credits_before"":3,""http_attempts"":[{""attempt_number"":1,""started_at"":""2026-08-16T10:44:18.822Z"",""finished_at"":""2026-08-16T10:44:43.295Z"",""duration_ms"":24473,""status_code"":200,""error_category"":null,""error_message"":null,""usage"":{""input_tokens"":5796,""output_tokens"":1949,""reasoning_tokens"":null,""cached_tokens"":5120,""cache_write_tokens"":null,""total_tokens"":7745},""cost_usd"":0.0003605112,""generation_id"":""gen-1786877072-alrlG8Q0VVlr0S2JXcAN"",""response_cache_status"":""UNKNOWN"",""observed_provider"":""Baidu"",""observed_endpoint"":null,""observed_quantization"":null}],""response_cache_status"":""UNKNOWN"",""raw_action_valid"":false,""action"":null,""parse_error"":""response must be exactly QUERY <symbols> or SUBMIT <symbols>"",""consecutive_invalid_responses"":1},{""step"":15,""credits_before"":3,""http_attempts"":[{""attempt_number"":1,""started_at"":""2026-08-16T10:45:27.564Z"",""finished_at"":""2026-08-16T10:45:45.760Z"",""duration_ms"":18196,""status_code"":200,""error_category"":null,""error_message"":null,""usage"":{""input_tokens"":7779,""output_tokens"":6,""reasoning_tokens"":null,""cached_tokens"":5120,""cache_write_tokens"":null,""total_tokens"":7785},""cost_usd"":0.000237958,""generation_id"":""gen-1786877144-imimHjlxO1Kr4Q77rJJI"",""response_cache_status"":""UNKNOWN"",""observed_provider"":""Baidu"",""observed_endpoint"":null,""observed_quantization"":null}],""response_cache_status"":""UNKNOWN"",""raw_action_valid"":true,""action_received"":""QUERY"",""value"":""DEFGHIJ"",""action_applied"":""QUERY"",""feedback"":{""exact"":1,""misplaced"":5},""credits_remaining"":2},{""step"":16,""credits_before"":2,""http_attempts"":[{""attempt_number"":1,""started_at"":""2026-08-16T10:46:27.984Z"",""finished_at"":""2026-08-16T10:46:45.528Z"",""duration_ms"":17544,""status_code"":200,""error_category"":null,""error_message"":null,""usage"":{""input_tokens"":7812,""output_tokens"":629,""reasoning_tokens"":null,""cached_tokens"":7168,""cache_write_tokens"":null,""total_tokens"":8441},""cost_usd"":0.00021481264,""generation_id"":""gen-1786877201-5uGCJByt4GIRK0oTHkfS"",""response_cache_status"":""UNKNOWN"",""observed_provider"":""Baidu"",""observed_endpoint"":null,""observed_quantization"":null}],""response_cache_status"":""UNKNOWN"",""raw_action_valid"":false,""action"":null,""parse_error"":""response must be exactly QUERY <symbols> or SUBMIT <symbols>"",""consecutive_invalid_responses"":1},{""step"":17,""credits_before"":2,""http_attempts"":[{""attempt_number"":1,""started_at"":""2026-08-16T10:47:09.337Z"",""finished_at"":""2026-08-16T10:47:25.120Z"",""duration_ms"":15783,""status_code"":200,""error_category"":null,""error_message"":null,""usage"":{""input_tokens"":8475,""output_tokens"":7,""reasoning_tokens"":null,""cached_tokens"":7168,""cache_write_tokens"":null,""total_tokens"":8482},""cost_usd"":0.00017739624,""generation_id"":""gen-1786877243-2vbI891xTDa0kA6muPW5"",""response_cache_status"":""UNKNOWN"",""observed_provider"":""Baidu"",""observed_endpoint"":null,""observed_quantization"":null}],""response_cache_status"":""UNKNOWN"",""raw_action_valid"":true,""action_received"":""QUERY"",""value"":""DEFGJHI"",""action_applied"":""QUERY"",""feedback"":{""exact"":1,""misplaced"":5},""credits_remaining"":1},{""step"":18,""credits_before"":1,""http_attempts"":[{""attempt_number"":1,""started_at"":""2026-08-16T10:47:43.279Z"",""finished_at"":""2026-08-16T10:48:14.589Z"",""duration_ms"":31310,""status_code"":200,""error_category"":null,""error_message"":null,""usage"":{""input_tokens"":8509,""output_tokens"":2048,""reasoning_tokens"":null,""cached_tokens"":8192,""cache_write_tokens"":null,""total_tokens"":10557},""cost_usd"":0.00038971016,""generation_id"":""gen-1786877282-E6wVBa7jEeA6neSmxcnr"",""response_cache_status"":""UNKNOWN"",""observed_provider"":""Baidu"",""observed_endpoint"":null,""observed_quantization"":null}],""response_cache_status"":""UNKNOWN"",""raw_action_valid"":false,""action"":null,""parse_error"":""response must be exactly QUERY <symbols> or SUBMIT <symbols>"",""consecutive_invalid_responses"":1},{""step"":19,""credits_before"":1,""http_attempts"":[{""attempt_number"":1,""started_at"":""2026-08-16T10:48:14.590Z"",""finished_at"":""2026-08-16T10:48:34.681Z"",""duration_ms"":20091,""status_code"":200,""error_category"":null,""error_message"":null,""usage"":{""input_tokens"":10591,""output_tokens"":7,""reasoning_tokens"":null,""cached_tokens"":8192,""cache_write_tokens"":null,""total_tokens"":10598},""cost_usd"":0.00026091016,""generation_id"":""gen-1786877312-lloqEn8huhf6ro3B7JzX"",""response_cache_status"":""UNKNOWN"",""observed_provider"":""Baidu"",""observed_endpoint"":null,""observed_quantization"":null}],""response_cache_status"":""UNKNOWN"",""raw_action_valid"":true,""action_received"":""QUERY"",""value"":""EFGDHIJ"",""action_applied"":""QUERY"",""feedback"":{""exact"":2,""misplaced"":4},""credits_remaining"":0},{""step"":20,""credits_before"":0,""http_attempts"":[{""attempt_number"":1,""started_at"":""2026-08-16T10:48:34.682Z"",""finished_at"":""2026-08-16T10:48:58.036Z"",""duration_ms"":23354,""status_code"":200,""error_category"":null,""error_message"":null,""usage"":{""input_tokens"":10625,""output_tokens"":2018,""reasoning_tokens"":1,""cached_tokens"":10240,""cache_write_tokens"":null,""total_tokens"":12643},""cost_usd"":0.0004166036,""generation_id"":""gen-1786877327-TMpUjeNvyrNMZiPrJpTe"",""response_cache_status"":""UNKNOWN"",""observed_provider"":""Baidu"",""observed_endpoint"":null,""observed_quantization"":null}],""response_cache_status"":""UNKNOWN"",""raw_action_valid"":false,""action"":null,""parse_error"":""response must be exactly QUERY <symbols> or SUBMIT <symbols>"",""consecutive_invalid_responses"":1},{""step"":21,""credits_before"":0,""http_attempts"":[{""attempt_number"":1,""started_at"":""2026-08-16T10:48:58.037Z"",""finished_at"":""2026-08-16T10:48:58.753Z"",""duration_ms"":715,""status_code"":200,""error_category"":null,""error_message"":null,""usage"":{""input_tokens"":12675,""output_tokens"":7,""reasoning_tokens"":null,""cached_tokens"":10496,""cache_write_tokens"":null,""total_tokens"":12682},""cost_usd"":0.00027641768,""generation_id"":""gen-1786877337-efhksP0VjXzW5UAc83WW"",""response_cache_status"":""UNKNOWN"",""observed_provider"":""Baidu"",""observed_endpoint"":null,""observed_quantization"":null}],""response_cache_status"":""UNKNOWN"",""raw_action_valid"":true,""action_received"":""SUBMIT"",""value"":""DEFDHGI"",""action_applied"":""SUBMIT"",""coerced_at_zero_credits"":false,""credits_remaining"":0}]"
af0f46c1-7f28-4e15-b3a3-b751fda378e6,af0f46c1-7f28-4e15-b3a3-b751fda378e6,1,,4,deepseek,deepseek-v4-flash-0731,deepseek/deepseek-v4-flash-0731,baidu,Baidu,baidu/fp8,,,,C,different_model,2026-08-16T09:59:24.892Z,2026-08-16T10:49:23.396Z,2998504,3d3baa6feb49226c87c6bc0788fe1936,73a9c3023654bdfb,IBJGHDJ,7,10,10,10,0,DBGJJHI,1,0.14285714285714285,false,partial,22,22,0,11,113847,14608,3,89600,,128455,0.0045970652,true,true,false,2ac8682c462a8f01ea519b44aa73090e57243476b55eaf2539123ca100c55ab6,"{""max_tokens"":8192,""temperature"":null,""top_p"":null,""top_k"":null,""min_p"":null,""seed"":null,""reasoning"":{""enabled"":false,""effort"":null,""max_tokens"":null,""exclude"":true},""thinking"":null}","{""endpoint_slug"":""baidu/fp8"",""quantizations"":null,""allow_fallbacks"":false,""require_parameters"":true}",completed,true,[],,,response must be exactly QUERY <symbols> or SUBMIT <symbols>,"[{""step"":1,""credits_before"":10,""http_attempts"":[{""attempt_number"":1,""started_at"":""2026-08-16T09:59:24.892Z"",""finished_at"":""2026-08-16T09:59:43.545Z"",""duration_ms"":18652,""status_code"":200,""error_category"":null,""error_message"":null,""usage"":{""input_tokens"":268,""output_tokens"":1416,""reasoning_tokens"":3,""cached_tokens"":null,""cache_write_tokens"":null,""total_tokens"":1684},""cost_usd"":0.00019964,""generation_id"":""gen-1786874373-8WsGPVvu7sbV8CmnpzxQ"",""response_cache_status"":""UNKNOWN"",""observed_provider"":""Baidu"",""observed_endpoint"":null,""observed_quantization"":null}],""response_cache_status"":""UNKNOWN"",""raw_action_valid"":false,""action"":null,""parse_error"":""response must be exactly QUERY <symbols> or SUBMIT <symbols>"",""consecutive_invalid_responses"":1},{""step"":2,""credits_before"":10,""http_attempts"":[{""attempt_number"":1,""started_at"":""2026-08-16T10:03:16.723Z"",""finished_at"":""2026-08-16T10:03:41.122Z"",""duration_ms"":24400,""status_code"":200,""error_category"":null,""error_message"":null,""usage"":{""input_tokens"":1714,""output_tokens"":6,""reasoning_tokens"":null,""cached_tokens"":256,""cache_write_tokens"":null,""total_tokens"":1720},""cost_usd"":9.796528e-05,""generation_id"":""gen-1786874619-EsMZoT9zVwtKu9JEaed3"",""response_cache_status"":""UNKNOWN"",""observed_provider"":""Baidu"",""observed_endpoint"":null,""observed_quantization"":null}],""response_cache_status"":""UNKNOWN"",""raw_action_valid"":true,""action_received"":""QUERY"",""value"":""ABCDEFG"",""action_applied"":""QUERY"",""feedback"":{""exact"":1,""misplaced"":2},""credits_remaining"":9},{""step"":3,""credits_before"":9,""http_attempts"":[{""attempt_number"":1,""started_at"":""2026-08-16T10:07:05.311Z"",""finished_at"":""2026-08-16T10:07:35.098Z"",""duration_ms"":29787,""status_code"":200,""error_category"":null,""error_message"":null,""usage"":{""input_tokens"":1747,""output_tokens"":1161,""reasoning_tokens"":null,""cached_tokens"":1024,""cache_write_tokens"":null,""total_tokens"":2908},""cost_usd"":0.00020928712,""generation_id"":""gen-1786874847-40e8ROuafNyoLxSTLtQl"",""response_cache_status"":""UNKNOWN"",""observed_provider"":""Baidu"",""observed_endpoint"":null,""observed_quantization"":null}],""response_cache_status"":""UNKNOWN"",""raw_action_valid"":false,""action"":null,""parse_error"":""response must be exactly QUERY <symbols> or SUBMIT <symbols>"",""consecutive_invalid_responses"":1},{""step"":4,""credits_before"":9,""http_attempts"":[{""attempt_number"":1,""started_at"":""2026-08-16T10:10:57.045Z"",""finished_at"":""2026-08-16T10:11:20.761Z"",""duration_ms"":23716,""status_code"":200,""error_category"":null,""error_message"":null,""usage"":{""input_tokens"":2942,""output_tokens"":7,""reasoning_tokens"":null,""cached_tokens"":1024,""cache_write_tokens"":null,""total_tokens"":2949},""cost_usd"":0.00013760992,""generation_id"":""gen-1786875079-F6NeZxR8dKlaPdLRYWzi"",""response_cache_status"":""UNKNOWN"",""observed_provider"":""Baidu"",""observed_endpoint"":null,""observed_quantization"":null}],""response_cache_status"":""UNKNOWN"",""raw_action_valid"":true,""action_received"":""QUERY"",""value"":""HHHHHHH"",""action_applied"":""QUERY"",""feedback"":{""exact"":1,""misplaced"":0},""credits_remaining"":8},{""step"":5,""credits_before"":8,""http_attempts"":[{""attempt_number"":1,""started_at"":""2026-08-16T10:14:42.109Z"",""finished_at"":""2026-08-16T10:15:07.138Z"",""duration_ms"":25029,""status_code"":200,""error_category"":null,""error_message"":null,""usage"":{""input_tokens"":2976,""output_tokens"":245,""reasoning_tokens"":null,""cached_tokens"":2048,""cache_write_tokens"":null,""total_tokens"":3221},""cost_usd"":0.00011769744,""generation_id"":""gen-1786875304-oOX1Ahzhi1K3ASGtenVu"",""response_cache_status"":""UNKNOWN"",""observed_provider"":""Baidu"",""observed_endpoint"":null,""observed_quantization"":null}],""response_cache_status"":""UNKNOWN"",""raw_action_valid"":false,""action"":null,""parse_error"":""response must be exactly QUERY <symbols> or SUBMIT <symbols>"",""consecutive_invalid_responses"":1},{""step"":6,""credits_before"":8,""http_attempts"":[{""attempt_number"":1,""started_at"":""2026-08-16T10:18:24.861Z"",""finished_at"":""2026-08-16T10:18:48.605Z"",""duration_ms"":23744,""status_code"":200,""error_category"":null,""error_message"":null,""usage"":{""input_tokens"":3255,""output_tokens"":6,""reasoning_tokens"":null,""cached_tokens"":2048,""cache_write_tokens"":null,""total_tokens"":3261},""cost_usd"":0.00010488184,""generation_id"":""gen-1786875527-yuYlngOtaTq5pPd77vgg"",""response_cache_status"":""UNKNOWN"",""observed_provider"":""Baidu"",""observed_endpoint"":null,""observed_quantization"":null}],""response_cache_status"":""UNKNOWN"",""raw_action_valid"":true,""action_received"":""QUERY"",""value"":""IIIIIII"",""action_applied"":""QUERY"",""feedback"":{""exact"":1,""misplaced"":0},""credits_remaining"":7},{""step"":7,""credits_before"":7,""http_attempts"":[{""attempt_number"":1,""started_at"":""2026-08-16T10:22:10.008Z"",""finished_at"":""2026-08-16T10:22:39.948Z"",""duration_ms"":29940,""status_code"":200,""error_category"":null,""error_message"":null,""usage"":{""input_tokens"":3288,""output_tokens"":1492,""reasoning_tokens"":null,""cached_tokens"":3072,""cache_write_tokens"":null,""total_tokens"":4780},""cost_usd"":0.00024564736,""generation_id"":""gen-1786875749-fXHOq0JfRAJxZGAae6lV"",""response_cache_status"":""UNKNOWN"",""observed_provider"":""Baidu"",""observed_endpoint"":null,""observed_quantization"":null}],""response_cache_status"":""UNKNOWN"",""raw_action_valid"":false,""action"":null,""parse_error"":""response must be exactly QUERY <symbols> or SUBMIT <symbols>"",""consecutive_invalid_responses"":1},{""step"":8,""credits_before"":7,""http_attempts"":[{""attempt_number"":1,""started_at"":""2026-08-16T10:25:52.661Z"",""finished_at"":""2026-08-16T10:26:14.010Z"",""duration_ms"":21349,""status_code"":200,""error_category"":null,""error_message"":null,""usage"":{""input_tokens"":4814,""output_tokens"":6,""reasoning_tokens"":null,""cached_tokens"":3072,""cache_write_tokens"":null,""total_tokens"":4820},""cost_usd"":0.00015252496,""generation_id"":""gen-1786875972-oi9NYVuQmM07HNmnEbvj"",""response_cache_status"":""UNKNOWN"",""observed_provider"":""Baidu"",""observed_endpoint"":null,""observed_quantization"":null}],""response_cache_status"":""UNKNOWN"",""raw_action_valid"":true,""action_received"":""QUERY"",""value"":""ABCDJJJ"",""action_applied"":""QUERY"",""feedback"":{""exact"":2,""misplaced"":2},""credits_remaining"":6},{""step"":9,""credits_before"":6,""http_attempts"":[{""attempt_number"":1,""started_at"":""2026-08-16T10:29:25.792Z"",""finished_at"":""2026-08-16T10:29:48.284Z"",""duration_ms"":22492,""status_code"":200,""error_category"":null,""error_message"":null,""usage"":{""input_tokens"":4847,""output_tokens"":274,""reasoning_tokens"":null,""cached_tokens"":4096,""cache_write_tokens"":null,""total_tokens"":5121},""cost_usd"":0.00013641208,""generation_id"":""gen-1786876185-0QCFYETThV7vebKnizcx"",""response_cache_status"":""UNKNOWN"",""observed_provider"":""Baidu"",""observed_endpoint"":null,""observed_quantization"":null}],""response_cache_status"":""UNKNOWN"",""raw_action_valid"":false,""action"":null,""parse_error"":""response must be exactly QUERY <symbols> or SUBMIT <symbols>"",""consecutive_invalid_responses"":1},{""step"":10,""credits_before"":6,""http_attempts"":[{""attempt_number"":1,""started_at"":""2026-08-16T10:32:56.168Z"",""finished_at"":""2026-08-16T10:33:20.255Z"",""duration_ms"":24087,""status_code"":200,""error_category"":null,""error_message"":null,""usage"":{""input_tokens"":5155,""output_tokens"":7,""reasoning_tokens"":null,""cached_tokens"":4096,""cache_write_tokens"":null,""total_tokens"":5162},""cost_usd"":0.00012185768,""generation_id"":""gen-1786876398-sis29YDu62smqtVhLCKK"",""response_cache_status"":""UNKNOWN"",""observed_provider"":""Baidu"",""observed_endpoint"":null,""observed_quantization"":null}],""response_cache_status"":""UNKNOWN"",""raw_action_valid"":true,""action_received"":""QUERY"",""value"":""EEEEEEE"",""action_applied"":""QUERY"",""feedback"":{""exact"":0,""misplaced"":0},""credits_remaining"":5},{""step"":11,""credits_before"":5,""http_attempts"":[{""attempt_number"":1,""started_at"":""2026-08-16T10:36:26.754Z"",""finished_at"":""2026-08-16T10:36:51.003Z"",""duration_ms"":24249,""status_code"":200,""error_category"":null,""error_message"":null,""usage"":{""input_tokens"":5189,""output_tokens"":80,""reasoning_tokens"":null,""cached_tokens"":5120,""cache_write_tokens"":null,""total_tokens"":5269},""cost_usd"":8.06932e-05,""generation_id"":""gen-1786876609-NUPkA71vDla1DbR4hHzQ"",""response_cache_status"":""UNKNOWN"",""observed_provider"":""Baidu"",""observed_endpoint"":null,""observed_quantization"":null}],""response_cache_status"":""UNKNOWN"",""raw_action_valid"":false,""action"":null,""parse_error"":""response must be exactly QUERY <symbols> or SUBMIT <symbols>"",""consecutive_invalid_responses"":1},{""step"":12,""credits_before"":5,""http_attempts"":[{""attempt_number"":1,""started_at"":""2026-08-16T10:39:47.719Z"",""finished_at"":""2026-08-16T10:40:06.134Z"",""duration_ms"":18415,""status_code"":200,""error_category"":null,""error_message"":null,""usage"":{""input_tokens"":5303,""output_tokens"":5,""reasoning_tokens"":null,""cached_tokens"":5120,""cache_write_tokens"":null,""total_tokens"":5308},""cost_usd"":7.83748e-05,""generation_id"":""gen-1786876804-BePwJEw9tqm2vrqYShza"",""response_cache_status"":""UNKNOWN"",""observed_provider"":""Baidu"",""observed_endpoint"":null,""observed_quantization"":null}],""response_cache_status"":""UNKNOWN"",""raw_action_valid"":true,""action_received"":""QUERY"",""value"":""FFFFFFF"",""action_applied"":""QUERY"",""feedback"":{""exact"":0,""misplaced"":0},""credits_remaining"":4},{""step"":13,""credits_before"":4,""http_attempts"":[{""attempt_number"":1,""started_at"":""2026-08-16T10:41:43.648Z"",""finished_at"":""2026-08-16T10:42:08.570Z"",""duration_ms"":24922,""status_code"":200,""error_category"":null,""error_message"":null,""usage"":{""input_tokens"":5335,""output_tokens"":466,""reasoning_tokens"":null,""cached_tokens"":5120,""cache_write_tokens"":null,""total_tokens"":5801},""cost_usd"":0.0001398124,""generation_id"":""gen-1786876924-K4fTvG2GWqmqRcMbmNvj"",""response_cache_status"":""UNKNOWN"",""observed_provider"":""Baidu"",""observed_endpoint"":null,""observed_quantization"":null}],""response_cache_status"":""UNKNOWN"",""raw_action_valid"":false,""action"":null,""parse_error"":""response must be exactly QUERY <symbols> or SUBMIT <symbols>"",""consecutive_invalid_responses"":1},{""step"":14,""credits_before"":4,""http_attempts"":[{""attempt_number"":1,""started_at"":""2026-08-16T10:43:21.346Z"",""finished_at"":""2026-08-16T10:43:36.533Z"",""duration_ms"":15187,""status_code"":200,""error_category"":null,""error_message"":null,""usage"":{""input_tokens"":5835,""output_tokens"":6,""reasoning_tokens"":null,""cached_tokens"":5120,""cache_write_tokens"":null,""total_tokens"":5841},""cost_usd"":0.0001127644,""generation_id"":""gen-1786877014-p5ytG4YyP7Cj5vfI2GLB"",""response_cache_status"":""UNKNOWN"",""observed_provider"":""Baidu"",""observed_endpoint"":null,""observed_quantization"":null}],""response_cache_status"":""UNKNOWN"",""raw_action_valid"":true,""action_received"":""QUERY"",""value"":""ABEEEEE"",""action_applied"":""QUERY"",""feedback"":{""exact"":1,""misplaced"":0},""credits_remaining"":3},{""step"":15,""credits_before"":3,""http_attempts"":[{""attempt_number"":1,""started_at"":""2026-08-16T10:44:31.190Z"",""finished_at"":""2026-08-16T10:44:52.675Z"",""duration_ms"":21485,""status_code"":200,""error_category"":null,""error_message"":null,""usage"":{""input_tokens"":5868,""output_tokens"":241,""reasoning_tokens"":null,""cached_tokens"":5120,""cache_write_tokens"":null,""total_tokens"":6109},""cost_usd"":0.0001451576,""generation_id"":""gen-1786877090-xktCFsDE0oR8yuVpZA1b"",""response_cache_status"":""UNKNOWN"",""observed_provider"":""Baidu"",""observed_endpoint"":null,""observed_quantization"":null}],""response_cache_status"":""UNKNOWN"",""raw_action_valid"":false,""action"":null,""parse_error"":""response must be exactly QUERY <symbols> or SUBMIT <symbols>"",""consecutive_invalid_responses"":1},{""step"":16,""credits_before"":3,""http_attempts"":[{""attempt_number"":1,""started_at"":""2026-08-16T10:45:33.957Z"",""finished_at"":""2026-08-16T10:45:51.917Z"",""duration_ms"":17961,""status_code"":200,""error_category"":null,""error_message"":null,""usage"":{""input_tokens"":6143,""output_tokens"":7,""reasoning_tokens"":null,""cached_tokens"":5120,""cache_write_tokens"":null,""total_tokens"":6150},""cost_usd"":0.0001327284,""generation_id"":""gen-1786877150-a7qZDSHdFgpIkPtA789W"",""response_cache_status"":""UNKNOWN"",""observed_provider"":""Baidu"",""observed_endpoint"":null,""observed_quantization"":null}],""response_cache_status"":""UNKNOWN"",""raw_action_valid"":true,""action_received"":""QUERY"",""value"":""AEEEEEE"",""action_applied"":""QUERY"",""feedback"":{""exact"":0,""misplaced"":0},""credits_remaining"":2},{""step"":17,""credits_before"":2,""http_attempts"":[{""attempt_number"":1,""started_at"":""2026-08-16T10:46:34.177Z"",""finished_at"":""2026-08-16T10:46:47.361Z"",""duration_ms"":13183,""status_code"":200,""error_category"":null,""error_message"":null,""usage"":{""input_tokens"":6177,""output_tokens"":240,""reasoning_tokens"":null,""cached_tokens"":5120,""cache_write_tokens"":null,""total_tokens"":6417},""cost_usd"":0.0001649284,""generation_id"":""gen-1786877204-02m1frzGTXpQmiqFSSBT"",""response_cache_status"":""UNKNOWN"",""observed_provider"":""Baidu"",""observed_endpoint"":null,""observed_quantization"":null}],""response_cache_status"":""UNKNOWN"",""raw_action_valid"":false,""action"":null,""parse_error"":""response must be exactly QUERY <symbols> or SUBMIT <symbols>"",""consecutive_invalid_responses"":1},{""step"":18,""credits_before"":2,""http_attempts"":[{""attempt_number"":1,""started_at"":""2026-08-16T10:47:09.449Z"",""finished_at"":""2026-08-16T10:47:28.328Z"",""duration_ms"":18879,""status_code"":200,""error_category"":null,""error_message"":null,""usage"":{""input_tokens"":6451,""output_tokens"":7,""reasoning_tokens"":null,""cached_tokens"":6144,""cache_write_tokens"":null,""total_tokens"":6458},""cost_usd"":9.980712e-05,""generation_id"":""gen-1786877246-M7YeS1MXdnDeSMYE45Mx"",""response_cache_status"":""UNKNOWN"",""observed_provider"":""Baidu"",""observed_endpoint"":null,""observed_quantization"":null}],""response_cache_status"":""UNKNOWN"",""raw_action_valid"":true,""action_received"":""QUERY"",""value"":""CEEEEEE"",""action_applied"":""QUERY"",""feedback"":{""exact"":0,""misplaced"":0},""credits_remaining"":1},{""step"":19,""credits_before"":1,""http_attempts"":[{""attempt_number"":1,""started_at"":""2026-08-16T10:47:46.224Z"",""finished_at"":""2026-08-16T10:48:10.645Z"",""duration_ms"":24421,""status_code"":200,""error_category"":null,""error_message"":null,""usage"":{""input_tokens"":6485,""output_tokens"":738,""reasoning_tokens"":null,""cached_tokens"":6400,""cache_write_tokens"":null,""total_tokens"":7223},""cost_usd"":0.0001829604,""generation_id"":""gen-1786877285-m6ntYXMCWK0VWrh7JvhY"",""response_cache_status"":""UNKNOWN"",""observed_provider"":""Baidu"",""observed_endpoint"":null,""observed_quantization"":null}],""response_cache_status"":""UNKNOWN"",""raw_action_valid"":false,""action"":null,""parse_error"":""response must be exactly QUERY <symbols> or SUBMIT <symbols>"",""consecutive_invalid_responses"":1},{""step"":20,""credits_before"":1,""http_attempts"":[{""attempt_number"":1,""started_at"":""2026-08-16T10:48:10.645Z"",""finished_at"":""2026-08-16T10:48:25.449Z"",""duration_ms"":14803,""status_code"":200,""error_category"":null,""error_message"":null,""usage"":{""input_tokens"":7257,""output_tokens"":6,""reasoning_tokens"":null,""cached_tokens"":6144,""cache_write_tokens"":null,""total_tokens"":7263},""cost_usd"":0.00015158472,""generation_id"":""gen-1786877303-zRjelcBUxUM0ZUS8rEED"",""response_cache_status"":""UNKNOWN"",""observed_provider"":""Baidu"",""observed_endpoint"":null,""observed_quantization"":null}],""response_cache_status"":""UNKNOWN"",""raw_action_valid"":true,""action_received"":""QUERY"",""value"":""EEEDEEE"",""action_applied"":""QUERY"",""feedback"":{""exact"":0,""misplaced"":1},""credits_remaining"":0},{""step"":21,""credits_before"":0,""http_attempts"":[{""attempt_number"":1,""started_at"":""2026-08-16T10:48:25.450Z"",""finished_at"":""2026-08-16T10:49:22.483Z"",""duration_ms"":57033,""status_code"":200,""error_category"":null,""error_message"":null,""usage"":{""input_tokens"":7290,""output_tokens"":8184,""reasoning_tokens"":null,""cached_tokens"":7168,""cache_write_tokens"":null,""total_tokens"":15474},""cost_usd"":0.00115427984,""generation_id"":""gen-1786877318-t7yPneoEtjkrp5rnKJRu"",""response_cache_status"":""UNKNOWN"",""observed_provider"":""Baidu"",""observed_endpoint"":null,""observed_quantization"":null}],""response_cache_status"":""UNKNOWN"",""raw_action_valid"":false,""action"":null,""parse_error"":""response must be exactly QUERY <symbols> or SUBMIT <symbols>"",""consecutive_invalid_responses"":1},{""step"":22,""credits_before"":0,""http_attempts"":[{""attempt_number"":1,""started_at"":""2026-08-16T10:49:22.484Z"",""finished_at"":""2026-08-16T10:49:23.396Z"",""duration_ms"":912,""status_code"":200,""error_category"":null,""error_message"":null,""usage"":{""input_tokens"":15508,""output_tokens"":8,""reasoning_tokens"":null,""cached_tokens"":7168,""cache_write_tokens"":null,""total_tokens"":15516},""cost_usd"":0.00063045024,""generation_id"":""gen-1786877361-HdhP0ktyjf6NdjMYnlSp"",""response_cache_status"":""UNKNOWN"",""observed_provider"":""Baidu"",""observed_endpoint"":null,""observed_quantization"":null}],""response_cache_status"":""UNKNOWN"",""raw_action_valid"":true,""action_received"":""SUBMIT"",""value"":""DBGJJHI"",""action_applied"":""SUBMIT"",""coerced_at_zero_credits"":false,""credits_remaining"":0}]"
4c52cb84-6b11-4c7a-9eaf-0c1b214c4ee3,4c52cb84-6b11-4c7a-9eaf-0c1b214c4ee3,2,9e092ea5-ba84-4a61-91e4-ed3e2d4cfcd8,20,deepseek,deepseek-v4-flash-0731,deepseek/deepseek-v4-flash-0731,baidu,Baidu,baidu/fp8,,,,C,different_model,2026-08-16T10:49:29.207Z,2026-08-16T10:50:42.045Z,72839,97db8bbaf05ac3f0a46ef4c9de2d7369,0e75e8fe4e3ea1d6,CFEBGDD,7,10,10,4,6,,,,,,7,7,0,3,2591,43,,1792,,2634,8.007495999999999e-05,true,true,false,2ac8682c462a8f01ea519b44aa73090e57243476b55eaf2539123ca100c55ab6,"{""max_tokens"":8192,""temperature"":null,""top_p"":null,""top_k"":null,""min_p"":null,""seed"":null,""reasoning"":{""enabled"":false,""effort"":null,""max_tokens"":null,""exclude"":true},""thinking"":null}","{""endpoint_slug"":""baidu/fp8"",""quantizations"":null,""allow_fallbacks"":false,""require_parameters"":true}",invalid_submission,false,"[""invalid_submission""]",invalid_format,response contains invalid symbols: KLM,response contains invalid symbols: KLM,"[{""step"":1,""credits_before"":10,""http_attempts"":[{""attempt_number"":1,""started_at"":""2026-08-16T10:49:29.207Z"",""finished_at"":""2026-08-16T10:49:29.866Z"",""duration_ms"":659,""status_code"":200,""error_category"":null,""error_message"":null,""usage"":{""input_tokens"":268,""output_tokens"":6,""reasoning_tokens"":null,""cached_tokens"":256,""cache_write_tokens"":null,""total_tokens"":274},""cost_usd"":4.84288e-06,""generation_id"":""gen-1786877368-IU33LgCLZV60lUmq1Iuf"",""response_cache_status"":""UNKNOWN"",""observed_provider"":""Baidu"",""observed_endpoint"":null,""observed_quantization"":null}],""response_cache_status"":""UNKNOWN"",""raw_action_valid"":true,""action_received"":""QUERY"",""value"":""ABCDEFG"",""action_applied"":""QUERY"",""feedback"":{""exact"":0,""misplaced"":6},""credits_remaining"":9},{""step"":2,""credits_before"":9,""http_attempts"":[{""attempt_number"":1,""started_at"":""2026-08-16T10:49:29.867Z"",""finished_at"":""2026-08-16T10:49:42.090Z"",""duration_ms"":12223,""status_code"":200,""error_category"":null,""error_message"":null,""usage"":{""input_tokens"":301,""output_tokens"":6,""reasoning_tokens"":null,""cached_tokens"":256,""cache_write_tokens"":null,""total_tokens"":307},""cost_usd"":6.96808e-06,""generation_id"":""gen-1786877380-abPbz5YM6pGDUrIGIDea"",""response_cache_status"":""UNKNOWN"",""observed_provider"":""Baidu"",""observed_endpoint"":null,""observed_quantization"":null}],""response_cache_status"":""UNKNOWN"",""raw_action_valid"":true,""action_received"":""QUERY"",""value"":""ABCDEFH"",""action_applied"":""QUERY"",""feedback"":{""exact"":0,""misplaced"":5},""credits_remaining"":8},{""step"":3,""credits_before"":8,""http_attempts"":[{""attempt_number"":1,""started_at"":""2026-08-16T10:49:42.090Z"",""finished_at"":""2026-08-16T10:49:54.527Z"",""duration_ms"":12437,""status_code"":200,""error_category"":null,""error_message"":null,""usage"":{""input_tokens"":334,""output_tokens"":6,""reasoning_tokens"":null,""cached_tokens"":256,""cache_write_tokens"":null,""total_tokens"":340},""cost_usd"":9.09328e-06,""generation_id"":""gen-1786877392-1n2QL4jRp7swAyJFjn5j"",""response_cache_status"":""UNKNOWN"",""observed_provider"":""Baidu"",""observed_endpoint"":null,""observed_quantization"":null}],""response_cache_status"":""UNKNOWN"",""raw_action_valid"":true,""action_received"":""QUERY"",""value"":""ABCDEHI"",""action_applied"":""QUERY"",""feedback"":{""exact"":0,""misplaced"":4},""credits_remaining"":7},{""step"":4,""credits_before"":7,""http_attempts"":[{""attempt_number"":1,""started_at"":""2026-08-16T10:49:54.527Z"",""finished_at"":""2026-08-16T10:50:06.071Z"",""duration_ms"":11544,""status_code"":200,""error_category"":null,""error_message"":null,""usage"":{""input_tokens"":367,""output_tokens"":6,""reasoning_tokens"":null,""cached_tokens"":256,""cache_write_tokens"":null,""total_tokens"":373},""cost_usd"":1.121848e-05,""generation_id"":""gen-1786877404-n3E9xBVDTyz6hEnlC0Mv"",""response_cache_status"":""UNKNOWN"",""observed_provider"":""Baidu"",""observed_endpoint"":null,""observed_quantization"":null}],""response_cache_status"":""UNKNOWN"",""raw_action_valid"":true,""action_received"":""QUERY"",""value"":""ABCDIJH"",""action_applied"":""QUERY"",""feedback"":{""exact"":0,""misplaced"":3},""credits_remaining"":6},{""step"":5,""credits_before"":6,""http_attempts"":[{""attempt_number"":1,""started_at"":""2026-08-16T10:50:06.072Z"",""finished_at"":""2026-08-16T10:50:18.034Z"",""duration_ms"":11963,""status_code"":200,""error_category"":null,""error_message"":null,""usage"":{""input_tokens"":400,""output_tokens"":6,""reasoning_tokens"":null,""cached_tokens"":256,""cache_write_tokens"":null,""total_tokens"":406},""cost_usd"":1.334368e-05,""generation_id"":""gen-1786877416-dNAHYoeqSRuJZo3pxheD"",""response_cache_status"":""UNKNOWN"",""observed_provider"":""Baidu"",""observed_endpoint"":null,""observed_quantization"":null}],""response_cache_status"":""UNKNOWN"",""raw_action_valid"":false,""action"":null,""parse_error"":""response contains invalid symbols: K"",""consecutive_invalid_responses"":1},{""step"":6,""credits_before"":6,""http_attempts"":[{""attempt_number"":1,""started_at"":""2026-08-16T10:50:18.035Z"",""finished_at"":""2026-08-16T10:50:30.042Z"",""duration_ms"":12007,""status_code"":200,""error_category"":null,""error_message"":null,""usage"":{""input_tokens"":440,""output_tokens"":7,""reasoning_tokens"":null,""cached_tokens"":256,""cache_write_tokens"":null,""total_tokens"":447},""cost_usd"":1.604848e-05,""generation_id"":""gen-1786877428-vlIx8qYnuaLXixhM2lxj"",""response_cache_status"":""UNKNOWN"",""observed_provider"":""Baidu"",""observed_endpoint"":null,""observed_quantization"":null}],""response_cache_status"":""UNKNOWN"",""raw_action_valid"":false,""action"":null,""parse_error"":""response contains invalid symbols: KLM"",""consecutive_invalid_responses"":2},{""step"":7,""credits_before"":6,""http_attempts"":[{""attempt_number"":1,""started_at"":""2026-08-16T10:50:30.042Z"",""finished_at"":""2026-08-16T10:50:42.045Z"",""duration_ms"":12002,""status_code"":200,""error_category"":null,""error_message"":null,""usage"":{""input_tokens"":481,""output_tokens"":6,""reasoning_tokens"":null,""cached_tokens"":256,""cache_write_tokens"":null,""total_tokens"":487},""cost_usd"":1.856008e-05,""generation_id"":""gen-1786877440-PByPOYICKtYTsM09xKmG"",""response_cache_status"":""UNKNOWN"",""observed_provider"":""Baidu"",""observed_endpoint"":null,""observed_quantization"":null}],""response_cache_status"":""UNKNOWN"",""raw_action_valid"":false,""action"":null,""parse_error"":""response contains invalid symbols: KLM"",""consecutive_invalid_responses"":3}]"
87c9117e-e278-4bbc-9c88-5170aeac869d,87c9117e-e278-4bbc-9c88-5170aeac869d,2,85382673-d8b7-4e9e-9b8b-2cd29e8c5ee9,8,deepseek,deepseek-v4-flash-0731,deepseek/deepseek-v4-flash-0731,baidu,Baidu,baidu/fp8,,,,A,continuation,2026-08-16T10:49:29.207Z,2026-08-16T10:51:15.381Z,106174,97db8bbaf05ac3f0a46ef4c9de2d7369,92fcc7bd86a3b31c,HGABAEA,7,10,10,10,0,ABCEFGH,0,0.0,false,partial,11,11,0,0,4653,67,,3328,,4720,0.00013682424,true,true,false,a193e42687075f855a907c617cb6eb43c5979e687d22273bbab4c0919af923ac,"{""max_tokens"":8192,""temperature"":null,""top_p"":null,""top_k"":null,""min_p"":null,""seed"":null,""reasoning"":{""enabled"":false,""effort"":null,""max_tokens"":null,""exclude"":true},""thinking"":null}","{""endpoint_slug"":""baidu/fp8"",""quantizations"":null,""allow_fallbacks"":false,""require_parameters"":true}",completed,true,[],,,,"[{""step"":1,""credits_before"":10,""http_attempts"":[{""attempt_number"":1,""started_at"":""2026-08-16T10:49:29.207Z"",""finished_at"":""2026-08-16T10:49:33.169Z"",""duration_ms"":3962,""status_code"":200,""error_category"":null,""error_message"":null,""usage"":{""input_tokens"":258,""output_tokens"":6,""reasoning_tokens"":null,""cached_tokens"":256,""cache_write_tokens"":null,""total_tokens"":264},""cost_usd"":4.19888e-06,""generation_id"":""gen-1786877371-cWpAq8VholujXXcbkRpt"",""response_cache_status"":""UNKNOWN"",""observed_provider"":""Baidu"",""observed_endpoint"":null,""observed_quantization"":null}],""response_cache_status"":""UNKNOWN"",""raw_action_valid"":true,""action_received"":""QUERY"",""value"":""ABCDEFG"",""action_applied"":""QUERY"",""feedback"":{""exact"":0,""misplaced"":4},""credits_remaining"":9},{""step"":2,""credits_before"":9,""http_attempts"":[{""attempt_number"":1,""started_at"":""2026-08-16T10:49:33.170Z"",""finished_at"":""2026-08-16T10:49:45.097Z"",""duration_ms"":11927,""status_code"":200,""error_category"":null,""error_message"":null,""usage"":{""input_tokens"":291,""output_tokens"":6,""reasoning_tokens"":null,""cached_tokens"":256,""cache_write_tokens"":null,""total_tokens"":297},""cost_usd"":6.32408e-06,""generation_id"":""gen-1786877383-oxulSCFO0dfCLHbSRmiP"",""response_cache_status"":""UNKNOWN"",""observed_provider"":""Baidu"",""observed_endpoint"":null,""observed_quantization"":null}],""response_cache_status"":""UNKNOWN"",""raw_action_valid"":true,""action_received"":""QUERY"",""value"":""ABCDEFH"",""action_applied"":""QUERY"",""feedback"":{""exact"":0,""misplaced"":4},""credits_remaining"":8},{""step"":3,""credits_before"":8,""http_attempts"":[{""attempt_number"":1,""started_at"":""2026-08-16T10:49:45.097Z"",""finished_at"":""2026-08-16T10:49:57.029Z"",""duration_ms"":11931,""status_code"":200,""error_category"":null,""error_message"":null,""usage"":{""input_tokens"":324,""output_tokens"":6,""reasoning_tokens"":null,""cached_tokens"":256,""cache_write_tokens"":null,""total_tokens"":330},""cost_usd"":8.44928e-06,""generation_id"":""gen-1786877395-XfZEkuil3VvVLjgOgQH2"",""response_cache_status"":""UNKNOWN"",""observed_provider"":""Baidu"",""observed_endpoint"":null,""observed_quantization"":null}],""response_cache_status"":""UNKNOWN"",""raw_action_valid"":true,""action_received"":""QUERY"",""value"":""ABCDEHI"",""action_applied"":""QUERY"",""feedback"":{""exact"":0,""misplaced"":4},""credits_remaining"":7},{""step"":4,""credits_before"":7,""http_attempts"":[{""attempt_number"":1,""started_at"":""2026-08-16T10:49:57.029Z"",""finished_at"":""2026-08-16T10:50:09.551Z"",""duration_ms"":12522,""status_code"":200,""error_category"":null,""error_message"":null,""usage"":{""input_tokens"":357,""output_tokens"":6,""reasoning_tokens"":null,""cached_tokens"":256,""cache_write_tokens"":null,""total_tokens"":363},""cost_usd"":1.057448e-05,""generation_id"":""gen-1786877407-FqBOTM0WnLECb7KJCeQ4"",""response_cache_status"":""UNKNOWN"",""observed_provider"":""Baidu"",""observed_endpoint"":null,""observed_quantization"":null}],""response_cache_status"":""UNKNOWN"",""raw_action_valid"":true,""action_received"":""QUERY"",""value"":""ABCDFGH"",""action_applied"":""QUERY"",""feedback"":{""exact"":0,""misplaced"":4},""credits_remaining"":6},{""step"":5,""credits_before"":6,""http_attempts"":[{""attempt_number"":1,""started_at"":""2026-08-16T10:50:09.552Z"",""finished_at"":""2026-08-16T10:50:21.099Z"",""duration_ms"":11548,""status_code"":200,""error_category"":null,""error_message"":null,""usage"":{""input_tokens"":390,""output_tokens"":6,""reasoning_tokens"":null,""cached_tokens"":256,""cache_write_tokens"":null,""total_tokens"":396},""cost_usd"":1.269968e-05,""generation_id"":""gen-1786877419-zaPp1uupAJ2uIVFcMbMo"",""response_cache_status"":""UNKNOWN"",""observed_provider"":""Baidu"",""observed_endpoint"":null,""observed_quantization"":null}],""response_cache_status"":""UNKNOWN"",""raw_action_valid"":true,""action_received"":""QUERY"",""value"":""ABCEFGH"",""action_applied"":""QUERY"",""feedback"":{""exact"":0,""misplaced"":5},""credits_remaining"":5},{""step"":6,""credits_before"":5,""http_attempts"":[{""attempt_number"":1,""started_at"":""2026-08-16T10:50:21.100Z"",""finished_at"":""2026-08-16T10:50:33.783Z"",""duration_ms"":12683,""status_code"":200,""error_category"":null,""error_message"":null,""usage"":{""input_tokens"":423,""output_tokens"":6,""reasoning_tokens"":null,""cached_tokens"":256,""cache_write_tokens"":null,""total_tokens"":429},""cost_usd"":1.482488e-05,""generation_id"":""gen-1786877431-CUqWpB3EqUnZ7PCdbTQR"",""response_cache_status"":""UNKNOWN"",""observed_provider"":""Baidu"",""observed_endpoint"":null,""observed_quantization"":null}],""response_cache_status"":""UNKNOWN"",""raw_action_valid"":true,""action_received"":""QUERY"",""value"":""ABCDEFI"",""action_applied"":""QUERY"",""feedback"":{""exact"":0,""misplaced"":3},""credits_remaining"":4},{""step"":7,""credits_before"":4,""http_attempts"":[{""attempt_number"":1,""started_at"":""2026-08-16T10:50:33.784Z"",""finished_at"":""2026-08-16T10:50:45.042Z"",""duration_ms"":11258,""status_code"":200,""error_category"":null,""error_message"":null,""usage"":{""input_tokens"":456,""output_tokens"":6,""reasoning_tokens"":null,""cached_tokens"":256,""cache_write_tokens"":null,""total_tokens"":462},""cost_usd"":1.695008e-05,""generation_id"":""gen-1786877443-SOUqxAcp1erTpCZ4yGnN"",""response_cache_status"":""UNKNOWN"",""observed_provider"":""Baidu"",""observed_endpoint"":null,""observed_quantization"":null}],""response_cache_status"":""UNKNOWN"",""raw_action_valid"":true,""action_received"":""QUERY"",""value"":""ABCEFGI"",""action_applied"":""QUERY"",""feedback"":{""exact"":0,""misplaced"":4},""credits_remaining"":3},{""step"":8,""credits_before"":3,""http_attempts"":[{""attempt_number"":1,""started_at"":""2026-08-16T10:50:45.042Z"",""finished_at"":""2026-08-16T10:50:51.041Z"",""duration_ms"":5999,""status_code"":200,""error_category"":null,""error_message"":null,""usage"":{""input_tokens"":489,""output_tokens"":6,""reasoning_tokens"":null,""cached_tokens"":256,""cache_write_tokens"":null,""total_tokens"":495},""cost_usd"":1.907528e-05,""generation_id"":""gen-1786877449-h7tuL5ZXzmEvXaTDDhFC"",""response_cache_status"":""UNKNOWN"",""observed_provider"":""Baidu"",""observed_endpoint"":null,""observed_quantization"":null}],""response_cache_status"":""UNKNOWN"",""raw_action_valid"":true,""action_received"":""QUERY"",""value"":""ABCEGHI"",""action_applied"":""QUERY"",""feedback"":{""exact"":0,""misplaced"":5},""credits_remaining"":2},{""step"":9,""credits_before"":2,""http_attempts"":[{""attempt_number"":1,""started_at"":""2026-08-16T10:50:51.042Z"",""finished_at"":""2026-08-16T10:51:00.208Z"",""duration_ms"":9166,""status_code"":200,""error_category"":null,""error_message"":null,""usage"":{""input_tokens"":522,""output_tokens"":6,""reasoning_tokens"":null,""cached_tokens"":256,""cache_write_tokens"":null,""total_tokens"":528},""cost_usd"":2.120048e-05,""generation_id"":""gen-1786877458-k7YogvbXUcoKmkHHG9A9"",""response_cache_status"":""UNKNOWN"",""observed_provider"":""Baidu"",""observed_endpoint"":null,""observed_quantization"":null}],""response_cache_status"":""UNKNOWN"",""raw_action_valid"":true,""action_received"":""QUERY"",""value"":""ABDEFGH"",""action_applied"":""QUERY"",""feedback"":{""exact"":0,""misplaced"":5},""credits_remaining"":1},{""step"":10,""credits_before"":1,""http_attempts"":[{""attempt_number"":1,""started_at"":""2026-08-16T10:51:00.209Z"",""finished_at"":""2026-08-16T10:51:06.064Z"",""duration_ms"":5855,""status_code"":200,""error_category"":null,""error_message"":null,""usage"":{""input_tokens"":555,""output_tokens"":6,""reasoning_tokens"":null,""cached_tokens"":512,""cache_write_tokens"":null,""total_tokens"":561},""cost_usd"":1.013656e-05,""generation_id"":""gen-1786877464-8IaoMhKV7AWDt7u0PAah"",""response_cache_status"":""UNKNOWN"",""observed_provider"":""Baidu"",""observed_endpoint"":null,""observed_quantization"":null}],""response_cache_status"":""UNKNOWN"",""raw_action_valid"":true,""action_received"":""QUERY"",""value"":""ABDEFGI"",""action_applied"":""QUERY"",""feedback"":{""exact"":0,""misplaced"":4},""credits_remaining"":0},{""step"":11,""credits_before"":0,""http_attempts"":[{""attempt_number"":1,""started_at"":""2026-08-16T10:51:06.064Z"",""finished_at"":""2026-08-16T10:51:15.381Z"",""duration_ms"":9316,""status_code"":200,""error_category"":null,""error_message"":null,""usage"":{""input_tokens"":588,""output_tokens"":7,""reasoning_tokens"":null,""cached_tokens"":512,""cache_write_tokens"":null,""total_tokens"":595},""cost_usd"":1.239056e-05,""generation_id"":""gen-1786877473-0GTMvabdesyGzbSZlhzE"",""response_cache_status"":""UNKNOWN"",""observed_provider"":""Baidu"",""observed_endpoint"":null,""observed_quantization"":null}],""response_cache_status"":""UNKNOWN"",""raw_action_valid"":true,""action_received"":""SUBMIT"",""value"":""ABCEFGH"",""action_applied"":""SUBMIT"",""coerced_at_zero_credits"":false,""credits_remaining"":0}]"
0f1a4eb0-b1d1-4f01-9526-2a0372b643d3,0f1a4eb0-b1d1-4f01-9526-2a0372b643d3,2,bb3e3424-b9bc-467f-ad7e-129b8ea1d566,9,deepseek,deepseek-v4-flash-0731,deepseek/deepseek-v4-flash-0731,baidu,Baidu,baidu/fp8,,,,A,continuation,2026-08-16T10:49:29.208Z,2026-08-16T10:52:11.570Z,162362,97db8bbaf05ac3f0a46ef4c9de2d7369,c4b82aecc83c8841,FJHFGFB,7,10,10,10,0,FGFFBGH,2,0.2857142857142857,false,partial,17,17,0,6,30491,4614,,22528,,35105,0.00139726104,true,true,false,a193e42687075f855a907c617cb6eb43c5979e687d22273bbab4c0919af923ac,"{""max_tokens"":8192,""temperature"":null,""top_p"":null,""top_k"":null,""min_p"":null,""seed"":null,""reasoning"":{""enabled"":false,""effort"":null,""max_tokens"":null,""exclude"":true},""thinking"":null}","{""endpoint_slug"":""baidu/fp8"",""quantizations"":null,""allow_fallbacks"":false,""require_parameters"":true}",completed,true,[],,,response must be exactly QUERY <symbols> or SUBMIT <symbols>,"[{""step"":1,""credits_before"":10,""http_attempts"":[{""attempt_number"":1,""started_at"":""2026-08-16T10:49:29.208Z"",""finished_at"":""2026-08-16T10:49:39.739Z"",""duration_ms"":10531,""status_code"":200,""error_category"":null,""error_message"":null,""usage"":{""input_tokens"":258,""output_tokens"":6,""reasoning_tokens"":null,""cached_tokens"":256,""cache_write_tokens"":null,""total_tokens"":264},""cost_usd"":4.19888e-06,""generation_id"":""gen-1786877377-fUViDrULsPqHBfeKJ3ao"",""response_cache_status"":""UNKNOWN"",""observed_provider"":""Baidu"",""observed_endpoint"":null,""observed_quantization"":null}],""response_cache_status"":""UNKNOWN"",""raw_action_valid"":true,""action_received"":""QUERY"",""value"":""AAAAAAA"",""action_applied"":""QUERY"",""feedback"":{""exact"":0,""misplaced"":0},""credits_remaining"":9},{""step"":2,""credits_before"":9,""http_attempts"":[{""attempt_number"":1,""started_at"":""2026-08-16T10:49:39.739Z"",""finished_at"":""2026-08-16T10:49:50.831Z"",""duration_ms"":11092,""status_code"":200,""error_category"":null,""error_message"":null,""usage"":{""input_tokens"":291,""output_tokens"":6,""reasoning_tokens"":null,""cached_tokens"":256,""cache_write_tokens"":null,""total_tokens"":297},""cost_usd"":6.32408e-06,""generation_id"":""gen-1786877389-q5L0vhqiYzLMZ3uEqIcS"",""response_cache_status"":""UNKNOWN"",""observed_provider"":""Baidu"",""observed_endpoint"":null,""observed_quantization"":null}],""response_cache_status"":""UNKNOWN"",""raw_action_valid"":true,""action_received"":""QUERY"",""value"":""BBBBBBB"",""action_applied"":""QUERY"",""feedback"":{""exact"":1,""misplaced"":0},""credits_remaining"":8},{""step"":3,""credits_before"":8,""http_attempts"":[{""attempt_number"":1,""started_at"":""2026-08-16T10:49:50.832Z"",""finished_at"":""2026-08-16T10:50:03.022Z"",""duration_ms"":12191,""status_code"":200,""error_category"":null,""error_message"":null,""usage"":{""input_tokens"":324,""output_tokens"":6,""reasoning_tokens"":null,""cached_tokens"":256,""cache_write_tokens"":null,""total_tokens"":330},""cost_usd"":8.44928e-06,""generation_id"":""gen-1786877401-8DKhcB5g4qzypLb4yTxg"",""response_cache_status"":""UNKNOWN"",""observed_provider"":""Baidu"",""observed_endpoint"":null,""observed_quantization"":null}],""response_cache_status"":""UNKNOWN"",""raw_action_valid"":true,""action_received"":""QUERY"",""value"":""CCCCCCC"",""action_applied"":""QUERY"",""feedback"":{""exact"":0,""misplaced"":0},""credits_remaining"":7},{""step"":4,""credits_before"":7,""http_attempts"":[{""attempt_number"":1,""started_at"":""2026-08-16T10:50:03.023Z"",""finished_at"":""2026-08-16T10:50:14.916Z"",""duration_ms"":11893,""status_code"":200,""error_category"":null,""error_message"":null,""usage"":{""input_tokens"":357,""output_tokens"":7,""reasoning_tokens"":null,""cached_tokens"":256,""cache_write_tokens"":null,""total_tokens"":364},""cost_usd"":1.070328e-05,""generation_id"":""gen-1786877413-wcXp6XimOtUlioBbRL5q"",""response_cache_status"":""UNKNOWN"",""observed_provider"":""Baidu"",""observed_endpoint"":null,""observed_quantization"":null}],""response_cache_status"":""UNKNOWN"",""raw_action_valid"":true,""action_received"":""QUERY"",""value"":""DDDDDDD"",""action_applied"":""QUERY"",""feedback"":{""exact"":0,""misplaced"":0},""credits_remaining"":6},{""step"":5,""credits_before"":6,""http_attempts"":[{""attempt_number"":1,""started_at"":""2026-08-16T10:50:14.917Z"",""finished_at"":""2026-08-16T10:50:24.056Z"",""duration_ms"":9140,""status_code"":200,""error_category"":null,""error_message"":null,""usage"":{""input_tokens"":391,""output_tokens"":7,""reasoning_tokens"":null,""cached_tokens"":256,""cache_write_tokens"":null,""total_tokens"":398},""cost_usd"":1.289288e-05,""generation_id"":""gen-1786877422-xzz3OerardmsqrchnVjk"",""response_cache_status"":""UNKNOWN"",""observed_provider"":""Baidu"",""observed_endpoint"":null,""observed_quantization"":null}],""response_cache_status"":""UNKNOWN"",""raw_action_valid"":true,""action_received"":""QUERY"",""value"":""EEEEEEE"",""action_applied"":""QUERY"",""feedback"":{""exact"":0,""misplaced"":0},""credits_remaining"":5},{""step"":6,""credits_before"":5,""http_attempts"":[{""attempt_number"":1,""started_at"":""2026-08-16T10:50:24.057Z"",""finished_at"":""2026-08-16T10:50:36.710Z"",""duration_ms"":12653,""status_code"":200,""error_category"":null,""error_message"":null,""usage"":{""input_tokens"":425,""output_tokens"":103,""reasoning_tokens"":null,""cached_tokens"":256,""cache_write_tokens"":null,""total_tokens"":528},""cost_usd"":2.744728e-05,""generation_id"":""gen-1786877434-sbX0BHyksEQg8VD2PBNh"",""response_cache_status"":""UNKNOWN"",""observed_provider"":""Baidu"",""observed_endpoint"":null,""observed_quantization"":null}],""response_cache_status"":""UNKNOWN"",""raw_action_valid"":false,""action"":null,""parse_error"":""response must be exactly QUERY <symbols> or SUBMIT <symbols>"",""consecutive_invalid_responses"":1},{""step"":7,""credits_before"":5,""http_attempts"":[{""attempt_number"":1,""started_at"":""2026-08-16T10:50:36.710Z"",""finished_at"":""2026-08-16T10:50:48.330Z"",""duration_ms"":11620,""status_code"":200,""error_category"":null,""error_message"":null,""usage"":{""input_tokens"":562,""output_tokens"":5,""reasoning_tokens"":null,""cached_tokens"":256,""cache_write_tokens"":null,""total_tokens"":567},""cost_usd"":2.364768e-05,""generation_id"":""gen-1786877446-uLIr63qV3wPmQyE47QLs"",""response_cache_status"":""UNKNOWN"",""observed_provider"":""Baidu"",""observed_endpoint"":null,""observed_quantization"":null}],""response_cache_status"":""UNKNOWN"",""raw_action_valid"":true,""action_received"":""QUERY"",""value"":""BFFFFFF"",""action_applied"":""QUERY"",""feedback"":{""exact"":2,""misplaced"":2},""credits_remaining"":4},{""step"":8,""credits_before"":4,""http_attempts"":[{""attempt_number"":1,""started_at"":""2026-08-16T10:50:48.330Z"",""finished_at"":""2026-08-16T10:51:00.529Z"",""duration_ms"":12199,""status_code"":200,""error_category"":null,""error_message"":null,""usage"":{""input_tokens"":594,""output_tokens"":632,""reasoning_tokens"":null,""cached_tokens"":512,""cache_write_tokens"":null,""total_tokens"":1226},""cost_usd"":9.327696e-05,""generation_id"":""gen-1786877455-eVhXiwkgPY8CwVqMnLsf"",""response_cache_status"":""UNKNOWN"",""observed_provider"":""Baidu"",""observed_endpoint"":null,""observed_quantization"":null}],""response_cache_status"":""UNKNOWN"",""raw_action_valid"":false,""action"":null,""parse_error"":""response must be exactly QUERY <symbols> or SUBMIT <symbols>"",""consecutive_invalid_responses"":1},{""step"":9,""credits_before"":4,""http_attempts"":[{""attempt_number"":1,""started_at"":""2026-08-16T10:51:00.530Z"",""finished_at"":""2026-08-16T10:51:09.305Z"",""duration_ms"":8775,""status_code"":200,""error_category"":null,""error_message"":null,""usage"":{""input_tokens"":1260,""output_tokens"":7,""reasoning_tokens"":null,""cached_tokens"":512,""cache_write_tokens"":null,""total_tokens"":1267},""cost_usd"":5.566736e-05,""generation_id"":""gen-1786877467-IS0DMRahYt2DZPZYWgVJ"",""response_cache_status"":""UNKNOWN"",""observed_provider"":""Baidu"",""observed_endpoint"":null,""observed_quantization"":null}],""response_cache_status"":""UNKNOWN"",""raw_action_valid"":true,""action_received"":""QUERY"",""value"":""GBGGGGG"",""action_applied"":""QUERY"",""feedback"":{""exact"":1,""misplaced"":1},""credits_remaining"":3},{""step"":10,""credits_before"":3,""http_attempts"":[{""attempt_number"":1,""started_at"":""2026-08-16T10:51:09.306Z"",""finished_at"":""2026-08-16T10:51:26.072Z"",""duration_ms"":16767,""status_code"":200,""error_category"":null,""error_message"":null,""usage"":{""input_tokens"":1294,""output_tokens"":1524,""reasoning_tokens"":null,""cached_tokens"":1024,""cache_write_tokens"":null,""total_tokens"":2818},""cost_usd"":0.00022686832,""generation_id"":""gen-1786877476-wqNSf5fJCjuz7nqL2v1O"",""response_cache_status"":""UNKNOWN"",""observed_provider"":""Baidu"",""observed_endpoint"":null,""observed_quantization"":null}],""response_cache_status"":""UNKNOWN"",""raw_action_valid"":false,""action"":null,""parse_error"":""response must be exactly QUERY <symbols> or SUBMIT <symbols>"",""consecutive_invalid_responses"":1},{""step"":11,""credits_before"":3,""http_attempts"":[{""attempt_number"":1,""started_at"":""2026-08-16T10:51:26.073Z"",""finished_at"":""2026-08-16T10:51:29.451Z"",""duration_ms"":3378,""status_code"":200,""error_category"":null,""error_message"":null,""usage"":{""input_tokens"":2852,""output_tokens"":6,""reasoning_tokens"":null,""cached_tokens"":1280,""cache_write_tokens"":null,""total_tokens"":2858},""cost_usd"":0.000118496,""generation_id"":""gen-1786877487-FUR1DnsLPlVf9VlP9Qxr"",""response_cache_status"":""UNKNOWN"",""observed_provider"":""Baidu"",""observed_endpoint"":null,""observed_quantization"":null}],""response_cache_status"":""UNKNOWN"",""raw_action_valid"":true,""action_received"":""QUERY"",""value"":""AABAAAA"",""action_applied"":""QUERY"",""feedback"":{""exact"":0,""misplaced"":1},""credits_remaining"":2},{""step"":12,""credits_before"":2,""http_attempts"":[{""attempt_number"":1,""started_at"":""2026-08-16T10:51:29.452Z"",""finished_at"":""2026-08-16T10:51:36.962Z"",""duration_ms"":7510,""status_code"":200,""error_category"":null,""error_message"":null,""usage"":{""input_tokens"":2885,""output_tokens"":350,""reasoning_tokens"":null,""cached_tokens"":2816,""cache_write_tokens"":null,""total_tokens"":3235},""cost_usd"":8.579368e-05,""generation_id"":""gen-1786877493-Z2j4gFQOXmw7iQIN85IJ"",""response_cache_status"":""UNKNOWN"",""observed_provider"":""Baidu"",""observed_endpoint"":null,""observed_quantization"":null}],""response_cache_status"":""UNKNOWN"",""raw_action_valid"":false,""action"":null,""parse_error"":""response must be exactly QUERY <symbols> or SUBMIT <symbols>"",""consecutive_invalid_responses"":1},{""step"":13,""credits_before"":2,""http_attempts"":[{""attempt_number"":1,""started_at"":""2026-08-16T10:51:36.963Z"",""finished_at"":""2026-08-16T10:51:41.715Z"",""duration_ms"":4752,""status_code"":200,""error_category"":null,""error_message"":null,""usage"":{""input_tokens"":3269,""output_tokens"":6,""reasoning_tokens"":null,""cached_tokens"":2048,""cache_write_tokens"":null,""total_tokens"":3275},""cost_usd"":0.00010578344,""generation_id"":""gen-1786877499-aHcKleIMgzKMbBapsxLe"",""response_cache_status"":""UNKNOWN"",""observed_provider"":""Baidu"",""observed_endpoint"":null,""observed_quantization"":null}],""response_cache_status"":""UNKNOWN"",""raw_action_valid"":true,""action_received"":""QUERY"",""value"":""AAABAAA"",""action_applied"":""QUERY"",""feedback"":{""exact"":0,""misplaced"":1},""credits_remaining"":1},{""step"":14,""credits_before"":1,""http_attempts"":[{""attempt_number"":1,""started_at"":""2026-08-16T10:51:41.715Z"",""finished_at"":""2026-08-16T10:51:48.538Z"",""duration_ms"":6823,""status_code"":200,""error_category"":null,""error_message"":null,""usage"":{""input_tokens"":3302,""output_tokens"":192,""reasoning_tokens"":null,""cached_tokens"":3072,""cache_write_tokens"":null,""total_tokens"":3494},""cost_usd"":7.910896e-05,""generation_id"":""gen-1786877505-8bGPMYUWFFW3F5xiqb20"",""response_cache_status"":""UNKNOWN"",""observed_provider"":""Baidu"",""observed_endpoint"":null,""observed_quantization"":null}],""response_cache_status"":""UNKNOWN"",""raw_action_valid"":false,""action"":null,""parse_error"":""response must be exactly QUERY <symbols> or SUBMIT <symbols>"",""consecutive_invalid_responses"":1},{""step"":15,""credits_before"":1,""http_attempts"":[{""attempt_number"":1,""started_at"":""2026-08-16T10:51:48.538Z"",""finished_at"":""2026-08-16T10:51:53.452Z"",""duration_ms"":4914,""status_code"":200,""error_category"":null,""error_message"":null,""usage"":{""input_tokens"":3528,""output_tokens"":6,""reasoning_tokens"":null,""cached_tokens"":3072,""cache_write_tokens"":null,""total_tokens"":3534},""cost_usd"":6.970656e-05,""generation_id"":""gen-1786877511-AGh4AzizUvag17qSAnMs"",""response_cache_status"":""UNKNOWN"",""observed_provider"":""Baidu"",""observed_endpoint"":null,""observed_quantization"":null}],""response_cache_status"":""UNKNOWN"",""raw_action_valid"":true,""action_received"":""QUERY"",""value"":""BAAAAAA"",""action_applied"":""QUERY"",""feedback"":{""exact"":0,""misplaced"":1},""credits_remaining"":0},{""step"":16,""credits_before"":0,""http_attempts"":[{""attempt_number"":1,""started_at"":""2026-08-16T10:51:53.453Z"",""finished_at"":""2026-08-16T10:52:08.406Z"",""duration_ms"":14953,""status_code"":200,""error_category"":null,""error_message"":null,""usage"":{""input_tokens"":3561,""output_tokens"":1743,""reasoning_tokens"":null,""cached_tokens"":3328,""cache_write_tokens"":null,""total_tokens"":5304},""cost_usd"":0.00028236824,""generation_id"":""gen-1786877517-GPtV0332F9RNUuBzgJPD"",""response_cache_status"":""UNKNOWN"",""observed_provider"":""Baidu"",""observed_endpoint"":null,""observed_quantization"":null}],""response_cache_status"":""UNKNOWN"",""raw_action_valid"":false,""action"":null,""parse_error"":""response must be exactly QUERY <symbols> or SUBMIT <symbols>"",""consecutive_invalid_responses"":1},{""step"":17,""credits_before"":0,""http_attempts"":[{""attempt_number"":1,""started_at"":""2026-08-16T10:52:08.406Z"",""finished_at"":""2026-08-16T10:52:11.569Z"",""duration_ms"":3163,""status_code"":200,""error_category"":null,""error_message"":null,""usage"":{""input_tokens"":5338,""output_tokens"":8,""reasoning_tokens"":null,""cached_tokens"":3072,""cache_write_tokens"":null,""total_tokens"":5346},""cost_usd"":0.00018652816,""generation_id"":""gen-1786877529-9K4dhRXW2EkpzLj4owqY"",""response_cache_status"":""UNKNOWN"",""observed_provider"":""Baidu"",""observed_endpoint"":null,""observed_quantization"":null}],""response_cache_status"":""UNKNOWN"",""raw_action_valid"":true,""action_received"":""SUBMIT"",""value"":""FGFFBGH"",""action_applied"":""SUBMIT"",""coerced_at_zero_credits"":false,""credits_remaining"":0}]"
7b609bda-ec09-46e7-9368-112a198643fd,7b609bda-ec09-46e7-9368-112a198643fd,2,9221b247-36a1-4c17-962d-bbc344a8cccf,16,deepseek,deepseek-v4-flash-0731,deepseek/deepseek-v4-flash-0731,baidu,Baidu,baidu/fp8,,,,A,continuation,2026-08-16T10:49:29.208Z,2026-08-16T10:52:23.568Z,174361,97db8bbaf05ac3f0a46ef4c9de2d7369,e49df48904323416,DJDEICH,7,10,10,10,0,DIEBIEH,3,0.42857142857142855,false,partial,19,19,0,8,68549,8339,,55040,,76888,0.002652958,true,true,false,a193e42687075f855a907c617cb6eb43c5979e687d22273bbab4c0919af923ac,"{""max_tokens"":8192,""temperature"":null,""top_p"":null,""top_k"":null,""min_p"":null,""seed"":null,""reasoning"":{""enabled"":false,""effort"":null,""max_tokens"":null,""exclude"":true},""thinking"":null}","{""endpoint_slug"":""baidu/fp8"",""quantizations"":null,""allow_fallbacks"":false,""require_parameters"":true}",completed,true,[],,,response must be exactly QUERY <symbols> or SUBMIT <symbols>,"[{""step"":1,""credits_before"":10,""http_attempts"":[{""attempt_number"":1,""started_at"":""2026-08-16T10:49:29.208Z"",""finished_at"":""2026-08-16T10:49:36.651Z"",""duration_ms"":7443,""status_code"":200,""error_category"":null,""error_message"":null,""usage"":{""input_tokens"":258,""output_tokens"":6,""reasoning_tokens"":null,""cached_tokens"":256,""cache_write_tokens"":null,""total_tokens"":264},""cost_usd"":4.19888e-06,""generation_id"":""gen-1786877374-4WRumNfZFMalIayOOPse"",""response_cache_status"":""UNKNOWN"",""observed_provider"":""Baidu"",""observed_endpoint"":null,""observed_quantization"":null}],""response_cache_status"":""UNKNOWN"",""raw_action_valid"":true,""action_received"":""QUERY"",""value"":""ABCDEFG"",""action_applied"":""QUERY"",""feedback"":{""exact"":0,""misplaced"":3},""credits_remaining"":9},{""step"":2,""credits_before"":9,""http_attempts"":[{""attempt_number"":1,""started_at"":""2026-08-16T10:49:36.651Z"",""finished_at"":""2026-08-16T10:49:47.818Z"",""duration_ms"":11167,""status_code"":200,""error_category"":null,""error_message"":null,""usage"":{""input_tokens"":291,""output_tokens"":6,""reasoning_tokens"":null,""cached_tokens"":256,""cache_write_tokens"":null,""total_tokens"":297},""cost_usd"":6.32408e-06,""generation_id"":""gen-1786877386-AEx9E0EIap9JUcAc4A6U"",""response_cache_status"":""UNKNOWN"",""observed_provider"":""Baidu"",""observed_endpoint"":null,""observed_quantization"":null}],""response_cache_status"":""UNKNOWN"",""raw_action_valid"":true,""action_received"":""QUERY"",""value"":""ABCDEFH"",""action_applied"":""QUERY"",""feedback"":{""exact"":1,""misplaced"":3},""credits_remaining"":8},{""step"":3,""credits_before"":8,""http_attempts"":[{""attempt_number"":1,""started_at"":""2026-08-16T10:49:47.819Z"",""finished_at"":""2026-08-16T10:49:59.922Z"",""duration_ms"":12103,""status_code"":200,""error_category"":null,""error_message"":null,""usage"":{""input_tokens"":324,""output_tokens"":6,""reasoning_tokens"":null,""cached_tokens"":256,""cache_write_tokens"":null,""total_tokens"":330},""cost_usd"":8.44928e-06,""generation_id"":""gen-1786877398-TSd68gyCtM5YXrr7if8h"",""response_cache_status"":""UNKNOWN"",""observed_provider"":""Baidu"",""observed_endpoint"":null,""observed_quantization"":null}],""response_cache_status"":""UNKNOWN"",""raw_action_valid"":true,""action_received"":""QUERY"",""value"":""ABCDEFI"",""action_applied"":""QUERY"",""feedback"":{""exact"":0,""misplaced"":4},""credits_remaining"":7},{""step"":4,""credits_before"":7,""http_attempts"":[{""attempt_number"":1,""started_at"":""2026-08-16T10:49:59.923Z"",""finished_at"":""2026-08-16T10:50:17.758Z"",""duration_ms"":17835,""status_code"":200,""error_category"":null,""error_message"":null,""usage"":{""input_tokens"":357,""output_tokens"":914,""reasoning_tokens"":null,""cached_tokens"":256,""cache_write_tokens"":null,""total_tokens"":1271},""cost_usd"":0.00012752488,""generation_id"":""gen-1786877410-NBdAREVjzoJVpLqObqaa"",""response_cache_status"":""UNKNOWN"",""observed_provider"":""Baidu"",""observed_endpoint"":null,""observed_quantization"":null}],""response_cache_status"":""UNKNOWN"",""raw_action_valid"":false,""action"":null,""parse_error"":""response must be exactly QUERY <symbols> or SUBMIT <symbols>"",""consecutive_invalid_responses"":1},{""step"":5,""credits_before"":7,""http_attempts"":[{""attempt_number"":1,""started_at"":""2026-08-16T10:50:17.758Z"",""finished_at"":""2026-08-16T10:50:27.471Z"",""duration_ms"":9713,""status_code"":200,""error_category"":null,""error_message"":null,""usage"":{""input_tokens"":1304,""output_tokens"":7,""reasoning_tokens"":null,""cached_tokens"":256,""cache_write_tokens"":null,""total_tokens"":1311},""cost_usd"":7.169008e-05,""generation_id"":""gen-1786877425-rTXpVymCFAwzJZlh8LgA"",""response_cache_status"":""UNKNOWN"",""observed_provider"":""Baidu"",""observed_endpoint"":null,""observed_quantization"":null}],""response_cache_status"":""UNKNOWN"",""raw_action_valid"":true,""action_received"":""QUERY"",""value"":""BCADEFH"",""action_applied"":""QUERY"",""feedback"":{""exact"":1,""misplaced"":3},""credits_remaining"":6},{""step"":6,""credits_before"":6,""http_attempts"":[{""attempt_number"":1,""started_at"":""2026-08-16T10:50:27.472Z"",""finished_at"":""2026-08-16T10:50:46.242Z"",""duration_ms"":18771,""status_code"":200,""error_category"":null,""error_message"":null,""usage"":{""input_tokens"":1338,""output_tokens"":1428,""reasoning_tokens"":null,""cached_tokens"":1280,""cache_write_tokens"":null,""total_tokens"":2766},""cost_usd"":0.000204148,""generation_id"":""gen-1786877437-CfPiIqeDJEv2vJPK5byx"",""response_cache_status"":""UNKNOWN"",""observed_provider"":""Baidu"",""observed_endpoint"":null,""observed_quantization"":null}],""response_cache_status"":""UNKNOWN"",""raw_action_valid"":false,""action"":null,""parse_error"":""response must be exactly QUERY <symbols> or SUBMIT <symbols>"",""consecutive_invalid_responses"":1},{""step"":7,""credits_before"":6,""http_attempts"":[{""attempt_number"":1,""started_at"":""2026-08-16T10:50:46.243Z"",""finished_at"":""2026-08-16T10:50:54.196Z"",""duration_ms"":7953,""status_code"":200,""error_category"":null,""error_message"":null,""usage"":{""input_tokens"":2799,""output_tokens"":6,""reasoning_tokens"":null,""cached_tokens"":1280,""cache_write_tokens"":null,""total_tokens"":2805},""cost_usd"":0.0001150828,""generation_id"":""gen-1786877452-jBBl5slfKIWeIaudR3Ky"",""response_cache_status"":""UNKNOWN"",""observed_provider"":""Baidu"",""observed_endpoint"":null,""observed_quantization"":null}],""response_cache_status"":""UNKNOWN"",""raw_action_valid"":true,""action_received"":""QUERY"",""value"":""ABCGGGH"",""action_applied"":""QUERY"",""feedback"":{""exact"":1,""misplaced"":1},""credits_remaining"":5},{""step"":8,""credits_before"":5,""http_attempts"":[{""attempt_number"":1,""started_at"":""2026-08-16T10:50:54.196Z"",""finished_at"":""2026-08-16T10:51:03.943Z"",""duration_ms"":9747,""status_code"":200,""error_category"":null,""error_message"":null,""usage"":{""input_tokens"":2832,""output_tokens"":200,""reasoning_tokens"":null,""cached_tokens"":2560,""cache_write_tokens"":null,""total_tokens"":3032},""cost_usd"":7.62496e-05,""generation_id"":""gen-1786877461-bKnSZdzwNylE2uX2FXl9"",""response_cache_status"":""UNKNOWN"",""observed_provider"":""Baidu"",""observed_endpoint"":null,""observed_quantization"":null}],""response_cache_status"":""UNKNOWN"",""raw_action_valid"":false,""action"":null,""parse_error"":""response must be exactly QUERY <symbols> or SUBMIT <symbols>"",""consecutive_invalid_responses"":1},{""step"":9,""credits_before"":5,""http_attempts"":[{""attempt_number"":1,""started_at"":""2026-08-16T10:51:03.944Z"",""finished_at"":""2026-08-16T10:51:12.010Z"",""duration_ms"":8067,""status_code"":200,""error_category"":null,""error_message"":null,""usage"":{""input_tokens"":3066,""output_tokens"":6,""reasoning_tokens"":null,""cached_tokens"":2816,""cache_write_tokens"":null,""total_tokens"":3072},""cost_usd"":5.314288e-05,""generation_id"":""gen-1786877470-Q5Aq4yZukgnLwXmnd97u"",""response_cache_status"":""UNKNOWN"",""observed_provider"":""Baidu"",""observed_endpoint"":null,""observed_quantization"":null}],""response_cache_status"":""UNKNOWN"",""raw_action_valid"":true,""action_received"":""QUERY"",""value"":""DEFGGGH"",""action_applied"":""QUERY"",""feedback"":{""exact"":2,""misplaced"":1},""credits_remaining"":4},{""step"":10,""credits_before"":4,""http_attempts"":[{""attempt_number"":1,""started_at"":""2026-08-16T10:51:12.011Z"",""finished_at"":""2026-08-16T10:51:25.626Z"",""duration_ms"":13615,""status_code"":200,""error_category"":null,""error_message"":null,""usage"":{""input_tokens"":3099,""output_tokens"":889,""reasoning_tokens"":null,""cached_tokens"":2048,""cache_write_tokens"":null,""total_tokens"":3988},""cost_usd"":0.00020856584,""generation_id"":""gen-1786877479-5kVCz2IGbOcONHuPAOVp"",""response_cache_status"":""UNKNOWN"",""observed_provider"":""Baidu"",""observed_endpoint"":null,""observed_quantization"":null}],""response_cache_status"":""UNKNOWN"",""raw_action_valid"":false,""action"":null,""parse_error"":""response must be exactly QUERY <symbols> or SUBMIT <symbols>"",""consecutive_invalid_responses"":1},{""step"":11,""credits_before"":4,""http_attempts"":[{""attempt_number"":1,""started_at"":""2026-08-16T10:51:25.627Z"",""finished_at"":""2026-08-16T10:51:26.677Z"",""duration_ms"":1051,""status_code"":200,""error_category"":null,""error_message"":null,""usage"":{""input_tokens"":4022,""output_tokens"":7,""reasoning_tokens"":null,""cached_tokens"":3072,""cache_write_tokens"":null,""total_tokens"":4029},""cost_usd"":0.00010164896,""generation_id"":""gen-1786877484-EaNB0VOsESvEo8qKA5FE"",""response_cache_status"":""UNKNOWN"",""observed_provider"":""Baidu"",""observed_endpoint"":null,""observed_quantization"":null}],""response_cache_status"":""UNKNOWN"",""raw_action_valid"":true,""action_received"":""QUERY"",""value"":""EDFGGGH"",""action_applied"":""QUERY"",""feedback"":{""exact"":1,""misplaced"":2},""credits_remaining"":3},{""step"":12,""credits_before"":3,""http_attempts"":[{""attempt_number"":1,""started_at"":""2026-08-16T10:51:26.678Z"",""finished_at"":""2026-08-16T10:51:36.904Z"",""duration_ms"":10226,""status_code"":200,""error_category"":null,""error_message"":null,""usage"":{""input_tokens"":4056,""output_tokens"":845,""reasoning_tokens"":null,""cached_tokens"":3072,""cache_write_tokens"":null,""total_tokens"":4901},""cost_usd"":0.00021177296,""generation_id"":""gen-1786877490-a2YXHwTozgFW8TqgTsz2"",""response_cache_status"":""UNKNOWN"",""observed_provider"":""Baidu"",""observed_endpoint"":null,""observed_quantization"":null}],""response_cache_status"":""UNKNOWN"",""raw_action_valid"":false,""action"":null,""parse_error"":""response must be exactly QUERY <symbols> or SUBMIT <symbols>"",""consecutive_invalid_responses"":1},{""step"":13,""credits_before"":3,""http_attempts"":[{""attempt_number"":1,""started_at"":""2026-08-16T10:51:36.904Z"",""finished_at"":""2026-08-16T10:51:38.298Z"",""duration_ms"":1394,""status_code"":200,""error_category"":null,""error_message"":null,""usage"":{""input_tokens"":4935,""output_tokens"":7,""reasoning_tokens"":null,""cached_tokens"":3840,""cache_write_tokens"":null,""total_tokens"":4942},""cost_usd"":0.0001208788,""generation_id"":""gen-1786877496-HaZRXA872RI6EXKIpist"",""response_cache_status"":""UNKNOWN"",""observed_provider"":""Baidu"",""observed_endpoint"":null,""observed_quantization"":null}],""response_cache_status"":""UNKNOWN"",""raw_action_valid"":true,""action_received"":""QUERY"",""value"":""DGGGGGH"",""action_applied"":""QUERY"",""feedback"":{""exact"":2,""misplaced"":0},""credits_remaining"":2},{""step"":14,""credits_before"":2,""http_attempts"":[{""attempt_number"":1,""started_at"":""2026-08-16T10:51:38.299Z"",""finished_at"":""2026-08-16T10:51:45.419Z"",""duration_ms"":7120,""status_code"":200,""error_category"":null,""error_message"":null,""usage"":{""input_tokens"":4969,""output_tokens"":257,""reasoning_tokens"":null,""cached_tokens"":4864,""cache_write_tokens"":null,""total_tokens"":5226},""cost_usd"":0.00010251192,""generation_id"":""gen-1786877502-dvv7DYEorA82hWUxrBOa"",""response_cache_status"":""UNKNOWN"",""observed_provider"":""Baidu"",""observed_endpoint"":null,""observed_quantization"":null}],""response_cache_status"":""UNKNOWN"",""raw_action_valid"":false,""action"":null,""parse_error"":""response must be exactly QUERY <symbols> or SUBMIT <symbols>"",""consecutive_invalid_responses"":1},{""step"":15,""credits_before"":2,""http_attempts"":[{""attempt_number"":1,""started_at"":""2026-08-16T10:51:45.419Z"",""finished_at"":""2026-08-16T10:51:50.738Z"",""duration_ms"":5318,""status_code"":200,""error_category"":null,""error_message"":null,""usage"":{""input_tokens"":5260,""output_tokens"":7,""reasoning_tokens"":null,""cached_tokens"":4096,""cache_write_tokens"":null,""total_tokens"":5267},""cost_usd"":0.00012861968,""generation_id"":""gen-1786877508-EIOHslg7SugujPM9SGMR"",""response_cache_status"":""UNKNOWN"",""observed_provider"":""Baidu"",""observed_endpoint"":null,""observed_quantization"":null}],""response_cache_status"":""UNKNOWN"",""raw_action_valid"":true,""action_received"":""QUERY"",""value"":""EGGGGGH"",""action_applied"":""QUERY"",""feedback"":{""exact"":1,""misplaced"":1},""credits_remaining"":1},{""step"":16,""credits_before"":1,""http_attempts"":[{""attempt_number"":1,""started_at"":""2026-08-16T10:51:50.739Z"",""finished_at"":""2026-08-16T10:52:07.804Z"",""duration_ms"":17065,""status_code"":200,""error_category"":null,""error_message"":null,""usage"":{""input_tokens"":5294,""output_tokens"":2263,""reasoning_tokens"":null,""cached_tokens"":5120,""cache_write_tokens"":null,""total_tokens"":7557},""cost_usd"":0.0003686256,""generation_id"":""gen-1786877514-BbYsh8DNhSSYdEsWLdAH"",""response_cache_status"":""UNKNOWN"",""observed_provider"":""Baidu"",""observed_endpoint"":null,""observed_quantization"":null}],""response_cache_status"":""UNKNOWN"",""raw_action_valid"":false,""action"":null,""parse_error"":""response must be exactly QUERY <symbols> or SUBMIT <symbols>"",""consecutive_invalid_responses"":1},{""step"":17,""credits_before"":1,""http_attempts"":[{""attempt_number"":1,""started_at"":""2026-08-16T10:52:07.805Z"",""finished_at"":""2026-08-16T10:52:08.583Z"",""duration_ms"":779,""status_code"":200,""error_category"":null,""error_message"":null,""usage"":{""input_tokens"":7591,""output_tokens"":7,""reasoning_tokens"":null,""cached_tokens"":5120,""cache_write_tokens"":null,""total_tokens"":7598},""cost_usd"":0.0002259796,""generation_id"":""gen-1786877526-ZsJUCTV1YXxAR9ztDS5j"",""response_cache_status"":""UNKNOWN"",""observed_provider"":""Baidu"",""observed_endpoint"":null,""observed_quantization"":null}],""response_cache_status"":""UNKNOWN"",""raw_action_valid"":true,""action_received"":""QUERY"",""value"":""AGGGGGH"",""action_applied"":""QUERY"",""feedback"":{""exact"":1,""misplaced"":0},""credits_remaining"":0},{""step"":18,""credits_before"":0,""http_attempts"":[{""attempt_number"":1,""started_at"":""2026-08-16T10:52:08.584Z"",""finished_at"":""2026-08-16T10:52:22.414Z"",""duration_ms"":13830,""status_code"":200,""error_category"":null,""error_message"":null,""usage"":{""input_tokens"":7625,""output_tokens"":1470,""reasoning_tokens"":null,""cached_tokens"":7424,""cache_write_tokens"":null,""total_tokens"":9095},""cost_usd"":0.00029790152,""generation_id"":""gen-1786877532-ERX4boZz78TuEkRWOxYv"",""response_cache_status"":""UNKNOWN"",""observed_provider"":""Baidu"",""observed_endpoint"":null,""observed_quantization"":null}],""response_cache_status"":""UNKNOWN"",""raw_action_valid"":false,""action"":null,""parse_error"":""response must be exactly QUERY <symbols> or SUBMIT <symbols>"",""consecutive_invalid_responses"":1},{""step"":19,""credits_before"":0,""http_attempts"":[{""attempt_number"":1,""started_at"":""2026-08-16T10:52:22.414Z"",""finished_at"":""2026-08-16T10:52:23.568Z"",""duration_ms"":1153,""status_code"":200,""error_category"":null,""error_message"":null,""usage"":{""input_tokens"":9129,""output_tokens"":8,""reasoning_tokens"":null,""cached_tokens"":7168,""cache_write_tokens"":null,""total_tokens"":9137},""cost_usd"":0.00021964264,""generation_id"":""gen-1786877541-jeTc8iGzWlb6RYH7OvB7"",""response_cache_status"":""UNKNOWN"",""observed_provider"":""Baidu"",""observed_endpoint"":null,""observed_quantization"":null}],""response_cache_status"":""UNKNOWN"",""raw_action_valid"":true,""action_received"":""SUBMIT"",""value"":""DIEBIEH"",""action_applied"":""SUBMIT"",""coerced_at_zero_credits"":false,""credits_remaining"":0}]"
80ef2580-8a13-425f-aed8-4feadafe3095,80ef2580-8a13-425f-aed8-4feadafe3095,3,4c52cb84-6b11-4c7a-9eaf-0c1b214c4ee3,20,deepseek,deepseek-v4-flash-0731,deepseek/deepseek-v4-flash-0731,baidu,Baidu,baidu/fp8,,,,C,different_model,2026-08-16T10:52:30.468Z,2026-08-16T10:53:01.346Z,30878,40173775e91c248fbbfb163e7719ac5c,23c26e32409765b4,CFEBGDD,7,10,10,10,0,CDEFGAC,3,0.42857142857142855,false,partial,11,11,0,0,4787,75,,3328,,4862,0.00014648423999999996,true,true,false,2ac8682c462a8f01ea519b44aa73090e57243476b55eaf2539123ca100c55ab6,"{""max_tokens"":8192,""temperature"":null,""top_p"":null,""top_k"":null,""min_p"":null,""seed"":null,""reasoning"":{""enabled"":false,""effort"":null,""max_tokens"":null,""exclude"":true},""thinking"":null}","{""endpoint_slug"":""baidu/fp8"",""quantizations"":null,""allow_fallbacks"":false,""require_parameters"":true}",completed,true,[],,,,"[{""step"":1,""credits_before"":10,""http_attempts"":[{""attempt_number"":1,""started_at"":""2026-08-16T10:52:30.469Z"",""finished_at"":""2026-08-16T10:52:31.247Z"",""duration_ms"":778,""status_code"":200,""error_category"":null,""error_message"":null,""usage"":{""input_tokens"":268,""output_tokens"":6,""reasoning_tokens"":null,""cached_tokens"":256,""cache_write_tokens"":null,""total_tokens"":274},""cost_usd"":4.84288e-06,""generation_id"":""gen-1786877549-IT3ns8JjQPbWguDuiuc4"",""response_cache_status"":""UNKNOWN"",""observed_provider"":""Baidu"",""observed_endpoint"":null,""observed_quantization"":null}],""response_cache_status"":""UNKNOWN"",""raw_action_valid"":true,""action_received"":""QUERY"",""value"":""ABCDEFG"",""action_applied"":""QUERY"",""feedback"":{""exact"":0,""misplaced"":6},""credits_remaining"":9},{""step"":2,""credits_before"":9,""http_attempts"":[{""attempt_number"":1,""started_at"":""2026-08-16T10:52:31.247Z"",""finished_at"":""2026-08-16T10:52:34.303Z"",""duration_ms"":3055,""status_code"":200,""error_category"":null,""error_message"":null,""usage"":{""input_tokens"":301,""output_tokens"":6,""reasoning_tokens"":null,""cached_tokens"":256,""cache_write_tokens"":null,""total_tokens"":307},""cost_usd"":6.96808e-06,""generation_id"":""gen-1786877552-WGhTtbTzzT2ScxQ70h4w"",""response_cache_status"":""UNKNOWN"",""observed_provider"":""Baidu"",""observed_endpoint"":null,""observed_quantization"":null}],""response_cache_status"":""UNKNOWN"",""raw_action_valid"":true,""action_received"":""QUERY"",""value"":""ABCDEFH"",""action_applied"":""QUERY"",""feedback"":{""exact"":0,""misplaced"":5},""credits_remaining"":8},{""step"":3,""credits_before"":8,""http_attempts"":[{""attempt_number"":1,""started_at"":""2026-08-16T10:52:34.303Z"",""finished_at"":""2026-08-16T10:52:37.100Z"",""duration_ms"":2797,""status_code"":200,""error_category"":null,""error_message"":null,""usage"":{""input_tokens"":334,""output_tokens"":6,""reasoning_tokens"":null,""cached_tokens"":256,""cache_write_tokens"":null,""total_tokens"":340},""cost_usd"":9.09328e-06,""generation_id"":""gen-1786877555-xtrh1dAzPcfyuVliY8pM"",""response_cache_status"":""UNKNOWN"",""observed_provider"":""Baidu"",""observed_endpoint"":null,""observed_quantization"":null}],""response_cache_status"":""UNKNOWN"",""raw_action_valid"":true,""action_received"":""QUERY"",""value"":""ABCDEFI"",""action_applied"":""QUERY"",""feedback"":{""exact"":0,""misplaced"":5},""credits_remaining"":7},{""step"":4,""credits_before"":7,""http_attempts"":[{""attempt_number"":1,""started_at"":""2026-08-16T10:52:37.101Z"",""finished_at"":""2026-08-16T10:52:40.224Z"",""duration_ms"":3124,""status_code"":200,""error_category"":null,""error_message"":null,""usage"":{""input_tokens"":367,""output_tokens"":6,""reasoning_tokens"":null,""cached_tokens"":256,""cache_write_tokens"":null,""total_tokens"":373},""cost_usd"":1.121848e-05,""generation_id"":""gen-1786877558-fdvhhmBAyiGSQqFUotIO"",""response_cache_status"":""UNKNOWN"",""observed_provider"":""Baidu"",""observed_endpoint"":null,""observed_quantization"":null}],""response_cache_status"":""UNKNOWN"",""raw_action_valid"":true,""action_received"":""QUERY"",""value"":""ABCDEFJ"",""action_applied"":""QUERY"",""feedback"":{""exact"":0,""misplaced"":5},""credits_remaining"":6},{""step"":5,""credits_before"":6,""http_attempts"":[{""attempt_number"":1,""started_at"":""2026-08-16T10:52:40.225Z"",""finished_at"":""2026-08-16T10:52:43.987Z"",""duration_ms"":3762,""status_code"":200,""error_category"":null,""error_message"":null,""usage"":{""input_tokens"":400,""output_tokens"":7,""reasoning_tokens"":null,""cached_tokens"":256,""cache_write_tokens"":null,""total_tokens"":407},""cost_usd"":1.347248e-05,""generation_id"":""gen-1786877561-plByR9balg2w4ue2SxVL"",""response_cache_status"":""UNKNOWN"",""observed_provider"":""Baidu"",""observed_endpoint"":null,""observed_quantization"":null}],""response_cache_status"":""UNKNOWN"",""raw_action_valid"":true,""action_received"":""QUERY"",""value"":""BCDEFGA"",""action_applied"":""QUERY"",""feedback"":{""exact"":0,""misplaced"":6},""credits_remaining"":5},{""step"":6,""credits_before"":5,""http_attempts"":[{""attempt_number"":1,""started_at"":""2026-08-16T10:52:43.987Z"",""finished_at"":""2026-08-16T10:52:46.145Z"",""duration_ms"":2157,""status_code"":200,""error_category"":null,""error_message"":null,""usage"":{""input_tokens"":434,""output_tokens"":7,""reasoning_tokens"":null,""cached_tokens"":256,""cache_write_tokens"":null,""total_tokens"":441},""cost_usd"":1.566208e-05,""generation_id"":""gen-1786877564-ij14xb2EvULgdQz8UyKc"",""response_cache_status"":""UNKNOWN"",""observed_provider"":""Baidu"",""observed_endpoint"":null,""observed_quantization"":null}],""response_cache_status"":""UNKNOWN"",""raw_action_valid"":true,""action_received"":""QUERY"",""value"":""BCDEFGH"",""action_applied"":""QUERY"",""feedback"":{""exact"":0,""misplaced"":6},""credits_remaining"":4},{""step"":7,""credits_before"":4,""http_attempts"":[{""attempt_number"":1,""started_at"":""2026-08-16T10:52:46.145Z"",""finished_at"":""2026-08-16T10:52:49.165Z"",""duration_ms"":3020,""status_code"":200,""error_category"":null,""error_message"":null,""usage"":{""input_tokens"":468,""output_tokens"":7,""reasoning_tokens"":null,""cached_tokens"":256,""cache_write_tokens"":null,""total_tokens"":475},""cost_usd"":1.785168e-05,""generation_id"":""gen-1786877567-Ad68Usr5KjlRbaZpVBFf"",""response_cache_status"":""UNKNOWN"",""observed_provider"":""Baidu"",""observed_endpoint"":null,""observed_quantization"":null}],""response_cache_status"":""UNKNOWN"",""raw_action_valid"":true,""action_received"":""QUERY"",""value"":""BCDEFGI"",""action_applied"":""QUERY"",""feedback"":{""exact"":0,""misplaced"":6},""credits_remaining"":3},{""step"":8,""credits_before"":3,""http_attempts"":[{""attempt_number"":1,""started_at"":""2026-08-16T10:52:49.165Z"",""finished_at"":""2026-08-16T10:52:52.642Z"",""duration_ms"":3477,""status_code"":200,""error_category"":null,""error_message"":null,""usage"":{""input_tokens"":502,""output_tokens"":8,""reasoning_tokens"":null,""cached_tokens"":256,""cache_write_tokens"":null,""total_tokens"":510},""cost_usd"":2.017008e-05,""generation_id"":""gen-1786877570-SZqrTFRRsOXZWXjymr5G"",""response_cache_status"":""UNKNOWN"",""observed_provider"":""Baidu"",""observed_endpoint"":null,""observed_quantization"":null}],""response_cache_status"":""UNKNOWN"",""raw_action_valid"":true,""action_received"":""QUERY"",""value"":""BCDEFGJ"",""action_applied"":""QUERY"",""feedback"":{""exact"":0,""misplaced"":6},""credits_remaining"":2},{""step"":9,""credits_before"":2,""http_attempts"":[{""attempt_number"":1,""started_at"":""2026-08-16T10:52:52.643Z"",""finished_at"":""2026-08-16T10:52:55.188Z"",""duration_ms"":2545,""status_code"":200,""error_category"":null,""error_message"":null,""usage"":{""input_tokens"":537,""output_tokens"":7,""reasoning_tokens"":null,""cached_tokens"":256,""cache_write_tokens"":null,""total_tokens"":544},""cost_usd"":2.229528e-05,""generation_id"":""gen-1786877573-ii8hqbOaKJELdl4SuW2Q"",""response_cache_status"":""UNKNOWN"",""observed_provider"":""Baidu"",""observed_endpoint"":null,""observed_quantization"":null}],""response_cache_status"":""UNKNOWN"",""raw_action_valid"":true,""action_received"":""QUERY"",""value"":""CDEFGAB"",""action_applied"":""QUERY"",""feedback"":{""exact"":3,""misplaced"":3},""credits_remaining"":1},{""step"":10,""credits_before"":1,""http_attempts"":[{""attempt_number"":1,""started_at"":""2026-08-16T10:52:55.188Z"",""finished_at"":""2026-08-16T10:52:58.134Z"",""duration_ms"":2946,""status_code"":200,""error_category"":null,""error_message"":null,""usage"":{""input_tokens"":571,""output_tokens"":7,""reasoning_tokens"":null,""cached_tokens"":512,""cache_write_tokens"":null,""total_tokens"":578},""cost_usd"":1.129576e-05,""generation_id"":""gen-1786877576-TfIbIfu5mzW6mvD1e1oC"",""response_cache_status"":""UNKNOWN"",""observed_provider"":""Baidu"",""observed_endpoint"":null,""observed_quantization"":null}],""response_cache_status"":""UNKNOWN"",""raw_action_valid"":true,""action_received"":""QUERY"",""value"":""CDEFGAC"",""action_applied"":""QUERY"",""feedback"":{""exact"":3,""misplaced"":2},""credits_remaining"":0},{""step"":11,""credits_before"":0,""http_attempts"":[{""attempt_number"":1,""started_at"":""2026-08-16T10:52:58.135Z"",""finished_at"":""2026-08-16T10:53:01.345Z"",""duration_ms"":3210,""status_code"":200,""error_category"":null,""error_message"":null,""usage"":{""input_tokens"":605,""output_tokens"":8,""reasoning_tokens"":null,""cached_tokens"":512,""cache_write_tokens"":null,""total_tokens"":613},""cost_usd"":1.361416e-05,""generation_id"":""gen-1786877579-0BlrUSDIiF4Q6cIhv01I"",""response_cache_status"":""UNKNOWN"",""observed_provider"":""Baidu"",""observed_endpoint"":null,""observed_quantization"":null}],""response_cache_status"":""UNKNOWN"",""raw_action_valid"":true,""action_received"":""SUBMIT"",""value"":""CDEFGAC"",""action_applied"":""SUBMIT"",""coerced_at_zero_credits"":false,""credits_remaining"":0}]"
