run_id,attempt_id,attempt_number,supersedes_attempt_id,game_id,model_key,model_family,model_id,requested_provider,observed_provider,requested_endpoint,observed_endpoint,requested_quantization,observed_quantization,track,i2_identity,started_at,finished_at,duration_ms,trace_id,span_id,hidden_code,code_length,symbol_set_size,initial_query_credits,queries_used,credits_remaining,final_answer,positions_correct,final_score,solved,submission_type,num_model_calls,num_http_attempts,num_transport_retries,num_invalid_responses,total_input_tokens,total_output_tokens,total_reasoning_tokens,total_cached_tokens,total_cache_write_tokens,total_tokens,total_cost_usd,token_totals_complete,cost_total_complete,cache_hit_detected,prompt_hash,inference_settings,routing_settings,run_status,analysis_eligible,exclusion_reasons,error_category,error_message,parse_error,interaction_trace
8cae7feb-7fc3-4b23-83cc-10894f096a00,8cae7feb-7fc3-4b23-83cc-10894f096a00,1,,19,scout,llama-4-scout,meta-llama/llama-4-scout,groq,Groq,groq,,,,C,different_model,2026-08-16T09:56:52.519Z,2026-08-16T09:56:52.701Z,182,7263c69a53507dad5a28591077ff111e,6e97f4722f364761,IFFJEDA,7,10,10,0,10,AAAAAAA,1,0.14285714285714285,false,partial,1,1,0,0,271,6,,,,277,3.185e-05,true,true,false,2ac8682c462a8f01ea519b44aa73090e57243476b55eaf2539123ca100c55ab6,"{""max_tokens"":4096,""temperature"":null,""top_p"":null,""top_k"":null,""min_p"":null,""seed"":null,""reasoning"":null,""thinking"":null}","{""endpoint_slug"":""groq"",""quantizations"":null,""allow_fallbacks"":false,""require_parameters"":true}",completed,true,[],,,,"[{""step"":1,""credits_before"":10,""http_attempts"":[{""attempt_number"":1,""started_at"":""2026-08-16T09:56:52.519Z"",""finished_at"":""2026-08-16T09:56:52.700Z"",""duration_ms"":181,""status_code"":200,""error_category"":null,""error_message"":null,""usage"":{""input_tokens"":271,""output_tokens"":6,""reasoning_tokens"":null,""cached_tokens"":null,""cache_write_tokens"":null,""total_tokens"":277},""cost_usd"":3.185e-05,""generation_id"":""gen-1786874211-ewZrWltHtyHqkVi1pgMK"",""response_cache_status"":""UNKNOWN"",""observed_provider"":""Groq"",""observed_endpoint"":null,""observed_quantization"":null}],""response_cache_status"":""UNKNOWN"",""raw_action_valid"":true,""action_received"":""SUBMIT"",""value"":""AAAAAAA"",""action_applied"":""SUBMIT"",""coerced_at_zero_credits"":false,""credits_remaining"":10}]"
f4b14259-65b9-4ade-a594-29314edf5c78,f4b14259-65b9-4ade-a594-29314edf5c78,1,,6,scout,llama-4-scout,meta-llama/llama-4-scout,groq,Groq,groq,,,,A,continuation,2026-08-16T09:56:52.519Z,2026-08-16T09:56:55.834Z,3315,7263c69a53507dad5a28591077ff111e,66a2c55ad8d41da4,DGFDDHH,7,10,10,0,10,AAAAAAA,0,0.0,false,partial,1,1,0,0,259,6,,,,265,3.053e-05,true,true,false,a193e42687075f855a907c617cb6eb43c5979e687d22273bbab4c0919af923ac,"{""max_tokens"":4096,""temperature"":null,""top_p"":null,""top_k"":null,""min_p"":null,""seed"":null,""reasoning"":null,""thinking"":null}","{""endpoint_slug"":""groq"",""quantizations"":null,""allow_fallbacks"":false,""require_parameters"":true}",completed,true,[],,,,"[{""step"":1,""credits_before"":10,""http_attempts"":[{""attempt_number"":1,""started_at"":""2026-08-16T09:56:52.520Z"",""finished_at"":""2026-08-16T09:56:55.834Z"",""duration_ms"":3314,""status_code"":200,""error_category"":null,""error_message"":null,""usage"":{""input_tokens"":259,""output_tokens"":6,""reasoning_tokens"":null,""cached_tokens"":null,""cache_write_tokens"":null,""total_tokens"":265},""cost_usd"":3.053e-05,""generation_id"":""gen-1786874214-jYTxkEZDI4UHBEanJgh8"",""response_cache_status"":""UNKNOWN"",""observed_provider"":""Groq"",""observed_endpoint"":null,""observed_quantization"":null}],""response_cache_status"":""UNKNOWN"",""raw_action_valid"":true,""action_received"":""SUBMIT"",""value"":""AAAAAAA"",""action_applied"":""SUBMIT"",""coerced_at_zero_credits"":false,""credits_remaining"":10}]"
cbac3ac8-dd4c-4a1e-ba9f-91fce1a8b7ed,cbac3ac8-dd4c-4a1e-ba9f-91fce1a8b7ed,1,,5,scout,llama-4-scout,meta-llama/llama-4-scout,groq,Groq,groq,,,,D,none,2026-08-16T09:56:52.520Z,2026-08-16T09:57:01.711Z,9192,7263c69a53507dad5a28591077ff111e,e5d233a51b58f384,HGGGADC,7,10,10,0,10,AAAAAAA,1,0.14285714285714285,false,partial,1,1,0,0,236,6,,,,242,2.8e-05,true,true,false,35eb269349366de62767de54014a2ee9e18f1c8ac55a4d1100739e287293bf0b,"{""max_tokens"":4096,""temperature"":null,""top_p"":null,""top_k"":null,""min_p"":null,""seed"":null,""reasoning"":null,""thinking"":null}","{""endpoint_slug"":""groq"",""quantizations"":null,""allow_fallbacks"":false,""require_parameters"":true}",completed,true,[],,,,"[{""step"":1,""credits_before"":10,""http_attempts"":[{""attempt_number"":1,""started_at"":""2026-08-16T09:56:52.520Z"",""finished_at"":""2026-08-16T09:57:01.711Z"",""duration_ms"":9191,""status_code"":200,""error_category"":null,""error_message"":null,""usage"":{""input_tokens"":236,""output_tokens"":6,""reasoning_tokens"":null,""cached_tokens"":null,""cache_write_tokens"":null,""total_tokens"":242},""cost_usd"":2.8e-05,""generation_id"":""gen-1786874220-QSWL4sRsFVdfx7qb6m22"",""response_cache_status"":""UNKNOWN"",""observed_provider"":""Groq"",""observed_endpoint"":null,""observed_quantization"":null}],""response_cache_status"":""UNKNOWN"",""raw_action_valid"":true,""action_received"":""SUBMIT"",""value"":""AAAAAAA"",""action_applied"":""SUBMIT"",""coerced_at_zero_credits"":false,""credits_remaining"":10}]"
052cc3c4-6977-4848-9f6d-1767a877afad,052cc3c4-6977-4848-9f6d-1767a877afad,1,,9,scout,llama-4-scout,meta-llama/llama-4-scout,groq,Groq,groq,,,,C,different_model,2026-08-16T09:56:52.720Z,2026-08-16T09:57:16.764Z,24044,7263c69a53507dad5a28591077ff111e,8600e025d081c972,FJHFGFB,7,10,10,0,10,AAAAAAA,0,0.0,false,partial,1,1,0,0,271,6,,,,277,3.185e-05,true,true,false,2ac8682c462a8f01ea519b44aa73090e57243476b55eaf2539123ca100c55ab6,"{""max_tokens"":4096,""temperature"":null,""top_p"":null,""top_k"":null,""min_p"":null,""seed"":null,""reasoning"":null,""thinking"":null}","{""endpoint_slug"":""groq"",""quantizations"":null,""allow_fallbacks"":false,""require_parameters"":true}",completed,true,[],,,,"[{""step"":1,""credits_before"":10,""http_attempts"":[{""attempt_number"":1,""started_at"":""2026-08-16T09:56:52.720Z"",""finished_at"":""2026-08-16T09:57:16.764Z"",""duration_ms"":24043,""status_code"":200,""error_category"":null,""error_message"":null,""usage"":{""input_tokens"":271,""output_tokens"":6,""reasoning_tokens"":null,""cached_tokens"":null,""cache_write_tokens"":null,""total_tokens"":277},""cost_usd"":3.185e-05,""generation_id"":""gen-1786874235-fc3GvrjDqMPGGMSUdFcn"",""response_cache_status"":""UNKNOWN"",""observed_provider"":""Groq"",""observed_endpoint"":null,""observed_quantization"":null}],""response_cache_status"":""UNKNOWN"",""raw_action_valid"":true,""action_received"":""SUBMIT"",""value"":""AAAAAAA"",""action_applied"":""SUBMIT"",""coerced_at_zero_credits"":false,""credits_remaining"":10}]"
8f7b0d29-4cc0-41a8-b8b8-f2d88d2e58a1,8f7b0d29-4cc0-41a8-b8b8-f2d88d2e58a1,1,,16,scout,llama-4-scout,meta-llama/llama-4-scout,groq,Groq,groq,,,,C,different_model,2026-08-16T09:56:59.080Z,2026-08-16T09:57:22.704Z,23624,7263c69a53507dad5a28591077ff111e,e703d6058f92ac4f,DJDEICH,7,10,10,0,10,AAAAAAA,0,0.0,false,partial,1,1,0,0,271,6,,,,277,3.185e-05,true,true,false,2ac8682c462a8f01ea519b44aa73090e57243476b55eaf2539123ca100c55ab6,"{""max_tokens"":4096,""temperature"":null,""top_p"":null,""top_k"":null,""min_p"":null,""seed"":null,""reasoning"":null,""thinking"":null}","{""endpoint_slug"":""groq"",""quantizations"":null,""allow_fallbacks"":false,""require_parameters"":true}",completed,true,[],,,,"[{""step"":1,""credits_before"":10,""http_attempts"":[{""attempt_number"":1,""started_at"":""2026-08-16T09:56:59.080Z"",""finished_at"":""2026-08-16T09:57:22.703Z"",""duration_ms"":23623,""status_code"":200,""error_category"":null,""error_message"":null,""usage"":{""input_tokens"":271,""output_tokens"":6,""reasoning_tokens"":null,""cached_tokens"":null,""cache_write_tokens"":null,""total_tokens"":277},""cost_usd"":3.185e-05,""generation_id"":""gen-1786874241-MOo1Vk5NiSUode2vOc8u"",""response_cache_status"":""UNKNOWN"",""observed_provider"":""Groq"",""observed_endpoint"":null,""observed_quantization"":null}],""response_cache_status"":""UNKNOWN"",""raw_action_valid"":true,""action_received"":""SUBMIT"",""value"":""AAAAAAA"",""action_applied"":""SUBMIT"",""coerced_at_zero_credits"":false,""credits_remaining"":10}]"
d8ccd20d-9b37-481c-a9ed-c863c7dd25f7,d8ccd20d-9b37-481c-a9ed-c863c7dd25f7,1,,14,scout,llama-4-scout,meta-llama/llama-4-scout,groq,Groq,groq,,,,A,continuation,2026-08-16T09:57:05.168Z,2026-08-16T09:57:28.732Z,23564,7263c69a53507dad5a28591077ff111e,c1d1572cfe63031c,HJDADEA,7,10,10,0,10,AAAAAAA,2,0.2857142857142857,false,partial,1,1,0,0,259,6,,,,265,3.053e-05,true,true,false,a193e42687075f855a907c617cb6eb43c5979e687d22273bbab4c0919af923ac,"{""max_tokens"":4096,""temperature"":null,""top_p"":null,""top_k"":null,""min_p"":null,""seed"":null,""reasoning"":null,""thinking"":null}","{""endpoint_slug"":""groq"",""quantizations"":null,""allow_fallbacks"":false,""require_parameters"":true}",completed,true,[],,,,"[{""step"":1,""credits_before"":10,""http_attempts"":[{""attempt_number"":1,""started_at"":""2026-08-16T09:57:05.168Z"",""finished_at"":""2026-08-16T09:57:28.731Z"",""duration_ms"":23563,""status_code"":200,""error_category"":null,""error_message"":null,""usage"":{""input_tokens"":259,""output_tokens"":6,""reasoning_tokens"":null,""cached_tokens"":null,""cache_write_tokens"":null,""total_tokens"":265},""cost_usd"":3.053e-05,""generation_id"":""gen-1786874247-tKHyxeJSxNbDL4HuverD"",""response_cache_status"":""UNKNOWN"",""observed_provider"":""Groq"",""observed_endpoint"":null,""observed_quantization"":null}],""response_cache_status"":""UNKNOWN"",""raw_action_valid"":true,""action_received"":""SUBMIT"",""value"":""AAAAAAA"",""action_applied"":""SUBMIT"",""coerced_at_zero_credits"":false,""credits_remaining"":10}]"
0c5854ed-4ef8-40f4-9cde-c35dc7adf613,0c5854ed-4ef8-40f4-9cde-c35dc7adf613,1,,15,scout,llama-4-scout,meta-llama/llama-4-scout,groq,Groq,groq,,,,A,continuation,2026-08-16T09:57:11.082Z,2026-08-16T09:57:34.689Z,23607,7263c69a53507dad5a28591077ff111e,7947b95458201c1e,GFDEEHJ,7,10,10,0,10,AAAAAAA,0,0.0,false,partial,1,1,0,0,259,6,,,,265,3.053e-05,true,true,false,a193e42687075f855a907c617cb6eb43c5979e687d22273bbab4c0919af923ac,"{""max_tokens"":4096,""temperature"":null,""top_p"":null,""top_k"":null,""min_p"":null,""seed"":null,""reasoning"":null,""thinking"":null}","{""endpoint_slug"":""groq"",""quantizations"":null,""allow_fallbacks"":false,""require_parameters"":true}",completed,true,[],,,,"[{""step"":1,""credits_before"":10,""http_attempts"":[{""attempt_number"":1,""started_at"":""2026-08-16T09:57:11.082Z"",""finished_at"":""2026-08-16T09:57:34.688Z"",""duration_ms"":23607,""status_code"":200,""error_category"":null,""error_message"":null,""usage"":{""input_tokens"":259,""output_tokens"":6,""reasoning_tokens"":null,""cached_tokens"":null,""cache_write_tokens"":null,""total_tokens"":265},""cost_usd"":3.053e-05,""generation_id"":""gen-1786874253-R1h9n2nFHCZmJ17AVq2X"",""response_cache_status"":""UNKNOWN"",""observed_provider"":""Groq"",""observed_endpoint"":null,""observed_quantization"":null}],""response_cache_status"":""UNKNOWN"",""raw_action_valid"":true,""action_received"":""SUBMIT"",""value"":""AAAAAAA"",""action_applied"":""SUBMIT"",""coerced_at_zero_credits"":false,""credits_remaining"":10}]"
e53f0a6a-17eb-4eed-bf4b-09d53437f06b,e53f0a6a-17eb-4eed-bf4b-09d53437f06b,1,,4,scout,llama-4-scout,meta-llama/llama-4-scout,groq,Groq,groq,,,,C,different_model,2026-08-16T09:57:14.024Z,2026-08-16T09:57:37.691Z,23667,7263c69a53507dad5a28591077ff111e,7a426179dc689904,IBJGHDJ,7,10,10,0,10,AAAAAAA,0,0.0,false,partial,1,1,0,0,271,6,,,,277,3.185e-05,true,true,false,2ac8682c462a8f01ea519b44aa73090e57243476b55eaf2539123ca100c55ab6,"{""max_tokens"":4096,""temperature"":null,""top_p"":null,""top_k"":null,""min_p"":null,""seed"":null,""reasoning"":null,""thinking"":null}","{""endpoint_slug"":""groq"",""quantizations"":null,""allow_fallbacks"":false,""require_parameters"":true}",completed,true,[],,,,"[{""step"":1,""credits_before"":10,""http_attempts"":[{""attempt_number"":1,""started_at"":""2026-08-16T09:57:14.024Z"",""finished_at"":""2026-08-16T09:57:37.690Z"",""duration_ms"":23666,""status_code"":200,""error_category"":null,""error_message"":null,""usage"":{""input_tokens"":271,""output_tokens"":6,""reasoning_tokens"":null,""cached_tokens"":null,""cache_write_tokens"":null,""total_tokens"":277},""cost_usd"":3.185e-05,""generation_id"":""gen-1786874256-H6eM8MO8MSGEZQhcZtHK"",""response_cache_status"":""UNKNOWN"",""observed_provider"":""Groq"",""observed_endpoint"":null,""observed_quantization"":null}],""response_cache_status"":""UNKNOWN"",""raw_action_valid"":true,""action_received"":""SUBMIT"",""value"":""AAAAAAA"",""action_applied"":""SUBMIT"",""coerced_at_zero_credits"":false,""credits_remaining"":10}]"
b85ab986-937a-4fc8-aa7d-1502dc0fc22d,b85ab986-937a-4fc8-aa7d-1502dc0fc22d,1,,2,scout,llama-4-scout,meta-llama/llama-4-scout,groq,Groq,groq,,,,A,continuation,2026-08-16T09:57:16.814Z,2026-08-16T09:57:40.730Z,23916,7263c69a53507dad5a28591077ff111e,fe440a07c591640c,GICEAIF,7,10,10,0,10,AAAAAAA,1,0.14285714285714285,false,partial,1,1,0,0,259,6,,,,265,3.053e-05,true,true,false,a193e42687075f855a907c617cb6eb43c5979e687d22273bbab4c0919af923ac,"{""max_tokens"":4096,""temperature"":null,""top_p"":null,""top_k"":null,""min_p"":null,""seed"":null,""reasoning"":null,""thinking"":null}","{""endpoint_slug"":""groq"",""quantizations"":null,""allow_fallbacks"":false,""require_parameters"":true}",completed,true,[],,,,"[{""step"":1,""credits_before"":10,""http_attempts"":[{""attempt_number"":1,""started_at"":""2026-08-16T09:57:16.814Z"",""finished_at"":""2026-08-16T09:57:40.729Z"",""duration_ms"":23916,""status_code"":200,""error_category"":null,""error_message"":null,""usage"":{""input_tokens"":259,""output_tokens"":6,""reasoning_tokens"":null,""cached_tokens"":null,""cache_write_tokens"":null,""total_tokens"":265},""cost_usd"":3.053e-05,""generation_id"":""gen-1786874259-fJYjT5OEfuSb0vud5ADw"",""response_cache_status"":""UNKNOWN"",""observed_provider"":""Groq"",""observed_endpoint"":null,""observed_quantization"":null}],""response_cache_status"":""UNKNOWN"",""raw_action_valid"":true,""action_received"":""SUBMIT"",""value"":""AAAAAAA"",""action_applied"":""SUBMIT"",""coerced_at_zero_credits"":false,""credits_remaining"":10}]"
cfe3390c-6e37-4b65-8aa7-91773ddc163d,cfe3390c-6e37-4b65-8aa7-91773ddc163d,1,,4,scout,llama-4-scout,meta-llama/llama-4-scout,groq,Groq,groq,,,,D,none,2026-08-16T09:57:20.059Z,2026-08-16T09:57:43.705Z,23646,7263c69a53507dad5a28591077ff111e,ce81dcc5c9db3830,IBJGHDJ,7,10,10,0,10,AAAAAAA,0,0.0,false,partial,1,1,0,0,236,6,,,,242,2.8e-05,true,true,false,35eb269349366de62767de54014a2ee9e18f1c8ac55a4d1100739e287293bf0b,"{""max_tokens"":4096,""temperature"":null,""top_p"":null,""top_k"":null,""min_p"":null,""seed"":null,""reasoning"":null,""thinking"":null}","{""endpoint_slug"":""groq"",""quantizations"":null,""allow_fallbacks"":false,""require_parameters"":true}",completed,true,[],,,,"[{""step"":1,""credits_before"":10,""http_attempts"":[{""attempt_number"":1,""started_at"":""2026-08-16T09:57:20.059Z"",""finished_at"":""2026-08-16T09:57:43.705Z"",""duration_ms"":23645,""status_code"":200,""error_category"":null,""error_message"":null,""usage"":{""input_tokens"":236,""output_tokens"":6,""reasoning_tokens"":null,""cached_tokens"":null,""cache_write_tokens"":null,""total_tokens"":242},""cost_usd"":2.8e-05,""generation_id"":""gen-1786874262-RQQ4q5oeNFA6I4NQG468"",""response_cache_status"":""UNKNOWN"",""observed_provider"":""Groq"",""observed_endpoint"":null,""observed_quantization"":null}],""response_cache_status"":""UNKNOWN"",""raw_action_valid"":true,""action_received"":""SUBMIT"",""value"":""AAAAAAA"",""action_applied"":""SUBMIT"",""coerced_at_zero_credits"":false,""credits_remaining"":10}]"
50ec84b7-1317-4323-88fe-96c3da23ad20,50ec84b7-1317-4323-88fe-96c3da23ad20,1,,13,scout,llama-4-scout,meta-llama/llama-4-scout,groq,Groq,groq,,,,C,different_model,2026-08-16T09:57:22.754Z,2026-08-16T09:57:46.769Z,24015,7263c69a53507dad5a28591077ff111e,abdb661a3acff433,GCFCGGH,7,10,10,0,10,AAAAAAA,0,0.0,false,partial,1,1,0,0,271,6,,,,277,3.185e-05,true,true,false,2ac8682c462a8f01ea519b44aa73090e57243476b55eaf2539123ca100c55ab6,"{""max_tokens"":4096,""temperature"":null,""top_p"":null,""top_k"":null,""min_p"":null,""seed"":null,""reasoning"":null,""thinking"":null}","{""endpoint_slug"":""groq"",""quantizations"":null,""allow_fallbacks"":false,""require_parameters"":true}",completed,true,[],,,,"[{""step"":1,""credits_before"":10,""http_attempts"":[{""attempt_number"":1,""started_at"":""2026-08-16T09:57:22.754Z"",""finished_at"":""2026-08-16T09:57:46.769Z"",""duration_ms"":24015,""status_code"":200,""error_category"":null,""error_message"":null,""usage"":{""input_tokens"":271,""output_tokens"":6,""reasoning_tokens"":null,""cached_tokens"":null,""cache_write_tokens"":null,""total_tokens"":277},""cost_usd"":3.185e-05,""generation_id"":""gen-1786874265-qtmwHAC1qqd725yCWJcQ"",""response_cache_status"":""UNKNOWN"",""observed_provider"":""Groq"",""observed_endpoint"":null,""observed_quantization"":null}],""response_cache_status"":""UNKNOWN"",""raw_action_valid"":true,""action_received"":""SUBMIT"",""value"":""AAAAAAA"",""action_applied"":""SUBMIT"",""coerced_at_zero_credits"":false,""credits_remaining"":10}]"
11feb40d-d246-4e6c-a12f-0c0d4585c8d5,11feb40d-d246-4e6c-a12f-0c0d4585c8d5,1,,5,scout,llama-4-scout,meta-llama/llama-4-scout,groq,Groq,groq,,,,A,continuation,2026-08-16T09:57:34.743Z,2026-08-16T09:57:58.709Z,23966,7263c69a53507dad5a28591077ff111e,abb03b8be2734e35,HGGGADC,7,10,10,0,10,AAAAAAA,1,0.14285714285714285,false,partial,1,1,0,0,259,6,,,,265,3.053e-05,true,true,false,a193e42687075f855a907c617cb6eb43c5979e687d22273bbab4c0919af923ac,"{""max_tokens"":4096,""temperature"":null,""top_p"":null,""top_k"":null,""min_p"":null,""seed"":null,""reasoning"":null,""thinking"":null}","{""endpoint_slug"":""groq"",""quantizations"":null,""allow_fallbacks"":false,""require_parameters"":true}",completed,true,[],,,,"[{""step"":1,""credits_before"":10,""http_attempts"":[{""attempt_number"":1,""started_at"":""2026-08-16T09:57:34.743Z"",""finished_at"":""2026-08-16T09:57:58.709Z"",""duration_ms"":23966,""status_code"":200,""error_category"":null,""error_message"":null,""usage"":{""input_tokens"":259,""output_tokens"":6,""reasoning_tokens"":null,""cached_tokens"":null,""cache_write_tokens"":null,""total_tokens"":265},""cost_usd"":3.053e-05,""generation_id"":""gen-1786874277-Rj3seDSTajjkEge33ERC"",""response_cache_status"":""UNKNOWN"",""observed_provider"":""Groq"",""observed_endpoint"":null,""observed_quantization"":null}],""response_cache_status"":""UNKNOWN"",""raw_action_valid"":true,""action_received"":""SUBMIT"",""value"":""AAAAAAA"",""action_applied"":""SUBMIT"",""coerced_at_zero_credits"":false,""credits_remaining"":10}]"
1a4d86eb-b3cc-41b9-8890-de28f74c334f,1a4d86eb-b3cc-41b9-8890-de28f74c334f,1,,13,scout,llama-4-scout,meta-llama/llama-4-scout,groq,Groq,groq,,,,A,continuation,2026-08-16T09:57:37.742Z,2026-08-16T09:58:01.756Z,24014,7263c69a53507dad5a28591077ff111e,7a46d4126c038358,GCFCGGH,7,10,10,0,10,AAAAAAA,0,0.0,false,partial,1,1,0,0,259,6,,,,265,3.053e-05,true,true,false,a193e42687075f855a907c617cb6eb43c5979e687d22273bbab4c0919af923ac,"{""max_tokens"":4096,""temperature"":null,""top_p"":null,""top_k"":null,""min_p"":null,""seed"":null,""reasoning"":null,""thinking"":null}","{""endpoint_slug"":""groq"",""quantizations"":null,""allow_fallbacks"":false,""require_parameters"":true}",completed,true,[],,,,"[{""step"":1,""credits_before"":10,""http_attempts"":[{""attempt_number"":1,""started_at"":""2026-08-16T09:57:37.742Z"",""finished_at"":""2026-08-16T09:58:01.755Z"",""duration_ms"":24013,""status_code"":200,""error_category"":null,""error_message"":null,""usage"":{""input_tokens"":259,""output_tokens"":6,""reasoning_tokens"":null,""cached_tokens"":null,""cache_write_tokens"":null,""total_tokens"":265},""cost_usd"":3.053e-05,""generation_id"":""gen-1786874280-ojBuVGzQDBcgWXy6hpFK"",""response_cache_status"":""UNKNOWN"",""observed_provider"":""Groq"",""observed_endpoint"":null,""observed_quantization"":null}],""response_cache_status"":""UNKNOWN"",""raw_action_valid"":true,""action_received"":""SUBMIT"",""value"":""AAAAAAA"",""action_applied"":""SUBMIT"",""coerced_at_zero_credits"":false,""credits_remaining"":10}]"
c9eca932-aa90-4d80-9598-402aa1fa2ce3,c9eca932-aa90-4d80-9598-402aa1fa2ce3,1,,1,scout,llama-4-scout,meta-llama/llama-4-scout,groq,Groq,groq,,,,A,continuation,2026-08-16T09:57:40.782Z,2026-08-16T09:58:04.710Z,23928,7263c69a53507dad5a28591077ff111e,7475007bc9f3a80f,EBICIJB,7,10,10,0,10,AAAAAAA,0,0.0,false,partial,1,1,0,0,259,6,,,,265,3.053e-05,true,true,false,a193e42687075f855a907c617cb6eb43c5979e687d22273bbab4c0919af923ac,"{""max_tokens"":4096,""temperature"":null,""top_p"":null,""top_k"":null,""min_p"":null,""seed"":null,""reasoning"":null,""thinking"":null}","{""endpoint_slug"":""groq"",""quantizations"":null,""allow_fallbacks"":false,""require_parameters"":true}",completed,true,[],,,,"[{""step"":1,""credits_before"":10,""http_attempts"":[{""attempt_number"":1,""started_at"":""2026-08-16T09:57:40.782Z"",""finished_at"":""2026-08-16T09:58:04.709Z"",""duration_ms"":23927,""status_code"":200,""error_category"":null,""error_message"":null,""usage"":{""input_tokens"":259,""output_tokens"":6,""reasoning_tokens"":null,""cached_tokens"":null,""cache_write_tokens"":null,""total_tokens"":265},""cost_usd"":3.053e-05,""generation_id"":""gen-1786874283-yLX9Hbx8MMyH5xJjx2ny"",""response_cache_status"":""UNKNOWN"",""observed_provider"":""Groq"",""observed_endpoint"":null,""observed_quantization"":null}],""response_cache_status"":""UNKNOWN"",""raw_action_valid"":true,""action_received"":""SUBMIT"",""value"":""AAAAAAA"",""action_applied"":""SUBMIT"",""coerced_at_zero_credits"":false,""credits_remaining"":10}]"
200e976d-61ce-4f4c-a5c1-0425a7d30c4d,200e976d-61ce-4f4c-a5c1-0425a7d30c4d,1,,16,scout,llama-4-scout,meta-llama/llama-4-scout,groq,Groq,groq,,,,B,same_model_instance,2026-08-16T09:57:46.819Z,2026-08-16T09:58:10.731Z,23912,7263c69a53507dad5a28591077ff111e,c8ae67a73bf8f24d,DJDEICH,7,10,10,0,10,AAAAAAA,0,0.0,false,partial,1,1,0,0,265,6,,,,271,3.119e-05,true,true,false,beac9c73922a2ffe8812688677869d60b795a42f7917e7d966869980810162d3,"{""max_tokens"":4096,""temperature"":null,""top_p"":null,""top_k"":null,""min_p"":null,""seed"":null,""reasoning"":null,""thinking"":null}","{""endpoint_slug"":""groq"",""quantizations"":null,""allow_fallbacks"":false,""require_parameters"":true}",completed,true,[],,,,"[{""step"":1,""credits_before"":10,""http_attempts"":[{""attempt_number"":1,""started_at"":""2026-08-16T09:57:46.820Z"",""finished_at"":""2026-08-16T09:58:10.731Z"",""duration_ms"":23911,""status_code"":200,""error_category"":null,""error_message"":null,""usage"":{""input_tokens"":265,""output_tokens"":6,""reasoning_tokens"":null,""cached_tokens"":null,""cache_write_tokens"":null,""total_tokens"":271},""cost_usd"":3.119e-05,""generation_id"":""gen-1786874289-Az1wTB6rG31hA0AHgR6U"",""response_cache_status"":""UNKNOWN"",""observed_provider"":""Groq"",""observed_endpoint"":null,""observed_quantization"":null}],""response_cache_status"":""UNKNOWN"",""raw_action_valid"":true,""action_received"":""SUBMIT"",""value"":""AAAAAAA"",""action_applied"":""SUBMIT"",""coerced_at_zero_credits"":false,""credits_remaining"":10}]"
5d0a6edb-a723-49ef-8e44-56a228a70025,5d0a6edb-a723-49ef-8e44-56a228a70025,1,,7,scout,llama-4-scout,meta-llama/llama-4-scout,groq,Groq,groq,,,,D,none,2026-08-16T09:57:53.422Z,2026-08-16T09:58:16.757Z,23335,7263c69a53507dad5a28591077ff111e,3977977ab7a9e5e0,AAFFCCF,7,10,10,0,10,AAAAAAA,2,0.2857142857142857,false,partial,1,1,0,0,236,6,,,,242,2.8e-05,true,true,false,35eb269349366de62767de54014a2ee9e18f1c8ac55a4d1100739e287293bf0b,"{""max_tokens"":4096,""temperature"":null,""top_p"":null,""top_k"":null,""min_p"":null,""seed"":null,""reasoning"":null,""thinking"":null}","{""endpoint_slug"":""groq"",""quantizations"":null,""allow_fallbacks"":false,""require_parameters"":true}",completed,true,[],,,,"[{""step"":1,""credits_before"":10,""http_attempts"":[{""attempt_number"":1,""started_at"":""2026-08-16T09:57:53.422Z"",""finished_at"":""2026-08-16T09:58:16.756Z"",""duration_ms"":23334,""status_code"":200,""error_category"":null,""error_message"":null,""usage"":{""input_tokens"":236,""output_tokens"":6,""reasoning_tokens"":null,""cached_tokens"":null,""cache_write_tokens"":null,""total_tokens"":242},""cost_usd"":2.8e-05,""generation_id"":""gen-1786874295-f0UDrs0dvuSopJUZLOSP"",""response_cache_status"":""UNKNOWN"",""observed_provider"":""Groq"",""observed_endpoint"":null,""observed_quantization"":null}],""response_cache_status"":""UNKNOWN"",""raw_action_valid"":true,""action_received"":""SUBMIT"",""value"":""AAAAAAA"",""action_applied"":""SUBMIT"",""coerced_at_zero_credits"":false,""credits_remaining"":10}]"
b2fdd23a-36b8-44ef-8de9-631412e5ec22,b2fdd23a-36b8-44ef-8de9-631412e5ec22,1,,14,scout,llama-4-scout,meta-llama/llama-4-scout,groq,Groq,groq,,,,C,different_model,2026-08-16T09:57:56.620Z,2026-08-16T09:58:19.731Z,23112,7263c69a53507dad5a28591077ff111e,cc38dcc99d24d047,HJDADEA,7,10,10,0,10,AAAAAAA,2,0.2857142857142857,false,partial,1,1,0,0,271,6,,,,277,3.185e-05,true,true,false,2ac8682c462a8f01ea519b44aa73090e57243476b55eaf2539123ca100c55ab6,"{""max_tokens"":4096,""temperature"":null,""top_p"":null,""top_k"":null,""min_p"":null,""seed"":null,""reasoning"":null,""thinking"":null}","{""endpoint_slug"":""groq"",""quantizations"":null,""allow_fallbacks"":false,""require_parameters"":true}",completed,true,[],,,,"[{""step"":1,""credits_before"":10,""http_attempts"":[{""attempt_number"":1,""started_at"":""2026-08-16T09:57:56.620Z"",""finished_at"":""2026-08-16T09:58:19.731Z"",""duration_ms"":23111,""status_code"":200,""error_category"":null,""error_message"":null,""usage"":{""input_tokens"":271,""output_tokens"":6,""reasoning_tokens"":null,""cached_tokens"":null,""cache_write_tokens"":null,""total_tokens"":277},""cost_usd"":3.185e-05,""generation_id"":""gen-1786874298-kYWMFtLqKciicdl2CnY4"",""response_cache_status"":""UNKNOWN"",""observed_provider"":""Groq"",""observed_endpoint"":null,""observed_quantization"":null}],""response_cache_status"":""UNKNOWN"",""raw_action_valid"":true,""action_received"":""SUBMIT"",""value"":""AAAAAAA"",""action_applied"":""SUBMIT"",""coerced_at_zero_credits"":false,""credits_remaining"":10}]"
16570326-9ad2-436e-8d16-a7a15ffd7a8f,16570326-9ad2-436e-8d16-a7a15ffd7a8f,1,,16,scout,llama-4-scout,meta-llama/llama-4-scout,groq,Groq,groq,,,,D,none,2026-08-16T09:58:01.805Z,2026-08-16T09:58:25.738Z,23933,7263c69a53507dad5a28591077ff111e,0d7be28979407c2e,DJDEICH,7,10,10,0,10,AAAAAAA,0,0.0,false,partial,1,1,0,0,236,6,,,,242,2.8e-05,true,true,false,35eb269349366de62767de54014a2ee9e18f1c8ac55a4d1100739e287293bf0b,"{""max_tokens"":4096,""temperature"":null,""top_p"":null,""top_k"":null,""min_p"":null,""seed"":null,""reasoning"":null,""thinking"":null}","{""endpoint_slug"":""groq"",""quantizations"":null,""allow_fallbacks"":false,""require_parameters"":true}",completed,true,[],,,,"[{""step"":1,""credits_before"":10,""http_attempts"":[{""attempt_number"":1,""started_at"":""2026-08-16T09:58:01.806Z"",""finished_at"":""2026-08-16T09:58:25.737Z"",""duration_ms"":23932,""status_code"":200,""error_category"":null,""error_message"":null,""usage"":{""input_tokens"":236,""output_tokens"":6,""reasoning_tokens"":null,""cached_tokens"":null,""cache_write_tokens"":null,""total_tokens"":242},""cost_usd"":2.8e-05,""generation_id"":""gen-1786874304-lVr9qanyQBcFswkNhjZT"",""response_cache_status"":""UNKNOWN"",""observed_provider"":""Groq"",""observed_endpoint"":null,""observed_quantization"":null}],""response_cache_status"":""UNKNOWN"",""raw_action_valid"":true,""action_received"":""SUBMIT"",""value"":""AAAAAAA"",""action_applied"":""SUBMIT"",""coerced_at_zero_credits"":false,""credits_remaining"":10}]"
79253ada-e06e-4819-b25d-1d706cd1b01a,79253ada-e06e-4819-b25d-1d706cd1b01a,1,,18,scout,llama-4-scout,meta-llama/llama-4-scout,groq,Groq,groq,,,,A,continuation,2026-08-16T09:58:10.784Z,2026-08-16T09:58:34.744Z,23960,7263c69a53507dad5a28591077ff111e,5c823b72eb0cf0a2,BCGDHGG,7,10,10,0,10,AAAAAAA,0,0.0,false,partial,1,1,0,0,259,6,,,,265,3.053e-05,true,true,false,a193e42687075f855a907c617cb6eb43c5979e687d22273bbab4c0919af923ac,"{""max_tokens"":4096,""temperature"":null,""top_p"":null,""top_k"":null,""min_p"":null,""seed"":null,""reasoning"":null,""thinking"":null}","{""endpoint_slug"":""groq"",""quantizations"":null,""allow_fallbacks"":false,""require_parameters"":true}",completed,true,[],,,,"[{""step"":1,""credits_before"":10,""http_attempts"":[{""attempt_number"":1,""started_at"":""2026-08-16T09:58:10.784Z"",""finished_at"":""2026-08-16T09:58:34.744Z"",""duration_ms"":23959,""status_code"":200,""error_category"":null,""error_message"":null,""usage"":{""input_tokens"":259,""output_tokens"":6,""reasoning_tokens"":null,""cached_tokens"":null,""cache_write_tokens"":null,""total_tokens"":265},""cost_usd"":3.053e-05,""generation_id"":""gen-1786874313-GB4NCwQ8Wju18l9yHXNe"",""response_cache_status"":""UNKNOWN"",""observed_provider"":""Groq"",""observed_endpoint"":null,""observed_quantization"":null}],""response_cache_status"":""UNKNOWN"",""raw_action_valid"":true,""action_received"":""SUBMIT"",""value"":""AAAAAAA"",""action_applied"":""SUBMIT"",""coerced_at_zero_credits"":false,""credits_remaining"":10}]"
cbf87938-8144-42be-b1df-8f87f1ba20a6,cbf87938-8144-42be-b1df-8f87f1ba20a6,1,,17,scout,llama-4-scout,meta-llama/llama-4-scout,groq,Groq,groq,,,,C,different_model,2026-08-16T09:58:16.816Z,2026-08-16T09:58:40.749Z,23934,7263c69a53507dad5a28591077ff111e,e60530ba7d2db1a1,GFEFBAF,7,10,10,0,10,AAAAAAA,1,0.14285714285714285,false,partial,1,1,0,0,271,6,,,,277,3.185e-05,true,true,false,2ac8682c462a8f01ea519b44aa73090e57243476b55eaf2539123ca100c55ab6,"{""max_tokens"":4096,""temperature"":null,""top_p"":null,""top_k"":null,""min_p"":null,""seed"":null,""reasoning"":null,""thinking"":null}","{""endpoint_slug"":""groq"",""quantizations"":null,""allow_fallbacks"":false,""require_parameters"":true}",completed,true,[],,,,"[{""step"":1,""credits_before"":10,""http_attempts"":[{""attempt_number"":1,""started_at"":""2026-08-16T09:58:16.816Z"",""finished_at"":""2026-08-16T09:58:40.749Z"",""duration_ms"":23933,""status_code"":200,""error_category"":null,""error_message"":null,""usage"":{""input_tokens"":271,""output_tokens"":6,""reasoning_tokens"":null,""cached_tokens"":null,""cache_write_tokens"":null,""total_tokens"":277},""cost_usd"":3.185e-05,""generation_id"":""gen-1786874319-1lYgfKLOIj7nqNRhKrRX"",""response_cache_status"":""UNKNOWN"",""observed_provider"":""Groq"",""observed_endpoint"":null,""observed_quantization"":null}],""response_cache_status"":""UNKNOWN"",""raw_action_valid"":true,""action_received"":""SUBMIT"",""value"":""AAAAAAA"",""action_applied"":""SUBMIT"",""coerced_at_zero_credits"":false,""credits_remaining"":10}]"
91f7480f-1b0d-495b-82fd-396530052942,91f7480f-1b0d-495b-82fd-396530052942,1,,3,scout,llama-4-scout,meta-llama/llama-4-scout,groq,Groq,groq,,,,C,different_model,2026-08-16T09:58:23.680Z,2026-08-16T09:58:46.752Z,23073,7263c69a53507dad5a28591077ff111e,e1fc5e98116bd01b,ABJFIBD,7,10,10,0,10,AAAAAAA,1,0.14285714285714285,false,partial,1,1,0,0,271,6,,,,277,3.185e-05,true,true,false,2ac8682c462a8f01ea519b44aa73090e57243476b55eaf2539123ca100c55ab6,"{""max_tokens"":4096,""temperature"":null,""top_p"":null,""top_k"":null,""min_p"":null,""seed"":null,""reasoning"":null,""thinking"":null}","{""endpoint_slug"":""groq"",""quantizations"":null,""allow_fallbacks"":false,""require_parameters"":true}",completed,true,[],,,,"[{""step"":1,""credits_before"":10,""http_attempts"":[{""attempt_number"":1,""started_at"":""2026-08-16T09:58:23.680Z"",""finished_at"":""2026-08-16T09:58:46.752Z"",""duration_ms"":23072,""status_code"":200,""error_category"":null,""error_message"":null,""usage"":{""input_tokens"":271,""output_tokens"":6,""reasoning_tokens"":null,""cached_tokens"":null,""cache_write_tokens"":null,""total_tokens"":277},""cost_usd"":3.185e-05,""generation_id"":""gen-1786874325-vH5TnLLVsVgBzm6aQD5N"",""response_cache_status"":""UNKNOWN"",""observed_provider"":""Groq"",""observed_endpoint"":null,""observed_quantization"":null}],""response_cache_status"":""UNKNOWN"",""raw_action_valid"":true,""action_received"":""SUBMIT"",""value"":""AAAAAAA"",""action_applied"":""SUBMIT"",""coerced_at_zero_credits"":false,""credits_remaining"":10}]"
fc25169a-f0f4-4f16-894a-bb58e8f47829,fc25169a-f0f4-4f16-894a-bb58e8f47829,1,,3,scout,llama-4-scout,meta-llama/llama-4-scout,groq,Groq,groq,,,,A,continuation,2026-08-16T09:58:25.789Z,2026-08-16T09:58:49.756Z,23968,7263c69a53507dad5a28591077ff111e,178259e9542a249c,ABJFIBD,7,10,10,0,10,AAAAAAA,1,0.14285714285714285,false,partial,1,1,0,0,259,6,,,,265,3.053e-05,true,true,false,a193e42687075f855a907c617cb6eb43c5979e687d22273bbab4c0919af923ac,"{""max_tokens"":4096,""temperature"":null,""top_p"":null,""top_k"":null,""min_p"":null,""seed"":null,""reasoning"":null,""thinking"":null}","{""endpoint_slug"":""groq"",""quantizations"":null,""allow_fallbacks"":false,""require_parameters"":true}",completed,true,[],,,,"[{""step"":1,""credits_before"":10,""http_attempts"":[{""attempt_number"":1,""started_at"":""2026-08-16T09:58:25.789Z"",""finished_at"":""2026-08-16T09:58:49.756Z"",""duration_ms"":23967,""status_code"":200,""error_category"":null,""error_message"":null,""usage"":{""input_tokens"":259,""output_tokens"":6,""reasoning_tokens"":null,""cached_tokens"":null,""cache_write_tokens"":null,""total_tokens"":265},""cost_usd"":3.053e-05,""generation_id"":""gen-1786874328-htNwZurNhRKdj5m2xudL"",""response_cache_status"":""UNKNOWN"",""observed_provider"":""Groq"",""observed_endpoint"":null,""observed_quantization"":null}],""response_cache_status"":""UNKNOWN"",""raw_action_valid"":true,""action_received"":""SUBMIT"",""value"":""AAAAAAA"",""action_applied"":""SUBMIT"",""coerced_at_zero_credits"":false,""credits_remaining"":10}]"
ed9fedba-61a7-4ad2-b2d8-83def3499314,ed9fedba-61a7-4ad2-b2d8-83def3499314,1,,15,scout,llama-4-scout,meta-llama/llama-4-scout,groq,Groq,groq,,,,C,different_model,2026-08-16T09:58:29.222Z,2026-08-16T09:58:52.762Z,23540,7263c69a53507dad5a28591077ff111e,fd34cf5e5bb88546,GFDEEHJ,7,10,10,0,10,AAAAAAA,0,0.0,false,partial,1,1,0,0,271,6,,,,277,3.185e-05,true,true,false,2ac8682c462a8f01ea519b44aa73090e57243476b55eaf2539123ca100c55ab6,"{""max_tokens"":4096,""temperature"":null,""top_p"":null,""top_k"":null,""min_p"":null,""seed"":null,""reasoning"":null,""thinking"":null}","{""endpoint_slug"":""groq"",""quantizations"":null,""allow_fallbacks"":false,""require_parameters"":true}",completed,true,[],,,,"[{""step"":1,""credits_before"":10,""http_attempts"":[{""attempt_number"":1,""started_at"":""2026-08-16T09:58:29.222Z"",""finished_at"":""2026-08-16T09:58:52.762Z"",""duration_ms"":23540,""status_code"":200,""error_category"":null,""error_message"":null,""usage"":{""input_tokens"":271,""output_tokens"":6,""reasoning_tokens"":null,""cached_tokens"":null,""cache_write_tokens"":null,""total_tokens"":277},""cost_usd"":3.185e-05,""generation_id"":""gen-1786874331-khn3zsVEb7SZz3mFlexW"",""response_cache_status"":""UNKNOWN"",""observed_provider"":""Groq"",""observed_endpoint"":null,""observed_quantization"":null}],""response_cache_status"":""UNKNOWN"",""raw_action_valid"":true,""action_received"":""SUBMIT"",""value"":""AAAAAAA"",""action_applied"":""SUBMIT"",""coerced_at_zero_credits"":false,""credits_remaining"":10}]"
6cc32006-8809-4e35-9de3-2c82beb9a9f5,6cc32006-8809-4e35-9de3-2c82beb9a9f5,1,,19,scout,llama-4-scout,meta-llama/llama-4-scout,groq,Groq,groq,,,,A,continuation,2026-08-16T09:58:34.800Z,2026-08-16T09:58:58.787Z,23987,7263c69a53507dad5a28591077ff111e,d2231118152df789,IFFJEDA,7,10,10,0,10,AAAAAAA,1,0.14285714285714285,false,partial,1,1,0,0,259,6,,,,265,3.053e-05,true,true,false,a193e42687075f855a907c617cb6eb43c5979e687d22273bbab4c0919af923ac,"{""max_tokens"":4096,""temperature"":null,""top_p"":null,""top_k"":null,""min_p"":null,""seed"":null,""reasoning"":null,""thinking"":null}","{""endpoint_slug"":""groq"",""quantizations"":null,""allow_fallbacks"":false,""require_parameters"":true}",completed,true,[],,,,"[{""step"":1,""credits_before"":10,""http_attempts"":[{""attempt_number"":1,""started_at"":""2026-08-16T09:58:34.801Z"",""finished_at"":""2026-08-16T09:58:58.786Z"",""duration_ms"":23986,""status_code"":200,""error_category"":null,""error_message"":null,""usage"":{""input_tokens"":259,""output_tokens"":6,""reasoning_tokens"":null,""cached_tokens"":null,""cache_write_tokens"":null,""total_tokens"":265},""cost_usd"":3.053e-05,""generation_id"":""gen-1786874337-v5W51eR0H5ksWSOtxKuQ"",""response_cache_status"":""UNKNOWN"",""observed_provider"":""Groq"",""observed_endpoint"":null,""observed_quantization"":null}],""response_cache_status"":""UNKNOWN"",""raw_action_valid"":true,""action_received"":""SUBMIT"",""value"":""AAAAAAA"",""action_applied"":""SUBMIT"",""coerced_at_zero_credits"":false,""credits_remaining"":10}]"
fc52aa7a-7ebc-4463-b3a2-22b3af2565d9,fc52aa7a-7ebc-4463-b3a2-22b3af2565d9,1,,1,scout,llama-4-scout,meta-llama/llama-4-scout,groq,Groq,groq,,,,C,different_model,2026-08-16T09:58:49.805Z,2026-08-16T09:59:13.772Z,23967,7263c69a53507dad5a28591077ff111e,5c641c4b11d915f1,EBICIJB,7,10,10,0,10,AAAAAAA,0,0.0,false,partial,1,1,0,0,271,6,,,,277,3.185e-05,true,true,false,2ac8682c462a8f01ea519b44aa73090e57243476b55eaf2539123ca100c55ab6,"{""max_tokens"":4096,""temperature"":null,""top_p"":null,""top_k"":null,""min_p"":null,""seed"":null,""reasoning"":null,""thinking"":null}","{""endpoint_slug"":""groq"",""quantizations"":null,""allow_fallbacks"":false,""require_parameters"":true}",completed,true,[],,,,"[{""step"":1,""credits_before"":10,""http_attempts"":[{""attempt_number"":1,""started_at"":""2026-08-16T09:58:49.805Z"",""finished_at"":""2026-08-16T09:59:13.771Z"",""duration_ms"":23966,""status_code"":200,""error_category"":null,""error_message"":null,""usage"":{""input_tokens"":271,""output_tokens"":6,""reasoning_tokens"":null,""cached_tokens"":null,""cache_write_tokens"":null,""total_tokens"":277},""cost_usd"":3.185e-05,""generation_id"":""gen-1786874352-cqV7d5xH2S6qaRBEXBSc"",""response_cache_status"":""UNKNOWN"",""observed_provider"":""Groq"",""observed_endpoint"":null,""observed_quantization"":null}],""response_cache_status"":""UNKNOWN"",""raw_action_valid"":true,""action_received"":""SUBMIT"",""value"":""AAAAAAA"",""action_applied"":""SUBMIT"",""coerced_at_zero_credits"":false,""credits_remaining"":10}]"
33156f2d-f9fa-4d3c-a3bf-8921c83ac110,33156f2d-f9fa-4d3c-a3bf-8921c83ac110,1,,10,scout,llama-4-scout,meta-llama/llama-4-scout,groq,Groq,groq,,,,C,different_model,2026-08-16T09:58:52.813Z,2026-08-16T09:59:16.787Z,23974,7263c69a53507dad5a28591077ff111e,1f60dfb6272413b9,CJDHJHF,7,10,10,0,10,AAAAAAA,0,0.0,false,partial,1,1,0,0,271,6,,,,277,3.185e-05,true,true,false,2ac8682c462a8f01ea519b44aa73090e57243476b55eaf2539123ca100c55ab6,"{""max_tokens"":4096,""temperature"":null,""top_p"":null,""top_k"":null,""min_p"":null,""seed"":null,""reasoning"":null,""thinking"":null}","{""endpoint_slug"":""groq"",""quantizations"":null,""allow_fallbacks"":false,""require_parameters"":true}",completed,true,[],,,,"[{""step"":1,""credits_before"":10,""http_attempts"":[{""attempt_number"":1,""started_at"":""2026-08-16T09:58:52.813Z"",""finished_at"":""2026-08-16T09:59:16.786Z"",""duration_ms"":23973,""status_code"":200,""error_category"":null,""error_message"":null,""usage"":{""input_tokens"":271,""output_tokens"":6,""reasoning_tokens"":null,""cached_tokens"":null,""cache_write_tokens"":null,""total_tokens"":277},""cost_usd"":3.185e-05,""generation_id"":""gen-1786874355-uRTux3KQn8eXo0A2xZrW"",""response_cache_status"":""UNKNOWN"",""observed_provider"":""Groq"",""observed_endpoint"":null,""observed_quantization"":null}],""response_cache_status"":""UNKNOWN"",""raw_action_valid"":true,""action_received"":""SUBMIT"",""value"":""AAAAAAA"",""action_applied"":""SUBMIT"",""coerced_at_zero_credits"":false,""credits_remaining"":10}]"
8d0a78a9-45b6-4622-bc70-f9a86e48b6cb,8d0a78a9-45b6-4622-bc70-f9a86e48b6cb,1,,2,scout,llama-4-scout,meta-llama/llama-4-scout,groq,Groq,groq,,,,D,none,2026-08-16T09:58:56.763Z,2026-08-16T09:59:19.852Z,23089,7263c69a53507dad5a28591077ff111e,5be33483957abcec,GICEAIF,7,10,10,0,10,AAAAAAA,1,0.14285714285714285,false,partial,1,1,0,0,236,6,,,,242,2.8e-05,true,true,false,35eb269349366de62767de54014a2ee9e18f1c8ac55a4d1100739e287293bf0b,"{""max_tokens"":4096,""temperature"":null,""top_p"":null,""top_k"":null,""min_p"":null,""seed"":null,""reasoning"":null,""thinking"":null}","{""endpoint_slug"":""groq"",""quantizations"":null,""allow_fallbacks"":false,""require_parameters"":true}",completed,true,[],,,,"[{""step"":1,""credits_before"":10,""http_attempts"":[{""attempt_number"":1,""started_at"":""2026-08-16T09:58:56.763Z"",""finished_at"":""2026-08-16T09:59:19.851Z"",""duration_ms"":23088,""status_code"":200,""error_category"":null,""error_message"":null,""usage"":{""input_tokens"":236,""output_tokens"":6,""reasoning_tokens"":null,""cached_tokens"":null,""cache_write_tokens"":null,""total_tokens"":242},""cost_usd"":2.8e-05,""generation_id"":""gen-1786874358-KrqZAutK7mH1iOnoKMKr"",""response_cache_status"":""UNKNOWN"",""observed_provider"":""Groq"",""observed_endpoint"":null,""observed_quantization"":null}],""response_cache_status"":""UNKNOWN"",""raw_action_valid"":true,""action_received"":""SUBMIT"",""value"":""AAAAAAA"",""action_applied"":""SUBMIT"",""coerced_at_zero_credits"":false,""credits_remaining"":10}]"
7c763ad2-89d0-4074-aa08-c9e942868937,7c763ad2-89d0-4074-aa08-c9e942868937,1,,8,scout,llama-4-scout,meta-llama/llama-4-scout,groq,Groq,groq,,,,C,different_model,2026-08-16T09:59:02.167Z,2026-08-16T09:59:25.879Z,23712,7263c69a53507dad5a28591077ff111e,93ad138a67d4eab8,HGABAEA,7,10,10,0,10,AAAAAAA,3,0.42857142857142855,false,partial,1,1,0,0,271,6,,,,277,3.185e-05,true,true,false,2ac8682c462a8f01ea519b44aa73090e57243476b55eaf2539123ca100c55ab6,"{""max_tokens"":4096,""temperature"":null,""top_p"":null,""top_k"":null,""min_p"":null,""seed"":null,""reasoning"":null,""thinking"":null}","{""endpoint_slug"":""groq"",""quantizations"":null,""allow_fallbacks"":false,""require_parameters"":true}",completed,true,[],,,,"[{""step"":1,""credits_before"":10,""http_attempts"":[{""attempt_number"":1,""started_at"":""2026-08-16T09:59:02.168Z"",""finished_at"":""2026-08-16T09:59:25.879Z"",""duration_ms"":23712,""status_code"":200,""error_category"":null,""error_message"":null,""usage"":{""input_tokens"":271,""output_tokens"":6,""reasoning_tokens"":null,""cached_tokens"":null,""cache_write_tokens"":null,""total_tokens"":277},""cost_usd"":3.185e-05,""generation_id"":""gen-1786874364-ekqWiIUDDccvdNwe7amr"",""response_cache_status"":""UNKNOWN"",""observed_provider"":""Groq"",""observed_endpoint"":null,""observed_quantization"":null}],""response_cache_status"":""UNKNOWN"",""raw_action_valid"":true,""action_received"":""SUBMIT"",""value"":""AAAAAAA"",""action_applied"":""SUBMIT"",""coerced_at_zero_credits"":false,""credits_remaining"":10}]"
2cee3c06-0d9a-4e82-9cd3-6f55a9a32448,2cee3c06-0d9a-4e82-9cd3-6f55a9a32448,1,,13,scout,llama-4-scout,meta-llama/llama-4-scout,groq,Groq,groq,,,,B,same_model_instance,2026-08-16T09:59:05.620Z,2026-08-16T09:59:28.835Z,23216,7263c69a53507dad5a28591077ff111e,24b712fed0107d2a,GCFCGGH,7,10,10,0,10,AAAAAAA,0,0.0,false,partial,1,1,0,0,265,6,,,,271,3.119e-05,true,true,false,beac9c73922a2ffe8812688677869d60b795a42f7917e7d966869980810162d3,"{""max_tokens"":4096,""temperature"":null,""top_p"":null,""top_k"":null,""min_p"":null,""seed"":null,""reasoning"":null,""thinking"":null}","{""endpoint_slug"":""groq"",""quantizations"":null,""allow_fallbacks"":false,""require_parameters"":true}",completed,true,[],,,,"[{""step"":1,""credits_before"":10,""http_attempts"":[{""attempt_number"":1,""started_at"":""2026-08-16T09:59:05.620Z"",""finished_at"":""2026-08-16T09:59:28.835Z"",""duration_ms"":23215,""status_code"":200,""error_category"":null,""error_message"":null,""usage"":{""input_tokens"":265,""output_tokens"":6,""reasoning_tokens"":null,""cached_tokens"":null,""cache_write_tokens"":null,""total_tokens"":271},""cost_usd"":3.119e-05,""generation_id"":""gen-1786874367-lJ3iuEbtRJP3JJ3T8ZYL"",""response_cache_status"":""UNKNOWN"",""observed_provider"":""Groq"",""observed_endpoint"":null,""observed_quantization"":null}],""response_cache_status"":""UNKNOWN"",""raw_action_valid"":true,""action_received"":""SUBMIT"",""value"":""AAAAAAA"",""action_applied"":""SUBMIT"",""coerced_at_zero_credits"":false,""credits_remaining"":10}]"
e2b2d1c2-2ea8-41c4-adb3-1bed84de00ef,e2b2d1c2-2ea8-41c4-adb3-1bed84de00ef,1,,6,scout,llama-4-scout,meta-llama/llama-4-scout,groq,Groq,groq,,,,C,different_model,2026-08-16T09:59:08.850Z,2026-08-16T09:59:31.808Z,22958,7263c69a53507dad5a28591077ff111e,d4485fdff6948136,DGFDDHH,7,10,10,0,10,AAAAAAA,0,0.0,false,partial,1,1,0,0,271,6,,,,277,3.185e-05,true,true,false,2ac8682c462a8f01ea519b44aa73090e57243476b55eaf2539123ca100c55ab6,"{""max_tokens"":4096,""temperature"":null,""top_p"":null,""top_k"":null,""min_p"":null,""seed"":null,""reasoning"":null,""thinking"":null}","{""endpoint_slug"":""groq"",""quantizations"":null,""allow_fallbacks"":false,""require_parameters"":true}",completed,true,[],,,,"[{""step"":1,""credits_before"":10,""http_attempts"":[{""attempt_number"":1,""started_at"":""2026-08-16T09:59:08.850Z"",""finished_at"":""2026-08-16T09:59:31.807Z"",""duration_ms"":22957,""status_code"":200,""error_category"":null,""error_message"":null,""usage"":{""input_tokens"":271,""output_tokens"":6,""reasoning_tokens"":null,""cached_tokens"":null,""cache_write_tokens"":null,""total_tokens"":277},""cost_usd"":3.185e-05,""generation_id"":""gen-1786874370-vvNybehoOIiMW0QeLZbo"",""response_cache_status"":""UNKNOWN"",""observed_provider"":""Groq"",""observed_endpoint"":null,""observed_quantization"":null}],""response_cache_status"":""UNKNOWN"",""raw_action_valid"":true,""action_received"":""SUBMIT"",""value"":""AAAAAAA"",""action_applied"":""SUBMIT"",""coerced_at_zero_credits"":false,""credits_remaining"":10}]"
9311b251-afec-4de1-a9d2-f44b3831623e,9311b251-afec-4de1-a9d2-f44b3831623e,1,,13,scout,llama-4-scout,meta-llama/llama-4-scout,groq,Groq,groq,,,,D,none,2026-08-16T09:59:16.842Z,2026-08-16T09:59:40.807Z,23966,7263c69a53507dad5a28591077ff111e,6e7c8e54e2ef815b,GCFCGGH,7,10,10,0,10,AAAAAAA,0,0.0,false,partial,1,1,0,0,236,6,,,,242,2.8e-05,true,true,false,35eb269349366de62767de54014a2ee9e18f1c8ac55a4d1100739e287293bf0b,"{""max_tokens"":4096,""temperature"":null,""top_p"":null,""top_k"":null,""min_p"":null,""seed"":null,""reasoning"":null,""thinking"":null}","{""endpoint_slug"":""groq"",""quantizations"":null,""allow_fallbacks"":false,""require_parameters"":true}",completed,true,[],,,,"[{""step"":1,""credits_before"":10,""http_attempts"":[{""attempt_number"":1,""started_at"":""2026-08-16T09:59:16.842Z"",""finished_at"":""2026-08-16T09:59:40.806Z"",""duration_ms"":23965,""status_code"":200,""error_category"":null,""error_message"":null,""usage"":{""input_tokens"":236,""output_tokens"":6,""reasoning_tokens"":null,""cached_tokens"":null,""cache_write_tokens"":null,""total_tokens"":242},""cost_usd"":2.8e-05,""generation_id"":""gen-1786874379-nBWmJ1jRGFV7md5pDlan"",""response_cache_status"":""UNKNOWN"",""observed_provider"":""Groq"",""observed_endpoint"":null,""observed_quantization"":null}],""response_cache_status"":""UNKNOWN"",""raw_action_valid"":true,""action_received"":""SUBMIT"",""value"":""AAAAAAA"",""action_applied"":""SUBMIT"",""coerced_at_zero_credits"":false,""credits_remaining"":10}]"
083c7f9f-7375-4243-832a-cc9457cdbe45,083c7f9f-7375-4243-832a-cc9457cdbe45,1,,7,scout,llama-4-scout,meta-llama/llama-4-scout,groq,Groq,groq,,,,C,different_model,2026-08-16T09:59:19.899Z,2026-08-16T09:59:43.855Z,23956,7263c69a53507dad5a28591077ff111e,fea485d7155be316,AAFFCCF,7,10,10,0,10,AAAAAAA,2,0.2857142857142857,false,partial,1,1,0,0,271,6,,,,277,3.185e-05,true,true,false,2ac8682c462a8f01ea519b44aa73090e57243476b55eaf2539123ca100c55ab6,"{""max_tokens"":4096,""temperature"":null,""top_p"":null,""top_k"":null,""min_p"":null,""seed"":null,""reasoning"":null,""thinking"":null}","{""endpoint_slug"":""groq"",""quantizations"":null,""allow_fallbacks"":false,""require_parameters"":true}",completed,true,[],,,,"[{""step"":1,""credits_before"":10,""http_attempts"":[{""attempt_number"":1,""started_at"":""2026-08-16T09:59:19.899Z"",""finished_at"":""2026-08-16T09:59:43.854Z"",""duration_ms"":23955,""status_code"":200,""error_category"":null,""error_message"":null,""usage"":{""input_tokens"":271,""output_tokens"":6,""reasoning_tokens"":null,""cached_tokens"":null,""cache_write_tokens"":null,""total_tokens"":277},""cost_usd"":3.185e-05,""generation_id"":""gen-1786874382-PdYjGXmrWgnrg49MopSB"",""response_cache_status"":""UNKNOWN"",""observed_provider"":""Groq"",""observed_endpoint"":null,""observed_quantization"":null}],""response_cache_status"":""UNKNOWN"",""raw_action_valid"":true,""action_received"":""SUBMIT"",""value"":""AAAAAAA"",""action_applied"":""SUBMIT"",""coerced_at_zero_credits"":false,""credits_remaining"":10}]"
485fa5ec-b4d4-4496-9a4c-3cba24adaf2d,485fa5ec-b4d4-4496-9a4c-3cba24adaf2d,1,,20,scout,llama-4-scout,meta-llama/llama-4-scout,groq,Groq,groq,,,,C,different_model,2026-08-16T09:59:25.936Z,2026-08-16T09:59:49.839Z,23904,7263c69a53507dad5a28591077ff111e,b7237bea3cf8d0d4,CFEBGDD,7,10,10,0,10,AAAAAAA,0,0.0,false,partial,1,1,0,0,271,6,,,,277,3.185e-05,true,true,false,2ac8682c462a8f01ea519b44aa73090e57243476b55eaf2539123ca100c55ab6,"{""max_tokens"":4096,""temperature"":null,""top_p"":null,""top_k"":null,""min_p"":null,""seed"":null,""reasoning"":null,""thinking"":null}","{""endpoint_slug"":""groq"",""quantizations"":null,""allow_fallbacks"":false,""require_parameters"":true}",completed,true,[],,,,"[{""step"":1,""credits_before"":10,""http_attempts"":[{""attempt_number"":1,""started_at"":""2026-08-16T09:59:25.936Z"",""finished_at"":""2026-08-16T09:59:49.838Z"",""duration_ms"":23903,""status_code"":200,""error_category"":null,""error_message"":null,""usage"":{""input_tokens"":271,""output_tokens"":6,""reasoning_tokens"":null,""cached_tokens"":null,""cache_write_tokens"":null,""total_tokens"":277},""cost_usd"":3.185e-05,""generation_id"":""gen-1786874388-j11gA8VCZsDWdIEMRXtR"",""response_cache_status"":""UNKNOWN"",""observed_provider"":""Groq"",""observed_endpoint"":null,""observed_quantization"":null}],""response_cache_status"":""UNKNOWN"",""raw_action_valid"":true,""action_received"":""SUBMIT"",""value"":""AAAAAAA"",""action_applied"":""SUBMIT"",""coerced_at_zero_credits"":false,""credits_remaining"":10}]"
36b28cb5-fba6-4e53-991a-8b0c8419e497,36b28cb5-fba6-4e53-991a-8b0c8419e497,1,,11,scout,llama-4-scout,meta-llama/llama-4-scout,groq,Groq,groq,,,,C,different_model,2026-08-16T09:59:40.863Z,2026-08-16T10:00:04.849Z,23987,7263c69a53507dad5a28591077ff111e,c48068fc3e989487,EAJHABB,7,10,10,0,10,AAAAAAA,2,0.2857142857142857,false,partial,1,1,0,0,271,6,,,,277,3.185e-05,true,true,false,2ac8682c462a8f01ea519b44aa73090e57243476b55eaf2539123ca100c55ab6,"{""max_tokens"":4096,""temperature"":null,""top_p"":null,""top_k"":null,""min_p"":null,""seed"":null,""reasoning"":null,""thinking"":null}","{""endpoint_slug"":""groq"",""quantizations"":null,""allow_fallbacks"":false,""require_parameters"":true}",completed,true,[],,,,"[{""step"":1,""credits_before"":10,""http_attempts"":[{""attempt_number"":1,""started_at"":""2026-08-16T09:59:40.863Z"",""finished_at"":""2026-08-16T10:00:04.849Z"",""duration_ms"":23986,""status_code"":200,""error_category"":null,""error_message"":null,""usage"":{""input_tokens"":271,""output_tokens"":6,""reasoning_tokens"":null,""cached_tokens"":null,""cache_write_tokens"":null,""total_tokens"":277},""cost_usd"":3.185e-05,""generation_id"":""gen-1786874403-wKQfDcaYZId4kto78TrK"",""response_cache_status"":""UNKNOWN"",""observed_provider"":""Groq"",""observed_endpoint"":null,""observed_quantization"":null}],""response_cache_status"":""UNKNOWN"",""raw_action_valid"":true,""action_received"":""SUBMIT"",""value"":""AAAAAAA"",""action_applied"":""SUBMIT"",""coerced_at_zero_credits"":false,""credits_remaining"":10}]"
ffbb47c3-dad0-4fd3-a9ae-156aa73385c6,ffbb47c3-dad0-4fd3-a9ae-156aa73385c6,1,,11,scout,llama-4-scout,meta-llama/llama-4-scout,groq,Groq,groq,,,,A,continuation,2026-08-16T09:59:49.887Z,2026-08-16T10:00:13.857Z,23970,7263c69a53507dad5a28591077ff111e,4d39db7c2dd4bf71,EAJHABB,7,10,10,0,10,ABCDEFG,0,0.0,false,partial,1,1,0,0,259,5,,,,264,3.019e-05,true,true,false,a193e42687075f855a907c617cb6eb43c5979e687d22273bbab4c0919af923ac,"{""max_tokens"":4096,""temperature"":null,""top_p"":null,""top_k"":null,""min_p"":null,""seed"":null,""reasoning"":null,""thinking"":null}","{""endpoint_slug"":""groq"",""quantizations"":null,""allow_fallbacks"":false,""require_parameters"":true}",completed,true,[],,,,"[{""step"":1,""credits_before"":10,""http_attempts"":[{""attempt_number"":1,""started_at"":""2026-08-16T09:59:49.887Z"",""finished_at"":""2026-08-16T10:00:13.856Z"",""duration_ms"":23969,""status_code"":200,""error_category"":null,""error_message"":null,""usage"":{""input_tokens"":259,""output_tokens"":5,""reasoning_tokens"":null,""cached_tokens"":null,""cache_write_tokens"":null,""total_tokens"":264},""cost_usd"":3.019e-05,""generation_id"":""gen-1786874412-wUhssbGeQtMuyIGJnEYd"",""response_cache_status"":""UNKNOWN"",""observed_provider"":""Groq"",""observed_endpoint"":null,""observed_quantization"":null}],""response_cache_status"":""UNKNOWN"",""raw_action_valid"":true,""action_received"":""SUBMIT"",""value"":""ABCDEFG"",""action_applied"":""SUBMIT"",""coerced_at_zero_credits"":false,""credits_remaining"":10}]"
741c1d7e-cccb-447c-8a34-d1dd257523db,741c1d7e-cccb-447c-8a34-d1dd257523db,1,,12,scout,llama-4-scout,meta-llama/llama-4-scout,groq,Groq,groq,,,,A,continuation,2026-08-16T10:00:02.463Z,2026-08-16T10:00:25.863Z,23400,7263c69a53507dad5a28591077ff111e,7822ad83e024a008,AEABFDA,7,10,10,0,10,AAAAAAA,3,0.42857142857142855,false,partial,1,1,0,0,259,6,,,,265,3.053e-05,true,true,false,a193e42687075f855a907c617cb6eb43c5979e687d22273bbab4c0919af923ac,"{""max_tokens"":4096,""temperature"":null,""top_p"":null,""top_k"":null,""min_p"":null,""seed"":null,""reasoning"":null,""thinking"":null}","{""endpoint_slug"":""groq"",""quantizations"":null,""allow_fallbacks"":false,""require_parameters"":true}",completed,true,[],,,,"[{""step"":1,""credits_before"":10,""http_attempts"":[{""attempt_number"":1,""started_at"":""2026-08-16T10:00:02.463Z"",""finished_at"":""2026-08-16T10:00:25.863Z"",""duration_ms"":23400,""status_code"":200,""error_category"":null,""error_message"":null,""usage"":{""input_tokens"":259,""output_tokens"":6,""reasoning_tokens"":null,""cached_tokens"":null,""cache_write_tokens"":null,""total_tokens"":265},""cost_usd"":3.053e-05,""generation_id"":""gen-1786874424-oyWXyldGmUBVC1YBspU1"",""response_cache_status"":""UNKNOWN"",""observed_provider"":""Groq"",""observed_endpoint"":null,""observed_quantization"":null}],""response_cache_status"":""UNKNOWN"",""raw_action_valid"":true,""action_received"":""SUBMIT"",""value"":""AAAAAAA"",""action_applied"":""SUBMIT"",""coerced_at_zero_credits"":false,""credits_remaining"":10}]"
8c0efdc0-2216-4e61-a802-91b8d25a27b4,8c0efdc0-2216-4e61-a802-91b8d25a27b4,1,,8,scout,llama-4-scout,meta-llama/llama-4-scout,groq,Groq,groq,,,,A,continuation,2026-08-16T10:00:04.899Z,2026-08-16T10:00:29.036Z,24137,7263c69a53507dad5a28591077ff111e,be80556951aca4b4,HGABAEA,7,10,10,0,10,AAAAAAA,3,0.42857142857142855,false,partial,1,1,0,0,259,6,,,,265,3.053e-05,true,true,false,a193e42687075f855a907c617cb6eb43c5979e687d22273bbab4c0919af923ac,"{""max_tokens"":4096,""temperature"":null,""top_p"":null,""top_k"":null,""min_p"":null,""seed"":null,""reasoning"":null,""thinking"":null}","{""endpoint_slug"":""groq"",""quantizations"":null,""allow_fallbacks"":false,""require_parameters"":true}",completed,true,[],,,,"[{""step"":1,""credits_before"":10,""http_attempts"":[{""attempt_number"":1,""started_at"":""2026-08-16T10:00:04.900Z"",""finished_at"":""2026-08-16T10:00:29.036Z"",""duration_ms"":24137,""status_code"":200,""error_category"":null,""error_message"":null,""usage"":{""input_tokens"":259,""output_tokens"":6,""reasoning_tokens"":null,""cached_tokens"":null,""cache_write_tokens"":null,""total_tokens"":265},""cost_usd"":3.053e-05,""generation_id"":""gen-1786874427-e1JahNVVct9X0uSzZqrH"",""response_cache_status"":""UNKNOWN"",""observed_provider"":""Groq"",""observed_endpoint"":null,""observed_quantization"":null}],""response_cache_status"":""UNKNOWN"",""raw_action_valid"":true,""action_received"":""SUBMIT"",""value"":""AAAAAAA"",""action_applied"":""SUBMIT"",""coerced_at_zero_credits"":false,""credits_remaining"":10}]"
a9cb826a-185e-46e4-b3ff-425302efd335,a9cb826a-185e-46e4-b3ff-425302efd335,1,,7,scout,llama-4-scout,meta-llama/llama-4-scout,groq,Groq,groq,,,,B,same_model_instance,2026-08-16T10:00:08.245Z,2026-08-16T10:00:31.906Z,23662,7263c69a53507dad5a28591077ff111e,db3444f7b5f3704a,AAFFCCF,7,10,10,0,10,AAAAAAA,2,0.2857142857142857,false,partial,1,1,0,0,265,6,,,,271,3.119e-05,true,true,false,beac9c73922a2ffe8812688677869d60b795a42f7917e7d966869980810162d3,"{""max_tokens"":4096,""temperature"":null,""top_p"":null,""top_k"":null,""min_p"":null,""seed"":null,""reasoning"":null,""thinking"":null}","{""endpoint_slug"":""groq"",""quantizations"":null,""allow_fallbacks"":false,""require_parameters"":true}",completed,true,[],,,,"[{""step"":1,""credits_before"":10,""http_attempts"":[{""attempt_number"":1,""started_at"":""2026-08-16T10:00:08.245Z"",""finished_at"":""2026-08-16T10:00:31.905Z"",""duration_ms"":23660,""status_code"":200,""error_category"":null,""error_message"":null,""usage"":{""input_tokens"":265,""output_tokens"":6,""reasoning_tokens"":null,""cached_tokens"":null,""cache_write_tokens"":null,""total_tokens"":271},""cost_usd"":3.119e-05,""generation_id"":""gen-1786874430-xtMW2qXoh66BsMmPe2wT"",""response_cache_status"":""UNKNOWN"",""observed_provider"":""Groq"",""observed_endpoint"":null,""observed_quantization"":null}],""response_cache_status"":""UNKNOWN"",""raw_action_valid"":true,""action_received"":""SUBMIT"",""value"":""AAAAAAA"",""action_applied"":""SUBMIT"",""coerced_at_zero_credits"":false,""credits_remaining"":10}]"
af5f7eeb-7d59-4939-81b5-b870e5fc77ae,af5f7eeb-7d59-4939-81b5-b870e5fc77ae,1,,12,scout,llama-4-scout,meta-llama/llama-4-scout,groq,Groq,groq,,,,D,none,2026-08-16T10:00:13.909Z,2026-08-16T10:00:37.884Z,23975,7263c69a53507dad5a28591077ff111e,8fd99448b963fabe,AEABFDA,7,10,10,0,10,AAAAAAA,3,0.42857142857142855,false,partial,1,1,0,0,236,6,,,,242,2.8e-05,true,true,false,35eb269349366de62767de54014a2ee9e18f1c8ac55a4d1100739e287293bf0b,"{""max_tokens"":4096,""temperature"":null,""top_p"":null,""top_k"":null,""min_p"":null,""seed"":null,""reasoning"":null,""thinking"":null}","{""endpoint_slug"":""groq"",""quantizations"":null,""allow_fallbacks"":false,""require_parameters"":true}",completed,true,[],,,,"[{""step"":1,""credits_before"":10,""http_attempts"":[{""attempt_number"":1,""started_at"":""2026-08-16T10:00:13.909Z"",""finished_at"":""2026-08-16T10:00:37.883Z"",""duration_ms"":23974,""status_code"":200,""error_category"":null,""error_message"":null,""usage"":{""input_tokens"":236,""output_tokens"":6,""reasoning_tokens"":null,""cached_tokens"":null,""cache_write_tokens"":null,""total_tokens"":242},""cost_usd"":2.8e-05,""generation_id"":""gen-1786874436-6P68xkai4y33JmlCdZht"",""response_cache_status"":""UNKNOWN"",""observed_provider"":""Groq"",""observed_endpoint"":null,""observed_quantization"":null}],""response_cache_status"":""UNKNOWN"",""raw_action_valid"":true,""action_received"":""SUBMIT"",""value"":""AAAAAAA"",""action_applied"":""SUBMIT"",""coerced_at_zero_credits"":false,""credits_remaining"":10}]"
bfc1abd8-4510-452c-92e0-d04bb5b3fdd2,bfc1abd8-4510-452c-92e0-d04bb5b3fdd2,1,,18,scout,llama-4-scout,meta-llama/llama-4-scout,groq,Groq,groq,,,,C,different_model,2026-08-16T10:00:17.607Z,2026-08-16T10:00:40.884Z,23277,7263c69a53507dad5a28591077ff111e,c8f5a336edd316b4,BCGDHGG,7,10,10,0,10,AAAAAAA,0,0.0,false,partial,1,1,0,0,271,6,,,,277,3.185e-05,true,true,false,2ac8682c462a8f01ea519b44aa73090e57243476b55eaf2539123ca100c55ab6,"{""max_tokens"":4096,""temperature"":null,""top_p"":null,""top_k"":null,""min_p"":null,""seed"":null,""reasoning"":null,""thinking"":null}","{""endpoint_slug"":""groq"",""quantizations"":null,""allow_fallbacks"":false,""require_parameters"":true}",completed,true,[],,,,"[{""step"":1,""credits_before"":10,""http_attempts"":[{""attempt_number"":1,""started_at"":""2026-08-16T10:00:17.607Z"",""finished_at"":""2026-08-16T10:00:40.883Z"",""duration_ms"":23276,""status_code"":200,""error_category"":null,""error_message"":null,""usage"":{""input_tokens"":271,""output_tokens"":6,""reasoning_tokens"":null,""cached_tokens"":null,""cache_write_tokens"":null,""total_tokens"":277},""cost_usd"":3.185e-05,""generation_id"":""gen-1786874439-M6YC76vQYc0T2XUCOmnr"",""response_cache_status"":""UNKNOWN"",""observed_provider"":""Groq"",""observed_endpoint"":null,""observed_quantization"":null}],""response_cache_status"":""UNKNOWN"",""raw_action_valid"":true,""action_received"":""SUBMIT"",""value"":""AAAAAAA"",""action_applied"":""SUBMIT"",""coerced_at_zero_credits"":false,""credits_remaining"":10}]"
a73f9b74-96fa-4441-81a5-0d85e67de61f,a73f9b74-96fa-4441-81a5-0d85e67de61f,1,,12,scout,llama-4-scout,meta-llama/llama-4-scout,groq,Groq,groq,,,,C,different_model,2026-08-16T10:00:20.678Z,2026-08-16T10:00:43.923Z,23245,7263c69a53507dad5a28591077ff111e,ed6d94b6bf0c3ed9,AEABFDA,7,10,10,0,10,AAAAAAA,3,0.42857142857142855,false,partial,1,1,0,0,271,6,,,,277,3.185e-05,true,true,false,2ac8682c462a8f01ea519b44aa73090e57243476b55eaf2539123ca100c55ab6,"{""max_tokens"":4096,""temperature"":null,""top_p"":null,""top_k"":null,""min_p"":null,""seed"":null,""reasoning"":null,""thinking"":null}","{""endpoint_slug"":""groq"",""quantizations"":null,""allow_fallbacks"":false,""require_parameters"":true}",completed,true,[],,,,"[{""step"":1,""credits_before"":10,""http_attempts"":[{""attempt_number"":1,""started_at"":""2026-08-16T10:00:20.678Z"",""finished_at"":""2026-08-16T10:00:43.922Z"",""duration_ms"":23244,""status_code"":200,""error_category"":null,""error_message"":null,""usage"":{""input_tokens"":271,""output_tokens"":6,""reasoning_tokens"":null,""cached_tokens"":null,""cache_write_tokens"":null,""total_tokens"":277},""cost_usd"":3.185e-05,""generation_id"":""gen-1786874442-j5nND2j7RfWGTgQl31TW"",""response_cache_status"":""UNKNOWN"",""observed_provider"":""Groq"",""observed_endpoint"":null,""observed_quantization"":null}],""response_cache_status"":""UNKNOWN"",""raw_action_valid"":true,""action_received"":""SUBMIT"",""value"":""AAAAAAA"",""action_applied"":""SUBMIT"",""coerced_at_zero_credits"":false,""credits_remaining"":10}]"
e7e1b201-6814-4c41-b7e8-d3d6af1793b1,e7e1b201-6814-4c41-b7e8-d3d6af1793b1,1,,5,scout,llama-4-scout,meta-llama/llama-4-scout,groq,Groq,groq,,,,C,different_model,2026-08-16T10:00:23.729Z,2026-08-16T10:00:47.061Z,23332,7263c69a53507dad5a28591077ff111e,41b23d3d348dc516,HGGGADC,7,10,10,0,10,AAAAAAA,1,0.14285714285714285,false,partial,1,1,0,0,271,6,,,,277,3.185e-05,true,true,false,2ac8682c462a8f01ea519b44aa73090e57243476b55eaf2539123ca100c55ab6,"{""max_tokens"":4096,""temperature"":null,""top_p"":null,""top_k"":null,""min_p"":null,""seed"":null,""reasoning"":null,""thinking"":null}","{""endpoint_slug"":""groq"",""quantizations"":null,""allow_fallbacks"":false,""require_parameters"":true}",completed,true,[],,,,"[{""step"":1,""credits_before"":10,""http_attempts"":[{""attempt_number"":1,""started_at"":""2026-08-16T10:00:23.730Z"",""finished_at"":""2026-08-16T10:00:47.061Z"",""duration_ms"":23331,""status_code"":200,""error_category"":null,""error_message"":null,""usage"":{""input_tokens"":271,""output_tokens"":6,""reasoning_tokens"":null,""cached_tokens"":null,""cache_write_tokens"":null,""total_tokens"":277},""cost_usd"":3.185e-05,""generation_id"":""gen-1786874445-UKVu36z5T1D5SWYvgk8x"",""response_cache_status"":""UNKNOWN"",""observed_provider"":""Groq"",""observed_endpoint"":null,""observed_quantization"":null}],""response_cache_status"":""UNKNOWN"",""raw_action_valid"":true,""action_received"":""SUBMIT"",""value"":""AAAAAAA"",""action_applied"":""SUBMIT"",""coerced_at_zero_credits"":false,""credits_remaining"":10}]"
8a53af79-5e9d-412c-abdb-a55640ea6b05,8a53af79-5e9d-412c-abdb-a55640ea6b05,1,,2,scout,llama-4-scout,meta-llama/llama-4-scout,groq,Groq,groq,,,,C,different_model,2026-08-16T10:00:25.920Z,2026-08-16T10:00:49.895Z,23975,7263c69a53507dad5a28591077ff111e,e153c90502461937,GICEAIF,7,10,10,0,10,AAAAAAA,1,0.14285714285714285,false,partial,1,1,0,0,271,6,,,,277,3.185e-05,true,true,false,2ac8682c462a8f01ea519b44aa73090e57243476b55eaf2539123ca100c55ab6,"{""max_tokens"":4096,""temperature"":null,""top_p"":null,""top_k"":null,""min_p"":null,""seed"":null,""reasoning"":null,""thinking"":null}","{""endpoint_slug"":""groq"",""quantizations"":null,""allow_fallbacks"":false,""require_parameters"":true}",completed,true,[],,,,"[{""step"":1,""credits_before"":10,""http_attempts"":[{""attempt_number"":1,""started_at"":""2026-08-16T10:00:25.920Z"",""finished_at"":""2026-08-16T10:00:49.894Z"",""duration_ms"":23975,""status_code"":200,""error_category"":null,""error_message"":null,""usage"":{""input_tokens"":271,""output_tokens"":6,""reasoning_tokens"":null,""cached_tokens"":null,""cache_write_tokens"":null,""total_tokens"":277},""cost_usd"":3.185e-05,""generation_id"":""gen-1786874448-VDZMANDBJqhCFsIkxZct"",""response_cache_status"":""UNKNOWN"",""observed_provider"":""Groq"",""observed_endpoint"":null,""observed_quantization"":null}],""response_cache_status"":""UNKNOWN"",""raw_action_valid"":true,""action_received"":""SUBMIT"",""value"":""AAAAAAA"",""action_applied"":""SUBMIT"",""coerced_at_zero_credits"":false,""credits_remaining"":10}]"
b5735f90-32b7-4106-af40-c44e4f9e7e90,b5735f90-32b7-4106-af40-c44e4f9e7e90,1,,9,scout,llama-4-scout,meta-llama/llama-4-scout,groq,Groq,groq,,,,D,none,2026-08-16T09:58:44.597Z,2026-08-16T10:07:44.385Z,539789,7263c69a53507dad5a28591077ff111e,bb3a996ffeb6c6c7,FJHFGFB,7,10,10,1,9,,,,,,5,5,0,4,3472,503,,,,3975,0.00055294,true,true,false,35eb269349366de62767de54014a2ee9e18f1c8ac55a4d1100739e287293bf0b,"{""max_tokens"":4096,""temperature"":null,""top_p"":null,""top_k"":null,""min_p"":null,""seed"":null,""reasoning"":null,""thinking"":null}","{""endpoint_slug"":""groq"",""quantizations"":null,""allow_fallbacks"":false,""require_parameters"":true}",invalid_submission,false,"[""invalid_submission""]",invalid_format,response must contain exactly 7 symbols,response must contain exactly 7 symbols,"[{""step"":1,""credits_before"":10,""http_attempts"":[{""attempt_number"":1,""started_at"":""2026-08-16T09:58:44.597Z"",""finished_at"":""2026-08-16T09:59:08.849Z"",""duration_ms"":24252,""status_code"":200,""error_category"":null,""error_message"":null,""usage"":{""input_tokens"":236,""output_tokens"":470,""reasoning_tokens"":null,""cached_tokens"":null,""cache_write_tokens"":null,""total_tokens"":706},""cost_usd"":0.00018576,""generation_id"":""gen-1786874346-S4K7k9oDqX2MpTWs39rT"",""response_cache_status"":""UNKNOWN"",""observed_provider"":""Groq"",""observed_endpoint"":null,""observed_quantization"":null}],""response_cache_status"":""UNKNOWN"",""raw_action_valid"":false,""action"":null,""parse_error"":""response must be exactly QUERY <symbols> or SUBMIT <symbols>"",""consecutive_invalid_responses"":1},{""step"":2,""credits_before"":10,""http_attempts"":[{""attempt_number"":1,""started_at"":""2026-08-16T10:01:34.953Z"",""finished_at"":""2026-08-16T10:01:58.987Z"",""duration_ms"":24034,""status_code"":200,""error_category"":null,""error_message"":null,""usage"":{""input_tokens"":743,""output_tokens"":9,""reasoning_tokens"":null,""cached_tokens"":null,""cache_write_tokens"":null,""total_tokens"":752},""cost_usd"":8.479e-05,""generation_id"":""gen-1786874518-pLeRC2QsLjWI76niGStx"",""response_cache_status"":""UNKNOWN"",""observed_provider"":""Groq"",""observed_endpoint"":null,""observed_quantization"":null}],""response_cache_status"":""UNKNOWN"",""raw_action_valid"":true,""action_received"":""QUERY"",""value"":""ABCDEFG"",""action_applied"":""QUERY"",""feedback"":{""exact"":1,""misplaced"":2},""credits_remaining"":9},{""step"":3,""credits_before"":9,""http_attempts"":[{""attempt_number"":1,""started_at"":""2026-08-16T10:03:38.492Z"",""finished_at"":""2026-08-16T10:04:02.091Z"",""duration_ms"":23599,""status_code"":200,""error_category"":null,""error_message"":null,""usage"":{""input_tokens"":786,""output_tokens"":8,""reasoning_tokens"":null,""cached_tokens"":null,""cache_write_tokens"":null,""total_tokens"":794},""cost_usd"":8.918e-05,""generation_id"":""gen-1786874641-9sJaHs3t5vQ0lEPwq7NS"",""response_cache_status"":""UNKNOWN"",""observed_provider"":""Groq"",""observed_endpoint"":null,""observed_quantization"":null}],""response_cache_status"":""UNKNOWN"",""raw_action_valid"":false,""action"":null,""parse_error"":""response must contain exactly 7 symbols"",""consecutive_invalid_responses"":1},{""step"":4,""credits_before"":9,""http_attempts"":[{""attempt_number"":1,""started_at"":""2026-08-16T10:05:29.223Z"",""finished_at"":""2026-08-16T10:05:53.217Z"",""duration_ms"":23994,""status_code"":200,""error_category"":null,""error_message"":null,""usage"":{""input_tokens"":831,""output_tokens"":8,""reasoning_tokens"":null,""cached_tokens"":null,""cache_write_tokens"":null,""total_tokens"":839},""cost_usd"":9.413e-05,""generation_id"":""gen-1786874752-SauPvNbdlRzPXN6RCr6R"",""response_cache_status"":""UNKNOWN"",""observed_provider"":""Groq"",""observed_endpoint"":null,""observed_quantization"":null}],""response_cache_status"":""UNKNOWN"",""raw_action_valid"":false,""action"":null,""parse_error"":""response must contain exactly 7 symbols"",""consecutive_invalid_responses"":2},{""step"":5,""credits_before"":9,""http_attempts"":[{""attempt_number"":1,""started_at"":""2026-08-16T10:07:20.412Z"",""finished_at"":""2026-08-16T10:07:44.385Z"",""duration_ms"":23972,""status_code"":200,""error_category"":null,""error_message"":null,""usage"":{""input_tokens"":876,""output_tokens"":8,""reasoning_tokens"":null,""cached_tokens"":null,""cache_write_tokens"":null,""total_tokens"":884},""cost_usd"":9.908e-05,""generation_id"":""gen-1786874863-6H9OCCknoioQOcxfIuXO"",""response_cache_status"":""UNKNOWN"",""observed_provider"":""Groq"",""observed_endpoint"":null,""observed_quantization"":null}],""response_cache_status"":""UNKNOWN"",""raw_action_valid"":false,""action"":null,""parse_error"":""response must contain exactly 7 symbols"",""consecutive_invalid_responses"":3}]"
2eac6bbb-4bb5-49f4-b5f4-982e7ead7c1e,2eac6bbb-4bb5-49f4-b5f4-982e7ead7c1e,1,,3,scout,llama-4-scout,meta-llama/llama-4-scout,groq,Groq,groq,,,,B,same_model_instance,2026-08-16T09:59:38.392Z,2026-08-16T10:09:59.674Z,621282,7263c69a53507dad5a28591077ff111e,acaaeb6963c7ecd6,ABJFIBD,7,10,10,4,6,ACEGIBD,4,0.5714285714285714,false,partial,6,6,0,1,3595,324,,,,3919,0.00050561,true,true,false,beac9c73922a2ffe8812688677869d60b795a42f7917e7d966869980810162d3,"{""max_tokens"":4096,""temperature"":null,""top_p"":null,""top_k"":null,""min_p"":null,""seed"":null,""reasoning"":null,""thinking"":null}","{""endpoint_slug"":""groq"",""quantizations"":null,""allow_fallbacks"":false,""require_parameters"":true}",completed,true,[],,,response must be exactly QUERY <symbols> or SUBMIT <symbols>,"[{""step"":1,""credits_before"":10,""http_attempts"":[{""attempt_number"":1,""started_at"":""2026-08-16T09:59:38.392Z"",""finished_at"":""2026-08-16T10:00:02.462Z"",""duration_ms"":24071,""status_code"":200,""error_category"":null,""error_message"":null,""usage"":{""input_tokens"":265,""output_tokens"":278,""reasoning_tokens"":null,""cached_tokens"":null,""cache_write_tokens"":null,""total_tokens"":543},""cost_usd"":0.00012367,""generation_id"":""gen-1786874400-ULi2ErAhv50ixLdfPctd"",""response_cache_status"":""UNKNOWN"",""observed_provider"":""Groq"",""observed_endpoint"":null,""observed_quantization"":null}],""response_cache_status"":""UNKNOWN"",""raw_action_valid"":false,""action"":null,""parse_error"":""response must be exactly QUERY <symbols> or SUBMIT <symbols>"",""consecutive_invalid_responses"":1},{""step"":2,""credits_before"":10,""http_attempts"":[{""attempt_number"":1,""started_at"":""2026-08-16T10:01:58.987Z"",""finished_at"":""2026-08-16T10:02:23.010Z"",""duration_ms"":24022,""status_code"":200,""error_category"":null,""error_message"":null,""usage"":{""input_tokens"":580,""output_tokens"":9,""reasoning_tokens"":null,""cached_tokens"":null,""cache_write_tokens"":null,""total_tokens"":589},""cost_usd"":6.686e-05,""generation_id"":""gen-1786874542-EiXMW56bbTy3B0ayJltH"",""response_cache_status"":""UNKNOWN"",""observed_provider"":""Groq"",""observed_endpoint"":null,""observed_quantization"":null}],""response_cache_status"":""UNKNOWN"",""raw_action_valid"":true,""action_received"":""QUERY"",""value"":""ABCDEFG"",""action_applied"":""QUERY"",""feedback"":{""exact"":2,""misplaced"":2},""credits_remaining"":9},{""step"":3,""credits_before"":9,""http_attempts"":[{""attempt_number"":1,""started_at"":""2026-08-16T10:04:05.170Z"",""finished_at"":""2026-08-16T10:04:29.143Z"",""duration_ms"":23973,""status_code"":200,""error_category"":null,""error_message"":null,""usage"":{""input_tokens"":623,""output_tokens"":9,""reasoning_tokens"":null,""cached_tokens"":null,""cache_write_tokens"":null,""total_tokens"":632},""cost_usd"":7.159e-05,""generation_id"":""gen-1786874668-vvakivxjfOmjxAejlizi"",""response_cache_status"":""UNKNOWN"",""observed_provider"":""Groq"",""observed_endpoint"":null,""observed_quantization"":null}],""response_cache_status"":""UNKNOWN"",""raw_action_valid"":true,""action_received"":""QUERY"",""value"":""ABCDEGF"",""action_applied"":""QUERY"",""feedback"":{""exact"":2,""misplaced"":2},""credits_remaining"":8},{""step"":4,""credits_before"":8,""http_attempts"":[{""attempt_number"":1,""started_at"":""2026-08-16T10:05:56.270Z"",""finished_at"":""2026-08-16T10:06:20.248Z"",""duration_ms"":23978,""status_code"":200,""error_category"":null,""error_message"":null,""usage"":{""input_tokens"":666,""output_tokens"":9,""reasoning_tokens"":null,""cached_tokens"":null,""cache_write_tokens"":null,""total_tokens"":675},""cost_usd"":7.632e-05,""generation_id"":""gen-1786874779-3Hr6dJWsttYPinEyyhoa"",""response_cache_status"":""UNKNOWN"",""observed_provider"":""Groq"",""observed_endpoint"":null,""observed_quantization"":null}],""response_cache_status"":""UNKNOWN"",""raw_action_valid"":true,""action_received"":""QUERY"",""value"":""ABCDEFG"",""action_applied"":""QUERY"",""feedback"":{""exact"":2,""misplaced"":2},""credits_remaining"":7},{""step"":5,""credits_before"":7,""http_attempts"":[{""attempt_number"":1,""started_at"":""2026-08-16T10:07:47.343Z"",""finished_at"":""2026-08-16T10:08:11.425Z"",""duration_ms"":24082,""status_code"":200,""error_category"":null,""error_message"":null,""usage"":{""input_tokens"":709,""output_tokens"":9,""reasoning_tokens"":null,""cached_tokens"":null,""cache_write_tokens"":null,""total_tokens"":718},""cost_usd"":8.105e-05,""generation_id"":""gen-1786874890-2L4NxaTweyTVCfKcwEDi"",""response_cache_status"":""UNKNOWN"",""observed_provider"":""Groq"",""observed_endpoint"":null,""observed_quantization"":null}],""response_cache_status"":""UNKNOWN"",""raw_action_valid"":true,""action_received"":""QUERY"",""value"":""ACEGIBD"",""action_applied"":""QUERY"",""feedback"":{""exact"":4,""misplaced"":0},""credits_remaining"":6},{""step"":6,""credits_before"":6,""http_attempts"":[{""attempt_number"":1,""started_at"":""2026-08-16T10:09:35.583Z"",""finished_at"":""2026-08-16T10:09:59.673Z"",""duration_ms"":24089,""status_code"":200,""error_category"":null,""error_message"":null,""usage"":{""input_tokens"":752,""output_tokens"":10,""reasoning_tokens"":null,""cached_tokens"":null,""cache_write_tokens"":null,""total_tokens"":762},""cost_usd"":8.612e-05,""generation_id"":""gen-1786874998-1p3GD9S2GzLXsX4jZTk2"",""response_cache_status"":""UNKNOWN"",""observed_provider"":""Groq"",""observed_endpoint"":null,""observed_quantization"":null}],""response_cache_status"":""UNKNOWN"",""raw_action_valid"":true,""action_received"":""SUBMIT"",""value"":""ACEGIBD"",""action_applied"":""SUBMIT"",""coerced_at_zero_credits"":false,""credits_remaining"":6}]"
f08f282a-305c-4c5e-b44c-52bc5f7b77b2,f08f282a-305c-4c5e-b44c-52bc5f7b77b2,1,,3,scout,llama-4-scout,meta-llama/llama-4-scout,groq,Groq,groq,,,,D,none,2026-08-16T09:56:52.520Z,2026-08-16T10:10:20.747Z,808228,7263c69a53507dad5a28591077ff111e,65d60c5786ae7377,ABJFIBD,7,10,10,5,5,ABGFECD,4,0.5714285714285714,false,partial,7,7,0,1,3785,266,,,,4051,0.00050679,true,true,false,35eb269349366de62767de54014a2ee9e18f1c8ac55a4d1100739e287293bf0b,"{""max_tokens"":4096,""temperature"":null,""top_p"":null,""top_k"":null,""min_p"":null,""seed"":null,""reasoning"":null,""thinking"":null}","{""endpoint_slug"":""groq"",""quantizations"":null,""allow_fallbacks"":false,""require_parameters"":true}",completed,true,[],,,response must be exactly QUERY <symbols> or SUBMIT <symbols>,"[{""step"":1,""credits_before"":10,""http_attempts"":[{""attempt_number"":1,""started_at"":""2026-08-16T09:56:52.520Z"",""finished_at"":""2026-08-16T09:56:59.080Z"",""duration_ms"":6560,""status_code"":200,""error_category"":null,""error_message"":null,""usage"":{""input_tokens"":236,""output_tokens"":211,""reasoning_tokens"":null,""cached_tokens"":null,""cache_write_tokens"":null,""total_tokens"":447},""cost_usd"":9.77e-05,""generation_id"":""gen-1786874217-4ci01pQhFTErJ5eAzjiS"",""response_cache_status"":""UNKNOWN"",""observed_provider"":""Groq"",""observed_endpoint"":null,""observed_quantization"":null}],""response_cache_status"":""UNKNOWN"",""raw_action_valid"":false,""action"":null,""parse_error"":""response must be exactly QUERY <symbols> or SUBMIT <symbols>"",""consecutive_invalid_responses"":1},{""step"":2,""credits_before"":10,""http_attempts"":[{""attempt_number"":1,""started_at"":""2026-08-16T10:00:31.958Z"",""finished_at"":""2026-08-16T10:00:55.940Z"",""duration_ms"":23982,""status_code"":200,""error_category"":null,""error_message"":null,""usage"":{""input_tokens"":484,""output_tokens"":9,""reasoning_tokens"":null,""cached_tokens"":null,""cache_write_tokens"":null,""total_tokens"":493},""cost_usd"":5.63e-05,""generation_id"":""gen-1786874454-JPwFdTNNZNbJV4ks79lo"",""response_cache_status"":""UNKNOWN"",""observed_provider"":""Groq"",""observed_endpoint"":null,""observed_quantization"":null}],""response_cache_status"":""UNKNOWN"",""raw_action_valid"":true,""action_received"":""QUERY"",""value"":""ABCDEFG"",""action_applied"":""QUERY"",""feedback"":{""exact"":2,""misplaced"":2},""credits_remaining"":9},{""step"":3,""credits_before"":9,""http_attempts"":[{""attempt_number"":1,""started_at"":""2026-08-16T10:02:23.010Z"",""finished_at"":""2026-08-16T10:02:47.310Z"",""duration_ms"":24299,""status_code"":200,""error_category"":null,""error_message"":null,""usage"":{""input_tokens"":527,""output_tokens"":9,""reasoning_tokens"":null,""cached_tokens"":null,""cache_write_tokens"":null,""total_tokens"":536},""cost_usd"":6.103e-05,""generation_id"":""gen-1786874566-ZzjJKBr75zbjSXr2zft2"",""response_cache_status"":""UNKNOWN"",""observed_provider"":""Groq"",""observed_endpoint"":null,""observed_quantization"":null}],""response_cache_status"":""UNKNOWN"",""raw_action_valid"":true,""action_received"":""QUERY"",""value"":""ABCGHIJ"",""action_applied"":""QUERY"",""feedback"":{""exact"":2,""misplaced"":2},""credits_remaining"":8},{""step"":4,""credits_before"":8,""http_attempts"":[{""attempt_number"":1,""started_at"":""2026-08-16T10:04:26.220Z"",""finished_at"":""2026-08-16T10:04:50.132Z"",""duration_ms"":23912,""status_code"":200,""error_category"":null,""error_message"":null,""usage"":{""input_tokens"":570,""output_tokens"":9,""reasoning_tokens"":null,""cached_tokens"":null,""cache_write_tokens"":null,""total_tokens"":579},""cost_usd"":6.576e-05,""generation_id"":""gen-1786874689-3AyFgEkaOXcdYl0Rs9ni"",""response_cache_status"":""UNKNOWN"",""observed_provider"":""Groq"",""observed_endpoint"":null,""observed_quantization"":null}],""response_cache_status"":""UNKNOWN"",""raw_action_valid"":true,""action_received"":""QUERY"",""value"":""ABGCDEF"",""action_applied"":""QUERY"",""feedback"":{""exact"":2,""misplaced"":2},""credits_remaining"":7},{""step"":5,""credits_before"":7,""http_attempts"":[{""attempt_number"":1,""started_at"":""2026-08-16T10:06:17.248Z"",""finished_at"":""2026-08-16T10:06:41.312Z"",""duration_ms"":24064,""status_code"":200,""error_category"":null,""error_message"":null,""usage"":{""input_tokens"":613,""output_tokens"":9,""reasoning_tokens"":null,""cached_tokens"":null,""cache_write_tokens"":null,""total_tokens"":622},""cost_usd"":7.049e-05,""generation_id"":""gen-1786874800-2eNr9cVnfwkmvE9HurQh"",""response_cache_status"":""UNKNOWN"",""observed_provider"":""Groq"",""observed_endpoint"":null,""observed_quantization"":null}],""response_cache_status"":""UNKNOWN"",""raw_action_valid"":true,""action_received"":""QUERY"",""value"":""ABGFEDC"",""action_applied"":""QUERY"",""feedback"":{""exact"":3,""misplaced"":1},""credits_remaining"":6},{""step"":6,""credits_before"":6,""http_attempts"":[{""attempt_number"":1,""started_at"":""2026-08-16T10:08:08.394Z"",""finished_at"":""2026-08-16T10:08:32.475Z"",""duration_ms"":24081,""status_code"":200,""error_category"":null,""error_message"":null,""usage"":{""input_tokens"":656,""output_tokens"":9,""reasoning_tokens"":null,""cached_tokens"":null,""cache_write_tokens"":null,""total_tokens"":665},""cost_usd"":7.522e-05,""generation_id"":""gen-1786874911-y9I8cGisB87YjW7nSkco"",""response_cache_status"":""UNKNOWN"",""observed_provider"":""Groq"",""observed_endpoint"":null,""observed_quantization"":null}],""response_cache_status"":""UNKNOWN"",""raw_action_valid"":true,""action_received"":""QUERY"",""value"":""ABGFECD"",""action_applied"":""QUERY"",""feedback"":{""exact"":4,""misplaced"":0},""credits_remaining"":5},{""step"":7,""credits_before"":5,""http_attempts"":[{""attempt_number"":1,""started_at"":""2026-08-16T10:09:56.639Z"",""finished_at"":""2026-08-16T10:10:20.747Z"",""duration_ms"":24108,""status_code"":200,""error_category"":null,""error_message"":null,""usage"":{""input_tokens"":699,""output_tokens"":10,""reasoning_tokens"":null,""cached_tokens"":null,""cache_write_tokens"":null,""total_tokens"":709},""cost_usd"":8.029e-05,""generation_id"":""gen-1786875019-gPW7LzypFmqwQmdrSem8"",""response_cache_status"":""UNKNOWN"",""observed_provider"":""Groq"",""observed_endpoint"":null,""observed_quantization"":null}],""response_cache_status"":""UNKNOWN"",""raw_action_valid"":true,""action_received"":""SUBMIT"",""value"":""ABGFECD"",""action_applied"":""SUBMIT"",""coerced_at_zero_credits"":false,""credits_remaining"":5}]"
5e8bd4e3-71ad-4e1c-a161-618c5a0d2c8f,5e8bd4e3-71ad-4e1c-a161-618c5a0d2c8f,1,,20,scout,llama-4-scout,meta-llama/llama-4-scout,groq,Groq,groq,,,,D,none,2026-08-16T09:59:47.203Z,2026-08-16T10:11:50.864Z,723661,7263c69a53507dad5a28591077ff111e,0c4ebde3413bab8d,CFEBGDD,7,10,10,5,5,ACEGIJD,2,0.2857142857142857,false,partial,7,7,0,1,3233,174,,,,3407,0.00041479,true,true,false,35eb269349366de62767de54014a2ee9e18f1c8ac55a4d1100739e287293bf0b,"{""max_tokens"":4096,""temperature"":null,""top_p"":null,""top_k"":null,""min_p"":null,""seed"":null,""reasoning"":null,""thinking"":null}","{""endpoint_slug"":""groq"",""quantizations"":null,""allow_fallbacks"":false,""require_parameters"":true}",completed,true,[],,,response must be exactly QUERY <symbols> or SUBMIT <symbols>,"[{""step"":1,""credits_before"":10,""http_attempts"":[{""attempt_number"":1,""started_at"":""2026-08-16T09:59:47.203Z"",""finished_at"":""2026-08-16T10:00:11.109Z"",""duration_ms"":23906,""status_code"":200,""error_category"":null,""error_message"":null,""usage"":{""input_tokens"":236,""output_tokens"":119,""reasoning_tokens"":null,""cached_tokens"":null,""cache_write_tokens"":null,""total_tokens"":355},""cost_usd"":6.642e-05,""generation_id"":""gen-1786874409-iX4E7r7veq3orlYb0kIp"",""response_cache_status"":""UNKNOWN"",""observed_provider"":""Groq"",""observed_endpoint"":null,""observed_quantization"":null}],""response_cache_status"":""UNKNOWN"",""raw_action_valid"":false,""action"":null,""parse_error"":""response must be exactly QUERY <symbols> or SUBMIT <symbols>"",""consecutive_invalid_responses"":1},{""step"":2,""credits_before"":10,""http_attempts"":[{""attempt_number"":1,""started_at"":""2026-08-16T10:02:04.984Z"",""finished_at"":""2026-08-16T10:02:29.005Z"",""duration_ms"":24020,""status_code"":200,""error_category"":null,""error_message"":null,""usage"":{""input_tokens"":392,""output_tokens"":9,""reasoning_tokens"":null,""cached_tokens"":null,""cache_write_tokens"":null,""total_tokens"":401},""cost_usd"":4.618e-05,""generation_id"":""gen-1786874548-67xr8vBkqdGj3m1V0cvd"",""response_cache_status"":""UNKNOWN"",""observed_provider"":""Groq"",""observed_endpoint"":null,""observed_quantization"":null}],""response_cache_status"":""UNKNOWN"",""raw_action_valid"":true,""action_received"":""QUERY"",""value"":""ABCDEFG"",""action_applied"":""QUERY"",""feedback"":{""exact"":0,""misplaced"":6},""credits_remaining"":9},{""step"":3,""credits_before"":9,""http_attempts"":[{""attempt_number"":1,""started_at"":""2026-08-16T10:04:11.525Z"",""finished_at"":""2026-08-16T10:04:35.118Z"",""duration_ms"":23593,""status_code"":200,""error_category"":null,""error_message"":null,""usage"":{""input_tokens"":435,""output_tokens"":9,""reasoning_tokens"":null,""cached_tokens"":null,""cache_write_tokens"":null,""total_tokens"":444},""cost_usd"":5.091e-05,""generation_id"":""gen-1786874674-qHmXzdtE1LgTKcqQHFOu"",""response_cache_status"":""UNKNOWN"",""observed_provider"":""Groq"",""observed_endpoint"":null,""observed_quantization"":null}],""response_cache_status"":""UNKNOWN"",""raw_action_valid"":true,""action_received"":""QUERY"",""value"":""ABCDEGH"",""action_applied"":""QUERY"",""feedback"":{""exact"":0,""misplaced"":5},""credits_remaining"":8},{""step"":4,""credits_before"":8,""http_attempts"":[{""attempt_number"":1,""started_at"":""2026-08-16T10:06:02.234Z"",""finished_at"":""2026-08-16T10:06:26.220Z"",""duration_ms"":23986,""status_code"":200,""error_category"":null,""error_message"":null,""usage"":{""input_tokens"":478,""output_tokens"":9,""reasoning_tokens"":null,""cached_tokens"":null,""cache_write_tokens"":null,""total_tokens"":487},""cost_usd"":5.564e-05,""generation_id"":""gen-1786874785-NcwyGuwXDqNyTg8lGiua"",""response_cache_status"":""UNKNOWN"",""observed_provider"":""Groq"",""observed_endpoint"":null,""observed_quantization"":null}],""response_cache_status"":""UNKNOWN"",""raw_action_valid"":true,""action_received"":""QUERY"",""value"":""ABCDFGJ"",""action_applied"":""QUERY"",""feedback"":{""exact"":0,""misplaced"":5},""credits_remaining"":7},{""step"":5,""credits_before"":7,""http_attempts"":[{""attempt_number"":1,""started_at"":""2026-08-16T10:07:53.343Z"",""finished_at"":""2026-08-16T10:08:17.435Z"",""duration_ms"":24092,""status_code"":200,""error_category"":null,""error_message"":null,""usage"":{""input_tokens"":521,""output_tokens"":9,""reasoning_tokens"":null,""cached_tokens"":null,""cache_write_tokens"":null,""total_tokens"":530},""cost_usd"":6.037e-05,""generation_id"":""gen-1786874896-TJjuKjJCRgQ1Gk4MW34T"",""response_cache_status"":""UNKNOWN"",""observed_provider"":""Groq"",""observed_endpoint"":null,""observed_quantization"":null}],""response_cache_status"":""UNKNOWN"",""raw_action_valid"":true,""action_received"":""QUERY"",""value"":""ABCEFIJ"",""action_applied"":""QUERY"",""feedback"":{""exact"":0,""misplaced"":4},""credits_remaining"":6},{""step"":6,""credits_before"":6,""http_attempts"":[{""attempt_number"":1,""started_at"":""2026-08-16T10:09:41.601Z"",""finished_at"":""2026-08-16T10:10:05.635Z"",""duration_ms"":24034,""status_code"":200,""error_category"":null,""error_message"":null,""usage"":{""input_tokens"":564,""output_tokens"":9,""reasoning_tokens"":null,""cached_tokens"":null,""cache_write_tokens"":null,""total_tokens"":573},""cost_usd"":6.51e-05,""generation_id"":""gen-1786875004-35J1WlgJmmu8hxAm29f2"",""response_cache_status"":""UNKNOWN"",""observed_provider"":""Groq"",""observed_endpoint"":null,""observed_quantization"":null}],""response_cache_status"":""UNKNOWN"",""raw_action_valid"":true,""action_received"":""QUERY"",""value"":""ACEGIJD"",""action_applied"":""QUERY"",""feedback"":{""exact"":2,""misplaced"":2},""credits_remaining"":5},{""step"":7,""credits_before"":5,""http_attempts"":[{""attempt_number"":1,""started_at"":""2026-08-16T10:11:26.807Z"",""finished_at"":""2026-08-16T10:11:50.863Z"",""duration_ms"":24056,""status_code"":200,""error_category"":null,""error_message"":null,""usage"":{""input_tokens"":607,""output_tokens"":10,""reasoning_tokens"":null,""cached_tokens"":null,""cache_write_tokens"":null,""total_tokens"":617},""cost_usd"":7.017e-05,""generation_id"":""gen-1786875109-059jeGfU7M6Qf2niS7l5"",""response_cache_status"":""UNKNOWN"",""observed_provider"":""Groq"",""observed_endpoint"":null,""observed_quantization"":null}],""response_cache_status"":""UNKNOWN"",""raw_action_valid"":true,""action_received"":""SUBMIT"",""value"":""ACEGIJD"",""action_applied"":""SUBMIT"",""coerced_at_zero_credits"":false,""credits_remaining"":5}]"
9d6b6407-6ca7-4650-9a3b-66a34126cc39,9d6b6407-6ca7-4650-9a3b-66a34126cc39,1,,14,scout,llama-4-scout,meta-llama/llama-4-scout,groq,Groq,groq,,,,B,same_model_instance,2026-08-16T09:59:53.383Z,2026-08-16T10:11:53.844Z,720461,7263c69a53507dad5a28591077ff111e,7ab28519e3ab1c12,HJDADEA,7,10,10,5,5,ABCDEFG,0,0.0,false,partial,7,7,0,1,4684,382,,,,5066,0.0006451200000000001,true,true,false,beac9c73922a2ffe8812688677869d60b795a42f7917e7d966869980810162d3,"{""max_tokens"":4096,""temperature"":null,""top_p"":null,""top_k"":null,""min_p"":null,""seed"":null,""reasoning"":null,""thinking"":null}","{""endpoint_slug"":""groq"",""quantizations"":null,""allow_fallbacks"":false,""require_parameters"":true}",completed,true,[],,,response must be exactly QUERY <symbols> or SUBMIT <symbols>,"[{""step"":1,""credits_before"":10,""http_attempts"":[{""attempt_number"":1,""started_at"":""2026-08-16T09:59:53.384Z"",""finished_at"":""2026-08-16T10:00:17.607Z"",""duration_ms"":24223,""status_code"":200,""error_category"":null,""error_message"":null,""usage"":{""input_tokens"":265,""output_tokens"":327,""reasoning_tokens"":null,""cached_tokens"":null,""cache_write_tokens"":null,""total_tokens"":592},""cost_usd"":0.00014033,""generation_id"":""gen-1786874415-cBHnKPkODar9sHSMXzPT"",""response_cache_status"":""UNKNOWN"",""observed_provider"":""Groq"",""observed_endpoint"":null,""observed_quantization"":null}],""response_cache_status"":""UNKNOWN"",""raw_action_valid"":false,""action"":null,""parse_error"":""response must be exactly QUERY <symbols> or SUBMIT <symbols>"",""consecutive_invalid_responses"":1},{""step"":2,""credits_before"":10,""http_attempts"":[{""attempt_number"":1,""started_at"":""2026-08-16T10:02:08.165Z"",""finished_at"":""2026-08-16T10:02:32.028Z"",""duration_ms"":23863,""status_code"":200,""error_category"":null,""error_message"":null,""usage"":{""input_tokens"":629,""output_tokens"":9,""reasoning_tokens"":null,""cached_tokens"":null,""cache_write_tokens"":null,""total_tokens"":638},""cost_usd"":7.225e-05,""generation_id"":""gen-1786874551-YIFFk7D4NDBmzlWGz0yN"",""response_cache_status"":""UNKNOWN"",""observed_provider"":""Groq"",""observed_endpoint"":null,""observed_quantization"":null}],""response_cache_status"":""UNKNOWN"",""raw_action_valid"":true,""action_received"":""QUERY"",""value"":""ABCDEFG"",""action_applied"":""QUERY"",""feedback"":{""exact"":0,""misplaced"":3},""credits_remaining"":9},{""step"":3,""credits_before"":9,""http_attempts"":[{""attempt_number"":1,""started_at"":""2026-08-16T10:04:14.546Z"",""finished_at"":""2026-08-16T10:04:38.161Z"",""duration_ms"":23614,""status_code"":200,""error_category"":null,""error_message"":null,""usage"":{""input_tokens"":672,""output_tokens"":9,""reasoning_tokens"":null,""cached_tokens"":null,""cache_write_tokens"":null,""total_tokens"":681},""cost_usd"":7.698e-05,""generation_id"":""gen-1786874677-4HlqsXQAF3mDxYpGHjqK"",""response_cache_status"":""UNKNOWN"",""observed_provider"":""Groq"",""observed_endpoint"":null,""observed_quantization"":null}],""response_cache_status"":""UNKNOWN"",""raw_action_valid"":true,""action_received"":""QUERY"",""value"":""AABBCCD"",""action_applied"":""QUERY"",""feedback"":{""exact"":0,""misplaced"":3},""credits_remaining"":8},{""step"":4,""credits_before"":8,""http_attempts"":[{""attempt_number"":1,""started_at"":""2026-08-16T10:06:05.194Z"",""finished_at"":""2026-08-16T10:06:29.240Z"",""duration_ms"":24046,""status_code"":200,""error_category"":null,""error_message"":null,""usage"":{""input_tokens"":715,""output_tokens"":9,""reasoning_tokens"":null,""cached_tokens"":null,""cache_write_tokens"":null,""total_tokens"":724},""cost_usd"":8.171e-05,""generation_id"":""gen-1786874788-Ic3jDR8wkFol4AS6NU6A"",""response_cache_status"":""UNKNOWN"",""observed_provider"":""Groq"",""observed_endpoint"":null,""observed_quantization"":null}],""response_cache_status"":""UNKNOWN"",""raw_action_valid"":true,""action_received"":""QUERY"",""value"":""EEFFGGH"",""action_applied"":""QUERY"",""feedback"":{""exact"":0,""misplaced"":2},""credits_remaining"":7},{""step"":5,""credits_before"":7,""http_attempts"":[{""attempt_number"":1,""started_at"":""2026-08-16T10:07:56.351Z"",""finished_at"":""2026-08-16T10:08:20.610Z"",""duration_ms"":24259,""status_code"":200,""error_category"":null,""error_message"":null,""usage"":{""input_tokens"":758,""output_tokens"":9,""reasoning_tokens"":null,""cached_tokens"":null,""cache_write_tokens"":null,""total_tokens"":767},""cost_usd"":8.644e-05,""generation_id"":""gen-1786874899-dC7vvm5vxDKHHhPJyM9H"",""response_cache_status"":""UNKNOWN"",""observed_provider"":""Groq"",""observed_endpoint"":null,""observed_quantization"":null}],""response_cache_status"":""UNKNOWN"",""raw_action_valid"":true,""action_received"":""QUERY"",""value"":""IIJJAAB"",""action_applied"":""QUERY"",""feedback"":{""exact"":0,""misplaced"":3},""credits_remaining"":6},{""step"":6,""credits_before"":6,""http_attempts"":[{""attempt_number"":1,""started_at"":""2026-08-16T10:09:44.595Z"",""finished_at"":""2026-08-16T10:10:08.648Z"",""duration_ms"":24053,""status_code"":200,""error_category"":null,""error_message"":null,""usage"":{""input_tokens"":801,""output_tokens"":9,""reasoning_tokens"":null,""cached_tokens"":null,""cache_write_tokens"":null,""total_tokens"":810},""cost_usd"":9.117e-05,""generation_id"":""gen-1786875007-9REbWbiFiwO42YG8JwRm"",""response_cache_status"":""UNKNOWN"",""observed_provider"":""Groq"",""observed_endpoint"":null,""observed_quantization"":null}],""response_cache_status"":""UNKNOWN"",""raw_action_valid"":true,""action_received"":""QUERY"",""value"":""CCDDEEF"",""action_applied"":""QUERY"",""feedback"":{""exact"":2,""misplaced"":1},""credits_remaining"":5},{""step"":7,""credits_before"":5,""http_attempts"":[{""attempt_number"":1,""started_at"":""2026-08-16T10:11:29.800Z"",""finished_at"":""2026-08-16T10:11:53.844Z"",""duration_ms"":24044,""status_code"":200,""error_category"":null,""error_message"":null,""usage"":{""input_tokens"":844,""output_tokens"":10,""reasoning_tokens"":null,""cached_tokens"":null,""cache_write_tokens"":null,""total_tokens"":854},""cost_usd"":9.624e-05,""generation_id"":""gen-1786875112-TaQ15EqFEgw5AjiaEKhY"",""response_cache_status"":""UNKNOWN"",""observed_provider"":""Groq"",""observed_endpoint"":null,""observed_quantization"":null}],""response_cache_status"":""UNKNOWN"",""raw_action_valid"":true,""action_received"":""SUBMIT"",""value"":""ABCDEFG"",""action_applied"":""SUBMIT"",""coerced_at_zero_credits"":false,""credits_remaining"":5}]"
868f997e-f95d-476b-a726-0d66d3558868,868f997e-f95d-476b-a726-0d66d3558868,1,,9,scout,llama-4-scout,meta-llama/llama-4-scout,groq,Groq,groq,,,,B,same_model_instance,2026-08-16T09:59:59.602Z,2026-08-16T10:11:59.856Z,720254,7263c69a53507dad5a28591077ff111e,4f7e51ac682542d7,FJHFGFB,7,10,10,5,5,AAAAAAA,0,0.0,false,partial,7,7,0,1,4893,403,,,,5296,0.00067525,true,true,false,beac9c73922a2ffe8812688677869d60b795a42f7917e7d966869980810162d3,"{""max_tokens"":4096,""temperature"":null,""top_p"":null,""top_k"":null,""min_p"":null,""seed"":null,""reasoning"":null,""thinking"":null}","{""endpoint_slug"":""groq"",""quantizations"":null,""allow_fallbacks"":false,""require_parameters"":true}",completed,true,[],,,response must be exactly QUERY <symbols> or SUBMIT <symbols>,"[{""step"":1,""credits_before"":10,""http_attempts"":[{""attempt_number"":1,""started_at"":""2026-08-16T09:59:59.602Z"",""finished_at"":""2026-08-16T10:00:23.728Z"",""duration_ms"":24126,""status_code"":200,""error_category"":null,""error_message"":null,""usage"":{""input_tokens"":265,""output_tokens"":372,""reasoning_tokens"":null,""cached_tokens"":null,""cache_write_tokens"":null,""total_tokens"":637},""cost_usd"":0.00015563,""generation_id"":""gen-1786874421-hERhFiCOBGarrdjwMIcR"",""response_cache_status"":""UNKNOWN"",""observed_provider"":""Groq"",""observed_endpoint"":null,""observed_quantization"":null}],""response_cache_status"":""UNKNOWN"",""raw_action_valid"":false,""action"":null,""parse_error"":""response must be exactly QUERY <symbols> or SUBMIT <symbols>"",""consecutive_invalid_responses"":1},{""step"":2,""credits_before"":10,""http_attempts"":[{""attempt_number"":1,""started_at"":""2026-08-16T10:02:14.033Z"",""finished_at"":""2026-08-16T10:02:38.105Z"",""duration_ms"":24073,""status_code"":200,""error_category"":null,""error_message"":null,""usage"":{""input_tokens"":674,""output_tokens"":4,""reasoning_tokens"":null,""cached_tokens"":null,""cache_write_tokens"":null,""total_tokens"":678},""cost_usd"":7.55e-05,""generation_id"":""gen-1786874557-PaeDkupoU9tBmmjfcfpE"",""response_cache_status"":""UNKNOWN"",""observed_provider"":""Groq"",""observed_endpoint"":null,""observed_quantization"":null}],""response_cache_status"":""UNKNOWN"",""raw_action_valid"":true,""action_received"":""QUERY"",""value"":""ABCDEFG"",""action_applied"":""QUERY"",""feedback"":{""exact"":1,""misplaced"":2},""credits_remaining"":9},{""step"":3,""credits_before"":9,""http_attempts"":[{""attempt_number"":1,""started_at"":""2026-08-16T10:04:20.155Z"",""finished_at"":""2026-08-16T10:04:44.361Z"",""duration_ms"":24206,""status_code"":200,""error_category"":null,""error_message"":null,""usage"":{""input_tokens"":712,""output_tokens"":6,""reasoning_tokens"":null,""cached_tokens"":null,""cache_write_tokens"":null,""total_tokens"":718},""cost_usd"":8.036e-05,""generation_id"":""gen-1786874683-m9CTJCxyiwAORQ9ogcGY"",""response_cache_status"":""UNKNOWN"",""observed_provider"":""Groq"",""observed_endpoint"":null,""observed_quantization"":null}],""response_cache_status"":""UNKNOWN"",""raw_action_valid"":true,""action_received"":""QUERY"",""value"":""AABBBCC"",""action_applied"":""QUERY"",""feedback"":{""exact"":0,""misplaced"":1},""credits_remaining"":8},{""step"":4,""credits_before"":8,""http_attempts"":[{""attempt_number"":1,""started_at"":""2026-08-16T10:06:11.217Z"",""finished_at"":""2026-08-16T10:06:35.313Z"",""duration_ms"":24096,""status_code"":200,""error_category"":null,""error_message"":null,""usage"":{""input_tokens"":752,""output_tokens"":5,""reasoning_tokens"":null,""cached_tokens"":null,""cache_write_tokens"":null,""total_tokens"":757},""cost_usd"":8.442e-05,""generation_id"":""gen-1786874794-VOrdJ3IKy6Aj446HhpGs"",""response_cache_status"":""UNKNOWN"",""observed_provider"":""Groq"",""observed_endpoint"":null,""observed_quantization"":null}],""response_cache_status"":""UNKNOWN"",""raw_action_valid"":true,""action_received"":""QUERY"",""value"":""AAABBCD"",""action_applied"":""QUERY"",""feedback"":{""exact"":0,""misplaced"":1},""credits_remaining"":7},{""step"":5,""credits_before"":7,""http_attempts"":[{""attempt_number"":1,""started_at"":""2026-08-16T10:08:02.388Z"",""finished_at"":""2026-08-16T10:08:26.439Z"",""duration_ms"":24051,""status_code"":200,""error_category"":null,""error_message"":null,""usage"":{""input_tokens"":791,""output_tokens"":5,""reasoning_tokens"":null,""cached_tokens"":null,""cache_write_tokens"":null,""total_tokens"":796},""cost_usd"":8.871e-05,""generation_id"":""gen-1786874905-5mOslIbda0xiVeM8E3Rj"",""response_cache_status"":""UNKNOWN"",""observed_provider"":""Groq"",""observed_endpoint"":null,""observed_quantization"":null}],""response_cache_status"":""UNKNOWN"",""raw_action_valid"":true,""action_received"":""QUERY"",""value"":""AAAAABB"",""action_applied"":""QUERY"",""feedback"":{""exact"":1,""misplaced"":0},""credits_remaining"":6},{""step"":6,""credits_before"":6,""http_attempts"":[{""attempt_number"":1,""started_at"":""2026-08-16T10:09:50.620Z"",""finished_at"":""2026-08-16T10:10:14.659Z"",""duration_ms"":24040,""status_code"":200,""error_category"":null,""error_message"":null,""usage"":{""input_tokens"":830,""output_tokens"":5,""reasoning_tokens"":null,""cached_tokens"":null,""cache_write_tokens"":null,""total_tokens"":835},""cost_usd"":9.3e-05,""generation_id"":""gen-1786875013-0vJiSfvZblOPqdkirBgc"",""response_cache_status"":""UNKNOWN"",""observed_provider"":""Groq"",""observed_endpoint"":null,""observed_quantization"":null}],""response_cache_status"":""UNKNOWN"",""raw_action_valid"":true,""action_received"":""QUERY"",""value"":""AAAAAAA"",""action_applied"":""QUERY"",""feedback"":{""exact"":0,""misplaced"":0},""credits_remaining"":5},{""step"":7,""credits_before"":5,""http_attempts"":[{""attempt_number"":1,""started_at"":""2026-08-16T10:11:35.816Z"",""finished_at"":""2026-08-16T10:11:59.856Z"",""duration_ms"":24040,""status_code"":200,""error_category"":null,""error_message"":null,""usage"":{""input_tokens"":869,""output_tokens"":6,""reasoning_tokens"":null,""cached_tokens"":null,""cache_write_tokens"":null,""total_tokens"":875},""cost_usd"":9.763e-05,""generation_id"":""gen-1786875118-axTisIHA39mOpgW7hTn6"",""response_cache_status"":""UNKNOWN"",""observed_provider"":""Groq"",""observed_endpoint"":null,""observed_quantization"":null}],""response_cache_status"":""UNKNOWN"",""raw_action_valid"":true,""action_received"":""SUBMIT"",""value"":""AAAAAAA"",""action_applied"":""SUBMIT"",""coerced_at_zero_credits"":false,""credits_remaining"":5}]"
3a9d7a1e-ec64-4f2a-b9cd-0a1fc01c0a79,3a9d7a1e-ec64-4f2a-b9cd-0a1fc01c0a79,1,,14,scout,llama-4-scout,meta-llama/llama-4-scout,groq,Groq,groq,,,,D,none,2026-08-16T09:56:52.520Z,2026-08-16T10:12:14.892Z,922373,7263c69a53507dad5a28591077ff111e,fef1dbb681767e58,HJDADEA,7,10,10,6,4,ABCDEHA,1,0.14285714285714285,false,partial,8,8,0,1,4226,232,,,,4458,0.00054374,true,true,false,35eb269349366de62767de54014a2ee9e18f1c8ac55a4d1100739e287293bf0b,"{""max_tokens"":4096,""temperature"":null,""top_p"":null,""top_k"":null,""min_p"":null,""seed"":null,""reasoning"":null,""thinking"":null}","{""endpoint_slug"":""groq"",""quantizations"":null,""allow_fallbacks"":false,""require_parameters"":true}",completed,true,[],,,response must be exactly QUERY <symbols> or SUBMIT <symbols>,"[{""step"":1,""credits_before"":10,""http_attempts"":[{""attempt_number"":1,""started_at"":""2026-08-16T09:56:52.520Z"",""finished_at"":""2026-08-16T09:57:14.024Z"",""duration_ms"":21504,""status_code"":200,""error_category"":null,""error_message"":null,""usage"":{""input_tokens"":236,""output_tokens"":168,""reasoning_tokens"":null,""cached_tokens"":null,""cache_write_tokens"":null,""total_tokens"":404},""cost_usd"":8.308e-05,""generation_id"":""gen-1786874232-izugYne0fc7VV1okpdS5"",""response_cache_status"":""UNKNOWN"",""observed_provider"":""Groq"",""observed_endpoint"":null,""observed_quantization"":null}],""response_cache_status"":""UNKNOWN"",""raw_action_valid"":false,""action"":null,""parse_error"":""response must be exactly QUERY <symbols> or SUBMIT <symbols>"",""consecutive_invalid_responses"":1},{""step"":2,""credits_before"":10,""http_attempts"":[{""attempt_number"":1,""started_at"":""2026-08-16T10:00:43.975Z"",""finished_at"":""2026-08-16T10:01:07.918Z"",""duration_ms"":23942,""status_code"":200,""error_category"":null,""error_message"":null,""usage"":{""input_tokens"":441,""output_tokens"":9,""reasoning_tokens"":null,""cached_tokens"":null,""cache_write_tokens"":null,""total_tokens"":450},""cost_usd"":5.157e-05,""generation_id"":""gen-1786874466-JHmS0YDEWZlhFRrFiUU6"",""response_cache_status"":""UNKNOWN"",""observed_provider"":""Groq"",""observed_endpoint"":null,""observed_quantization"":null}],""response_cache_status"":""UNKNOWN"",""raw_action_valid"":true,""action_received"":""QUERY"",""value"":""ABCDEFG"",""action_applied"":""QUERY"",""feedback"":{""exact"":0,""misplaced"":3},""credits_remaining"":9},{""step"":3,""credits_before"":9,""http_attempts"":[{""attempt_number"":1,""started_at"":""2026-08-16T10:02:35.024Z"",""finished_at"":""2026-08-16T10:02:59.719Z"",""duration_ms"":24695,""status_code"":200,""error_category"":null,""error_message"":null,""usage"":{""input_tokens"":484,""output_tokens"":9,""reasoning_tokens"":null,""cached_tokens"":null,""cache_write_tokens"":null,""total_tokens"":493},""cost_usd"":5.63e-05,""generation_id"":""gen-1786874578-zMwxVZw7niW2t7XN8hkt"",""response_cache_status"":""UNKNOWN"",""observed_provider"":""Groq"",""observed_endpoint"":null,""observed_quantization"":null}],""response_cache_status"":""UNKNOWN"",""raw_action_valid"":true,""action_received"":""QUERY"",""value"":""ABCDEGH"",""action_applied"":""QUERY"",""feedback"":{""exact"":0,""misplaced"":4},""credits_remaining"":8},{""step"":4,""credits_before"":8,""http_attempts"":[{""attempt_number"":1,""started_at"":""2026-08-16T10:04:38.162Z"",""finished_at"":""2026-08-16T10:05:02.162Z"",""duration_ms"":24000,""status_code"":200,""error_category"":null,""error_message"":null,""usage"":{""input_tokens"":527,""output_tokens"":9,""reasoning_tokens"":null,""cached_tokens"":null,""cache_write_tokens"":null,""total_tokens"":536},""cost_usd"":6.103e-05,""generation_id"":""gen-1786874701-ueb2NO6SN8Lt2rFH0r1J"",""response_cache_status"":""UNKNOWN"",""observed_provider"":""Groq"",""observed_endpoint"":null,""observed_quantization"":null}],""response_cache_status"":""UNKNOWN"",""raw_action_valid"":true,""action_received"":""QUERY"",""value"":""ABCDEGI"",""action_applied"":""QUERY"",""feedback"":{""exact"":0,""misplaced"":3},""credits_remaining"":7},{""step"":5,""credits_before"":7,""http_attempts"":[{""attempt_number"":1,""started_at"":""2026-08-16T10:06:29.241Z"",""finished_at"":""2026-08-16T10:06:53.256Z"",""duration_ms"":24015,""status_code"":200,""error_category"":null,""error_message"":null,""usage"":{""input_tokens"":570,""output_tokens"":9,""reasoning_tokens"":null,""cached_tokens"":null,""cache_write_tokens"":null,""total_tokens"":579},""cost_usd"":6.576e-05,""generation_id"":""gen-1786874812-JSNlLn8L475QXuBRpfts"",""response_cache_status"":""UNKNOWN"",""observed_provider"":""Groq"",""observed_endpoint"":null,""observed_quantization"":null}],""response_cache_status"":""UNKNOWN"",""raw_action_valid"":true,""action_received"":""QUERY"",""value"":""ABCDEGJ"",""action_applied"":""QUERY"",""feedback"":{""exact"":0,""misplaced"":4},""credits_remaining"":6},{""step"":6,""credits_before"":6,""http_attempts"":[{""attempt_number"":1,""started_at"":""2026-08-16T10:08:20.611Z"",""finished_at"":""2026-08-16T10:08:44.491Z"",""duration_ms"":23880,""status_code"":200,""error_category"":null,""error_message"":null,""usage"":{""input_tokens"":613,""output_tokens"":9,""reasoning_tokens"":null,""cached_tokens"":null,""cache_write_tokens"":null,""total_tokens"":622},""cost_usd"":7.049e-05,""generation_id"":""gen-1786874923-s9TFvRcnuhFCj04ekfsF"",""response_cache_status"":""UNKNOWN"",""observed_provider"":""Groq"",""observed_endpoint"":null,""observed_quantization"":null}],""response_cache_status"":""UNKNOWN"",""raw_action_valid"":true,""action_received"":""QUERY"",""value"":""ABCDEHJ"",""action_applied"":""QUERY"",""feedback"":{""exact"":0,""misplaced"":5},""credits_remaining"":5},{""step"":7,""credits_before"":5,""http_attempts"":[{""attempt_number"":1,""started_at"":""2026-08-16T10:10:08.649Z"",""finished_at"":""2026-08-16T10:10:32.728Z"",""duration_ms"":24079,""status_code"":200,""error_category"":null,""error_message"":null,""usage"":{""input_tokens"":656,""output_tokens"":9,""reasoning_tokens"":null,""cached_tokens"":null,""cache_write_tokens"":null,""total_tokens"":665},""cost_usd"":7.522e-05,""generation_id"":""gen-1786875031-QfYv4jpz4NnMDlVFeXbH"",""response_cache_status"":""UNKNOWN"",""observed_provider"":""Groq"",""observed_endpoint"":null,""observed_quantization"":null}],""response_cache_status"":""UNKNOWN"",""raw_action_valid"":true,""action_received"":""QUERY"",""value"":""ABCDEHA"",""action_applied"":""QUERY"",""feedback"":{""exact"":1,""misplaced"":4},""credits_remaining"":4},{""step"":8,""credits_before"":4,""http_attempts"":[{""attempt_number"":1,""started_at"":""2026-08-16T10:11:50.915Z"",""finished_at"":""2026-08-16T10:12:14.892Z"",""duration_ms"":23976,""status_code"":200,""error_category"":null,""error_message"":null,""usage"":{""input_tokens"":699,""output_tokens"":10,""reasoning_tokens"":null,""cached_tokens"":null,""cache_write_tokens"":null,""total_tokens"":709},""cost_usd"":8.029e-05,""generation_id"":""gen-1786875133-9KLNjz1siSBEqwUviz76"",""response_cache_status"":""UNKNOWN"",""observed_provider"":""Groq"",""observed_endpoint"":null,""observed_quantization"":null}],""response_cache_status"":""UNKNOWN"",""raw_action_valid"":true,""action_received"":""SUBMIT"",""value"":""ABCDEHA"",""action_applied"":""SUBMIT"",""coerced_at_zero_credits"":false,""credits_remaining"":4}]"
92b2f09a-3dbf-4dc1-8ac1-77355a18737a,92b2f09a-3dbf-4dc1-8ac1-77355a18737a,1,,4,scout,llama-4-scout,meta-llama/llama-4-scout,groq,Groq,groq,,,,A,continuation,2026-08-16T09:56:55.888Z,2026-08-16T10:13:48.092Z,1012205,7263c69a53507dad5a28591077ff111e,2435a8cca18916b6,IBJGHDJ,7,10,10,7,3,AEGICBD,0,0.0,false,partial,9,9,0,1,5303,257,,,,5560,0.0006707099999999999,true,true,false,a193e42687075f855a907c617cb6eb43c5979e687d22273bbab4c0919af923ac,"{""max_tokens"":4096,""temperature"":null,""top_p"":null,""top_k"":null,""min_p"":null,""seed"":null,""reasoning"":null,""thinking"":null}","{""endpoint_slug"":""groq"",""quantizations"":null,""allow_fallbacks"":false,""require_parameters"":true}",completed,true,[],,,response must be exactly QUERY <symbols> or SUBMIT <symbols>,"[{""step"":1,""credits_before"":10,""http_attempts"":[{""attempt_number"":1,""started_at"":""2026-08-16T09:56:55.888Z"",""finished_at"":""2026-08-16T09:57:20.059Z"",""duration_ms"":24171,""status_code"":200,""error_category"":null,""error_message"":null,""usage"":{""input_tokens"":259,""output_tokens"":184,""reasoning_tokens"":null,""cached_tokens"":null,""cache_write_tokens"":null,""total_tokens"":443},""cost_usd"":9.105e-05,""generation_id"":""gen-1786874238-XePBBgA5olNKmQtAXLQs"",""response_cache_status"":""UNKNOWN"",""observed_provider"":""Groq"",""observed_endpoint"":null,""observed_quantization"":null}],""response_cache_status"":""UNKNOWN"",""raw_action_valid"":false,""action"":null,""parse_error"":""response must be exactly QUERY <symbols> or SUBMIT <symbols>"",""consecutive_invalid_responses"":1},{""step"":2,""credits_before"":10,""http_attempts"":[{""attempt_number"":1,""started_at"":""2026-08-16T10:00:47.113Z"",""finished_at"":""2026-08-16T10:01:11.063Z"",""duration_ms"":23950,""status_code"":200,""error_category"":null,""error_message"":null,""usage"":{""input_tokens"":480,""output_tokens"":9,""reasoning_tokens"":null,""cached_tokens"":null,""cache_write_tokens"":null,""total_tokens"":489},""cost_usd"":5.586e-05,""generation_id"":""gen-1786874469-Qjcq62XVPYieqswDzHlT"",""response_cache_status"":""UNKNOWN"",""observed_provider"":""Groq"",""observed_endpoint"":null,""observed_quantization"":null}],""response_cache_status"":""UNKNOWN"",""raw_action_valid"":true,""action_received"":""QUERY"",""value"":""ABCDEFG"",""action_applied"":""QUERY"",""feedback"":{""exact"":1,""misplaced"":2},""credits_remaining"":9},{""step"":3,""credits_before"":9,""http_attempts"":[{""attempt_number"":1,""started_at"":""2026-08-16T10:02:38.106Z"",""finished_at"":""2026-08-16T10:03:02.281Z"",""duration_ms"":24175,""status_code"":200,""error_category"":null,""error_message"":null,""usage"":{""input_tokens"":523,""output_tokens"":9,""reasoning_tokens"":null,""cached_tokens"":null,""cache_write_tokens"":null,""total_tokens"":532},""cost_usd"":6.059e-05,""generation_id"":""gen-1786874581-mWT375a9CTi8Q3KMj9km"",""response_cache_status"":""UNKNOWN"",""observed_provider"":""Groq"",""observed_endpoint"":null,""observed_quantization"":null}],""response_cache_status"":""UNKNOWN"",""raw_action_valid"":true,""action_received"":""QUERY"",""value"":""ABCDEGH"",""action_applied"":""QUERY"",""feedback"":{""exact"":1,""misplaced"":3},""credits_remaining"":8},{""step"":4,""credits_before"":8,""http_attempts"":[{""attempt_number"":1,""started_at"":""2026-08-16T10:04:41.143Z"",""finished_at"":""2026-08-16T10:05:05.536Z"",""duration_ms"":24393,""status_code"":200,""error_category"":null,""error_message"":null,""usage"":{""input_tokens"":566,""output_tokens"":9,""reasoning_tokens"":null,""cached_tokens"":null,""cache_write_tokens"":null,""total_tokens"":575},""cost_usd"":6.532e-05,""generation_id"":""gen-1786874704-YDxbA18oBCzZWAdBjuqh"",""response_cache_status"":""UNKNOWN"",""observed_provider"":""Groq"",""observed_endpoint"":null,""observed_quantization"":null}],""response_cache_status"":""UNKNOWN"",""raw_action_valid"":true,""action_received"":""QUERY"",""value"":""ACEGIBD"",""action_applied"":""QUERY"",""feedback"":{""exact"":1,""misplaced"":3},""credits_remaining"":7},{""step"":5,""credits_before"":7,""http_attempts"":[{""attempt_number"":1,""started_at"":""2026-08-16T10:06:32.273Z"",""finished_at"":""2026-08-16T10:06:56.257Z"",""duration_ms"":23984,""status_code"":200,""error_category"":null,""error_message"":null,""usage"":{""input_tokens"":609,""output_tokens"":9,""reasoning_tokens"":null,""cached_tokens"":null,""cache_write_tokens"":null,""total_tokens"":618},""cost_usd"":7.005e-05,""generation_id"":""gen-1786874815-TtlERSvGuYg0bZjsih5U"",""response_cache_status"":""UNKNOWN"",""observed_provider"":""Groq"",""observed_endpoint"":null,""observed_quantization"":null}],""response_cache_status"":""UNKNOWN"",""raw_action_valid"":true,""action_received"":""QUERY"",""value"":""AECGIBD"",""action_applied"":""QUERY"",""feedback"":{""exact"":1,""misplaced"":3},""credits_remaining"":6},{""step"":6,""credits_before"":6,""http_attempts"":[{""attempt_number"":1,""started_at"":""2026-08-16T10:08:23.449Z"",""finished_at"":""2026-08-16T10:08:47.620Z"",""duration_ms"":24171,""status_code"":200,""error_category"":null,""error_message"":null,""usage"":{""input_tokens"":652,""output_tokens"":9,""reasoning_tokens"":null,""cached_tokens"":null,""cache_write_tokens"":null,""total_tokens"":661},""cost_usd"":7.478e-05,""generation_id"":""gen-1786874926-kgqVb8lixEullakEyRGz"",""response_cache_status"":""UNKNOWN"",""observed_provider"":""Groq"",""observed_endpoint"":null,""observed_quantization"":null}],""response_cache_status"":""UNKNOWN"",""raw_action_valid"":true,""action_received"":""QUERY"",""value"":""AEGCIBD"",""action_applied"":""QUERY"",""feedback"":{""exact"":0,""misplaced"":4},""credits_remaining"":5},{""step"":7,""credits_before"":5,""http_attempts"":[{""attempt_number"":1,""started_at"":""2026-08-16T10:10:11.656Z"",""finished_at"":""2026-08-16T10:10:35.718Z"",""duration_ms"":24062,""status_code"":200,""error_category"":null,""error_message"":null,""usage"":{""input_tokens"":695,""output_tokens"":9,""reasoning_tokens"":null,""cached_tokens"":null,""cache_write_tokens"":null,""total_tokens"":704},""cost_usd"":7.951e-05,""generation_id"":""gen-1786875034-pslxOn0fnnT9ZpaC3H5f"",""response_cache_status"":""UNKNOWN"",""observed_provider"":""Groq"",""observed_endpoint"":null,""observed_quantization"":null}],""response_cache_status"":""UNKNOWN"",""raw_action_valid"":true,""action_received"":""QUERY"",""value"":""AGECIBD"",""action_applied"":""QUERY"",""feedback"":{""exact"":0,""misplaced"":4},""credits_remaining"":4},{""step"":8,""credits_before"":4,""http_attempts"":[{""attempt_number"":1,""started_at"":""2026-08-16T10:11:53.894Z"",""finished_at"":""2026-08-16T10:12:17.905Z"",""duration_ms"":24011,""status_code"":200,""error_category"":null,""error_message"":null,""usage"":{""input_tokens"":738,""output_tokens"":9,""reasoning_tokens"":null,""cached_tokens"":null,""cache_write_tokens"":null,""total_tokens"":747},""cost_usd"":8.424e-05,""generation_id"":""gen-1786875136-5ckpB1rkdHQ9AOVUCuWX"",""response_cache_status"":""UNKNOWN"",""observed_provider"":""Groq"",""observed_endpoint"":null,""observed_quantization"":null}],""response_cache_status"":""UNKNOWN"",""raw_action_valid"":true,""action_received"":""QUERY"",""value"":""AIGECBD"",""action_applied"":""QUERY"",""feedback"":{""exact"":0,""misplaced"":4},""credits_remaining"":3},{""step"":9,""credits_before"":3,""http_attempts"":[{""attempt_number"":1,""started_at"":""2026-08-16T10:13:24.021Z"",""finished_at"":""2026-08-16T10:13:48.092Z"",""duration_ms"":24071,""status_code"":200,""error_category"":null,""error_message"":null,""usage"":{""input_tokens"":781,""output_tokens"":10,""reasoning_tokens"":null,""cached_tokens"":null,""cache_write_tokens"":null,""total_tokens"":791},""cost_usd"":8.931e-05,""generation_id"":""gen-1786875227-s8GKI6MdO6SxzoVcb5Zw"",""response_cache_status"":""UNKNOWN"",""observed_provider"":""Groq"",""observed_endpoint"":null,""observed_quantization"":null}],""response_cache_status"":""UNKNOWN"",""raw_action_valid"":true,""action_received"":""SUBMIT"",""value"":""AEGICBD"",""action_applied"":""SUBMIT"",""coerced_at_zero_credits"":false,""credits_remaining"":3}]"
b049a342-e938-4ea1-aaff-559d65148bfd,b049a342-e938-4ea1-aaff-559d65148bfd,1,,7,scout,llama-4-scout,meta-llama/llama-4-scout,groq,Groq,groq,,,,A,continuation,2026-08-16T09:57:08.857Z,2026-08-16T10:13:54.132Z,1005276,7263c69a53507dad5a28591077ff111e,171cc20e9c6b1c8e,AAFFCCF,7,10,10,7,3,ADFGJCE,3,0.42857142857142855,false,partial,9,9,0,1,5111,233,,,,5344,0.0006414299999999999,true,true,false,a193e42687075f855a907c617cb6eb43c5979e687d22273bbab4c0919af923ac,"{""max_tokens"":4096,""temperature"":null,""top_p"":null,""top_k"":null,""min_p"":null,""seed"":null,""reasoning"":null,""thinking"":null}","{""endpoint_slug"":""groq"",""quantizations"":null,""allow_fallbacks"":false,""require_parameters"":true}",completed,true,[],,,response must be exactly QUERY <symbols> or SUBMIT <symbols>,"[{""step"":1,""credits_before"":10,""http_attempts"":[{""attempt_number"":1,""started_at"":""2026-08-16T09:57:08.857Z"",""finished_at"":""2026-08-16T09:57:32.032Z"",""duration_ms"":23175,""status_code"":200,""error_category"":null,""error_message"":null,""usage"":{""input_tokens"":259,""output_tokens"":160,""reasoning_tokens"":null,""cached_tokens"":null,""cache_write_tokens"":null,""total_tokens"":419},""cost_usd"":8.289e-05,""generation_id"":""gen-1786874250-ObJdc0zpw8BRXk4XzzDA"",""response_cache_status"":""UNKNOWN"",""observed_provider"":""Groq"",""observed_endpoint"":null,""observed_quantization"":null}],""response_cache_status"":""UNKNOWN"",""raw_action_valid"":false,""action"":null,""parse_error"":""response must be exactly QUERY <symbols> or SUBMIT <symbols>"",""consecutive_invalid_responses"":1},{""step"":2,""credits_before"":10,""http_attempts"":[{""attempt_number"":1,""started_at"":""2026-08-16T10:00:53.980Z"",""finished_at"":""2026-08-16T10:01:17.032Z"",""duration_ms"":23052,""status_code"":200,""error_category"":null,""error_message"":null,""usage"":{""input_tokens"":456,""output_tokens"":9,""reasoning_tokens"":null,""cached_tokens"":null,""cache_write_tokens"":null,""total_tokens"":465},""cost_usd"":5.322e-05,""generation_id"":""gen-1786874475-XOwdbkFKFhXrubajuIjB"",""response_cache_status"":""UNKNOWN"",""observed_provider"":""Groq"",""observed_endpoint"":null,""observed_quantization"":null}],""response_cache_status"":""UNKNOWN"",""raw_action_valid"":true,""action_received"":""QUERY"",""value"":""ABCDEFG"",""action_applied"":""QUERY"",""feedback"":{""exact"":1,""misplaced"":2},""credits_remaining"":9},{""step"":3,""credits_before"":9,""http_attempts"":[{""attempt_number"":1,""started_at"":""2026-08-16T10:02:47.311Z"",""finished_at"":""2026-08-16T10:03:11.195Z"",""duration_ms"":23884,""status_code"":200,""error_category"":null,""error_message"":null,""usage"":{""input_tokens"":499,""output_tokens"":9,""reasoning_tokens"":null,""cached_tokens"":null,""cache_write_tokens"":null,""total_tokens"":508},""cost_usd"":5.795e-05,""generation_id"":""gen-1786874590-BIEJEqSUjx4VCQDXe4VF"",""response_cache_status"":""UNKNOWN"",""observed_provider"":""Groq"",""observed_endpoint"":null,""observed_quantization"":null}],""response_cache_status"":""UNKNOWN"",""raw_action_valid"":true,""action_received"":""QUERY"",""value"":""ABCDEFH"",""action_applied"":""QUERY"",""feedback"":{""exact"":1,""misplaced"":2},""credits_remaining"":8},{""step"":4,""credits_before"":8,""http_attempts"":[{""attempt_number"":1,""started_at"":""2026-08-16T10:04:47.230Z"",""finished_at"":""2026-08-16T10:05:11.153Z"",""duration_ms"":23923,""status_code"":200,""error_category"":null,""error_message"":null,""usage"":{""input_tokens"":542,""output_tokens"":9,""reasoning_tokens"":null,""cached_tokens"":null,""cache_write_tokens"":null,""total_tokens"":551},""cost_usd"":6.268e-05,""generation_id"":""gen-1786874710-nAXeBtcmrIUTTOdvNnr6"",""response_cache_status"":""UNKNOWN"",""observed_provider"":""Groq"",""observed_endpoint"":null,""observed_quantization"":null}],""response_cache_status"":""UNKNOWN"",""raw_action_valid"":true,""action_received"":""QUERY"",""value"":""ABCDEGH"",""action_applied"":""QUERY"",""feedback"":{""exact"":1,""misplaced"":1},""credits_remaining"":7},{""step"":5,""credits_before"":7,""http_attempts"":[{""attempt_number"":1,""started_at"":""2026-08-16T10:06:38.334Z"",""finished_at"":""2026-08-16T10:07:02.258Z"",""duration_ms"":23924,""status_code"":200,""error_category"":null,""error_message"":null,""usage"":{""input_tokens"":585,""output_tokens"":9,""reasoning_tokens"":null,""cached_tokens"":null,""cache_write_tokens"":null,""total_tokens"":594},""cost_usd"":6.741e-05,""generation_id"":""gen-1786874821-j4GaOQObczxAr6jBPwNZ"",""response_cache_status"":""UNKNOWN"",""observed_provider"":""Groq"",""observed_endpoint"":null,""observed_quantization"":null}],""response_cache_status"":""UNKNOWN"",""raw_action_valid"":true,""action_received"":""QUERY"",""value"":""ABCDFGH"",""action_applied"":""QUERY"",""feedback"":{""exact"":1,""misplaced"":2},""credits_remaining"":6},{""step"":6,""credits_before"":6,""http_attempts"":[{""attempt_number"":1,""started_at"":""2026-08-16T10:08:29.465Z"",""finished_at"":""2026-08-16T10:08:53.512Z"",""duration_ms"":24048,""status_code"":200,""error_category"":null,""error_message"":null,""usage"":{""input_tokens"":628,""output_tokens"":9,""reasoning_tokens"":null,""cached_tokens"":null,""cache_write_tokens"":null,""total_tokens"":637},""cost_usd"":7.214e-05,""generation_id"":""gen-1786874932-sNZr0D330PZnznqhndzS"",""response_cache_status"":""UNKNOWN"",""observed_provider"":""Groq"",""observed_endpoint"":null,""observed_quantization"":null}],""response_cache_status"":""UNKNOWN"",""raw_action_valid"":true,""action_received"":""QUERY"",""value"":""ACDFGHJ"",""action_applied"":""QUERY"",""feedback"":{""exact"":2,""misplaced"":1},""credits_remaining"":5},{""step"":7,""credits_before"":5,""http_attempts"":[{""attempt_number"":1,""started_at"":""2026-08-16T10:10:17.716Z"",""finished_at"":""2026-08-16T10:10:41.717Z"",""duration_ms"":24001,""status_code"":200,""error_category"":null,""error_message"":null,""usage"":{""input_tokens"":671,""output_tokens"":9,""reasoning_tokens"":null,""cached_tokens"":null,""cache_write_tokens"":null,""total_tokens"":680},""cost_usd"":7.687e-05,""generation_id"":""gen-1786875040-R6EgytMH5yxC5cLg7ZpM"",""response_cache_status"":""UNKNOWN"",""observed_provider"":""Groq"",""observed_endpoint"":null,""observed_quantization"":null}],""response_cache_status"":""UNKNOWN"",""raw_action_valid"":true,""action_received"":""QUERY"",""value"":""ADFGHJC"",""action_applied"":""QUERY"",""feedback"":{""exact"":2,""misplaced"":1},""credits_remaining"":4},{""step"":8,""credits_before"":4,""http_attempts"":[{""attempt_number"":1,""started_at"":""2026-08-16T10:11:59.910Z"",""finished_at"":""2026-08-16T10:12:24.017Z"",""duration_ms"":24107,""status_code"":200,""error_category"":null,""error_message"":null,""usage"":{""input_tokens"":714,""output_tokens"":9,""reasoning_tokens"":null,""cached_tokens"":null,""cache_write_tokens"":null,""total_tokens"":723},""cost_usd"":8.16e-05,""generation_id"":""gen-1786875142-u6aexncgfacSjkjk4HYG"",""response_cache_status"":""UNKNOWN"",""observed_provider"":""Groq"",""observed_endpoint"":null,""observed_quantization"":null}],""response_cache_status"":""UNKNOWN"",""raw_action_valid"":true,""action_received"":""QUERY"",""value"":""ADFGJCE"",""action_applied"":""QUERY"",""feedback"":{""exact"":3,""misplaced"":0},""credits_remaining"":3},{""step"":9,""credits_before"":3,""http_attempts"":[{""attempt_number"":1,""started_at"":""2026-08-16T10:13:30.052Z"",""finished_at"":""2026-08-16T10:13:54.132Z"",""duration_ms"":24080,""status_code"":200,""error_category"":null,""error_message"":null,""usage"":{""input_tokens"":757,""output_tokens"":10,""reasoning_tokens"":null,""cached_tokens"":null,""cache_write_tokens"":null,""total_tokens"":767},""cost_usd"":8.667e-05,""generation_id"":""gen-1786875233-oQuQOAytniJnbksghHwh"",""response_cache_status"":""UNKNOWN"",""observed_provider"":""Groq"",""observed_endpoint"":null,""observed_quantization"":null}],""response_cache_status"":""UNKNOWN"",""raw_action_valid"":true,""action_received"":""SUBMIT"",""value"":""ADFGJCE"",""action_applied"":""SUBMIT"",""coerced_at_zero_credits"":false,""credits_remaining"":3}]"
d2715f33-25ed-417f-abf4-5ae073f835ee,d2715f33-25ed-417f-abf4-5ae073f835ee,1,,8,scout,llama-4-scout,meta-llama/llama-4-scout,groq,Groq,groq,,,,B,same_model_instance,2026-08-16T09:57:28.785Z,2026-08-16T10:14:00.144Z,991359,7263c69a53507dad5a28591077ff111e,e3412844fcd725ca,HGABAEA,7,10,10,7,3,AGEACDF,1,0.14285714285714285,false,partial,9,9,0,1,6461,395,,,,6856,0.0008450100000000001,true,true,false,beac9c73922a2ffe8812688677869d60b795a42f7917e7d966869980810162d3,"{""max_tokens"":4096,""temperature"":null,""top_p"":null,""top_k"":null,""min_p"":null,""seed"":null,""reasoning"":null,""thinking"":null}","{""endpoint_slug"":""groq"",""quantizations"":null,""allow_fallbacks"":false,""require_parameters"":true}",completed,true,[],,,response must be exactly QUERY <symbols> or SUBMIT <symbols>,"[{""step"":1,""credits_before"":10,""http_attempts"":[{""attempt_number"":1,""started_at"":""2026-08-16T09:57:28.785Z"",""finished_at"":""2026-08-16T09:57:53.421Z"",""duration_ms"":24635,""status_code"":200,""error_category"":null,""error_message"":null,""usage"":{""input_tokens"":265,""output_tokens"":322,""reasoning_tokens"":null,""cached_tokens"":null,""cache_write_tokens"":null,""total_tokens"":587},""cost_usd"":0.00013863,""generation_id"":""gen-1786874271-aCWtwtvCX5ZzCG1Q1imQ"",""response_cache_status"":""UNKNOWN"",""observed_provider"":""Groq"",""observed_endpoint"":null,""observed_quantization"":null}],""response_cache_status"":""UNKNOWN"",""raw_action_valid"":false,""action"":null,""parse_error"":""response must be exactly QUERY <symbols> or SUBMIT <symbols>"",""consecutive_invalid_responses"":1},{""step"":2,""credits_before"":10,""http_attempts"":[{""attempt_number"":1,""started_at"":""2026-08-16T10:00:58.920Z"",""finished_at"":""2026-08-16T10:01:22.943Z"",""duration_ms"":24023,""status_code"":200,""error_category"":null,""error_message"":null,""usage"":{""input_tokens"":624,""output_tokens"":9,""reasoning_tokens"":null,""cached_tokens"":null,""cache_write_tokens"":null,""total_tokens"":633},""cost_usd"":7.17e-05,""generation_id"":""gen-1786874481-AtvhF1o3hworF1LyD2F9"",""response_cache_status"":""UNKNOWN"",""observed_provider"":""Groq"",""observed_endpoint"":null,""observed_quantization"":null}],""response_cache_status"":""UNKNOWN"",""raw_action_valid"":true,""action_received"":""QUERY"",""value"":""ABCDEFG"",""action_applied"":""QUERY"",""feedback"":{""exact"":0,""misplaced"":4},""credits_remaining"":9},{""step"":3,""credits_before"":9,""http_attempts"":[{""attempt_number"":1,""started_at"":""2026-08-16T10:02:53.094Z"",""finished_at"":""2026-08-16T10:03:17.099Z"",""duration_ms"":24005,""status_code"":200,""error_category"":null,""error_message"":null,""usage"":{""input_tokens"":667,""output_tokens"":9,""reasoning_tokens"":null,""cached_tokens"":null,""cache_write_tokens"":null,""total_tokens"":676},""cost_usd"":7.643e-05,""generation_id"":""gen-1786874596-xEMXr1abHABW4O9UqiEl"",""response_cache_status"":""UNKNOWN"",""observed_provider"":""Groq"",""observed_endpoint"":null,""observed_quantization"":null}],""response_cache_status"":""UNKNOWN"",""raw_action_valid"":true,""action_received"":""QUERY"",""value"":""ACEGBDF"",""action_applied"":""QUERY"",""feedback"":{""exact"":0,""misplaced"":4},""credits_remaining"":8},{""step"":4,""credits_before"":8,""http_attempts"":[{""attempt_number"":1,""started_at"":""2026-08-16T10:04:53.149Z"",""finished_at"":""2026-08-16T10:05:17.167Z"",""duration_ms"":24018,""status_code"":200,""error_category"":null,""error_message"":null,""usage"":{""input_tokens"":710,""output_tokens"":9,""reasoning_tokens"":null,""cached_tokens"":null,""cache_write_tokens"":null,""total_tokens"":719},""cost_usd"":8.116e-05,""generation_id"":""gen-1786874716-RLolXrnZPUwzOucytJ5A"",""response_cache_status"":""UNKNOWN"",""observed_provider"":""Groq"",""observed_endpoint"":null,""observed_quantization"":null}],""response_cache_status"":""UNKNOWN"",""raw_action_valid"":true,""action_received"":""QUERY"",""value"":""ABCDEGF"",""action_applied"":""QUERY"",""feedback"":{""exact"":0,""misplaced"":4},""credits_remaining"":7},{""step"":5,""credits_before"":7,""http_attempts"":[{""attempt_number"":1,""started_at"":""2026-08-16T10:06:44.294Z"",""finished_at"":""2026-08-16T10:07:08.464Z"",""duration_ms"":24169,""status_code"":200,""error_category"":null,""error_message"":null,""usage"":{""input_tokens"":753,""output_tokens"":9,""reasoning_tokens"":null,""cached_tokens"":null,""cache_write_tokens"":null,""total_tokens"":762},""cost_usd"":8.589e-05,""generation_id"":""gen-1786874827-GbDsOsoJoCifRkR0ByPK"",""response_cache_status"":""UNKNOWN"",""observed_provider"":""Groq"",""observed_endpoint"":null,""observed_quantization"":null}],""response_cache_status"":""UNKNOWN"",""raw_action_valid"":true,""action_received"":""QUERY"",""value"":""AECGBFD"",""action_applied"":""QUERY"",""feedback"":{""exact"":0,""misplaced"":4},""credits_remaining"":6},{""step"":6,""credits_before"":6,""http_attempts"":[{""attempt_number"":1,""started_at"":""2026-08-16T10:08:35.454Z"",""finished_at"":""2026-08-16T10:08:59.589Z"",""duration_ms"":24136,""status_code"":200,""error_category"":null,""error_message"":null,""usage"":{""input_tokens"":796,""output_tokens"":9,""reasoning_tokens"":null,""cached_tokens"":null,""cache_write_tokens"":null,""total_tokens"":805},""cost_usd"":9.062e-05,""generation_id"":""gen-1786874938-43cUIecWtkGnyApA3ZQF"",""response_cache_status"":""UNKNOWN"",""observed_provider"":""Groq"",""observed_endpoint"":null,""observed_quantization"":null}],""response_cache_status"":""UNKNOWN"",""raw_action_valid"":true,""action_received"":""QUERY"",""value"":""AGECBDF"",""action_applied"":""QUERY"",""feedback"":{""exact"":1,""misplaced"":3},""credits_remaining"":5},{""step"":7,""credits_before"":5,""http_attempts"":[{""attempt_number"":1,""started_at"":""2026-08-16T10:10:23.840Z"",""finished_at"":""2026-08-16T10:10:47.747Z"",""duration_ms"":23908,""status_code"":200,""error_category"":null,""error_message"":null,""usage"":{""input_tokens"":839,""output_tokens"":9,""reasoning_tokens"":null,""cached_tokens"":null,""cache_write_tokens"":null,""total_tokens"":848},""cost_usd"":9.535e-05,""generation_id"":""gen-1786875046-nhADTl16p3JBqQGLKumd"",""response_cache_status"":""UNKNOWN"",""observed_provider"":""Groq"",""observed_endpoint"":null,""observed_quantization"":null}],""response_cache_status"":""UNKNOWN"",""raw_action_valid"":true,""action_received"":""QUERY"",""value"":""AGECADF"",""action_applied"":""QUERY"",""feedback"":{""exact"":2,""misplaced"":2},""credits_remaining"":4},{""step"":8,""credits_before"":4,""http_attempts"":[{""attempt_number"":1,""started_at"":""2026-08-16T10:12:05.880Z"",""finished_at"":""2026-08-16T10:12:29.935Z"",""duration_ms"":24055,""status_code"":200,""error_category"":null,""error_message"":null,""usage"":{""input_tokens"":882,""output_tokens"":9,""reasoning_tokens"":null,""cached_tokens"":null,""cache_write_tokens"":null,""total_tokens"":891},""cost_usd"":0.00010008,""generation_id"":""gen-1786875148-G45FTO5qkv9djyMt2M0K"",""response_cache_status"":""UNKNOWN"",""observed_provider"":""Groq"",""observed_endpoint"":null,""observed_quantization"":null}],""response_cache_status"":""UNKNOWN"",""raw_action_valid"":true,""action_received"":""QUERY"",""value"":""AGEACDF"",""action_applied"":""QUERY"",""feedback"":{""exact"":1,""misplaced"":3},""credits_remaining"":3},{""step"":9,""credits_before"":3,""http_attempts"":[{""attempt_number"":1,""started_at"":""2026-08-16T10:13:36.107Z"",""finished_at"":""2026-08-16T10:14:00.144Z"",""duration_ms"":24036,""status_code"":200,""error_category"":null,""error_message"":null,""usage"":{""input_tokens"":925,""output_tokens"":10,""reasoning_tokens"":null,""cached_tokens"":null,""cache_write_tokens"":null,""total_tokens"":935},""cost_usd"":0.00010515,""generation_id"":""gen-1786875239-ltlCRBbOcBxezNnsMXys"",""response_cache_status"":""UNKNOWN"",""observed_provider"":""Groq"",""observed_endpoint"":null,""observed_quantization"":null}],""response_cache_status"":""UNKNOWN"",""raw_action_valid"":true,""action_received"":""SUBMIT"",""value"":""AGEACDF"",""action_applied"":""SUBMIT"",""coerced_at_zero_credits"":false,""credits_remaining"":3}]"
1aee623a-148e-4f0c-9c46-21d29494ad6b,1aee623a-148e-4f0c-9c46-21d29494ad6b,1,,12,scout,llama-4-scout,meta-llama/llama-4-scout,groq,Groq,groq,,,,B,same_model_instance,2026-08-16T09:57:43.758Z,2026-08-16T10:14:06.200Z,982442,7263c69a53507dad5a28591077ff111e,992d293ba9a53096,AEABFDA,7,10,10,7,3,ABABCAD,3,0.42857142857142855,false,partial,9,9,0,1,7373,509,,,,7882,0.0009840900000000002,true,true,false,beac9c73922a2ffe8812688677869d60b795a42f7917e7d966869980810162d3,"{""max_tokens"":4096,""temperature"":null,""top_p"":null,""top_k"":null,""min_p"":null,""seed"":null,""reasoning"":null,""thinking"":null}","{""endpoint_slug"":""groq"",""quantizations"":null,""allow_fallbacks"":false,""require_parameters"":true}",completed,true,[],,,response must be exactly QUERY <symbols> or SUBMIT <symbols>,"[{""step"":1,""credits_before"":10,""http_attempts"":[{""attempt_number"":1,""started_at"":""2026-08-16T09:57:43.758Z"",""finished_at"":""2026-08-16T09:58:08.720Z"",""duration_ms"":24962,""status_code"":200,""error_category"":null,""error_message"":null,""usage"":{""input_tokens"":265,""output_tokens"":436,""reasoning_tokens"":null,""cached_tokens"":null,""cache_write_tokens"":null,""total_tokens"":701},""cost_usd"":0.00017739,""generation_id"":""gen-1786874286-4i4tTZDAl7I7KSV1txiM"",""response_cache_status"":""UNKNOWN"",""observed_provider"":""Groq"",""observed_endpoint"":null,""observed_quantization"":null}],""response_cache_status"":""UNKNOWN"",""raw_action_valid"":false,""action"":null,""parse_error"":""response must be exactly QUERY <symbols> or SUBMIT <symbols>"",""consecutive_invalid_responses"":1},{""step"":2,""credits_before"":10,""http_attempts"":[{""attempt_number"":1,""started_at"":""2026-08-16T10:01:04.991Z"",""finished_at"":""2026-08-16T10:01:29.290Z"",""duration_ms"":24299,""status_code"":200,""error_category"":null,""error_message"":null,""usage"":{""input_tokens"":738,""output_tokens"":9,""reasoning_tokens"":null,""cached_tokens"":null,""cache_write_tokens"":null,""total_tokens"":747},""cost_usd"":8.424e-05,""generation_id"":""gen-1786874487-vl3MlzNQZzd4GfyWrKEm"",""response_cache_status"":""UNKNOWN"",""observed_provider"":""Groq"",""observed_endpoint"":null,""observed_quantization"":null}],""response_cache_status"":""UNKNOWN"",""raw_action_valid"":true,""action_received"":""QUERY"",""value"":""ABCDEFG"",""action_applied"":""QUERY"",""feedback"":{""exact"":1,""misplaced"":4},""credits_remaining"":9},{""step"":3,""credits_before"":9,""http_attempts"":[{""attempt_number"":1,""started_at"":""2026-08-16T10:02:59.719Z"",""finished_at"":""2026-08-16T10:03:23.704Z"",""duration_ms"":23985,""status_code"":200,""error_category"":null,""error_message"":null,""usage"":{""input_tokens"":781,""output_tokens"":9,""reasoning_tokens"":null,""cached_tokens"":null,""cache_write_tokens"":null,""total_tokens"":790},""cost_usd"":8.897e-05,""generation_id"":""gen-1786874602-dK50cL0nt25kLCwcVK5d"",""response_cache_status"":""UNKNOWN"",""observed_provider"":""Groq"",""observed_endpoint"":null,""observed_quantization"":null}],""response_cache_status"":""UNKNOWN"",""raw_action_valid"":true,""action_received"":""QUERY"",""value"":""AABBCCD"",""action_applied"":""QUERY"",""feedback"":{""exact"":2,""misplaced"":2},""credits_remaining"":8},{""step"":4,""credits_before"":8,""http_attempts"":[{""attempt_number"":1,""started_at"":""2026-08-16T10:04:59.180Z"",""finished_at"":""2026-08-16T10:05:23.174Z"",""duration_ms"":23994,""status_code"":200,""error_category"":null,""error_message"":null,""usage"":{""input_tokens"":824,""output_tokens"":9,""reasoning_tokens"":null,""cached_tokens"":null,""cache_write_tokens"":null,""total_tokens"":833},""cost_usd"":9.37e-05,""generation_id"":""gen-1786874722-1XSeytk3EkFBlRiCpbCt"",""response_cache_status"":""UNKNOWN"",""observed_provider"":""Groq"",""observed_endpoint"":null,""observed_quantization"":null}],""response_cache_status"":""UNKNOWN"",""raw_action_valid"":true,""action_received"":""QUERY"",""value"":""AACCBBD"",""action_applied"":""QUERY"",""feedback"":{""exact"":1,""misplaced"":3},""credits_remaining"":7},{""step"":5,""credits_before"":7,""http_attempts"":[{""attempt_number"":1,""started_at"":""2026-08-16T10:06:50.644Z"",""finished_at"":""2026-08-16T10:07:14.305Z"",""duration_ms"":23661,""status_code"":200,""error_category"":null,""error_message"":null,""usage"":{""input_tokens"":867,""output_tokens"":9,""reasoning_tokens"":null,""cached_tokens"":null,""cache_write_tokens"":null,""total_tokens"":876},""cost_usd"":9.843e-05,""generation_id"":""gen-1786874833-GE4uQf7D4nFWabFjUvYv"",""response_cache_status"":""UNKNOWN"",""observed_provider"":""Groq"",""observed_endpoint"":null,""observed_quantization"":null}],""response_cache_status"":""UNKNOWN"",""raw_action_valid"":true,""action_received"":""QUERY"",""value"":""ABACBCD"",""action_applied"":""QUERY"",""feedback"":{""exact"":2,""misplaced"":2},""credits_remaining"":6},{""step"":6,""credits_before"":6,""http_attempts"":[{""attempt_number"":1,""started_at"":""2026-08-16T10:08:41.525Z"",""finished_at"":""2026-08-16T10:09:05.546Z"",""duration_ms"":24021,""status_code"":200,""error_category"":null,""error_message"":null,""usage"":{""input_tokens"":910,""output_tokens"":9,""reasoning_tokens"":null,""cached_tokens"":null,""cache_write_tokens"":null,""total_tokens"":919},""cost_usd"":0.00010316,""generation_id"":""gen-1786874944-MLIzuMD4t2cMAWsY2qzz"",""response_cache_status"":""UNKNOWN"",""observed_provider"":""Groq"",""observed_endpoint"":null,""observed_quantization"":null}],""response_cache_status"":""UNKNOWN"",""raw_action_valid"":true,""action_received"":""QUERY"",""value"":""ABCABCD"",""action_applied"":""QUERY"",""feedback"":{""exact"":1,""misplaced"":3},""credits_remaining"":5},{""step"":7,""credits_before"":5,""http_attempts"":[{""attempt_number"":1,""started_at"":""2026-08-16T10:10:29.920Z"",""finished_at"":""2026-08-16T10:10:53.746Z"",""duration_ms"":23827,""status_code"":200,""error_category"":null,""error_message"":null,""usage"":{""input_tokens"":953,""output_tokens"":9,""reasoning_tokens"":null,""cached_tokens"":null,""cache_write_tokens"":null,""total_tokens"":962},""cost_usd"":0.00010789,""generation_id"":""gen-1786875052-JzNf5oI36fAEveZ3GO1F"",""response_cache_status"":""UNKNOWN"",""observed_provider"":""Groq"",""observed_endpoint"":null,""observed_quantization"":null}],""response_cache_status"":""UNKNOWN"",""raw_action_valid"":true,""action_received"":""QUERY"",""value"":""ABABACD"",""action_applied"":""QUERY"",""feedback"":{""exact"":3,""misplaced"":2},""credits_remaining"":4},{""step"":8,""credits_before"":4,""http_attempts"":[{""attempt_number"":1,""started_at"":""2026-08-16T10:12:11.957Z"",""finished_at"":""2026-08-16T10:12:35.928Z"",""duration_ms"":23971,""status_code"":200,""error_category"":null,""error_message"":null,""usage"":{""input_tokens"":996,""output_tokens"":9,""reasoning_tokens"":null,""cached_tokens"":null,""cache_write_tokens"":null,""total_tokens"":1005},""cost_usd"":0.00011262,""generation_id"":""gen-1786875154-LlmjLBOBqvOJFXMbX8jM"",""response_cache_status"":""UNKNOWN"",""observed_provider"":""Groq"",""observed_endpoint"":null,""observed_quantization"":null}],""response_cache_status"":""UNKNOWN"",""raw_action_valid"":true,""action_received"":""QUERY"",""value"":""ABABCAD"",""action_applied"":""QUERY"",""feedback"":{""exact"":3,""misplaced"":2},""credits_remaining"":3},{""step"":9,""credits_before"":3,""http_attempts"":[{""attempt_number"":1,""started_at"":""2026-08-16T10:13:42.083Z"",""finished_at"":""2026-08-16T10:14:06.200Z"",""duration_ms"":24117,""status_code"":200,""error_category"":null,""error_message"":null,""usage"":{""input_tokens"":1039,""output_tokens"":10,""reasoning_tokens"":null,""cached_tokens"":null,""cache_write_tokens"":null,""total_tokens"":1049},""cost_usd"":0.00011769,""generation_id"":""gen-1786875245-r3kCx0qbfcuqS9UpF63H"",""response_cache_status"":""UNKNOWN"",""observed_provider"":""Groq"",""observed_endpoint"":null,""observed_quantization"":null}],""response_cache_status"":""UNKNOWN"",""raw_action_valid"":true,""action_received"":""SUBMIT"",""value"":""ABABCAD"",""action_applied"":""SUBMIT"",""coerced_at_zero_credits"":false,""credits_remaining"":3}]"
dc8bbb39-6061-40d1-a242-7d23363263ec,dc8bbb39-6061-40d1-a242-7d23363263ec,1,,6,scout,llama-4-scout,meta-llama/llama-4-scout,groq,Groq,groq,,,,B,same_model_instance,2026-08-16T09:58:19.780Z,2026-08-16T10:14:21.189Z,961409,7263c69a53507dad5a28591077ff111e,11bcee039438d620,DGFDDHH,7,10,10,7,3,AJGFEDC,0,0.0,false,partial,9,9,0,1,6454,379,,,,6833,0.0008388,true,true,false,beac9c73922a2ffe8812688677869d60b795a42f7917e7d966869980810162d3,"{""max_tokens"":4096,""temperature"":null,""top_p"":null,""top_k"":null,""min_p"":null,""seed"":null,""reasoning"":null,""thinking"":null}","{""endpoint_slug"":""groq"",""quantizations"":null,""allow_fallbacks"":false,""require_parameters"":true}",completed,true,[],,,response must be exactly QUERY <symbols> or SUBMIT <symbols>,"[{""step"":1,""credits_before"":10,""http_attempts"":[{""attempt_number"":1,""started_at"":""2026-08-16T09:58:19.780Z"",""finished_at"":""2026-08-16T09:58:44.597Z"",""duration_ms"":24816,""status_code"":200,""error_category"":null,""error_message"":null,""usage"":{""input_tokens"":265,""output_tokens"":335,""reasoning_tokens"":null,""cached_tokens"":null,""cache_write_tokens"":null,""total_tokens"":600},""cost_usd"":0.00014305,""generation_id"":""gen-1786874322-bqlzjyJuRZUYXJWhKj4G"",""response_cache_status"":""UNKNOWN"",""observed_provider"":""Groq"",""observed_endpoint"":null,""observed_quantization"":null}],""response_cache_status"":""UNKNOWN"",""raw_action_valid"":false,""action"":null,""parse_error"":""response must be exactly QUERY <symbols> or SUBMIT <symbols>"",""consecutive_invalid_responses"":1},{""step"":2,""credits_before"":10,""http_attempts"":[{""attempt_number"":1,""started_at"":""2026-08-16T10:01:22.944Z"",""finished_at"":""2026-08-16T10:01:46.956Z"",""duration_ms"":24012,""status_code"":200,""error_category"":null,""error_message"":null,""usage"":{""input_tokens"":637,""output_tokens"":5,""reasoning_tokens"":null,""cached_tokens"":null,""cache_write_tokens"":null,""total_tokens"":642},""cost_usd"":7.177e-05,""generation_id"":""gen-1786874506-cINGz5jS8Op86AKtfPp1"",""response_cache_status"":""UNKNOWN"",""observed_provider"":""Groq"",""observed_endpoint"":null,""observed_quantization"":null}],""response_cache_status"":""UNKNOWN"",""raw_action_valid"":true,""action_received"":""QUERY"",""value"":""AAAAAAA"",""action_applied"":""QUERY"",""feedback"":{""exact"":0,""misplaced"":0},""credits_remaining"":9},{""step"":3,""credits_before"":9,""http_attempts"":[{""attempt_number"":1,""started_at"":""2026-08-16T10:03:20.337Z"",""finished_at"":""2026-08-16T10:03:44.084Z"",""duration_ms"":23747,""status_code"":200,""error_category"":null,""error_message"":null,""usage"":{""input_tokens"":676,""output_tokens"":4,""reasoning_tokens"":null,""cached_tokens"":null,""cache_write_tokens"":null,""total_tokens"":680},""cost_usd"":7.572e-05,""generation_id"":""gen-1786874623-tIzVYeX0vECZ49r656LH"",""response_cache_status"":""UNKNOWN"",""observed_provider"":""Groq"",""observed_endpoint"":null,""observed_quantization"":null}],""response_cache_status"":""UNKNOWN"",""raw_action_valid"":true,""action_received"":""QUERY"",""value"":""ABCDEFG"",""action_applied"":""QUERY"",""feedback"":{""exact"":1,""misplaced"":2},""credits_remaining"":8},{""step"":4,""credits_before"":8,""http_attempts"":[{""attempt_number"":1,""started_at"":""2026-08-16T10:05:14.356Z"",""finished_at"":""2026-08-16T10:05:38.352Z"",""duration_ms"":23997,""status_code"":200,""error_category"":null,""error_message"":null,""usage"":{""input_tokens"":714,""output_tokens"":5,""reasoning_tokens"":null,""cached_tokens"":null,""cache_write_tokens"":null,""total_tokens"":719},""cost_usd"":8.024e-05,""generation_id"":""gen-1786874737-pGctxLgNKl3FFMqKsKXG"",""response_cache_status"":""UNKNOWN"",""observed_provider"":""Groq"",""observed_endpoint"":null,""observed_quantization"":null}],""response_cache_status"":""UNKNOWN"",""raw_action_valid"":true,""action_received"":""QUERY"",""value"":""AABBCCD"",""action_applied"":""QUERY"",""feedback"":{""exact"":0,""misplaced"":1},""credits_remaining"":7},{""step"":5,""credits_before"":7,""http_attempts"":[{""attempt_number"":1,""started_at"":""2026-08-16T10:07:05.270Z"",""finished_at"":""2026-08-16T10:07:29.323Z"",""duration_ms"":24053,""status_code"":200,""error_category"":null,""error_message"":null,""usage"":{""input_tokens"":753,""output_tokens"":6,""reasoning_tokens"":null,""cached_tokens"":null,""cache_write_tokens"":null,""total_tokens"":759},""cost_usd"":8.487e-05,""generation_id"":""gen-1786874848-KBTjs7SJESyd5V8ILK2d"",""response_cache_status"":""UNKNOWN"",""observed_provider"":""Groq"",""observed_endpoint"":null,""observed_quantization"":null}],""response_cache_status"":""UNKNOWN"",""raw_action_valid"":true,""action_received"":""QUERY"",""value"":""EFGHIJA"",""action_applied"":""QUERY"",""feedback"":{""exact"":0,""misplaced"":3},""credits_remaining"":6},{""step"":6,""credits_before"":6,""http_attempts"":[{""attempt_number"":1,""started_at"":""2026-08-16T10:08:56.630Z"",""finished_at"":""2026-08-16T10:09:20.573Z"",""duration_ms"":23942,""status_code"":200,""error_category"":null,""error_message"":null,""usage"":{""input_tokens"":793,""output_tokens"":5,""reasoning_tokens"":null,""cached_tokens"":null,""cache_write_tokens"":null,""total_tokens"":798},""cost_usd"":8.893e-05,""generation_id"":""gen-1786874959-bJfWDQUHhd2x0pXhWPzp"",""response_cache_status"":""UNKNOWN"",""observed_provider"":""Groq"",""observed_endpoint"":null,""observed_quantization"":null}],""response_cache_status"":""UNKNOWN"",""raw_action_valid"":true,""action_received"":""QUERY"",""value"":""GFEDCBA"",""action_applied"":""QUERY"",""feedback"":{""exact"":1,""misplaced"":2},""credits_remaining"":5},{""step"":7,""credits_before"":5,""http_attempts"":[{""attempt_number"":1,""started_at"":""2026-08-16T10:10:44.727Z"",""finished_at"":""2026-08-16T10:11:08.786Z"",""duration_ms"":24059,""status_code"":200,""error_category"":null,""error_message"":null,""usage"":{""input_tokens"":832,""output_tokens"":6,""reasoning_tokens"":null,""cached_tokens"":null,""cache_write_tokens"":null,""total_tokens"":838},""cost_usd"":9.356e-05,""generation_id"":""gen-1786875067-PEyPf3qMk35T1FzDftvH"",""response_cache_status"":""UNKNOWN"",""observed_provider"":""Groq"",""observed_endpoint"":null,""observed_quantization"":null}],""response_cache_status"":""UNKNOWN"",""raw_action_valid"":true,""action_received"":""QUERY"",""value"":""JHGFEDC"",""action_applied"":""QUERY"",""feedback"":{""exact"":0,""misplaced"":4},""credits_remaining"":4},{""step"":8,""credits_before"":4,""http_attempts"":[{""attempt_number"":1,""started_at"":""2026-08-16T10:12:26.908Z"",""finished_at"":""2026-08-16T10:12:51.006Z"",""duration_ms"":24098,""status_code"":200,""error_category"":null,""error_message"":null,""usage"":{""input_tokens"":872,""output_tokens"":6,""reasoning_tokens"":null,""cached_tokens"":null,""cache_write_tokens"":null,""total_tokens"":878},""cost_usd"":9.796e-05,""generation_id"":""gen-1786875169-fCH9AaZsf5ChXH48yr1v"",""response_cache_status"":""UNKNOWN"",""observed_provider"":""Groq"",""observed_endpoint"":null,""observed_quantization"":null}],""response_cache_status"":""UNKNOWN"",""raw_action_valid"":true,""action_received"":""QUERY"",""value"":""AJGFEDC"",""action_applied"":""QUERY"",""feedback"":{""exact"":0,""misplaced"":3},""credits_remaining"":3},{""step"":9,""credits_before"":3,""http_attempts"":[{""attempt_number"":1,""started_at"":""2026-08-16T10:13:57.119Z"",""finished_at"":""2026-08-16T10:14:21.189Z"",""duration_ms"":24070,""status_code"":200,""error_category"":null,""error_message"":null,""usage"":{""input_tokens"":912,""output_tokens"":7,""reasoning_tokens"":null,""cached_tokens"":null,""cache_write_tokens"":null,""total_tokens"":919},""cost_usd"":0.0001027,""generation_id"":""gen-1786875260-6QjeQ4k0mMyZlFuuOqM8"",""response_cache_status"":""UNKNOWN"",""observed_provider"":""Groq"",""observed_endpoint"":null,""observed_quantization"":null}],""response_cache_status"":""UNKNOWN"",""raw_action_valid"":true,""action_received"":""SUBMIT"",""value"":""AJGFEDC"",""action_applied"":""SUBMIT"",""coerced_at_zero_credits"":false,""credits_remaining"":3}]"
2516d654-af69-43cb-895a-22e705459877,2516d654-af69-43cb-895a-22e705459877,1,,17,scout,llama-4-scout,meta-llama/llama-4-scout,groq,Groq,groq,,,,D,none,2026-08-16T09:59:13.824Z,2026-08-16T10:14:42.275Z,928451,7263c69a53507dad5a28591077ff111e,e395578b8d6da2cf,GFEFBAF,7,10,10,7,3,ABCDEGH,0,0.0,false,partial,9,9,0,1,5136,262,,,,5398,0.00065404,true,true,false,35eb269349366de62767de54014a2ee9e18f1c8ac55a4d1100739e287293bf0b,"{""max_tokens"":4096,""temperature"":null,""top_p"":null,""top_k"":null,""min_p"":null,""seed"":null,""reasoning"":null,""thinking"":null}","{""endpoint_slug"":""groq"",""quantizations"":null,""allow_fallbacks"":false,""require_parameters"":true}",completed,true,[],,,response must be exactly QUERY <symbols> or SUBMIT <symbols>,"[{""step"":1,""credits_before"":10,""http_attempts"":[{""attempt_number"":1,""started_at"":""2026-08-16T09:59:13.824Z"",""finished_at"":""2026-08-16T09:59:38.391Z"",""duration_ms"":24567,""status_code"":200,""error_category"":null,""error_message"":null,""usage"":{""input_tokens"":236,""output_tokens"":189,""reasoning_tokens"":null,""cached_tokens"":null,""cache_write_tokens"":null,""total_tokens"":425},""cost_usd"":9.022e-05,""generation_id"":""gen-1786874376-DXcro1Mu8vgSfxDLZess"",""response_cache_status"":""UNKNOWN"",""observed_provider"":""Groq"",""observed_endpoint"":null,""observed_quantization"":null}],""response_cache_status"":""UNKNOWN"",""raw_action_valid"":false,""action"":null,""parse_error"":""response must be exactly QUERY <symbols> or SUBMIT <symbols>"",""consecutive_invalid_responses"":1},{""step"":2,""credits_before"":10,""http_attempts"":[{""attempt_number"":1,""started_at"":""2026-08-16T10:01:44.000Z"",""finished_at"":""2026-08-16T10:02:08.164Z"",""duration_ms"":24164,""status_code"":200,""error_category"":null,""error_message"":null,""usage"":{""input_tokens"":462,""output_tokens"":9,""reasoning_tokens"":null,""cached_tokens"":null,""cache_write_tokens"":null,""total_tokens"":471},""cost_usd"":5.388e-05,""generation_id"":""gen-1786874527-vjM4mnbCig5cmbCBSVAt"",""response_cache_status"":""UNKNOWN"",""observed_provider"":""Groq"",""observed_endpoint"":null,""observed_quantization"":null}],""response_cache_status"":""UNKNOWN"",""raw_action_valid"":true,""action_received"":""QUERY"",""value"":""ABCDEFG"",""action_applied"":""QUERY"",""feedback"":{""exact"":0,""misplaced"":5},""credits_remaining"":9},{""step"":3,""credits_before"":9,""http_attempts"":[{""attempt_number"":1,""started_at"":""2026-08-16T10:03:47.396Z"",""finished_at"":""2026-08-16T10:04:11.524Z"",""duration_ms"":24128,""status_code"":200,""error_category"":null,""error_message"":null,""usage"":{""input_tokens"":505,""output_tokens"":9,""reasoning_tokens"":null,""cached_tokens"":null,""cache_write_tokens"":null,""total_tokens"":514},""cost_usd"":5.861e-05,""generation_id"":""gen-1786874650-OquysWUIjQXVrFO5Il3R"",""response_cache_status"":""UNKNOWN"",""observed_provider"":""Groq"",""observed_endpoint"":null,""observed_quantization"":null}],""response_cache_status"":""UNKNOWN"",""raw_action_valid"":true,""action_received"":""QUERY"",""value"":""ABCDEGF"",""action_applied"":""QUERY"",""feedback"":{""exact"":1,""misplaced"":4},""credits_remaining"":8},{""step"":4,""credits_before"":8,""http_attempts"":[{""attempt_number"":1,""started_at"":""2026-08-16T10:05:38.353Z"",""finished_at"":""2026-08-16T10:06:02.234Z"",""duration_ms"":23881,""status_code"":200,""error_category"":null,""error_message"":null,""usage"":{""input_tokens"":548,""output_tokens"":9,""reasoning_tokens"":null,""cached_tokens"":null,""cache_write_tokens"":null,""total_tokens"":557},""cost_usd"":6.334e-05,""generation_id"":""gen-1786874761-iM8p5noTHLwatzRY9Otr"",""response_cache_status"":""UNKNOWN"",""observed_provider"":""Groq"",""observed_endpoint"":null,""observed_quantization"":null}],""response_cache_status"":""UNKNOWN"",""raw_action_valid"":true,""action_received"":""QUERY"",""value"":""ABCDEGH"",""action_applied"":""QUERY"",""feedback"":{""exact"":0,""misplaced"":4},""credits_remaining"":7},{""step"":5,""credits_before"":7,""http_attempts"":[{""attempt_number"":1,""started_at"":""2026-08-16T10:07:29.324Z"",""finished_at"":""2026-08-16T10:07:53.343Z"",""duration_ms"":24019,""status_code"":200,""error_category"":null,""error_message"":null,""usage"":{""input_tokens"":591,""output_tokens"":9,""reasoning_tokens"":null,""cached_tokens"":null,""cache_write_tokens"":null,""total_tokens"":600},""cost_usd"":6.807e-05,""generation_id"":""gen-1786874872-PcB6QZBlImgHyYE0ksfo"",""response_cache_status"":""UNKNOWN"",""observed_provider"":""Groq"",""observed_endpoint"":null,""observed_quantization"":null}],""response_cache_status"":""UNKNOWN"",""raw_action_valid"":true,""action_received"":""QUERY"",""value"":""ABCDEHG"",""action_applied"":""QUERY"",""feedback"":{""exact"":0,""misplaced"":4},""credits_remaining"":6},{""step"":6,""credits_before"":6,""http_attempts"":[{""attempt_number"":1,""started_at"":""2026-08-16T10:09:17.600Z"",""finished_at"":""2026-08-16T10:09:41.600Z"",""duration_ms"":24000,""status_code"":200,""error_category"":null,""error_message"":null,""usage"":{""input_tokens"":634,""output_tokens"":9,""reasoning_tokens"":null,""cached_tokens"":null,""cache_write_tokens"":null,""total_tokens"":643},""cost_usd"":7.28e-05,""generation_id"":""gen-1786874980-76qhUbRnEDFTQDYr5w2j"",""response_cache_status"":""UNKNOWN"",""observed_provider"":""Groq"",""observed_endpoint"":null,""observed_quantization"":null}],""response_cache_status"":""UNKNOWN"",""raw_action_valid"":true,""action_received"":""QUERY"",""value"":""ABCDHEG"",""action_applied"":""QUERY"",""feedback"":{""exact"":0,""misplaced"":4},""credits_remaining"":5},{""step"":7,""credits_before"":5,""http_attempts"":[{""attempt_number"":1,""started_at"":""2026-08-16T10:11:05.776Z"",""finished_at"":""2026-08-16T10:11:29.798Z"",""duration_ms"":24023,""status_code"":200,""error_category"":null,""error_message"":null,""usage"":{""input_tokens"":677,""output_tokens"":9,""reasoning_tokens"":null,""cached_tokens"":null,""cache_write_tokens"":null,""total_tokens"":686},""cost_usd"":7.753e-05,""generation_id"":""gen-1786875088-Xa8Kw7EElTVlCTzeTeC8"",""response_cache_status"":""UNKNOWN"",""observed_provider"":""Groq"",""observed_endpoint"":null,""observed_quantization"":null}],""response_cache_status"":""UNKNOWN"",""raw_action_valid"":true,""action_received"":""QUERY"",""value"":""ABDCHEG"",""action_applied"":""QUERY"",""feedback"":{""exact"":0,""misplaced"":4},""credits_remaining"":4},{""step"":8,""credits_before"":4,""http_attempts"":[{""attempt_number"":1,""started_at"":""2026-08-16T10:12:47.931Z"",""finished_at"":""2026-08-16T10:13:11.989Z"",""duration_ms"":24058,""status_code"":200,""error_category"":null,""error_message"":null,""usage"":{""input_tokens"":720,""output_tokens"":9,""reasoning_tokens"":null,""cached_tokens"":null,""cache_write_tokens"":null,""total_tokens"":729},""cost_usd"":8.226e-05,""generation_id"":""gen-1786875191-dC6tJbPIQrY2KLko7JOV"",""response_cache_status"":""UNKNOWN"",""observed_provider"":""Groq"",""observed_endpoint"":null,""observed_quantization"":null}],""response_cache_status"":""UNKNOWN"",""raw_action_valid"":true,""action_received"":""QUERY"",""value"":""ACDBHEG"",""action_applied"":""QUERY"",""feedback"":{""exact"":0,""misplaced"":4},""credits_remaining"":3},{""step"":9,""credits_before"":3,""http_attempts"":[{""attempt_number"":1,""started_at"":""2026-08-16T10:14:18.203Z"",""finished_at"":""2026-08-16T10:14:42.274Z"",""duration_ms"":24071,""status_code"":200,""error_category"":null,""error_message"":null,""usage"":{""input_tokens"":763,""output_tokens"":10,""reasoning_tokens"":null,""cached_tokens"":null,""cache_write_tokens"":null,""total_tokens"":773},""cost_usd"":8.733e-05,""generation_id"":""gen-1786875281-qsgz9MKVOSpkGVWilJZG"",""response_cache_status"":""UNKNOWN"",""observed_provider"":""Groq"",""observed_endpoint"":null,""observed_quantization"":null}],""response_cache_status"":""UNKNOWN"",""raw_action_valid"":true,""action_received"":""SUBMIT"",""value"":""ABCDEGH"",""action_applied"":""SUBMIT"",""coerced_at_zero_credits"":false,""credits_remaining"":3}]"
377b2f20-3bc8-4422-837d-80cff9ee23e8,377b2f20-3bc8-4422-837d-80cff9ee23e8,1,,11,scout,llama-4-scout,meta-llama/llama-4-scout,groq,Groq,groq,,,,D,none,2026-08-16T09:59:28.882Z,2026-08-16T10:14:51.299Z,922417,7263c69a53507dad5a28591077ff111e,ea24ff42a2dce26e,EAJHABB,7,10,10,7,3,EABCGFD,2,0.2857142857142857,false,partial,9,9,0,1,5576,317,,,,5893,0.00072114,true,true,false,35eb269349366de62767de54014a2ee9e18f1c8ac55a4d1100739e287293bf0b,"{""max_tokens"":4096,""temperature"":null,""top_p"":null,""top_k"":null,""min_p"":null,""seed"":null,""reasoning"":null,""thinking"":null}","{""endpoint_slug"":""groq"",""quantizations"":null,""allow_fallbacks"":false,""require_parameters"":true}",completed,true,[],,,response must be exactly QUERY <symbols> or SUBMIT <symbols>,"[{""step"":1,""credits_before"":10,""http_attempts"":[{""attempt_number"":1,""started_at"":""2026-08-16T09:59:28.882Z"",""finished_at"":""2026-08-16T09:59:53.383Z"",""duration_ms"":24500,""status_code"":200,""error_category"":null,""error_message"":null,""usage"":{""input_tokens"":236,""output_tokens"":244,""reasoning_tokens"":null,""cached_tokens"":null,""cache_write_tokens"":null,""total_tokens"":480},""cost_usd"":0.00010892,""generation_id"":""gen-1786874391-uWJ1dQYR1TtQB4S51S0V"",""response_cache_status"":""UNKNOWN"",""observed_provider"":""Groq"",""observed_endpoint"":null,""observed_quantization"":null}],""response_cache_status"":""UNKNOWN"",""raw_action_valid"":false,""action"":null,""parse_error"":""response must be exactly QUERY <symbols> or SUBMIT <symbols>"",""consecutive_invalid_responses"":1},{""step"":2,""credits_before"":10,""http_attempts"":[{""attempt_number"":1,""started_at"":""2026-08-16T10:01:49.977Z"",""finished_at"":""2026-08-16T10:02:14.032Z"",""duration_ms"":24055,""status_code"":200,""error_category"":null,""error_message"":null,""usage"":{""input_tokens"":517,""output_tokens"":9,""reasoning_tokens"":null,""cached_tokens"":null,""cache_write_tokens"":null,""total_tokens"":526},""cost_usd"":5.993e-05,""generation_id"":""gen-1786874533-K8NqMiB9ZEpVeO0xVgYc"",""response_cache_status"":""UNKNOWN"",""observed_provider"":""Groq"",""observed_endpoint"":null,""observed_quantization"":null}],""response_cache_status"":""UNKNOWN"",""raw_action_valid"":true,""action_received"":""QUERY"",""value"":""ABCDEFG"",""action_applied"":""QUERY"",""feedback"":{""exact"":0,""misplaced"":3},""credits_remaining"":9},{""step"":3,""credits_before"":9,""http_attempts"":[{""attempt_number"":1,""started_at"":""2026-08-16T10:03:56.085Z"",""finished_at"":""2026-08-16T10:04:20.154Z"",""duration_ms"":24069,""status_code"":200,""error_category"":null,""error_message"":null,""usage"":{""input_tokens"":560,""output_tokens"":9,""reasoning_tokens"":null,""cached_tokens"":null,""cache_write_tokens"":null,""total_tokens"":569},""cost_usd"":6.466e-05,""generation_id"":""gen-1786874659-qWYsVDze7EHOHXFwV8Ld"",""response_cache_status"":""UNKNOWN"",""observed_provider"":""Groq"",""observed_endpoint"":null,""observed_quantization"":null}],""response_cache_status"":""UNKNOWN"",""raw_action_valid"":true,""action_received"":""QUERY"",""value"":""ABCDEGF"",""action_applied"":""QUERY"",""feedback"":{""exact"":0,""misplaced"":3},""credits_remaining"":8},{""step"":4,""credits_before"":8,""http_attempts"":[{""attempt_number"":1,""started_at"":""2026-08-16T10:05:47.270Z"",""finished_at"":""2026-08-16T10:06:11.216Z"",""duration_ms"":23946,""status_code"":200,""error_category"":null,""error_message"":null,""usage"":{""input_tokens"":603,""output_tokens"":9,""reasoning_tokens"":null,""cached_tokens"":null,""cache_write_tokens"":null,""total_tokens"":612},""cost_usd"":6.939e-05,""generation_id"":""gen-1786874770-VABTClba71lgvoNX2n2C"",""response_cache_status"":""UNKNOWN"",""observed_provider"":""Groq"",""observed_endpoint"":null,""observed_quantization"":null}],""response_cache_status"":""UNKNOWN"",""raw_action_valid"":true,""action_received"":""QUERY"",""value"":""ABCEFGD"",""action_applied"":""QUERY"",""feedback"":{""exact"":0,""misplaced"":3},""credits_remaining"":7},{""step"":5,""credits_before"":7,""http_attempts"":[{""attempt_number"":1,""started_at"":""2026-08-16T10:07:38.334Z"",""finished_at"":""2026-08-16T10:08:02.387Z"",""duration_ms"":24053,""status_code"":200,""error_category"":null,""error_message"":null,""usage"":{""input_tokens"":646,""output_tokens"":9,""reasoning_tokens"":null,""cached_tokens"":null,""cache_write_tokens"":null,""total_tokens"":655},""cost_usd"":7.412e-05,""generation_id"":""gen-1786874881-6TCbCcLEvB8Qc2P33oZP"",""response_cache_status"":""UNKNOWN"",""observed_provider"":""Groq"",""observed_endpoint"":null,""observed_quantization"":null}],""response_cache_status"":""UNKNOWN"",""raw_action_valid"":true,""action_received"":""QUERY"",""value"":""ABCEGFD"",""action_applied"":""QUERY"",""feedback"":{""exact"":0,""misplaced"":3},""credits_remaining"":6},{""step"":6,""credits_before"":6,""http_attempts"":[{""attempt_number"":1,""started_at"":""2026-08-16T10:09:26.573Z"",""finished_at"":""2026-08-16T10:09:50.619Z"",""duration_ms"":24045,""status_code"":200,""error_category"":null,""error_message"":null,""usage"":{""input_tokens"":689,""output_tokens"":9,""reasoning_tokens"":null,""cached_tokens"":null,""cache_write_tokens"":null,""total_tokens"":698},""cost_usd"":7.885e-05,""generation_id"":""gen-1786874989-SlMMIHD5jyPHNj4CGgB8"",""response_cache_status"":""UNKNOWN"",""observed_provider"":""Groq"",""observed_endpoint"":null,""observed_quantization"":null}],""response_cache_status"":""UNKNOWN"",""raw_action_valid"":true,""action_received"":""QUERY"",""value"":""ABECGFD"",""action_applied"":""QUERY"",""feedback"":{""exact"":0,""misplaced"":3},""credits_remaining"":5},{""step"":7,""credits_before"":5,""http_attempts"":[{""attempt_number"":1,""started_at"":""2026-08-16T10:11:14.771Z"",""finished_at"":""2026-08-16T10:11:38.817Z"",""duration_ms"":24046,""status_code"":200,""error_category"":null,""error_message"":null,""usage"":{""input_tokens"":732,""output_tokens"":9,""reasoning_tokens"":null,""cached_tokens"":null,""cache_write_tokens"":null,""total_tokens"":741},""cost_usd"":8.358e-05,""generation_id"":""gen-1786875097-atAwwMiJMOpVje0TwJar"",""response_cache_status"":""UNKNOWN"",""observed_provider"":""Groq"",""observed_endpoint"":null,""observed_quantization"":null}],""response_cache_status"":""UNKNOWN"",""raw_action_valid"":true,""action_received"":""QUERY"",""value"":""AEBCGFD"",""action_applied"":""QUERY"",""feedback"":{""exact"":0,""misplaced"":3},""credits_remaining"":4},{""step"":8,""credits_before"":4,""http_attempts"":[{""attempt_number"":1,""started_at"":""2026-08-16T10:12:56.960Z"",""finished_at"":""2026-08-16T10:13:21.017Z"",""duration_ms"":24056,""status_code"":200,""error_category"":null,""error_message"":null,""usage"":{""input_tokens"":775,""output_tokens"":9,""reasoning_tokens"":null,""cached_tokens"":null,""cache_write_tokens"":null,""total_tokens"":784},""cost_usd"":8.831e-05,""generation_id"":""gen-1786875200-CTT46EGuyU4f0bLzWtrz"",""response_cache_status"":""UNKNOWN"",""observed_provider"":""Groq"",""observed_endpoint"":null,""observed_quantization"":null}],""response_cache_status"":""UNKNOWN"",""raw_action_valid"":true,""action_received"":""QUERY"",""value"":""EABCGFD"",""action_applied"":""QUERY"",""feedback"":{""exact"":2,""misplaced"":1},""credits_remaining"":3},{""step"":9,""credits_before"":3,""http_attempts"":[{""attempt_number"":1,""started_at"":""2026-08-16T10:14:27.256Z"",""finished_at"":""2026-08-16T10:14:51.298Z"",""duration_ms"":24043,""status_code"":200,""error_category"":null,""error_message"":null,""usage"":{""input_tokens"":818,""output_tokens"":10,""reasoning_tokens"":null,""cached_tokens"":null,""cache_write_tokens"":null,""total_tokens"":828},""cost_usd"":9.338e-05,""generation_id"":""gen-1786875290-KjrEZCgf1nMaz0AiHlJk"",""response_cache_status"":""UNKNOWN"",""observed_provider"":""Groq"",""observed_endpoint"":null,""observed_quantization"":null}],""response_cache_status"":""UNKNOWN"",""raw_action_valid"":true,""action_received"":""SUBMIT"",""value"":""EABCGFD"",""action_applied"":""SUBMIT"",""coerced_at_zero_credits"":false,""credits_remaining"":3}]"
1eb13a4b-b089-49ad-b9b2-5ce8461a1e18,1eb13a4b-b089-49ad-b9b2-5ce8461a1e18,1,,8,scout,llama-4-scout,meta-llama/llama-4-scout,groq,Groq,groq,,,,D,none,2026-08-16T09:59:43.904Z,2026-08-16T10:15:00.331Z,916427,7263c69a53507dad5a28591077ff111e,deba3c4aa14393e9,HGABAEA,7,10,10,7,3,AGCEDBF,1,0.14285714285714285,false,partial,9,9,0,1,5056,252,,,,5308,0.00064184,true,true,false,35eb269349366de62767de54014a2ee9e18f1c8ac55a4d1100739e287293bf0b,"{""max_tokens"":4096,""temperature"":null,""top_p"":null,""top_k"":null,""min_p"":null,""seed"":null,""reasoning"":null,""thinking"":null}","{""endpoint_slug"":""groq"",""quantizations"":null,""allow_fallbacks"":false,""require_parameters"":true}",completed,true,[],,,response must be exactly QUERY <symbols> or SUBMIT <symbols>,"[{""step"":1,""credits_before"":10,""http_attempts"":[{""attempt_number"":1,""started_at"":""2026-08-16T09:59:43.904Z"",""finished_at"":""2026-08-16T10:00:08.244Z"",""duration_ms"":24340,""status_code"":200,""error_category"":null,""error_message"":null,""usage"":{""input_tokens"":236,""output_tokens"":179,""reasoning_tokens"":null,""cached_tokens"":null,""cache_write_tokens"":null,""total_tokens"":415},""cost_usd"":8.682e-05,""generation_id"":""gen-1786874406-DBMQQUVKz080Oj4Cgxkw"",""response_cache_status"":""UNKNOWN"",""observed_provider"":""Groq"",""observed_endpoint"":null,""observed_quantization"":null}],""response_cache_status"":""UNKNOWN"",""raw_action_valid"":false,""action"":null,""parse_error"":""response must be exactly QUERY <symbols> or SUBMIT <symbols>"",""consecutive_invalid_responses"":1},{""step"":2,""credits_before"":10,""http_attempts"":[{""attempt_number"":1,""started_at"":""2026-08-16T10:02:01.991Z"",""finished_at"":""2026-08-16T10:02:26.001Z"",""duration_ms"":24010,""status_code"":200,""error_category"":null,""error_message"":null,""usage"":{""input_tokens"":452,""output_tokens"":9,""reasoning_tokens"":null,""cached_tokens"":null,""cache_write_tokens"":null,""total_tokens"":461},""cost_usd"":5.278e-05,""generation_id"":""gen-1786874545-ZJ4Jvjf4IRHxlC4UqMJi"",""response_cache_status"":""UNKNOWN"",""observed_provider"":""Groq"",""observed_endpoint"":null,""observed_quantization"":null}],""response_cache_status"":""UNKNOWN"",""raw_action_valid"":true,""action_received"":""QUERY"",""value"":""ABCDEFG"",""action_applied"":""QUERY"",""feedback"":{""exact"":0,""misplaced"":4},""credits_remaining"":9},{""step"":3,""credits_before"":9,""http_attempts"":[{""attempt_number"":1,""started_at"":""2026-08-16T10:04:08.126Z"",""finished_at"":""2026-08-16T10:04:32.201Z"",""duration_ms"":24074,""status_code"":200,""error_category"":null,""error_message"":null,""usage"":{""input_tokens"":495,""output_tokens"":9,""reasoning_tokens"":null,""cached_tokens"":null,""cache_write_tokens"":null,""total_tokens"":504},""cost_usd"":5.751e-05,""generation_id"":""gen-1786874671-jAs4zD5k6N8Tfh9lC3qE"",""response_cache_status"":""UNKNOWN"",""observed_provider"":""Groq"",""observed_endpoint"":null,""observed_quantization"":null}],""response_cache_status"":""UNKNOWN"",""raw_action_valid"":true,""action_received"":""QUERY"",""value"":""ABCDEGF"",""action_applied"":""QUERY"",""feedback"":{""exact"":0,""misplaced"":4},""credits_remaining"":8},{""step"":4,""credits_before"":8,""http_attempts"":[{""attempt_number"":1,""started_at"":""2026-08-16T10:05:59.228Z"",""finished_at"":""2026-08-16T10:06:23.219Z"",""duration_ms"":23990,""status_code"":200,""error_category"":null,""error_message"":null,""usage"":{""input_tokens"":538,""output_tokens"":9,""reasoning_tokens"":null,""cached_tokens"":null,""cache_write_tokens"":null,""total_tokens"":547},""cost_usd"":6.224e-05,""generation_id"":""gen-1786874782-cu8eSAOv87ek4JpFJZcv"",""response_cache_status"":""UNKNOWN"",""observed_provider"":""Groq"",""observed_endpoint"":null,""observed_quantization"":null}],""response_cache_status"":""UNKNOWN"",""raw_action_valid"":true,""action_received"":""QUERY"",""value"":""ABCDFGE"",""action_applied"":""QUERY"",""feedback"":{""exact"":0,""misplaced"":4},""credits_remaining"":7},{""step"":5,""credits_before"":7,""http_attempts"":[{""attempt_number"":1,""started_at"":""2026-08-16T10:07:50.353Z"",""finished_at"":""2026-08-16T10:08:14.399Z"",""duration_ms"":24046,""status_code"":200,""error_category"":null,""error_message"":null,""usage"":{""input_tokens"":581,""output_tokens"":9,""reasoning_tokens"":null,""cached_tokens"":null,""cache_write_tokens"":null,""total_tokens"":590},""cost_usd"":6.697e-05,""generation_id"":""gen-1786874893-js53uKHt0I4kaC5ONgCa"",""response_cache_status"":""UNKNOWN"",""observed_provider"":""Groq"",""observed_endpoint"":null,""observed_quantization"":null}],""response_cache_status"":""UNKNOWN"",""raw_action_valid"":true,""action_received"":""QUERY"",""value"":""ABCEDFG"",""action_applied"":""QUERY"",""feedback"":{""exact"":0,""misplaced"":4},""credits_remaining"":6},{""step"":6,""credits_before"":6,""http_attempts"":[{""attempt_number"":1,""started_at"":""2026-08-16T10:09:38.598Z"",""finished_at"":""2026-08-16T10:10:02.638Z"",""duration_ms"":24040,""status_code"":200,""error_category"":null,""error_message"":null,""usage"":{""input_tokens"":624,""output_tokens"":9,""reasoning_tokens"":null,""cached_tokens"":null,""cache_write_tokens"":null,""total_tokens"":633},""cost_usd"":7.17e-05,""generation_id"":""gen-1786875001-YNfVi7wyI6KtFwUJ4P1S"",""response_cache_status"":""UNKNOWN"",""observed_provider"":""Groq"",""observed_endpoint"":null,""observed_quantization"":null}],""response_cache_status"":""UNKNOWN"",""raw_action_valid"":true,""action_received"":""QUERY"",""value"":""ACEGBDF"",""action_applied"":""QUERY"",""feedback"":{""exact"":0,""misplaced"":4},""credits_remaining"":5},{""step"":7,""credits_before"":5,""http_attempts"":[{""attempt_number"":1,""started_at"":""2026-08-16T10:11:23.782Z"",""finished_at"":""2026-08-16T10:11:47.858Z"",""duration_ms"":24076,""status_code"":200,""error_category"":null,""error_message"":null,""usage"":{""input_tokens"":667,""output_tokens"":9,""reasoning_tokens"":null,""cached_tokens"":null,""cache_write_tokens"":null,""total_tokens"":676},""cost_usd"":7.643e-05,""generation_id"":""gen-1786875106-StNHm85OT5IDnwQlYWV7"",""response_cache_status"":""UNKNOWN"",""observed_provider"":""Groq"",""observed_endpoint"":null,""observed_quantization"":null}],""response_cache_status"":""UNKNOWN"",""raw_action_valid"":true,""action_received"":""QUERY"",""value"":""AECGFBD"",""action_applied"":""QUERY"",""feedback"":{""exact"":0,""misplaced"":4},""credits_remaining"":4},{""step"":8,""credits_before"":4,""http_attempts"":[{""attempt_number"":1,""started_at"":""2026-08-16T10:13:05.959Z"",""finished_at"":""2026-08-16T10:13:30.051Z"",""duration_ms"":24092,""status_code"":200,""error_category"":null,""error_message"":null,""usage"":{""input_tokens"":710,""output_tokens"":9,""reasoning_tokens"":null,""cached_tokens"":null,""cache_write_tokens"":null,""total_tokens"":719},""cost_usd"":8.116e-05,""generation_id"":""gen-1786875209-3gvvCZ5bJeK0WYygi2rf"",""response_cache_status"":""UNKNOWN"",""observed_provider"":""Groq"",""observed_endpoint"":null,""observed_quantization"":null}],""response_cache_status"":""UNKNOWN"",""raw_action_valid"":true,""action_received"":""QUERY"",""value"":""AGCEDBF"",""action_applied"":""QUERY"",""feedback"":{""exact"":1,""misplaced"":3},""credits_remaining"":3},{""step"":9,""credits_before"":3,""http_attempts"":[{""attempt_number"":1,""started_at"":""2026-08-16T10:14:36.240Z"",""finished_at"":""2026-08-16T10:15:00.330Z"",""duration_ms"":24090,""status_code"":200,""error_category"":null,""error_message"":null,""usage"":{""input_tokens"":753,""output_tokens"":10,""reasoning_tokens"":null,""cached_tokens"":null,""cache_write_tokens"":null,""total_tokens"":763},""cost_usd"":8.623e-05,""generation_id"":""gen-1786875299-lLwpSDR8q3gLkwADAXpS"",""response_cache_status"":""UNKNOWN"",""observed_provider"":""Groq"",""observed_endpoint"":null,""observed_quantization"":null}],""response_cache_status"":""UNKNOWN"",""raw_action_valid"":true,""action_received"":""SUBMIT"",""value"":""AGCEDBF"",""action_applied"":""SUBMIT"",""coerced_at_zero_credits"":false,""credits_remaining"":3}]"
63d92e48-9df9-41e3-8364-9638486313f0,63d92e48-9df9-41e3-8364-9638486313f0,1,,1,scout,llama-4-scout,meta-llama/llama-4-scout,groq,Groq,groq,,,,B,same_model_instance,2026-08-16T09:59:56.797Z,2026-08-16T10:15:03.336Z,906540,7263c69a53507dad5a28591077ff111e,d3014fa125a503bf,EBICIJB,7,10,10,7,3,AECDBFG,0,0.0,false,partial,9,9,0,1,6541,405,,,,6946,0.00085721,true,true,false,beac9c73922a2ffe8812688677869d60b795a42f7917e7d966869980810162d3,"{""max_tokens"":4096,""temperature"":null,""top_p"":null,""top_k"":null,""min_p"":null,""seed"":null,""reasoning"":null,""thinking"":null}","{""endpoint_slug"":""groq"",""quantizations"":null,""allow_fallbacks"":false,""require_parameters"":true}",completed,true,[],,,response must be exactly QUERY <symbols> or SUBMIT <symbols>,"[{""step"":1,""credits_before"":10,""http_attempts"":[{""attempt_number"":1,""started_at"":""2026-08-16T09:59:56.797Z"",""finished_at"":""2026-08-16T10:00:20.677Z"",""duration_ms"":23881,""status_code"":200,""error_category"":null,""error_message"":null,""usage"":{""input_tokens"":265,""output_tokens"":332,""reasoning_tokens"":null,""cached_tokens"":null,""cache_write_tokens"":null,""total_tokens"":597},""cost_usd"":0.00014203,""generation_id"":""gen-1786874418-6Mb0XUVGZmJythszbiqR"",""response_cache_status"":""UNKNOWN"",""observed_provider"":""Groq"",""observed_endpoint"":null,""observed_quantization"":null}],""response_cache_status"":""UNKNOWN"",""raw_action_valid"":false,""action"":null,""parse_error"":""response must be exactly QUERY <symbols> or SUBMIT <symbols>"",""consecutive_invalid_responses"":1},{""step"":2,""credits_before"":10,""http_attempts"":[{""attempt_number"":1,""started_at"":""2026-08-16T10:02:10.981Z"",""finished_at"":""2026-08-16T10:02:35.023Z"",""duration_ms"":24042,""status_code"":200,""error_category"":null,""error_message"":null,""usage"":{""input_tokens"":634,""output_tokens"":9,""reasoning_tokens"":null,""cached_tokens"":null,""cache_write_tokens"":null,""total_tokens"":643},""cost_usd"":7.28e-05,""generation_id"":""gen-1786874554-tWwNQw1c75uN7zd41psy"",""response_cache_status"":""UNKNOWN"",""observed_provider"":""Groq"",""observed_endpoint"":null,""observed_quantization"":null}],""response_cache_status"":""UNKNOWN"",""raw_action_valid"":true,""action_received"":""QUERY"",""value"":""ABCDEFG"",""action_applied"":""QUERY"",""feedback"":{""exact"":1,""misplaced"":2},""credits_remaining"":9},{""step"":3,""credits_before"":9,""http_attempts"":[{""attempt_number"":1,""started_at"":""2026-08-16T10:04:17.237Z"",""finished_at"":""2026-08-16T10:04:41.142Z"",""duration_ms"":23905,""status_code"":200,""error_category"":null,""error_message"":null,""usage"":{""input_tokens"":677,""output_tokens"":9,""reasoning_tokens"":null,""cached_tokens"":null,""cache_write_tokens"":null,""total_tokens"":686},""cost_usd"":7.753e-05,""generation_id"":""gen-1786874680-cGjwZmxZtyD6EN2AnBhH"",""response_cache_status"":""UNKNOWN"",""observed_provider"":""Groq"",""observed_endpoint"":null,""observed_quantization"":null}],""response_cache_status"":""UNKNOWN"",""raw_action_valid"":true,""action_received"":""QUERY"",""value"":""ABCHIJG"",""action_applied"":""QUERY"",""feedback"":{""exact"":3,""misplaced"":1},""credits_remaining"":8},{""step"":4,""credits_before"":8,""http_attempts"":[{""attempt_number"":1,""started_at"":""2026-08-16T10:06:08.248Z"",""finished_at"":""2026-08-16T10:06:32.273Z"",""duration_ms"":24024,""status_code"":200,""error_category"":null,""error_message"":null,""usage"":{""input_tokens"":720,""output_tokens"":9,""reasoning_tokens"":null,""cached_tokens"":null,""cache_write_tokens"":null,""total_tokens"":729},""cost_usd"":8.226e-05,""generation_id"":""gen-1786874791-zz9CMC9gNLe6p0iGDxUH"",""response_cache_status"":""UNKNOWN"",""observed_provider"":""Groq"",""observed_endpoint"":null,""observed_quantization"":null}],""response_cache_status"":""UNKNOWN"",""raw_action_valid"":true,""action_received"":""QUERY"",""value"":""ABCDHIJ"",""action_applied"":""QUERY"",""feedback"":{""exact"":1,""misplaced"":3},""credits_remaining"":7},{""step"":5,""credits_before"":7,""http_attempts"":[{""attempt_number"":1,""started_at"":""2026-08-16T10:07:59.377Z"",""finished_at"":""2026-08-16T10:08:23.448Z"",""duration_ms"":24071,""status_code"":200,""error_category"":null,""error_message"":null,""usage"":{""input_tokens"":763,""output_tokens"":9,""reasoning_tokens"":null,""cached_tokens"":null,""cache_write_tokens"":null,""total_tokens"":772},""cost_usd"":8.699e-05,""generation_id"":""gen-1786874902-OiuQGfZBE9ZxKMSnjCte"",""response_cache_status"":""UNKNOWN"",""observed_provider"":""Groq"",""observed_endpoint"":null,""observed_quantization"":null}],""response_cache_status"":""UNKNOWN"",""raw_action_valid"":true,""action_received"":""QUERY"",""value"":""ABCDEFI"",""action_applied"":""QUERY"",""feedback"":{""exact"":1,""misplaced"":3},""credits_remaining"":6},{""step"":6,""credits_before"":6,""http_attempts"":[{""attempt_number"":1,""started_at"":""2026-08-16T10:09:47.614Z"",""finished_at"":""2026-08-16T10:10:11.655Z"",""duration_ms"":24041,""status_code"":200,""error_category"":null,""error_message"":null,""usage"":{""input_tokens"":806,""output_tokens"":9,""reasoning_tokens"":null,""cached_tokens"":null,""cache_write_tokens"":null,""total_tokens"":815},""cost_usd"":9.172e-05,""generation_id"":""gen-1786875010-qT0Ti0Ayz3WyreXLnoOk"",""response_cache_status"":""UNKNOWN"",""observed_provider"":""Groq"",""observed_endpoint"":null,""observed_quantization"":null}],""response_cache_status"":""UNKNOWN"",""raw_action_valid"":true,""action_received"":""QUERY"",""value"":""ABCEDFI"",""action_applied"":""QUERY"",""feedback"":{""exact"":1,""misplaced"":3},""credits_remaining"":5},{""step"":7,""credits_before"":5,""http_attempts"":[{""attempt_number"":1,""started_at"":""2026-08-16T10:11:32.897Z"",""finished_at"":""2026-08-16T10:11:56.851Z"",""duration_ms"":23954,""status_code"":200,""error_category"":null,""error_message"":null,""usage"":{""input_tokens"":849,""output_tokens"":9,""reasoning_tokens"":null,""cached_tokens"":null,""cache_write_tokens"":null,""total_tokens"":858},""cost_usd"":9.645e-05,""generation_id"":""gen-1786875115-FXIqJs0kfpAtY5wvkqmx"",""response_cache_status"":""UNKNOWN"",""observed_provider"":""Groq"",""observed_endpoint"":null,""observed_quantization"":null}],""response_cache_status"":""UNKNOWN"",""raw_action_valid"":true,""action_received"":""QUERY"",""value"":""AECDBFI"",""action_applied"":""QUERY"",""feedback"":{""exact"":0,""misplaced"":4},""credits_remaining"":4},{""step"":8,""credits_before"":4,""http_attempts"":[{""attempt_number"":1,""started_at"":""2026-08-16T10:13:08.978Z"",""finished_at"":""2026-08-16T10:13:33.053Z"",""duration_ms"":24075,""status_code"":200,""error_category"":null,""error_message"":null,""usage"":{""input_tokens"":892,""output_tokens"":9,""reasoning_tokens"":null,""cached_tokens"":null,""cache_write_tokens"":null,""total_tokens"":901},""cost_usd"":0.00010118,""generation_id"":""gen-1786875212-ikLjPavakmHQK3SZIINO"",""response_cache_status"":""UNKNOWN"",""observed_provider"":""Groq"",""observed_endpoint"":null,""observed_quantization"":null}],""response_cache_status"":""UNKNOWN"",""raw_action_valid"":true,""action_received"":""QUERY"",""value"":""AECDBFG"",""action_applied"":""QUERY"",""feedback"":{""exact"":0,""misplaced"":3},""credits_remaining"":3},{""step"":9,""credits_before"":3,""http_attempts"":[{""attempt_number"":1,""started_at"":""2026-08-16T10:14:39.276Z"",""finished_at"":""2026-08-16T10:15:03.335Z"",""duration_ms"":24060,""status_code"":200,""error_category"":null,""error_message"":null,""usage"":{""input_tokens"":935,""output_tokens"":10,""reasoning_tokens"":null,""cached_tokens"":null,""cache_write_tokens"":null,""total_tokens"":945},""cost_usd"":0.00010625,""generation_id"":""gen-1786875302-Aq1w6iMMq2vuMSiuD4vv"",""response_cache_status"":""UNKNOWN"",""observed_provider"":""Groq"",""observed_endpoint"":null,""observed_quantization"":null}],""response_cache_status"":""UNKNOWN"",""raw_action_valid"":true,""action_received"":""SUBMIT"",""value"":""AECDBFG"",""action_applied"":""SUBMIT"",""coerced_at_zero_credits"":false,""credits_remaining"":3}]"
48c84216-f33f-4b96-b9be-62fea020b472,48c84216-f33f-4b96-b9be-62fea020b472,1,,19,scout,llama-4-scout,meta-llama/llama-4-scout,groq,Groq,groq,,,,B,same_model_instance,2026-08-16T09:57:32.033Z,2026-08-16T10:15:24.384Z,1072352,7263c69a53507dad5a28591077ff111e,8b1add01332856d8,IFFJEDA,7,10,10,8,2,ABCDEFG,1,0.14285714285714285,false,partial,10,10,0,1,8158,485,,,,8643,0.0010622799999999999,true,true,false,beac9c73922a2ffe8812688677869d60b795a42f7917e7d966869980810162d3,"{""max_tokens"":4096,""temperature"":null,""top_p"":null,""top_k"":null,""min_p"":null,""seed"":null,""reasoning"":null,""thinking"":null}","{""endpoint_slug"":""groq"",""quantizations"":null,""allow_fallbacks"":false,""require_parameters"":true}",completed,true,[],,,response must be exactly QUERY <symbols> or SUBMIT <symbols>,"[{""step"":1,""credits_before"":10,""http_attempts"":[{""attempt_number"":1,""started_at"":""2026-08-16T09:57:32.033Z"",""finished_at"":""2026-08-16T09:57:56.619Z"",""duration_ms"":24587,""status_code"":200,""error_category"":null,""error_message"":null,""usage"":{""input_tokens"":265,""output_tokens"":403,""reasoning_tokens"":null,""cached_tokens"":null,""cache_write_tokens"":null,""total_tokens"":668},""cost_usd"":0.00016617,""generation_id"":""gen-1786874274-GcCAri2INpGuMYQDvqWH"",""response_cache_status"":""UNKNOWN"",""observed_provider"":""Groq"",""observed_endpoint"":null,""observed_quantization"":null}],""response_cache_status"":""UNKNOWN"",""raw_action_valid"":false,""action"":null,""parse_error"":""response must be exactly QUERY <symbols> or SUBMIT <symbols>"",""consecutive_invalid_responses"":1},{""step"":2,""credits_before"":10,""http_attempts"":[{""attempt_number"":1,""started_at"":""2026-08-16T10:01:01.950Z"",""finished_at"":""2026-08-16T10:01:26.075Z"",""duration_ms"":24126,""status_code"":200,""error_category"":null,""error_message"":null,""usage"":{""input_tokens"":705,""output_tokens"":9,""reasoning_tokens"":null,""cached_tokens"":null,""cache_write_tokens"":null,""total_tokens"":714},""cost_usd"":8.061e-05,""generation_id"":""gen-1786874484-5NLfh8aDMVB3o2oHcZRx"",""response_cache_status"":""UNKNOWN"",""observed_provider"":""Groq"",""observed_endpoint"":null,""observed_quantization"":null}],""response_cache_status"":""UNKNOWN"",""raw_action_valid"":true,""action_received"":""QUERY"",""value"":""AAAAAAA"",""action_applied"":""QUERY"",""feedback"":{""exact"":1,""misplaced"":0},""credits_remaining"":9},{""step"":3,""credits_before"":9,""http_attempts"":[{""attempt_number"":1,""started_at"":""2026-08-16T10:02:56.829Z"",""finished_at"":""2026-08-16T10:03:20.336Z"",""duration_ms"":23507,""status_code"":200,""error_category"":null,""error_message"":null,""usage"":{""input_tokens"":748,""output_tokens"":9,""reasoning_tokens"":null,""cached_tokens"":null,""cache_write_tokens"":null,""total_tokens"":757},""cost_usd"":8.534e-05,""generation_id"":""gen-1786874599-EbhexhVBS4O9WkGg8NDe"",""response_cache_status"":""UNKNOWN"",""observed_provider"":""Groq"",""observed_endpoint"":null,""observed_quantization"":null}],""response_cache_status"":""UNKNOWN"",""raw_action_valid"":true,""action_received"":""QUERY"",""value"":""BBBBBBB"",""action_applied"":""QUERY"",""feedback"":{""exact"":0,""misplaced"":0},""credits_remaining"":8},{""step"":4,""credits_before"":8,""http_attempts"":[{""attempt_number"":1,""started_at"":""2026-08-16T10:04:56.147Z"",""finished_at"":""2026-08-16T10:05:20.173Z"",""duration_ms"":24027,""status_code"":200,""error_category"":null,""error_message"":null,""usage"":{""input_tokens"":791,""output_tokens"":9,""reasoning_tokens"":null,""cached_tokens"":null,""cache_write_tokens"":null,""total_tokens"":800},""cost_usd"":9.007e-05,""generation_id"":""gen-1786874719-cVA6JCgPYgdptCHQEMPr"",""response_cache_status"":""UNKNOWN"",""observed_provider"":""Groq"",""observed_endpoint"":null,""observed_quantization"":null}],""response_cache_status"":""UNKNOWN"",""raw_action_valid"":true,""action_received"":""QUERY"",""value"":""CCCCCCC"",""action_applied"":""QUERY"",""feedback"":{""exact"":0,""misplaced"":0},""credits_remaining"":7},{""step"":5,""credits_before"":7,""http_attempts"":[{""attempt_number"":1,""started_at"":""2026-08-16T10:06:47.258Z"",""finished_at"":""2026-08-16T10:07:11.292Z"",""duration_ms"":24034,""status_code"":200,""error_category"":null,""error_message"":null,""usage"":{""input_tokens"":834,""output_tokens"":9,""reasoning_tokens"":null,""cached_tokens"":null,""cache_write_tokens"":null,""total_tokens"":843},""cost_usd"":9.48e-05,""generation_id"":""gen-1786874830-V515CTig4GYCwG03qAKc"",""response_cache_status"":""UNKNOWN"",""observed_provider"":""Groq"",""observed_endpoint"":null,""observed_quantization"":null}],""response_cache_status"":""UNKNOWN"",""raw_action_valid"":true,""action_received"":""QUERY"",""value"":""DDDDDDD"",""action_applied"":""QUERY"",""feedback"":{""exact"":1,""misplaced"":0},""credits_remaining"":6},{""step"":6,""credits_before"":6,""http_attempts"":[{""attempt_number"":1,""started_at"":""2026-08-16T10:08:38.474Z"",""finished_at"":""2026-08-16T10:09:02.542Z"",""duration_ms"":24068,""status_code"":200,""error_category"":null,""error_message"":null,""usage"":{""input_tokens"":877,""output_tokens"":9,""reasoning_tokens"":null,""cached_tokens"":null,""cache_write_tokens"":null,""total_tokens"":886},""cost_usd"":9.953e-05,""generation_id"":""gen-1786874941-Io9kRdPUv9wBeKvBFBKJ"",""response_cache_status"":""UNKNOWN"",""observed_provider"":""Groq"",""observed_endpoint"":null,""observed_quantization"":null}],""response_cache_status"":""UNKNOWN"",""raw_action_valid"":true,""action_received"":""QUERY"",""value"":""EEEEEEE"",""action_applied"":""QUERY"",""feedback"":{""exact"":1,""misplaced"":0},""credits_remaining"":5},{""step"":7,""credits_before"":5,""http_attempts"":[{""attempt_number"":1,""started_at"":""2026-08-16T10:10:26.964Z"",""finished_at"":""2026-08-16T10:10:50.748Z"",""duration_ms"":23784,""status_code"":200,""error_category"":null,""error_message"":null,""usage"":{""input_tokens"":920,""output_tokens"":9,""reasoning_tokens"":null,""cached_tokens"":null,""cache_write_tokens"":null,""total_tokens"":929},""cost_usd"":0.00010426,""generation_id"":""gen-1786875049-2bEHItsS1PypXJYeZfZ8"",""response_cache_status"":""UNKNOWN"",""observed_provider"":""Groq"",""observed_endpoint"":null,""observed_quantization"":null}],""response_cache_status"":""UNKNOWN"",""raw_action_valid"":true,""action_received"":""QUERY"",""value"":""FFFFFFF"",""action_applied"":""QUERY"",""feedback"":{""exact"":2,""misplaced"":0},""credits_remaining"":4},{""step"":8,""credits_before"":4,""http_attempts"":[{""attempt_number"":1,""started_at"":""2026-08-16T10:12:08.914Z"",""finished_at"":""2026-08-16T10:12:33.059Z"",""duration_ms"":24145,""status_code"":200,""error_category"":null,""error_message"":null,""usage"":{""input_tokens"":963,""output_tokens"":9,""reasoning_tokens"":null,""cached_tokens"":null,""cache_write_tokens"":null,""total_tokens"":972},""cost_usd"":0.00010899,""generation_id"":""gen-1786875151-5NcLSR87NArKeR2MWV3F"",""response_cache_status"":""UNKNOWN"",""observed_provider"":""Groq"",""observed_endpoint"":null,""observed_quantization"":null}],""response_cache_status"":""UNKNOWN"",""raw_action_valid"":true,""action_received"":""QUERY"",""value"":""GGGGGGG"",""action_applied"":""QUERY"",""feedback"":{""exact"":0,""misplaced"":0},""credits_remaining"":3},{""step"":9,""credits_before"":3,""http_attempts"":[{""attempt_number"":1,""started_at"":""2026-08-16T10:13:39.101Z"",""finished_at"":""2026-08-16T10:14:03.148Z"",""duration_ms"":24047,""status_code"":200,""error_category"":null,""error_message"":null,""usage"":{""input_tokens"":1006,""output_tokens"":9,""reasoning_tokens"":null,""cached_tokens"":null,""cache_write_tokens"":null,""total_tokens"":1015},""cost_usd"":0.00011372,""generation_id"":""gen-1786875242-lCNBYyKVzgEZ2253gwmO"",""response_cache_status"":""UNKNOWN"",""observed_provider"":""Groq"",""observed_endpoint"":null,""observed_quantization"":null}],""response_cache_status"":""UNKNOWN"",""raw_action_valid"":true,""action_received"":""QUERY"",""value"":""ABCDEFG"",""action_applied"":""QUERY"",""feedback"":{""exact"":1,""misplaced"":3},""credits_remaining"":2},{""step"":10,""credits_before"":2,""http_attempts"":[{""attempt_number"":1,""started_at"":""2026-08-16T10:15:00.384Z"",""finished_at"":""2026-08-16T10:15:24.383Z"",""duration_ms"":23999,""status_code"":200,""error_category"":null,""error_message"":null,""usage"":{""input_tokens"":1049,""output_tokens"":10,""reasoning_tokens"":null,""cached_tokens"":null,""cache_write_tokens"":null,""total_tokens"":1059},""cost_usd"":0.00011879,""generation_id"":""gen-1786875323-tUYgE3vKPbv9pWQIWtRO"",""response_cache_status"":""UNKNOWN"",""observed_provider"":""Groq"",""observed_endpoint"":null,""observed_quantization"":null}],""response_cache_status"":""UNKNOWN"",""raw_action_valid"":true,""action_received"":""SUBMIT"",""value"":""ABCDEFG"",""action_applied"":""SUBMIT"",""coerced_at_zero_credits"":false,""credits_remaining"":2}]"
0ec0054d-f42d-4887-b7cc-3ae0ce625ca4,0ec0054d-f42d-4887-b7cc-3ae0ce625ca4,1,,16,scout,llama-4-scout,meta-llama/llama-4-scout,groq,Groq,groq,,,,A,continuation,2026-08-16T09:57:50.045Z,2026-08-16T10:15:27.392Z,1057347,7263c69a53507dad5a28591077ff111e,3344f6af089bae53,DJDEICH,7,10,10,8,2,AEBADIG,0,0.0,false,partial,10,10,0,1,8413,520,,,,8933,0.00110223,true,true,false,a193e42687075f855a907c617cb6eb43c5979e687d22273bbab4c0919af923ac,"{""max_tokens"":4096,""temperature"":null,""top_p"":null,""top_k"":null,""min_p"":null,""seed"":null,""reasoning"":null,""thinking"":null}","{""endpoint_slug"":""groq"",""quantizations"":null,""allow_fallbacks"":false,""require_parameters"":true}",completed,true,[],,,response must be exactly QUERY <symbols> or SUBMIT <symbols>,"[{""step"":1,""credits_before"":10,""http_attempts"":[{""attempt_number"":1,""started_at"":""2026-08-16T09:57:50.045Z"",""finished_at"":""2026-08-16T09:58:14.827Z"",""duration_ms"":24782,""status_code"":200,""error_category"":null,""error_message"":null,""usage"":{""input_tokens"":259,""output_tokens"":438,""reasoning_tokens"":null,""cached_tokens"":null,""cache_write_tokens"":null,""total_tokens"":697},""cost_usd"":0.00017741,""generation_id"":""gen-1786874292-IzBB8R2FeBF7nbSM0P8H"",""response_cache_status"":""UNKNOWN"",""observed_provider"":""Groq"",""observed_endpoint"":null,""observed_quantization"":null}],""response_cache_status"":""UNKNOWN"",""raw_action_valid"":false,""action"":null,""parse_error"":""response must be exactly QUERY <symbols> or SUBMIT <symbols>"",""consecutive_invalid_responses"":1},{""step"":2,""credits_before"":10,""http_attempts"":[{""attempt_number"":1,""started_at"":""2026-08-16T10:01:07.919Z"",""finished_at"":""2026-08-16T10:01:31.962Z"",""duration_ms"":24043,""status_code"":200,""error_category"":null,""error_message"":null,""usage"":{""input_tokens"":734,""output_tokens"":9,""reasoning_tokens"":null,""cached_tokens"":null,""cache_write_tokens"":null,""total_tokens"":743},""cost_usd"":8.38e-05,""generation_id"":""gen-1786874490-lrtie0uFo5AuJZ4X2z5A"",""response_cache_status"":""UNKNOWN"",""observed_provider"":""Groq"",""observed_endpoint"":null,""observed_quantization"":null}],""response_cache_status"":""UNKNOWN"",""raw_action_valid"":true,""action_received"":""QUERY"",""value"":""ABCDEFG"",""action_applied"":""QUERY"",""feedback"":{""exact"":0,""misplaced"":3},""credits_remaining"":9},{""step"":3,""credits_before"":9,""http_attempts"":[{""attempt_number"":1,""started_at"":""2026-08-16T10:03:02.282Z"",""finished_at"":""2026-08-16T10:03:26.634Z"",""duration_ms"":24352,""status_code"":200,""error_category"":null,""error_message"":null,""usage"":{""input_tokens"":777,""output_tokens"":9,""reasoning_tokens"":null,""cached_tokens"":null,""cache_write_tokens"":null,""total_tokens"":786},""cost_usd"":8.853e-05,""generation_id"":""gen-1786874605-n9rXeGF9aa6bJuieCqw7"",""response_cache_status"":""UNKNOWN"",""observed_provider"":""Groq"",""observed_endpoint"":null,""observed_quantization"":null}],""response_cache_status"":""UNKNOWN"",""raw_action_valid"":true,""action_received"":""QUERY"",""value"":""ABCDHIJ"",""action_applied"":""QUERY"",""feedback"":{""exact"":0,""misplaced"":5},""credits_remaining"":8},{""step"":4,""credits_before"":8,""http_attempts"":[{""attempt_number"":1,""started_at"":""2026-08-16T10:05:02.163Z"",""finished_at"":""2026-08-16T10:05:26.177Z"",""duration_ms"":24014,""status_code"":200,""error_category"":null,""error_message"":null,""usage"":{""input_tokens"":820,""output_tokens"":9,""reasoning_tokens"":null,""cached_tokens"":null,""cache_write_tokens"":null,""total_tokens"":829},""cost_usd"":9.326e-05,""generation_id"":""gen-1786874725-RQP669pfJ6YOJr6gkS87"",""response_cache_status"":""UNKNOWN"",""observed_provider"":""Groq"",""observed_endpoint"":null,""observed_quantization"":null}],""response_cache_status"":""UNKNOWN"",""raw_action_valid"":true,""action_received"":""QUERY"",""value"":""ABCDEHI"",""action_applied"":""QUERY"",""feedback"":{""exact"":0,""misplaced"":5},""credits_remaining"":7},{""step"":5,""credits_before"":7,""http_attempts"":[{""attempt_number"":1,""started_at"":""2026-08-16T10:06:53.256Z"",""finished_at"":""2026-08-16T10:07:17.455Z"",""duration_ms"":24198,""status_code"":200,""error_category"":null,""error_message"":null,""usage"":{""input_tokens"":863,""output_tokens"":9,""reasoning_tokens"":null,""cached_tokens"":null,""cache_write_tokens"":null,""total_tokens"":872},""cost_usd"":9.799e-05,""generation_id"":""gen-1786874836-uu7aznYFKtcer61GMtor"",""response_cache_status"":""UNKNOWN"",""observed_provider"":""Groq"",""observed_endpoint"":null,""observed_quantization"":null}],""response_cache_status"":""UNKNOWN"",""raw_action_valid"":true,""action_received"":""QUERY"",""value"":""AEBCDHI"",""action_applied"":""QUERY"",""feedback"":{""exact"":0,""misplaced"":5},""credits_remaining"":6},{""step"":6,""credits_before"":6,""http_attempts"":[{""attempt_number"":1,""started_at"":""2026-08-16T10:08:44.492Z"",""finished_at"":""2026-08-16T10:09:08.540Z"",""duration_ms"":24048,""status_code"":200,""error_category"":null,""error_message"":null,""usage"":{""input_tokens"":906,""output_tokens"":9,""reasoning_tokens"":null,""cached_tokens"":null,""cache_write_tokens"":null,""total_tokens"":915},""cost_usd"":0.00010272,""generation_id"":""gen-1786874947-8OlQcIP6qTaVDY4WC9l2"",""response_cache_status"":""UNKNOWN"",""observed_provider"":""Groq"",""observed_endpoint"":null,""observed_quantization"":null}],""response_cache_status"":""UNKNOWN"",""raw_action_valid"":true,""action_received"":""QUERY"",""value"":""AEBCDIH"",""action_applied"":""QUERY"",""feedback"":{""exact"":1,""misplaced"":4},""credits_remaining"":5},{""step"":7,""credits_before"":5,""http_attempts"":[{""attempt_number"":1,""started_at"":""2026-08-16T10:10:32.729Z"",""finished_at"":""2026-08-16T10:10:56.872Z"",""duration_ms"":24143,""status_code"":200,""error_category"":null,""error_message"":null,""usage"":{""input_tokens"":949,""output_tokens"":9,""reasoning_tokens"":null,""cached_tokens"":null,""cache_write_tokens"":null,""total_tokens"":958},""cost_usd"":0.00010745,""generation_id"":""gen-1786875055-nYd1UGt5KbKfkDOpaly7"",""response_cache_status"":""UNKNOWN"",""observed_provider"":""Groq"",""observed_endpoint"":null,""observed_quantization"":null}],""response_cache_status"":""UNKNOWN"",""raw_action_valid"":true,""action_received"":""QUERY"",""value"":""AEBCAIH"",""action_applied"":""QUERY"",""feedback"":{""exact"":1,""misplaced"":3},""credits_remaining"":4},{""step"":8,""credits_before"":4,""http_attempts"":[{""attempt_number"":1,""started_at"":""2026-08-16T10:12:14.942Z"",""finished_at"":""2026-08-16T10:12:39.004Z"",""duration_ms"":24062,""status_code"":200,""error_category"":null,""error_message"":null,""usage"":{""input_tokens"":992,""output_tokens"":9,""reasoning_tokens"":null,""cached_tokens"":null,""cache_write_tokens"":null,""total_tokens"":1001},""cost_usd"":0.00011218,""generation_id"":""gen-1786875157-OM2jF9NsMp05YDTlhwhN"",""response_cache_status"":""UNKNOWN"",""observed_provider"":""Groq"",""observed_endpoint"":null,""observed_quantization"":null}],""response_cache_status"":""UNKNOWN"",""raw_action_valid"":true,""action_received"":""QUERY"",""value"":""AEBADIH"",""action_applied"":""QUERY"",""feedback"":{""exact"":1,""misplaced"":3},""credits_remaining"":3},{""step"":9,""credits_before"":3,""http_attempts"":[{""attempt_number"":1,""started_at"":""2026-08-16T10:13:45.325Z"",""finished_at"":""2026-08-16T10:14:09.171Z"",""duration_ms"":23846,""status_code"":200,""error_category"":null,""error_message"":null,""usage"":{""input_tokens"":1035,""output_tokens"":9,""reasoning_tokens"":null,""cached_tokens"":null,""cache_write_tokens"":null,""total_tokens"":1044},""cost_usd"":0.00011691,""generation_id"":""gen-1786875248-35IO4RDm9zKxlN3w4OfZ"",""response_cache_status"":""UNKNOWN"",""observed_provider"":""Groq"",""observed_endpoint"":null,""observed_quantization"":null}],""response_cache_status"":""UNKNOWN"",""raw_action_valid"":true,""action_received"":""QUERY"",""value"":""AEBADIG"",""action_applied"":""QUERY"",""feedback"":{""exact"":0,""misplaced"":3},""credits_remaining"":2},{""step"":10,""credits_before"":2,""http_attempts"":[{""attempt_number"":1,""started_at"":""2026-08-16T10:15:03.389Z"",""finished_at"":""2026-08-16T10:15:27.391Z"",""duration_ms"":24002,""status_code"":200,""error_category"":null,""error_message"":null,""usage"":{""input_tokens"":1078,""output_tokens"":10,""reasoning_tokens"":null,""cached_tokens"":null,""cache_write_tokens"":null,""total_tokens"":1088},""cost_usd"":0.00012198,""generation_id"":""gen-1786875326-OrKyLjoy8nIOP20IJEfJ"",""response_cache_status"":""UNKNOWN"",""observed_provider"":""Groq"",""observed_endpoint"":null,""observed_quantization"":null}],""response_cache_status"":""UNKNOWN"",""raw_action_valid"":true,""action_received"":""SUBMIT"",""value"":""AEBADIG"",""action_applied"":""SUBMIT"",""coerced_at_zero_credits"":false,""credits_remaining"":2}]"
97827581-8d97-406c-b2e5-8556b231ce63,97827581-8d97-406c-b2e5-8556b231ce63,1,,4,scout,llama-4-scout,meta-llama/llama-4-scout,groq,Groq,groq,,,,B,same_model_instance,2026-08-16T09:58:32.032Z,2026-08-16T10:15:39.590Z,1027559,7263c69a53507dad5a28591077ff111e,1d407a98b62610ca,IBJGHDJ,7,10,10,7,3,AAAAAAA,0,0.0,false,partial,10,10,0,2,8389,489,,,,8878,0.00108905,true,true,false,beac9c73922a2ffe8812688677869d60b795a42f7917e7d966869980810162d3,"{""max_tokens"":4096,""temperature"":null,""top_p"":null,""top_k"":null,""min_p"":null,""seed"":null,""reasoning"":null,""thinking"":null}","{""endpoint_slug"":""groq"",""quantizations"":null,""allow_fallbacks"":false,""require_parameters"":true}",completed,true,[],,,response must contain exactly 7 symbols,"[{""step"":1,""credits_before"":10,""http_attempts"":[{""attempt_number"":1,""started_at"":""2026-08-16T09:58:32.032Z"",""finished_at"":""2026-08-16T09:58:56.762Z"",""duration_ms"":24730,""status_code"":200,""error_category"":null,""error_message"":null,""usage"":{""input_tokens"":265,""output_tokens"":443,""reasoning_tokens"":null,""cached_tokens"":null,""cache_write_tokens"":null,""total_tokens"":708},""cost_usd"":0.00017977,""generation_id"":""gen-1786874334-TUbbCDRdAYMm768GErYX"",""response_cache_status"":""UNKNOWN"",""observed_provider"":""Groq"",""observed_endpoint"":null,""observed_quantization"":null}],""response_cache_status"":""UNKNOWN"",""raw_action_valid"":false,""action"":null,""parse_error"":""response must be exactly QUERY <symbols> or SUBMIT <symbols>"",""consecutive_invalid_responses"":1},{""step"":2,""credits_before"":10,""http_attempts"":[{""attempt_number"":1,""started_at"":""2026-08-16T10:01:26.076Z"",""finished_at"":""2026-08-16T10:01:49.976Z"",""duration_ms"":23900,""status_code"":200,""error_category"":null,""error_message"":null,""usage"":{""input_tokens"":745,""output_tokens"":4,""reasoning_tokens"":null,""cached_tokens"":null,""cache_write_tokens"":null,""total_tokens"":749},""cost_usd"":8.331e-05,""generation_id"":""gen-1786874509-e5XvDC5Igvvsi7x4ohg2"",""response_cache_status"":""UNKNOWN"",""observed_provider"":""Groq"",""observed_endpoint"":null,""observed_quantization"":null}],""response_cache_status"":""UNKNOWN"",""raw_action_valid"":true,""action_received"":""QUERY"",""value"":""ABCDEFG"",""action_applied"":""QUERY"",""feedback"":{""exact"":1,""misplaced"":2},""credits_remaining"":9},{""step"":3,""credits_before"":9,""http_attempts"":[{""attempt_number"":1,""started_at"":""2026-08-16T10:03:23.705Z"",""finished_at"":""2026-08-16T10:03:47.395Z"",""duration_ms"":23690,""status_code"":200,""error_category"":null,""error_message"":null,""usage"":{""input_tokens"":783,""output_tokens"":4,""reasoning_tokens"":null,""cached_tokens"":null,""cache_write_tokens"":null,""total_tokens"":787},""cost_usd"":8.749e-05,""generation_id"":""gen-1786874626-o7tgF8xyBBXBY97QqO0t"",""response_cache_status"":""UNKNOWN"",""observed_provider"":""Groq"",""observed_endpoint"":null,""observed_quantization"":null}],""response_cache_status"":""UNKNOWN"",""raw_action_valid"":false,""action"":null,""parse_error"":""response must contain exactly 7 symbols"",""consecutive_invalid_responses"":1},{""step"":4,""credits_before"":9,""http_attempts"":[{""attempt_number"":1,""started_at"":""2026-08-16T10:05:17.168Z"",""finished_at"":""2026-08-16T10:05:41.182Z"",""duration_ms"":24014,""status_code"":200,""error_category"":null,""error_message"":null,""usage"":{""input_tokens"":824,""output_tokens"":5,""reasoning_tokens"":null,""cached_tokens"":null,""cache_write_tokens"":null,""total_tokens"":829},""cost_usd"":9.234e-05,""generation_id"":""gen-1786874740-R6UteN56jtH3A7exTpjw"",""response_cache_status"":""UNKNOWN"",""observed_provider"":""Groq"",""observed_endpoint"":null,""observed_quantization"":null}],""response_cache_status"":""UNKNOWN"",""raw_action_valid"":true,""action_received"":""QUERY"",""value"":""AACGGHI"",""action_applied"":""QUERY"",""feedback"":{""exact"":1,""misplaced"":2},""credits_remaining"":8},{""step"":5,""credits_before"":8,""http_attempts"":[{""attempt_number"":1,""started_at"":""2026-08-16T10:07:08.465Z"",""finished_at"":""2026-08-16T10:07:32.334Z"",""duration_ms"":23869,""status_code"":200,""error_category"":null,""error_message"":null,""usage"":{""input_tokens"":863,""output_tokens"":6,""reasoning_tokens"":null,""cached_tokens"":null,""cache_write_tokens"":null,""total_tokens"":869},""cost_usd"":9.697e-05,""generation_id"":""gen-1786874851-K4Zoa1tdVEha2O2Uo48P"",""response_cache_status"":""UNKNOWN"",""observed_provider"":""Groq"",""observed_endpoint"":null,""observed_quantization"":null}],""response_cache_status"":""UNKNOWN"",""raw_action_valid"":true,""action_received"":""QUERY"",""value"":""AAAGGGI"",""action_applied"":""QUERY"",""feedback"":{""exact"":1,""misplaced"":1},""credits_remaining"":7},{""step"":6,""credits_before"":7,""http_attempts"":[{""attempt_number"":1,""started_at"":""2026-08-16T10:08:59.590Z"",""finished_at"":""2026-08-16T10:09:23.576Z"",""duration_ms"":23986,""status_code"":200,""error_category"":null,""error_message"":null,""usage"":{""input_tokens"":903,""output_tokens"":6,""reasoning_tokens"":null,""cached_tokens"":null,""cache_write_tokens"":null,""total_tokens"":909},""cost_usd"":0.00010137,""generation_id"":""gen-1786874962-j5VRLNQZ00ycycTjvGYN"",""response_cache_status"":""UNKNOWN"",""observed_provider"":""Groq"",""observed_endpoint"":null,""observed_quantization"":null}],""response_cache_status"":""UNKNOWN"",""raw_action_valid"":true,""action_received"":""QUERY"",""value"":""AAAAAGI"",""action_applied"":""QUERY"",""feedback"":{""exact"":0,""misplaced"":2},""credits_remaining"":6},{""step"":7,""credits_before"":6,""http_attempts"":[{""attempt_number"":1,""started_at"":""2026-08-16T10:10:47.748Z"",""finished_at"":""2026-08-16T10:11:11.766Z"",""duration_ms"":24017,""status_code"":200,""error_category"":null,""error_message"":null,""usage"":{""input_tokens"":943,""output_tokens"":5,""reasoning_tokens"":null,""cached_tokens"":null,""cache_write_tokens"":null,""total_tokens"":948},""cost_usd"":0.00010543,""generation_id"":""gen-1786875070-JPRxfrJLpBhT6Yw58xPE"",""response_cache_status"":""UNKNOWN"",""observed_provider"":""Groq"",""observed_endpoint"":null,""observed_quantization"":null}],""response_cache_status"":""UNKNOWN"",""raw_action_valid"":true,""action_received"":""QUERY"",""value"":""AAAAAAA"",""action_applied"":""QUERY"",""feedback"":{""exact"":0,""misplaced"":0},""credits_remaining"":5},{""step"":8,""credits_before"":5,""http_attempts"":[{""attempt_number"":1,""started_at"":""2026-08-16T10:12:29.936Z"",""finished_at"":""2026-08-16T10:12:53.973Z"",""duration_ms"":24037,""status_code"":200,""error_category"":null,""error_message"":null,""usage"":{""input_tokens"":982,""output_tokens"":5,""reasoning_tokens"":null,""cached_tokens"":null,""cache_write_tokens"":null,""total_tokens"":987},""cost_usd"":0.00010972,""generation_id"":""gen-1786875172-bE4OjnWISOewVZzmpzVZ"",""response_cache_status"":""UNKNOWN"",""observed_provider"":""Groq"",""observed_endpoint"":null,""observed_quantization"":null}],""response_cache_status"":""UNKNOWN"",""raw_action_valid"":true,""action_received"":""QUERY"",""value"":""ABCDEAA"",""action_applied"":""QUERY"",""feedback"":{""exact"":1,""misplaced"":1},""credits_remaining"":4},{""step"":9,""credits_before"":4,""http_attempts"":[{""attempt_number"":1,""started_at"":""2026-08-16T10:14:00.194Z"",""finished_at"":""2026-08-16T10:14:24.191Z"",""duration_ms"":23997,""status_code"":200,""error_category"":null,""error_message"":null,""usage"":{""input_tokens"":1021,""output_tokens"":5,""reasoning_tokens"":null,""cached_tokens"":null,""cache_write_tokens"":null,""total_tokens"":1026},""cost_usd"":0.00011401,""generation_id"":""gen-1786875263-e2jddQhynEbyGO1UU6M2"",""response_cache_status"":""UNKNOWN"",""observed_provider"":""Groq"",""observed_endpoint"":null,""observed_quantization"":null}],""response_cache_status"":""UNKNOWN"",""raw_action_valid"":true,""action_received"":""QUERY"",""value"":""AAAAAAA"",""action_applied"":""QUERY"",""feedback"":{""exact"":0,""misplaced"":0},""credits_remaining"":3},{""step"":10,""credits_before"":3,""http_attempts"":[{""attempt_number"":1,""started_at"":""2026-08-16T10:15:15.374Z"",""finished_at"":""2026-08-16T10:15:39.590Z"",""duration_ms"":24216,""status_code"":200,""error_category"":null,""error_message"":null,""usage"":{""input_tokens"":1060,""output_tokens"":6,""reasoning_tokens"":null,""cached_tokens"":null,""cache_write_tokens"":null,""total_tokens"":1066},""cost_usd"":0.00011864,""generation_id"":""gen-1786875338-yObQMTWYXInNgd0aaboB"",""response_cache_status"":""UNKNOWN"",""observed_provider"":""Groq"",""observed_endpoint"":null,""observed_quantization"":null}],""response_cache_status"":""UNKNOWN"",""raw_action_valid"":true,""action_received"":""SUBMIT"",""value"":""AAAAAAA"",""action_applied"":""SUBMIT"",""coerced_at_zero_credits"":false,""credits_remaining"":3}]"
561d28a2-9ff0-4c86-ab64-bff8a3f0151f,561d28a2-9ff0-4c86-ab64-bff8a3f0151f,1,,1,scout,llama-4-scout,meta-llama/llama-4-scout,groq,Groq,groq,,,,D,none,2026-08-16T09:58:46.801Z,2026-08-16T10:15:51.411Z,1024610,7263c69a53507dad5a28591077ff111e,53b5d27e0ec4b08d,EBICIJB,7,10,10,7,3,EACGBDI,1,0.14285714285714285,false,partial,10,10,0,2,6024,278,,,,6302,0.00075716,true,true,false,35eb269349366de62767de54014a2ee9e18f1c8ac55a4d1100739e287293bf0b,"{""max_tokens"":4096,""temperature"":null,""top_p"":null,""top_k"":null,""min_p"":null,""seed"":null,""reasoning"":null,""thinking"":null}","{""endpoint_slug"":""groq"",""quantizations"":null,""allow_fallbacks"":false,""require_parameters"":true}",completed,true,[],,,response must contain exactly 7 symbols,"[{""step"":1,""credits_before"":10,""http_attempts"":[{""attempt_number"":1,""started_at"":""2026-08-16T09:58:46.801Z"",""finished_at"":""2026-08-16T09:59:11.204Z"",""duration_ms"":24403,""status_code"":200,""error_category"":null,""error_message"":null,""usage"":{""input_tokens"":236,""output_tokens"":198,""reasoning_tokens"":null,""cached_tokens"":null,""cache_write_tokens"":null,""total_tokens"":434},""cost_usd"":9.328e-05,""generation_id"":""gen-1786874349-bBY8GlAifFFRpQxgEPxl"",""response_cache_status"":""UNKNOWN"",""observed_provider"":""Groq"",""observed_endpoint"":null,""observed_quantization"":null}],""response_cache_status"":""UNKNOWN"",""raw_action_valid"":false,""action"":null,""parse_error"":""response must be exactly QUERY <symbols> or SUBMIT <symbols>"",""consecutive_invalid_responses"":1},{""step"":2,""credits_before"":10,""http_attempts"":[{""attempt_number"":1,""started_at"":""2026-08-16T10:01:37.928Z"",""finished_at"":""2026-08-16T10:02:01.990Z"",""duration_ms"":24062,""status_code"":200,""error_category"":null,""error_message"":null,""usage"":{""input_tokens"":471,""output_tokens"":9,""reasoning_tokens"":null,""cached_tokens"":null,""cache_write_tokens"":null,""total_tokens"":480},""cost_usd"":5.487e-05,""generation_id"":""gen-1786874521-SXHcHNwQWntJC60knLsk"",""response_cache_status"":""UNKNOWN"",""observed_provider"":""Groq"",""observed_endpoint"":null,""observed_quantization"":null}],""response_cache_status"":""UNKNOWN"",""raw_action_valid"":true,""action_received"":""QUERY"",""value"":""ABCDEFG"",""action_applied"":""QUERY"",""feedback"":{""exact"":1,""misplaced"":2},""credits_remaining"":9},{""step"":3,""credits_before"":9,""http_attempts"":[{""attempt_number"":1,""started_at"":""2026-08-16T10:03:41.248Z"",""finished_at"":""2026-08-16T10:04:05.170Z"",""duration_ms"":23922,""status_code"":200,""error_category"":null,""error_message"":null,""usage"":{""input_tokens"":514,""output_tokens"":9,""reasoning_tokens"":null,""cached_tokens"":null,""cache_write_tokens"":null,""total_tokens"":523},""cost_usd"":5.96e-05,""generation_id"":""gen-1786874644-PMmdMdnmhGHOe4pvGH5o"",""response_cache_status"":""UNKNOWN"",""observed_provider"":""Groq"",""observed_endpoint"":null,""observed_quantization"":null}],""response_cache_status"":""UNKNOWN"",""raw_action_valid"":true,""action_received"":""QUERY"",""value"":""ABCDEGF"",""action_applied"":""QUERY"",""feedback"":{""exact"":1,""misplaced"":2},""credits_remaining"":8},{""step"":4,""credits_before"":8,""http_attempts"":[{""attempt_number"":1,""started_at"":""2026-08-16T10:05:32.199Z"",""finished_at"":""2026-08-16T10:05:56.269Z"",""duration_ms"":24070,""status_code"":200,""error_category"":null,""error_message"":null,""usage"":{""input_tokens"":557,""output_tokens"":9,""reasoning_tokens"":null,""cached_tokens"":null,""cache_write_tokens"":null,""total_tokens"":566},""cost_usd"":6.433e-05,""generation_id"":""gen-1786874755-ZdBYRjgisCNAMfQVwHbm"",""response_cache_status"":""UNKNOWN"",""observed_provider"":""Groq"",""observed_endpoint"":null,""observed_quantization"":null}],""response_cache_status"":""UNKNOWN"",""raw_action_valid"":true,""action_received"":""QUERY"",""value"":""ACEGIBD"",""action_applied"":""QUERY"",""feedback"":{""exact"":1,""misplaced"":3},""credits_remaining"":7},{""step"":5,""credits_before"":7,""http_attempts"":[{""attempt_number"":1,""started_at"":""2026-08-16T10:07:23.535Z"",""finished_at"":""2026-08-16T10:07:47.342Z"",""duration_ms"":23807,""status_code"":200,""error_category"":null,""error_message"":null,""usage"":{""input_tokens"":600,""output_tokens"":9,""reasoning_tokens"":null,""cached_tokens"":null,""cache_write_tokens"":null,""total_tokens"":609},""cost_usd"":6.906e-05,""generation_id"":""gen-1786874866-wn8uqPhSLNJAZutRMhFm"",""response_cache_status"":""UNKNOWN"",""observed_provider"":""Groq"",""observed_endpoint"":null,""observed_quantization"":null}],""response_cache_status"":""UNKNOWN"",""raw_action_valid"":true,""action_received"":""QUERY"",""value"":""AECGIBD"",""action_applied"":""QUERY"",""feedback"":{""exact"":1,""misplaced"":3},""credits_remaining"":6},{""step"":6,""credits_before"":6,""http_attempts"":[{""attempt_number"":1,""started_at"":""2026-08-16T10:09:11.553Z"",""finished_at"":""2026-08-16T10:09:35.582Z"",""duration_ms"":24029,""status_code"":200,""error_category"":null,""error_message"":null,""usage"":{""input_tokens"":643,""output_tokens"":9,""reasoning_tokens"":null,""cached_tokens"":null,""cache_write_tokens"":null,""total_tokens"":652},""cost_usd"":7.379e-05,""generation_id"":""gen-1786874974-21YqYXCUl2Od00BMWcc9"",""response_cache_status"":""UNKNOWN"",""observed_provider"":""Groq"",""observed_endpoint"":null,""observed_quantization"":null}],""response_cache_status"":""UNKNOWN"",""raw_action_valid"":true,""action_received"":""QUERY"",""value"":""EACGIBD"",""action_applied"":""QUERY"",""feedback"":{""exact"":2,""misplaced"":2},""credits_remaining"":5},{""step"":7,""credits_before"":5,""http_attempts"":[{""attempt_number"":1,""started_at"":""2026-08-16T10:10:59.813Z"",""finished_at"":""2026-08-16T10:11:23.781Z"",""duration_ms"":23969,""status_code"":200,""error_category"":null,""error_message"":null,""usage"":{""input_tokens"":686,""output_tokens"":9,""reasoning_tokens"":null,""cached_tokens"":null,""cache_write_tokens"":null,""total_tokens"":695},""cost_usd"":7.852e-05,""generation_id"":""gen-1786875082-EZ9QV7m9XWp23wBtM9ui"",""response_cache_status"":""UNKNOWN"",""observed_provider"":""Groq"",""observed_endpoint"":null,""observed_quantization"":null}],""response_cache_status"":""UNKNOWN"",""raw_action_valid"":true,""action_received"":""QUERY"",""value"":""EACGIDB"",""action_applied"":""QUERY"",""feedback"":{""exact"":3,""misplaced"":1},""credits_remaining"":4},{""step"":8,""credits_before"":4,""http_attempts"":[{""attempt_number"":1,""started_at"":""2026-08-16T10:12:41.970Z"",""finished_at"":""2026-08-16T10:13:05.959Z"",""duration_ms"":23988,""status_code"":200,""error_category"":null,""error_message"":null,""usage"":{""input_tokens"":729,""output_tokens"":9,""reasoning_tokens"":null,""cached_tokens"":null,""cache_write_tokens"":null,""total_tokens"":738},""cost_usd"":8.325e-05,""generation_id"":""gen-1786875184-dU1lQwzgRRDzLJbiTEg6"",""response_cache_status"":""UNKNOWN"",""observed_provider"":""Groq"",""observed_endpoint"":null,""observed_quantization"":null}],""response_cache_status"":""UNKNOWN"",""raw_action_valid"":true,""action_received"":""QUERY"",""value"":""EACGBDI"",""action_applied"":""QUERY"",""feedback"":{""exact"":1,""misplaced"":3},""credits_remaining"":3},{""step"":9,""credits_before"":3,""http_attempts"":[{""attempt_number"":1,""started_at"":""2026-08-16T10:14:12.179Z"",""finished_at"":""2026-08-16T10:14:36.239Z"",""duration_ms"":24060,""status_code"":200,""error_category"":null,""error_message"":null,""usage"":{""input_tokens"":772,""output_tokens"":7,""reasoning_tokens"":null,""cached_tokens"":null,""cache_write_tokens"":null,""total_tokens"":779},""cost_usd"":8.73e-05,""generation_id"":""gen-1786875275-mA92FPsOrdYJOmDg2S1b"",""response_cache_status"":""UNKNOWN"",""observed_provider"":""Groq"",""observed_endpoint"":null,""observed_quantization"":null}],""response_cache_status"":""UNKNOWN"",""raw_action_valid"":false,""action"":null,""parse_error"":""response must contain exactly 7 symbols"",""consecutive_invalid_responses"":1},{""step"":10,""credits_before"":3,""http_attempts"":[{""attempt_number"":1,""started_at"":""2026-08-16T10:15:27.445Z"",""finished_at"":""2026-08-16T10:15:51.410Z"",""duration_ms"":23965,""status_code"":200,""error_category"":null,""error_message"":null,""usage"":{""input_tokens"":816,""output_tokens"":10,""reasoning_tokens"":null,""cached_tokens"":null,""cache_write_tokens"":null,""total_tokens"":826},""cost_usd"":9.316e-05,""generation_id"":""gen-1786875350-aEFFmyOqiJlSR1WUqLa4"",""response_cache_status"":""UNKNOWN"",""observed_provider"":""Groq"",""observed_endpoint"":null,""observed_quantization"":null}],""response_cache_status"":""UNKNOWN"",""raw_action_valid"":true,""action_received"":""SUBMIT"",""value"":""EACGBDI"",""action_applied"":""SUBMIT"",""coerced_at_zero_credits"":false,""credits_remaining"":3}]"
bfa1178c-95b4-4a77-9d4c-6e7145c036a2,bfa1178c-95b4-4a77-9d4c-6e7145c036a2,1,,20,scout,llama-4-scout,meta-llama/llama-4-scout,groq,Groq,groq,,,,A,continuation,2026-08-16T09:56:52.520Z,2026-08-16T10:16:15.463Z,1162943,7263c69a53507dad5a28591077ff111e,5e8909b22bac44d5,CFEBGDD,7,10,10,7,3,AAAAAAA,0,0.0,false,partial,11,11,0,3,10448,594,,,,11042,0.0013512399999999999,true,true,false,a193e42687075f855a907c617cb6eb43c5979e687d22273bbab4c0919af923ac,"{""max_tokens"":4096,""temperature"":null,""top_p"":null,""top_k"":null,""min_p"":null,""seed"":null,""reasoning"":null,""thinking"":null}","{""endpoint_slug"":""groq"",""quantizations"":null,""allow_fallbacks"":false,""require_parameters"":true}",completed,true,[],,,response must contain exactly 7 symbols,"[{""step"":1,""credits_before"":10,""http_attempts"":[{""attempt_number"":1,""started_at"":""2026-08-16T09:56:52.520Z"",""finished_at"":""2026-08-16T09:57:08.856Z"",""duration_ms"":16337,""status_code"":200,""error_category"":null,""error_message"":null,""usage"":{""input_tokens"":259,""output_tokens"":542,""reasoning_tokens"":null,""cached_tokens"":null,""cache_write_tokens"":null,""total_tokens"":801},""cost_usd"":0.00021277,""generation_id"":""gen-1786874226-EEc2EBgMWu0oZBYYX0wW"",""response_cache_status"":""UNKNOWN"",""observed_provider"":""Groq"",""observed_endpoint"":null,""observed_quantization"":null}],""response_cache_status"":""UNKNOWN"",""raw_action_valid"":false,""action"":null,""parse_error"":""response must be exactly QUERY <symbols> or SUBMIT <symbols>"",""consecutive_invalid_responses"":1},{""step"":2,""credits_before"":10,""http_attempts"":[{""attempt_number"":1,""started_at"":""2026-08-16T10:00:37.935Z"",""finished_at"":""2026-08-16T10:01:01.949Z"",""duration_ms"":24014,""status_code"":200,""error_category"":null,""error_message"":null,""usage"":{""input_tokens"":838,""output_tokens"":4,""reasoning_tokens"":null,""cached_tokens"":null,""cache_write_tokens"":null,""total_tokens"":842},""cost_usd"":9.354e-05,""generation_id"":""gen-1786874460-sgFudsXjX2dmeqGAUA30"",""response_cache_status"":""UNKNOWN"",""observed_provider"":""Groq"",""observed_endpoint"":null,""observed_quantization"":null}],""response_cache_status"":""UNKNOWN"",""raw_action_valid"":true,""action_received"":""QUERY"",""value"":""ABCDEFG"",""action_applied"":""QUERY"",""feedback"":{""exact"":0,""misplaced"":6},""credits_remaining"":9},{""step"":3,""credits_before"":9,""http_attempts"":[{""attempt_number"":1,""started_at"":""2026-08-16T10:02:29.005Z"",""finished_at"":""2026-08-16T10:02:53.093Z"",""duration_ms"":24087,""status_code"":200,""error_category"":null,""error_message"":null,""usage"":{""input_tokens"":876,""output_tokens"":6,""reasoning_tokens"":null,""cached_tokens"":null,""cache_write_tokens"":null,""total_tokens"":882},""cost_usd"":9.84e-05,""generation_id"":""gen-1786874572-ZLCyGNZpo8OOhXag1Gm9"",""response_cache_status"":""UNKNOWN"",""observed_provider"":""Groq"",""observed_endpoint"":null,""observed_quantization"":null}],""response_cache_status"":""UNKNOWN"",""raw_action_valid"":false,""action"":null,""parse_error"":""response must contain exactly 7 symbols"",""consecutive_invalid_responses"":1},{""step"":4,""credits_before"":9,""http_attempts"":[{""attempt_number"":1,""started_at"":""2026-08-16T10:04:32.201Z"",""finished_at"":""2026-08-16T10:04:56.146Z"",""duration_ms"":23945,""status_code"":200,""error_category"":null,""error_message"":null,""usage"":{""input_tokens"":919,""output_tokens"":6,""reasoning_tokens"":null,""cached_tokens"":null,""cache_write_tokens"":null,""total_tokens"":925},""cost_usd"":0.00010313,""generation_id"":""gen-1786874695-pAgCa2xOWrGw6ANbHC4N"",""response_cache_status"":""UNKNOWN"",""observed_provider"":""Groq"",""observed_endpoint"":null,""observed_quantization"":null}],""response_cache_status"":""UNKNOWN"",""raw_action_valid"":false,""action"":null,""parse_error"":""response must contain exactly 7 symbols"",""consecutive_invalid_responses"":2},{""step"":5,""credits_before"":9,""http_attempts"":[{""attempt_number"":1,""started_at"":""2026-08-16T10:06:23.219Z"",""finished_at"":""2026-08-16T10:06:47.257Z"",""duration_ms"":24038,""status_code"":200,""error_category"":null,""error_message"":null,""usage"":{""input_tokens"":962,""output_tokens"":5,""reasoning_tokens"":null,""cached_tokens"":null,""cache_write_tokens"":null,""total_tokens"":967},""cost_usd"":0.00010752,""generation_id"":""gen-1786874806-cqHPefDQU8kz69fOCJ6x"",""response_cache_status"":""UNKNOWN"",""observed_provider"":""Groq"",""observed_endpoint"":null,""observed_quantization"":null}],""response_cache_status"":""UNKNOWN"",""raw_action_valid"":true,""action_received"":""QUERY"",""value"":""AAABBBB"",""action_applied"":""QUERY"",""feedback"":{""exact"":1,""misplaced"":0},""credits_remaining"":8},{""step"":6,""credits_before"":8,""http_attempts"":[{""attempt_number"":1,""started_at"":""2026-08-16T10:08:14.400Z"",""finished_at"":""2026-08-16T10:08:38.473Z"",""duration_ms"":24073,""status_code"":200,""error_category"":null,""error_message"":null,""usage"":{""input_tokens"":1001,""output_tokens"":6,""reasoning_tokens"":null,""cached_tokens"":null,""cache_write_tokens"":null,""total_tokens"":1007},""cost_usd"":0.00011215,""generation_id"":""gen-1786874917-uPXi7GTLqMs1aHtW1Agx"",""response_cache_status"":""UNKNOWN"",""observed_provider"":""Groq"",""observed_endpoint"":null,""observed_quantization"":null}],""response_cache_status"":""UNKNOWN"",""raw_action_valid"":true,""action_received"":""QUERY"",""value"":""AAABBBD"",""action_applied"":""QUERY"",""feedback"":{""exact"":2,""misplaced"":0},""credits_remaining"":7},{""step"":7,""credits_before"":7,""http_attempts"":[{""attempt_number"":1,""started_at"":""2026-08-16T10:10:02.639Z"",""finished_at"":""2026-08-16T10:10:26.963Z"",""duration_ms"":24324,""status_code"":200,""error_category"":null,""error_message"":null,""usage"":{""input_tokens"":1041,""output_tokens"":5,""reasoning_tokens"":null,""cached_tokens"":null,""cache_write_tokens"":null,""total_tokens"":1046},""cost_usd"":0.00011621,""generation_id"":""gen-1786875025-5WTmlGsQEQIEk0AA0nVx"",""response_cache_status"":""UNKNOWN"",""observed_provider"":""Groq"",""observed_endpoint"":null,""observed_quantization"":null}],""response_cache_status"":""UNKNOWN"",""raw_action_valid"":true,""action_received"":""QUERY"",""value"":""AAABBBC"",""action_applied"":""QUERY"",""feedback"":{""exact"":1,""misplaced"":1},""credits_remaining"":6},{""step"":8,""credits_before"":6,""http_attempts"":[{""attempt_number"":1,""started_at"":""2026-08-16T10:11:44.833Z"",""finished_at"":""2026-08-16T10:12:08.913Z"",""duration_ms"":24080,""status_code"":200,""error_category"":null,""error_message"":null,""usage"":{""input_tokens"":1080,""output_tokens"":5,""reasoning_tokens"":null,""cached_tokens"":null,""cache_write_tokens"":null,""total_tokens"":1085},""cost_usd"":0.0001205,""generation_id"":""gen-1786875127-seKgqy5JIKpRBitR6FQs"",""response_cache_status"":""UNKNOWN"",""observed_provider"":""Groq"",""observed_endpoint"":null,""observed_quantization"":null}],""response_cache_status"":""UNKNOWN"",""raw_action_valid"":true,""action_received"":""QUERY"",""value"":""AAAAAAA"",""action_applied"":""QUERY"",""feedback"":{""exact"":0,""misplaced"":0},""credits_remaining"":5},{""step"":9,""credits_before"":5,""http_attempts"":[{""attempt_number"":1,""started_at"":""2026-08-16T10:13:17.992Z"",""finished_at"":""2026-08-16T10:13:42.082Z"",""duration_ms"":24090,""status_code"":200,""error_category"":null,""error_message"":null,""usage"":{""input_tokens"":1119,""output_tokens"":4,""reasoning_tokens"":null,""cached_tokens"":null,""cache_write_tokens"":null,""total_tokens"":1123},""cost_usd"":0.00012445,""generation_id"":""gen-1786875221-L9PYsv1DKmIPjf8XIn5L"",""response_cache_status"":""UNKNOWN"",""observed_provider"":""Groq"",""observed_endpoint"":null,""observed_quantization"":null}],""response_cache_status"":""UNKNOWN"",""raw_action_valid"":true,""action_received"":""QUERY"",""value"":""BBBAAAA"",""action_applied"":""QUERY"",""feedback"":{""exact"":0,""misplaced"":1},""credits_remaining"":4},{""step"":10,""credits_before"":4,""http_attempts"":[{""attempt_number"":1,""started_at"":""2026-08-16T10:14:48.296Z"",""finished_at"":""2026-08-16T10:15:12.352Z"",""duration_ms"":24056,""status_code"":200,""error_category"":null,""error_message"":null,""usage"":{""input_tokens"":1157,""output_tokens"":5,""reasoning_tokens"":null,""cached_tokens"":null,""cache_write_tokens"":null,""total_tokens"":1162},""cost_usd"":0.00012897,""generation_id"":""gen-1786875311-koM6ZMV379lFAN7FsiVn"",""response_cache_status"":""UNKNOWN"",""observed_provider"":""Groq"",""observed_endpoint"":null,""observed_quantization"":null}],""response_cache_status"":""UNKNOWN"",""raw_action_valid"":true,""action_received"":""QUERY"",""value"":""AAAAAAA"",""action_applied"":""QUERY"",""feedback"":{""exact"":0,""misplaced"":0},""credits_remaining"":3},{""step"":11,""credits_before"":3,""http_attempts"":[{""attempt_number"":1,""started_at"":""2026-08-16T10:15:51.464Z"",""finished_at"":""2026-08-16T10:16:15.462Z"",""duration_ms"":23998,""status_code"":200,""error_category"":null,""error_message"":null,""usage"":{""input_tokens"":1196,""output_tokens"":6,""reasoning_tokens"":null,""cached_tokens"":null,""cache_write_tokens"":null,""total_tokens"":1202},""cost_usd"":0.0001336,""generation_id"":""gen-1786875374-Yc4PE1dFTpqAbPRnMxIM"",""response_cache_status"":""UNKNOWN"",""observed_provider"":""Groq"",""observed_endpoint"":null,""observed_quantization"":null}],""response_cache_status"":""UNKNOWN"",""raw_action_valid"":true,""action_received"":""SUBMIT"",""value"":""AAAAAAA"",""action_applied"":""SUBMIT"",""coerced_at_zero_credits"":false,""credits_remaining"":3}]"
7c4995be-5726-4863-b486-a6793fc6a031,7c4995be-5726-4863-b486-a6793fc6a031,1,,18,scout,llama-4-scout,meta-llama/llama-4-scout,groq,Groq,groq,,,,D,none,2026-08-16T09:57:01.759Z,2026-08-16T10:16:21.476Z,1159717,7263c69a53507dad5a28591077ff111e,1ce0c7cfac85676b,BCGDHGG,7,10,10,9,1,ABCDFGH,2,0.2857142857142857,false,partial,11,11,0,1,9311,532,,,,9843,0.00120509,true,true,false,35eb269349366de62767de54014a2ee9e18f1c8ac55a4d1100739e287293bf0b,"{""max_tokens"":4096,""temperature"":null,""top_p"":null,""top_k"":null,""min_p"":null,""seed"":null,""reasoning"":null,""thinking"":null}","{""endpoint_slug"":""groq"",""quantizations"":null,""allow_fallbacks"":false,""require_parameters"":true}",completed,true,[],,,response must be exactly QUERY <symbols> or SUBMIT <symbols>,"[{""step"":1,""credits_before"":10,""http_attempts"":[{""attempt_number"":1,""started_at"":""2026-08-16T09:57:01.759Z"",""finished_at"":""2026-08-16T09:57:26.664Z"",""duration_ms"":24905,""status_code"":200,""error_category"":null,""error_message"":null,""usage"":{""input_tokens"":236,""output_tokens"":441,""reasoning_tokens"":null,""cached_tokens"":null,""cache_write_tokens"":null,""total_tokens"":677},""cost_usd"":0.0001759,""generation_id"":""gen-1786874244-nu1RznuiYxk7sTpHxvUE"",""response_cache_status"":""UNKNOWN"",""observed_provider"":""Groq"",""observed_endpoint"":null,""observed_quantization"":null}],""response_cache_status"":""UNKNOWN"",""raw_action_valid"":false,""action"":null,""parse_error"":""response must be exactly QUERY <symbols> or SUBMIT <symbols>"",""consecutive_invalid_responses"":1},{""step"":2,""credits_before"":10,""http_attempts"":[{""attempt_number"":1,""started_at"":""2026-08-16T10:00:49.943Z"",""finished_at"":""2026-08-16T10:01:13.937Z"",""duration_ms"":23994,""status_code"":200,""error_category"":null,""error_message"":null,""usage"":{""input_tokens"":714,""output_tokens"":9,""reasoning_tokens"":null,""cached_tokens"":null,""cache_write_tokens"":null,""total_tokens"":723},""cost_usd"":8.16e-05,""generation_id"":""gen-1786874472-1GEUbo4yBevikwtvh5O7"",""response_cache_status"":""UNKNOWN"",""observed_provider"":""Groq"",""observed_endpoint"":null,""observed_quantization"":null}],""response_cache_status"":""UNKNOWN"",""raw_action_valid"":true,""action_received"":""QUERY"",""value"":""ABCDEFG"",""action_applied"":""QUERY"",""feedback"":{""exact"":2,""misplaced"":2},""credits_remaining"":9},{""step"":3,""credits_before"":9,""http_attempts"":[{""attempt_number"":1,""started_at"":""2026-08-16T10:02:44.051Z"",""finished_at"":""2026-08-16T10:03:08.548Z"",""duration_ms"":24497,""status_code"":200,""error_category"":null,""error_message"":null,""usage"":{""input_tokens"":757,""output_tokens"":9,""reasoning_tokens"":null,""cached_tokens"":null,""cache_write_tokens"":null,""total_tokens"":766},""cost_usd"":8.633e-05,""generation_id"":""gen-1786874587-VV0lM6fc6oueHq2wAwIl"",""response_cache_status"":""UNKNOWN"",""observed_provider"":""Groq"",""observed_endpoint"":null,""observed_quantization"":null}],""response_cache_status"":""UNKNOWN"",""raw_action_valid"":true,""action_received"":""QUERY"",""value"":""ABCDFGA"",""action_applied"":""QUERY"",""feedback"":{""exact"":2,""misplaced"":2},""credits_remaining"":8},{""step"":4,""credits_before"":8,""http_attempts"":[{""attempt_number"":1,""started_at"":""2026-08-16T10:04:44.361Z"",""finished_at"":""2026-08-16T10:05:08.169Z"",""duration_ms"":23808,""status_code"":200,""error_category"":null,""error_message"":null,""usage"":{""input_tokens"":800,""output_tokens"":9,""reasoning_tokens"":null,""cached_tokens"":null,""cache_write_tokens"":null,""total_tokens"":809},""cost_usd"":9.106e-05,""generation_id"":""gen-1786874707-Jm0zyTwSVSAdD5W2aGeh"",""response_cache_status"":""UNKNOWN"",""observed_provider"":""Groq"",""observed_endpoint"":null,""observed_quantization"":null}],""response_cache_status"":""UNKNOWN"",""raw_action_valid"":true,""action_received"":""QUERY"",""value"":""ABCDFGB"",""action_applied"":""QUERY"",""feedback"":{""exact"":2,""misplaced"":2},""credits_remaining"":7},{""step"":5,""credits_before"":7,""http_attempts"":[{""attempt_number"":1,""started_at"":""2026-08-16T10:06:35.314Z"",""finished_at"":""2026-08-16T10:06:59.261Z"",""duration_ms"":23947,""status_code"":200,""error_category"":null,""error_message"":null,""usage"":{""input_tokens"":843,""output_tokens"":9,""reasoning_tokens"":null,""cached_tokens"":null,""cache_write_tokens"":null,""total_tokens"":852},""cost_usd"":9.579e-05,""generation_id"":""gen-1786874818-c56QkvKoqPzDlGf7cYd5"",""response_cache_status"":""UNKNOWN"",""observed_provider"":""Groq"",""observed_endpoint"":null,""observed_quantization"":null}],""response_cache_status"":""UNKNOWN"",""raw_action_valid"":true,""action_received"":""QUERY"",""value"":""ABCDFGC"",""action_applied"":""QUERY"",""feedback"":{""exact"":2,""misplaced"":2},""credits_remaining"":6},{""step"":6,""credits_before"":6,""http_attempts"":[{""attempt_number"":1,""started_at"":""2026-08-16T10:08:26.440Z"",""finished_at"":""2026-08-16T10:08:50.528Z"",""duration_ms"":24089,""status_code"":200,""error_category"":null,""error_message"":null,""usage"":{""input_tokens"":886,""output_tokens"":9,""reasoning_tokens"":null,""cached_tokens"":null,""cache_write_tokens"":null,""total_tokens"":895},""cost_usd"":0.00010052,""generation_id"":""gen-1786874929-agjeZe65sgTOp3WUf9L0"",""response_cache_status"":""UNKNOWN"",""observed_provider"":""Groq"",""observed_endpoint"":null,""observed_quantization"":null}],""response_cache_status"":""UNKNOWN"",""raw_action_valid"":true,""action_received"":""QUERY"",""value"":""ABCDFGD"",""action_applied"":""QUERY"",""feedback"":{""exact"":2,""misplaced"":2},""credits_remaining"":5},{""step"":7,""credits_before"":5,""http_attempts"":[{""attempt_number"":1,""started_at"":""2026-08-16T10:10:14.661Z"",""finished_at"":""2026-08-16T10:10:38.812Z"",""duration_ms"":24151,""status_code"":200,""error_category"":null,""error_message"":null,""usage"":{""input_tokens"":929,""output_tokens"":9,""reasoning_tokens"":null,""cached_tokens"":null,""cache_write_tokens"":null,""total_tokens"":938},""cost_usd"":0.00010525,""generation_id"":""gen-1786875037-fRBcizyHYkZtrAZ5xm9B"",""response_cache_status"":""UNKNOWN"",""observed_provider"":""Groq"",""observed_endpoint"":null,""observed_quantization"":null}],""response_cache_status"":""UNKNOWN"",""raw_action_valid"":true,""action_received"":""QUERY"",""value"":""ABCDFGE"",""action_applied"":""QUERY"",""feedback"":{""exact"":2,""misplaced"":2},""credits_remaining"":4},{""step"":8,""credits_before"":4,""http_attempts"":[{""attempt_number"":1,""started_at"":""2026-08-16T10:11:56.852Z"",""finished_at"":""2026-08-16T10:12:20.936Z"",""duration_ms"":24084,""status_code"":200,""error_category"":null,""error_message"":null,""usage"":{""input_tokens"":972,""output_tokens"":9,""reasoning_tokens"":null,""cached_tokens"":null,""cache_write_tokens"":null,""total_tokens"":981},""cost_usd"":0.00010998,""generation_id"":""gen-1786875139-4WkZlNF7F7iiWwZ7oRbe"",""response_cache_status"":""UNKNOWN"",""observed_provider"":""Groq"",""observed_endpoint"":null,""observed_quantization"":null}],""response_cache_status"":""UNKNOWN"",""raw_action_valid"":true,""action_received"":""QUERY"",""value"":""ABCDFGF"",""action_applied"":""QUERY"",""feedback"":{""exact"":2,""misplaced"":2},""credits_remaining"":3},{""step"":9,""credits_before"":3,""http_attempts"":[{""attempt_number"":1,""started_at"":""2026-08-16T10:13:27.034Z"",""finished_at"":""2026-08-16T10:13:51.117Z"",""duration_ms"":24083,""status_code"":200,""error_category"":null,""error_message"":null,""usage"":{""input_tokens"":1015,""output_tokens"":9,""reasoning_tokens"":null,""cached_tokens"":null,""cache_write_tokens"":null,""total_tokens"":1024},""cost_usd"":0.00011471,""generation_id"":""gen-1786875230-tz5saVkbRgJePgSrNarQ"",""response_cache_status"":""UNKNOWN"",""observed_provider"":""Groq"",""observed_endpoint"":null,""observed_quantization"":null}],""response_cache_status"":""UNKNOWN"",""raw_action_valid"":true,""action_received"":""QUERY"",""value"":""ABCDFGG"",""action_applied"":""QUERY"",""feedback"":{""exact"":3,""misplaced"":2},""credits_remaining"":2},{""step"":10,""credits_before"":2,""http_attempts"":[{""attempt_number"":1,""started_at"":""2026-08-16T10:14:54.316Z"",""finished_at"":""2026-08-16T10:15:18.362Z"",""duration_ms"":24046,""status_code"":200,""error_category"":null,""error_message"":null,""usage"":{""input_tokens"":1058,""output_tokens"":9,""reasoning_tokens"":null,""cached_tokens"":null,""cache_write_tokens"":null,""total_tokens"":1067},""cost_usd"":0.00011944,""generation_id"":""gen-1786875317-xFv6MPuIB0oFaBsj3zs4"",""response_cache_status"":""UNKNOWN"",""observed_provider"":""Groq"",""observed_endpoint"":null,""observed_quantization"":null}],""response_cache_status"":""UNKNOWN"",""raw_action_valid"":true,""action_received"":""QUERY"",""value"":""ABCDFGH"",""action_applied"":""QUERY"",""feedback"":{""exact"":2,""misplaced"":3},""credits_remaining"":1},{""step"":11,""credits_before"":1,""http_attempts"":[{""attempt_number"":1,""started_at"":""2026-08-16T10:15:57.415Z"",""finished_at"":""2026-08-16T10:16:21.475Z"",""duration_ms"":24061,""status_code"":200,""error_category"":null,""error_message"":null,""usage"":{""input_tokens"":1101,""output_tokens"":10,""reasoning_tokens"":null,""cached_tokens"":null,""cache_write_tokens"":null,""total_tokens"":1111},""cost_usd"":0.00012451,""generation_id"":""gen-1786875380-oA0XDFZRdlHpHyuimm6j"",""response_cache_status"":""UNKNOWN"",""observed_provider"":""Groq"",""observed_endpoint"":null,""observed_quantization"":null}],""response_cache_status"":""UNKNOWN"",""raw_action_valid"":true,""action_received"":""SUBMIT"",""value"":""ABCDFGH"",""action_applied"":""SUBMIT"",""coerced_at_zero_credits"":false,""credits_remaining"":1}]"
c1721919-4800-4000-a2e3-e9b5ae3cdd5b,c1721919-4800-4000-a2e3-e9b5ae3cdd5b,1,,6,scout,llama-4-scout,meta-llama/llama-4-scout,groq,Groq,groq,,,,D,none,2026-08-16T09:57:26.665Z,2026-08-16T10:16:24.461Z,1137797,7263c69a53507dad5a28591077ff111e,bfd32bbce96fcc9f,DGFDDHH,7,10,10,9,1,ABCDEFG,1,0.14285714285714285,false,partial,11,11,0,1,6111,212,,,,6323,0.00074429,true,true,false,35eb269349366de62767de54014a2ee9e18f1c8ac55a4d1100739e287293bf0b,"{""max_tokens"":4096,""temperature"":null,""top_p"":null,""top_k"":null,""min_p"":null,""seed"":null,""reasoning"":null,""thinking"":null}","{""endpoint_slug"":""groq"",""quantizations"":null,""allow_fallbacks"":false,""require_parameters"":true}",completed,true,[],,,response must be exactly QUERY <symbols> or SUBMIT <symbols>,"[{""step"":1,""credits_before"":10,""http_attempts"":[{""attempt_number"":1,""started_at"":""2026-08-16T09:57:26.665Z"",""finished_at"":""2026-08-16T09:57:50.044Z"",""duration_ms"":23380,""status_code"":200,""error_category"":null,""error_message"":null,""usage"":{""input_tokens"":236,""output_tokens"":121,""reasoning_tokens"":null,""cached_tokens"":null,""cache_write_tokens"":null,""total_tokens"":357},""cost_usd"":6.71e-05,""generation_id"":""gen-1786874268-tiamC5vUteVJsIYE94an"",""response_cache_status"":""UNKNOWN"",""observed_provider"":""Groq"",""observed_endpoint"":null,""observed_quantization"":null}],""response_cache_status"":""UNKNOWN"",""raw_action_valid"":false,""action"":null,""parse_error"":""response must be exactly QUERY <symbols> or SUBMIT <symbols>"",""consecutive_invalid_responses"":1},{""step"":2,""credits_before"":10,""http_attempts"":[{""attempt_number"":1,""started_at"":""2026-08-16T10:00:55.941Z"",""finished_at"":""2026-08-16T10:01:19.928Z"",""duration_ms"":23987,""status_code"":200,""error_category"":null,""error_message"":null,""usage"":{""input_tokens"":394,""output_tokens"":9,""reasoning_tokens"":null,""cached_tokens"":null,""cache_write_tokens"":null,""total_tokens"":403},""cost_usd"":4.64e-05,""generation_id"":""gen-1786874478-NrRQHseTifNWD0GkGzfT"",""response_cache_status"":""UNKNOWN"",""observed_provider"":""Groq"",""observed_endpoint"":null,""observed_quantization"":null}],""response_cache_status"":""UNKNOWN"",""raw_action_valid"":true,""action_received"":""QUERY"",""value"":""ABCDEFG"",""action_applied"":""QUERY"",""feedback"":{""exact"":1,""misplaced"":2},""credits_remaining"":9},{""step"":3,""credits_before"":9,""http_attempts"":[{""attempt_number"":1,""started_at"":""2026-08-16T10:02:50.397Z"",""finished_at"":""2026-08-16T10:03:14.280Z"",""duration_ms"":23884,""status_code"":200,""error_category"":null,""error_message"":null,""usage"":{""input_tokens"":437,""output_tokens"":9,""reasoning_tokens"":null,""cached_tokens"":null,""cache_write_tokens"":null,""total_tokens"":446},""cost_usd"":5.113e-05,""generation_id"":""gen-1786874593-KKxp4U5XftuF7pbUfB3X"",""response_cache_status"":""UNKNOWN"",""observed_provider"":""Groq"",""observed_endpoint"":null,""observed_quantization"":null}],""response_cache_status"":""UNKNOWN"",""raw_action_valid"":true,""action_received"":""QUERY"",""value"":""ABCDEGF"",""action_applied"":""QUERY"",""feedback"":{""exact"":1,""misplaced"":2},""credits_remaining"":8},{""step"":4,""credits_before"":8,""http_attempts"":[{""attempt_number"":1,""started_at"":""2026-08-16T10:04:50.133Z"",""finished_at"":""2026-08-16T10:05:14.355Z"",""duration_ms"":24222,""status_code"":200,""error_category"":null,""error_message"":null,""usage"":{""input_tokens"":480,""output_tokens"":9,""reasoning_tokens"":null,""cached_tokens"":null,""cache_write_tokens"":null,""total_tokens"":489},""cost_usd"":5.586e-05,""generation_id"":""gen-1786874713-2RpIqlgaWPxBjV8bbLsI"",""response_cache_status"":""UNKNOWN"",""observed_provider"":""Groq"",""observed_endpoint"":null,""observed_quantization"":null}],""response_cache_status"":""UNKNOWN"",""raw_action_valid"":true,""action_received"":""QUERY"",""value"":""ABCDEFG"",""action_applied"":""QUERY"",""feedback"":{""exact"":1,""misplaced"":2},""credits_remaining"":7},{""step"":5,""credits_before"":7,""http_attempts"":[{""attempt_number"":1,""started_at"":""2026-08-16T10:06:41.312Z"",""finished_at"":""2026-08-16T10:07:05.269Z"",""duration_ms"":23956,""status_code"":200,""error_category"":null,""error_message"":null,""usage"":{""input_tokens"":523,""output_tokens"":9,""reasoning_tokens"":null,""cached_tokens"":null,""cache_write_tokens"":null,""total_tokens"":532},""cost_usd"":6.059e-05,""generation_id"":""gen-1786874824-6RXEDfCYTc3UjQnA0ASh"",""response_cache_status"":""UNKNOWN"",""observed_provider"":""Groq"",""observed_endpoint"":null,""observed_quantization"":null}],""response_cache_status"":""UNKNOWN"",""raw_action_valid"":true,""action_received"":""QUERY"",""value"":""ABCDEGF"",""action_applied"":""QUERY"",""feedback"":{""exact"":1,""misplaced"":2},""credits_remaining"":6},{""step"":6,""credits_before"":6,""http_attempts"":[{""attempt_number"":1,""started_at"":""2026-08-16T10:08:32.476Z"",""finished_at"":""2026-08-16T10:08:56.630Z"",""duration_ms"":24154,""status_code"":200,""error_category"":null,""error_message"":null,""usage"":{""input_tokens"":566,""output_tokens"":9,""reasoning_tokens"":null,""cached_tokens"":null,""cache_write_tokens"":null,""total_tokens"":575},""cost_usd"":6.532e-05,""generation_id"":""gen-1786874935-dKmzhiajoeS0qIwDNsSo"",""response_cache_status"":""UNKNOWN"",""observed_provider"":""Groq"",""observed_endpoint"":null,""observed_quantization"":null}],""response_cache_status"":""UNKNOWN"",""raw_action_valid"":true,""action_received"":""QUERY"",""value"":""ABCDEFG"",""action_applied"":""QUERY"",""feedback"":{""exact"":1,""misplaced"":2},""credits_remaining"":5},{""step"":7,""credits_before"":5,""http_attempts"":[{""attempt_number"":1,""started_at"":""2026-08-16T10:10:20.800Z"",""finished_at"":""2026-08-16T10:10:44.726Z"",""duration_ms"":23927,""status_code"":200,""error_category"":null,""error_message"":null,""usage"":{""input_tokens"":609,""output_tokens"":9,""reasoning_tokens"":null,""cached_tokens"":null,""cache_write_tokens"":null,""total_tokens"":618},""cost_usd"":7.005e-05,""generation_id"":""gen-1786875043-6h6mSRLgDvbUfSOHqskt"",""response_cache_status"":""UNKNOWN"",""observed_provider"":""Groq"",""observed_endpoint"":null,""observed_quantization"":null}],""response_cache_status"":""UNKNOWN"",""raw_action_valid"":true,""action_received"":""QUERY"",""value"":""ABCDEGF"",""action_applied"":""QUERY"",""feedback"":{""exact"":1,""misplaced"":2},""credits_remaining"":4},{""step"":8,""credits_before"":4,""http_attempts"":[{""attempt_number"":1,""started_at"":""2026-08-16T10:12:02.859Z"",""finished_at"":""2026-08-16T10:12:26.907Z"",""duration_ms"":24048,""status_code"":200,""error_category"":null,""error_message"":null,""usage"":{""input_tokens"":652,""output_tokens"":9,""reasoning_tokens"":null,""cached_tokens"":null,""cache_write_tokens"":null,""total_tokens"":661},""cost_usd"":7.478e-05,""generation_id"":""gen-1786875145-vwF88eYNOfbNEcVm3TMW"",""response_cache_status"":""UNKNOWN"",""observed_provider"":""Groq"",""observed_endpoint"":null,""observed_quantization"":null}],""response_cache_status"":""UNKNOWN"",""raw_action_valid"":true,""action_received"":""QUERY"",""value"":""ABCDEFG"",""action_applied"":""QUERY"",""feedback"":{""exact"":1,""misplaced"":2},""credits_remaining"":3},{""step"":9,""credits_before"":3,""http_attempts"":[{""attempt_number"":1,""started_at"":""2026-08-16T10:13:33.053Z"",""finished_at"":""2026-08-16T10:13:57.117Z"",""duration_ms"":24065,""status_code"":200,""error_category"":null,""error_message"":null,""usage"":{""input_tokens"":695,""output_tokens"":9,""reasoning_tokens"":null,""cached_tokens"":null,""cache_write_tokens"":null,""total_tokens"":704},""cost_usd"":7.951e-05,""generation_id"":""gen-1786875236-q0iFklyreGfIEOHStYJi"",""response_cache_status"":""UNKNOWN"",""observed_provider"":""Groq"",""observed_endpoint"":null,""observed_quantization"":null}],""response_cache_status"":""UNKNOWN"",""raw_action_valid"":true,""action_received"":""QUERY"",""value"":""ABCDEGF"",""action_applied"":""QUERY"",""feedback"":{""exact"":1,""misplaced"":2},""credits_remaining"":2},{""step"":10,""credits_before"":2,""http_attempts"":[{""attempt_number"":1,""started_at"":""2026-08-16T10:14:57.317Z"",""finished_at"":""2026-08-16T10:15:21.393Z"",""duration_ms"":24076,""status_code"":200,""error_category"":null,""error_message"":null,""usage"":{""input_tokens"":738,""output_tokens"":9,""reasoning_tokens"":null,""cached_tokens"":null,""cache_write_tokens"":null,""total_tokens"":747},""cost_usd"":8.424e-05,""generation_id"":""gen-1786875320-6Y0vYLovKBc48hooGjkx"",""response_cache_status"":""UNKNOWN"",""observed_provider"":""Groq"",""observed_endpoint"":null,""observed_quantization"":null}],""response_cache_status"":""UNKNOWN"",""raw_action_valid"":true,""action_received"":""QUERY"",""value"":""ABCDEFG"",""action_applied"":""QUERY"",""feedback"":{""exact"":1,""misplaced"":2},""credits_remaining"":1},{""step"":11,""credits_before"":1,""http_attempts"":[{""attempt_number"":1,""started_at"":""2026-08-16T10:16:00.431Z"",""finished_at"":""2026-08-16T10:16:24.461Z"",""duration_ms"":24029,""status_code"":200,""error_category"":null,""error_message"":null,""usage"":{""input_tokens"":781,""output_tokens"":10,""reasoning_tokens"":null,""cached_tokens"":null,""cache_write_tokens"":null,""total_tokens"":791},""cost_usd"":8.931e-05,""generation_id"":""gen-1786875383-BkKTu2HBczrmHoBAWWlE"",""response_cache_status"":""UNKNOWN"",""observed_provider"":""Groq"",""observed_endpoint"":null,""observed_quantization"":null}],""response_cache_status"":""UNKNOWN"",""raw_action_valid"":true,""action_received"":""SUBMIT"",""value"":""ABCDEFG"",""action_applied"":""SUBMIT"",""coerced_at_zero_credits"":false,""credits_remaining"":1}]"
49779b95-8614-4cdb-8502-a04468218d1c,49779b95-8614-4cdb-8502-a04468218d1c,1,,5,scout,llama-4-scout,meta-llama/llama-4-scout,groq,Groq,groq,,,,B,same_model_instance,2026-08-16T09:57:58.757Z,2026-08-16T10:16:27.528Z,1108772,7263c69a53507dad5a28591077ff111e,2745a6327d4727fa,HGGGADC,7,10,10,9,1,BCDEFGJ,0,0.0,false,partial,11,11,0,1,9460,515,,,,9975,0.0012156999999999997,true,true,false,beac9c73922a2ffe8812688677869d60b795a42f7917e7d966869980810162d3,"{""max_tokens"":4096,""temperature"":null,""top_p"":null,""top_k"":null,""min_p"":null,""seed"":null,""reasoning"":null,""thinking"":null}","{""endpoint_slug"":""groq"",""quantizations"":null,""allow_fallbacks"":false,""require_parameters"":true}",completed,true,[],,,response must be exactly QUERY <symbols> or SUBMIT <symbols>,"[{""step"":1,""credits_before"":10,""http_attempts"":[{""attempt_number"":1,""started_at"":""2026-08-16T09:57:58.757Z"",""finished_at"":""2026-08-16T09:58:23.679Z"",""duration_ms"":24922,""status_code"":200,""error_category"":null,""error_message"":null,""usage"":{""input_tokens"":265,""output_tokens"":424,""reasoning_tokens"":null,""cached_tokens"":null,""cache_write_tokens"":null,""total_tokens"":689},""cost_usd"":0.00017331,""generation_id"":""gen-1786874301-N5HVYW9Rk6U5uFfWM7OG"",""response_cache_status"":""UNKNOWN"",""observed_provider"":""Groq"",""observed_endpoint"":null,""observed_quantization"":null}],""response_cache_status"":""UNKNOWN"",""raw_action_valid"":false,""action"":null,""parse_error"":""response must be exactly QUERY <symbols> or SUBMIT <symbols>"",""consecutive_invalid_responses"":1},{""step"":2,""credits_before"":10,""http_attempts"":[{""attempt_number"":1,""started_at"":""2026-08-16T10:01:11.063Z"",""finished_at"":""2026-08-16T10:01:34.952Z"",""duration_ms"":23888,""status_code"":200,""error_category"":null,""error_message"":null,""usage"":{""input_tokens"":726,""output_tokens"":9,""reasoning_tokens"":null,""cached_tokens"":null,""cache_write_tokens"":null,""total_tokens"":735},""cost_usd"":8.292e-05,""generation_id"":""gen-1786874493-bAuruU11RnESY1WBnVz2"",""response_cache_status"":""UNKNOWN"",""observed_provider"":""Groq"",""observed_endpoint"":null,""observed_quantization"":null}],""response_cache_status"":""UNKNOWN"",""raw_action_valid"":true,""action_received"":""QUERY"",""value"":""ABCDEFG"",""action_applied"":""QUERY"",""feedback"":{""exact"":0,""misplaced"":4},""credits_remaining"":9},{""step"":3,""credits_before"":9,""http_attempts"":[{""attempt_number"":1,""started_at"":""2026-08-16T10:03:08.549Z"",""finished_at"":""2026-08-16T10:03:32.707Z"",""duration_ms"":24158,""status_code"":200,""error_category"":null,""error_message"":null,""usage"":{""input_tokens"":769,""output_tokens"":9,""reasoning_tokens"":null,""cached_tokens"":null,""cache_write_tokens"":null,""total_tokens"":778},""cost_usd"":8.765e-05,""generation_id"":""gen-1786874611-rznsaXM68QuHfryiaOoP"",""response_cache_status"":""UNKNOWN"",""observed_provider"":""Groq"",""observed_endpoint"":null,""observed_quantization"":null}],""response_cache_status"":""UNKNOWN"",""raw_action_valid"":true,""action_received"":""QUERY"",""value"":""ABCDEFH"",""action_applied"":""QUERY"",""feedback"":{""exact"":0,""misplaced"":4},""credits_remaining"":8},{""step"":4,""credits_before"":8,""http_attempts"":[{""attempt_number"":1,""started_at"":""2026-08-16T10:05:05.537Z"",""finished_at"":""2026-08-16T10:05:29.222Z"",""duration_ms"":23686,""status_code"":200,""error_category"":null,""error_message"":null,""usage"":{""input_tokens"":812,""output_tokens"":9,""reasoning_tokens"":null,""cached_tokens"":null,""cache_write_tokens"":null,""total_tokens"":821},""cost_usd"":9.238e-05,""generation_id"":""gen-1786874728-T1sNMpnwbic5HHQUgH8n"",""response_cache_status"":""UNKNOWN"",""observed_provider"":""Groq"",""observed_endpoint"":null,""observed_quantization"":null}],""response_cache_status"":""UNKNOWN"",""raw_action_valid"":true,""action_received"":""QUERY"",""value"":""ABCDEGH"",""action_applied"":""QUERY"",""feedback"":{""exact"":0,""misplaced"":5},""credits_remaining"":7},{""step"":5,""credits_before"":7,""http_attempts"":[{""attempt_number"":1,""started_at"":""2026-08-16T10:06:56.258Z"",""finished_at"":""2026-08-16T10:07:20.411Z"",""duration_ms"":24153,""status_code"":200,""error_category"":null,""error_message"":null,""usage"":{""input_tokens"":855,""output_tokens"":9,""reasoning_tokens"":null,""cached_tokens"":null,""cache_write_tokens"":null,""total_tokens"":864},""cost_usd"":9.711e-05,""generation_id"":""gen-1786874839-m1DncgMmspvJXrU4oNHa"",""response_cache_status"":""UNKNOWN"",""observed_provider"":""Groq"",""observed_endpoint"":null,""observed_quantization"":null}],""response_cache_status"":""UNKNOWN"",""raw_action_valid"":true,""action_received"":""QUERY"",""value"":""ABCDFGH"",""action_applied"":""QUERY"",""feedback"":{""exact"":0,""misplaced"":5},""credits_remaining"":6},{""step"":6,""credits_before"":6,""http_attempts"":[{""attempt_number"":1,""started_at"":""2026-08-16T10:08:47.621Z"",""finished_at"":""2026-08-16T10:09:11.552Z"",""duration_ms"":23931,""status_code"":200,""error_category"":null,""error_message"":null,""usage"":{""input_tokens"":898,""output_tokens"":9,""reasoning_tokens"":null,""cached_tokens"":null,""cache_write_tokens"":null,""total_tokens"":907},""cost_usd"":0.00010184,""generation_id"":""gen-1786874950-vF0bCW2ZWU3JlPfmeulj"",""response_cache_status"":""UNKNOWN"",""observed_provider"":""Groq"",""observed_endpoint"":null,""observed_quantization"":null}],""response_cache_status"":""UNKNOWN"",""raw_action_valid"":true,""action_received"":""QUERY"",""value"":""ABCEFGH"",""action_applied"":""QUERY"",""feedback"":{""exact"":0,""misplaced"":4},""credits_remaining"":5},{""step"":7,""credits_before"":5,""http_attempts"":[{""attempt_number"":1,""started_at"":""2026-08-16T10:10:35.719Z"",""finished_at"":""2026-08-16T10:10:59.811Z"",""duration_ms"":24092,""status_code"":200,""error_category"":null,""error_message"":null,""usage"":{""input_tokens"":941,""output_tokens"":9,""reasoning_tokens"":null,""cached_tokens"":null,""cache_write_tokens"":null,""total_tokens"":950},""cost_usd"":0.00010657,""generation_id"":""gen-1786875058-aWrk9bJrbNQYRag06PEk"",""response_cache_status"":""UNKNOWN"",""observed_provider"":""Groq"",""observed_endpoint"":null,""observed_quantization"":null}],""response_cache_status"":""UNKNOWN"",""raw_action_valid"":true,""action_received"":""QUERY"",""value"":""ABDEFGH"",""action_applied"":""QUERY"",""feedback"":{""exact"":0,""misplaced"":4},""credits_remaining"":4},{""step"":8,""credits_before"":4,""http_attempts"":[{""attempt_number"":1,""started_at"":""2026-08-16T10:12:17.906Z"",""finished_at"":""2026-08-16T10:12:41.969Z"",""duration_ms"":24064,""status_code"":200,""error_category"":null,""error_message"":null,""usage"":{""input_tokens"":984,""output_tokens"":9,""reasoning_tokens"":null,""cached_tokens"":null,""cache_write_tokens"":null,""total_tokens"":993},""cost_usd"":0.0001113,""generation_id"":""gen-1786875160-McCzqaXCwY5wBGnkvkC6"",""response_cache_status"":""UNKNOWN"",""observed_provider"":""Groq"",""observed_endpoint"":null,""observed_quantization"":null}],""response_cache_status"":""UNKNOWN"",""raw_action_valid"":true,""action_received"":""QUERY"",""value"":""ACDEFGH"",""action_applied"":""QUERY"",""feedback"":{""exact"":0,""misplaced"":5},""credits_remaining"":3},{""step"":9,""credits_before"":3,""http_attempts"":[{""attempt_number"":1,""started_at"":""2026-08-16T10:13:48.143Z"",""finished_at"":""2026-08-16T10:14:12.178Z"",""duration_ms"":24035,""status_code"":200,""error_category"":null,""error_message"":null,""usage"":{""input_tokens"":1027,""output_tokens"":9,""reasoning_tokens"":null,""cached_tokens"":null,""cache_write_tokens"":null,""total_tokens"":1036},""cost_usd"":0.00011603,""generation_id"":""gen-1786875251-L8hQBh72wdsUVfCRWY9H"",""response_cache_status"":""UNKNOWN"",""observed_provider"":""Groq"",""observed_endpoint"":null,""observed_quantization"":null}],""response_cache_status"":""UNKNOWN"",""raw_action_valid"":true,""action_received"":""QUERY"",""value"":""ACDEFGJ"",""action_applied"":""QUERY"",""feedback"":{""exact"":0,""misplaced"":4},""credits_remaining"":2},{""step"":10,""credits_before"":2,""http_attempts"":[{""attempt_number"":1,""started_at"":""2026-08-16T10:15:06.374Z"",""finished_at"":""2026-08-16T10:15:30.483Z"",""duration_ms"":24109,""status_code"":200,""error_category"":null,""error_message"":null,""usage"":{""input_tokens"":1070,""output_tokens"":9,""reasoning_tokens"":null,""cached_tokens"":null,""cache_write_tokens"":null,""total_tokens"":1079},""cost_usd"":0.00012076,""generation_id"":""gen-1786875329-yxmKDxezDidNKRczqbnX"",""response_cache_status"":""UNKNOWN"",""observed_provider"":""Groq"",""observed_endpoint"":null,""observed_quantization"":null}],""response_cache_status"":""UNKNOWN"",""raw_action_valid"":true,""action_received"":""QUERY"",""value"":""BCDEFGJ"",""action_applied"":""QUERY"",""feedback"":{""exact"":0,""misplaced"":3},""credits_remaining"":1},{""step"":11,""credits_before"":1,""http_attempts"":[{""attempt_number"":1,""started_at"":""2026-08-16T10:16:03.485Z"",""finished_at"":""2026-08-16T10:16:27.528Z"",""duration_ms"":24043,""status_code"":200,""error_category"":null,""error_message"":null,""usage"":{""input_tokens"":1113,""output_tokens"":10,""reasoning_tokens"":null,""cached_tokens"":null,""cache_write_tokens"":null,""total_tokens"":1123},""cost_usd"":0.00012583,""generation_id"":""gen-1786875386-T2HavItJJO4A4HKhyrq5"",""response_cache_status"":""UNKNOWN"",""observed_provider"":""Groq"",""observed_endpoint"":null,""observed_quantization"":null}],""response_cache_status"":""UNKNOWN"",""raw_action_valid"":true,""action_received"":""SUBMIT"",""value"":""BCDEFGJ"",""action_applied"":""SUBMIT"",""coerced_at_zero_credits"":false,""credits_remaining"":1}]"
3affac06-46ff-4e43-b048-5f707b797c34,3affac06-46ff-4e43-b048-5f707b797c34,1,,19,scout,llama-4-scout,meta-llama/llama-4-scout,groq,Groq,groq,,,,D,none,2026-08-16T09:58:38.581Z,2026-08-16T10:16:36.499Z,1077918,7263c69a53507dad5a28591077ff111e,4789b1326537a02f,IFFJEDA,7,10,10,9,1,GDABCEF,0,0.0,false,partial,11,11,0,1,6701,271,,,,6972,0.0008292500000000001,true,true,false,35eb269349366de62767de54014a2ee9e18f1c8ac55a4d1100739e287293bf0b,"{""max_tokens"":4096,""temperature"":null,""top_p"":null,""top_k"":null,""min_p"":null,""seed"":null,""reasoning"":null,""thinking"":null}","{""endpoint_slug"":""groq"",""quantizations"":null,""allow_fallbacks"":false,""require_parameters"":true}",completed,true,[],,,response must be exactly QUERY <symbols> or SUBMIT <symbols>,"[{""step"":1,""credits_before"":10,""http_attempts"":[{""attempt_number"":1,""started_at"":""2026-08-16T09:58:38.581Z"",""finished_at"":""2026-08-16T09:59:02.167Z"",""duration_ms"":23585,""status_code"":200,""error_category"":null,""error_message"":null,""usage"":{""input_tokens"":236,""output_tokens"":180,""reasoning_tokens"":null,""cached_tokens"":null,""cache_write_tokens"":null,""total_tokens"":416},""cost_usd"":8.716e-05,""generation_id"":""gen-1786874340-9Tc6ahFpnaAJoUNlTc8k"",""response_cache_status"":""UNKNOWN"",""observed_provider"":""Groq"",""observed_endpoint"":null,""observed_quantization"":null}],""response_cache_status"":""UNKNOWN"",""raw_action_valid"":false,""action"":null,""parse_error"":""response must be exactly QUERY <symbols> or SUBMIT <symbols>"",""consecutive_invalid_responses"":1},{""step"":2,""credits_before"":10,""http_attempts"":[{""attempt_number"":1,""started_at"":""2026-08-16T10:01:29.292Z"",""finished_at"":""2026-08-16T10:01:52.963Z"",""duration_ms"":23672,""status_code"":200,""error_category"":null,""error_message"":null,""usage"":{""input_tokens"":453,""output_tokens"":9,""reasoning_tokens"":null,""cached_tokens"":null,""cache_write_tokens"":null,""total_tokens"":462},""cost_usd"":5.289e-05,""generation_id"":""gen-1786874512-PdF7HJpTGihr8bDOSRiD"",""response_cache_status"":""UNKNOWN"",""observed_provider"":""Groq"",""observed_endpoint"":null,""observed_quantization"":null}],""response_cache_status"":""UNKNOWN"",""raw_action_valid"":true,""action_received"":""QUERY"",""value"":""ABCDEFG"",""action_applied"":""QUERY"",""feedback"":{""exact"":1,""misplaced"":3},""credits_remaining"":9},{""step"":3,""credits_before"":9,""http_attempts"":[{""attempt_number"":1,""started_at"":""2026-08-16T10:03:26.635Z"",""finished_at"":""2026-08-16T10:03:50.131Z"",""duration_ms"":23496,""status_code"":200,""error_category"":null,""error_message"":null,""usage"":{""input_tokens"":496,""output_tokens"":9,""reasoning_tokens"":null,""cached_tokens"":null,""cache_write_tokens"":null,""total_tokens"":505},""cost_usd"":5.762e-05,""generation_id"":""gen-1786874629-F2xAMrYO7yH1bZojqhzi"",""response_cache_status"":""UNKNOWN"",""observed_provider"":""Groq"",""observed_endpoint"":null,""observed_quantization"":null}],""response_cache_status"":""UNKNOWN"",""raw_action_valid"":true,""action_received"":""QUERY"",""value"":""ABCGFED"",""action_applied"":""QUERY"",""feedback"":{""exact"":0,""misplaced"":4},""credits_remaining"":8},{""step"":4,""credits_before"":8,""http_attempts"":[{""attempt_number"":1,""started_at"":""2026-08-16T10:05:20.174Z"",""finished_at"":""2026-08-16T10:05:44.186Z"",""duration_ms"":24012,""status_code"":200,""error_category"":null,""error_message"":null,""usage"":{""input_tokens"":539,""output_tokens"":9,""reasoning_tokens"":null,""cached_tokens"":null,""cache_write_tokens"":null,""total_tokens"":548},""cost_usd"":6.235e-05,""generation_id"":""gen-1786874743-W2P5XVprpIYcS3qCAIOT"",""response_cache_status"":""UNKNOWN"",""observed_provider"":""Groq"",""observed_endpoint"":null,""observed_quantization"":null}],""response_cache_status"":""UNKNOWN"",""raw_action_valid"":true,""action_received"":""QUERY"",""value"":""ABGCFED"",""action_applied"":""QUERY"",""feedback"":{""exact"":0,""misplaced"":4},""credits_remaining"":7},{""step"":5,""credits_before"":7,""http_attempts"":[{""attempt_number"":1,""started_at"":""2026-08-16T10:07:11.293Z"",""finished_at"":""2026-08-16T10:07:35.326Z"",""duration_ms"":24033,""status_code"":200,""error_category"":null,""error_message"":null,""usage"":{""input_tokens"":582,""output_tokens"":9,""reasoning_tokens"":null,""cached_tokens"":null,""cache_write_tokens"":null,""total_tokens"":591},""cost_usd"":6.708e-05,""generation_id"":""gen-1786874854-Kj48WrEFPWMRIlh2be19"",""response_cache_status"":""UNKNOWN"",""observed_provider"":""Groq"",""observed_endpoint"":null,""observed_quantization"":null}],""response_cache_status"":""UNKNOWN"",""raw_action_valid"":true,""action_received"":""QUERY"",""value"":""AGBCFED"",""action_applied"":""QUERY"",""feedback"":{""exact"":0,""misplaced"":4},""credits_remaining"":6},{""step"":6,""credits_before"":6,""http_attempts"":[{""attempt_number"":1,""started_at"":""2026-08-16T10:09:02.543Z"",""finished_at"":""2026-08-16T10:09:26.572Z"",""duration_ms"":24029,""status_code"":200,""error_category"":null,""error_message"":null,""usage"":{""input_tokens"":625,""output_tokens"":9,""reasoning_tokens"":null,""cached_tokens"":null,""cache_write_tokens"":null,""total_tokens"":634},""cost_usd"":7.181e-05,""generation_id"":""gen-1786874965-fz0ffJiqNRd31gXLndrY"",""response_cache_status"":""UNKNOWN"",""observed_provider"":""Groq"",""observed_endpoint"":null,""observed_quantization"":null}],""response_cache_status"":""UNKNOWN"",""raw_action_valid"":true,""action_received"":""QUERY"",""value"":""GABCFED"",""action_applied"":""QUERY"",""feedback"":{""exact"":0,""misplaced"":4},""credits_remaining"":5},{""step"":7,""credits_before"":5,""http_attempts"":[{""attempt_number"":1,""started_at"":""2026-08-16T10:10:50.749Z"",""finished_at"":""2026-08-16T10:11:14.770Z"",""duration_ms"":24021,""status_code"":200,""error_category"":null,""error_message"":null,""usage"":{""input_tokens"":668,""output_tokens"":9,""reasoning_tokens"":null,""cached_tokens"":null,""cache_write_tokens"":null,""total_tokens"":677},""cost_usd"":7.654e-05,""generation_id"":""gen-1786875073-IP4ma6hmqJvvb248yigV"",""response_cache_status"":""UNKNOWN"",""observed_provider"":""Groq"",""observed_endpoint"":null,""observed_quantization"":null}],""response_cache_status"":""UNKNOWN"",""raw_action_valid"":true,""action_received"":""QUERY"",""value"":""GABCDEF"",""action_applied"":""QUERY"",""feedback"":{""exact"":0,""misplaced"":4},""credits_remaining"":4},{""step"":8,""credits_before"":4,""http_attempts"":[{""attempt_number"":1,""started_at"":""2026-08-16T10:12:33.059Z"",""finished_at"":""2026-08-16T10:12:56.959Z"",""duration_ms"":23900,""status_code"":200,""error_category"":null,""error_message"":null,""usage"":{""input_tokens"":711,""output_tokens"":9,""reasoning_tokens"":null,""cached_tokens"":null,""cache_write_tokens"":null,""total_tokens"":720},""cost_usd"":8.127e-05,""generation_id"":""gen-1786875175-n8rztzmG4EQKysukrx6H"",""response_cache_status"":""UNKNOWN"",""observed_provider"":""Groq"",""observed_endpoint"":null,""observed_quantization"":null}],""response_cache_status"":""UNKNOWN"",""raw_action_valid"":true,""action_received"":""QUERY"",""value"":""GABDCEF"",""action_applied"":""QUERY"",""feedback"":{""exact"":0,""misplaced"":4},""credits_remaining"":3},{""step"":9,""credits_before"":3,""http_attempts"":[{""attempt_number"":1,""started_at"":""2026-08-16T10:14:03.149Z"",""finished_at"":""2026-08-16T10:14:27.255Z"",""duration_ms"":24106,""status_code"":200,""error_category"":null,""error_message"":null,""usage"":{""input_tokens"":754,""output_tokens"":9,""reasoning_tokens"":null,""cached_tokens"":null,""cache_write_tokens"":null,""total_tokens"":763},""cost_usd"":8.6e-05,""generation_id"":""gen-1786875266-paa8U0QGQieacRymIV44"",""response_cache_status"":""UNKNOWN"",""observed_provider"":""Groq"",""observed_endpoint"":null,""observed_quantization"":null}],""response_cache_status"":""UNKNOWN"",""raw_action_valid"":true,""action_received"":""QUERY"",""value"":""GADBCEF"",""action_applied"":""QUERY"",""feedback"":{""exact"":0,""misplaced"":4},""credits_remaining"":2},{""step"":10,""credits_before"":2,""http_attempts"":[{""attempt_number"":1,""started_at"":""2026-08-16T10:15:18.363Z"",""finished_at"":""2026-08-16T10:15:42.902Z"",""duration_ms"":24539,""status_code"":200,""error_category"":null,""error_message"":null,""usage"":{""input_tokens"":797,""output_tokens"":9,""reasoning_tokens"":null,""cached_tokens"":null,""cache_write_tokens"":null,""total_tokens"":806},""cost_usd"":9.073e-05,""generation_id"":""gen-1786875341-NC8vgweeXLrBssauCdGm"",""response_cache_status"":""UNKNOWN"",""observed_provider"":""Groq"",""observed_endpoint"":null,""observed_quantization"":null}],""response_cache_status"":""UNKNOWN"",""raw_action_valid"":true,""action_received"":""QUERY"",""value"":""GDABCEF"",""action_applied"":""QUERY"",""feedback"":{""exact"":0,""misplaced"":4},""credits_remaining"":1},{""step"":11,""credits_before"":1,""http_attempts"":[{""attempt_number"":1,""started_at"":""2026-08-16T10:16:12.463Z"",""finished_at"":""2026-08-16T10:16:36.499Z"",""duration_ms"":24036,""status_code"":200,""error_category"":null,""error_message"":null,""usage"":{""input_tokens"":840,""output_tokens"":10,""reasoning_tokens"":null,""cached_tokens"":null,""cache_write_tokens"":null,""total_tokens"":850},""cost_usd"":9.58e-05,""generation_id"":""gen-1786875395-kQoS1OAv4OrN79xGkGYl"",""response_cache_status"":""UNKNOWN"",""observed_provider"":""Groq"",""observed_endpoint"":null,""observed_quantization"":null}],""response_cache_status"":""UNKNOWN"",""raw_action_valid"":true,""action_received"":""SUBMIT"",""value"":""GDABCEF"",""action_applied"":""SUBMIT"",""coerced_at_zero_credits"":false,""credits_remaining"":1}]"
baba5626-afa8-4d31-852c-66fce85c18d1,baba5626-afa8-4d31-852c-66fce85c18d1,1,,10,scout,llama-4-scout,meta-llama/llama-4-scout,groq,Groq,groq,,,,B,same_model_instance,2026-08-16T09:59:11.204Z,2026-08-16T10:16:45.523Z,1054319,7263c69a53507dad5a28591077ff111e,b087eb690892d63e,CJDHJHF,7,10,10,9,1,ACEGIJA,0,0.0,false,partial,11,11,0,1,8940,463,,,,9403,0.00114082,true,true,false,beac9c73922a2ffe8812688677869d60b795a42f7917e7d966869980810162d3,"{""max_tokens"":4096,""temperature"":null,""top_p"":null,""top_k"":null,""min_p"":null,""seed"":null,""reasoning"":null,""thinking"":null}","{""endpoint_slug"":""groq"",""quantizations"":null,""allow_fallbacks"":false,""require_parameters"":true}",completed,true,[],,,response must be exactly QUERY <symbols> or SUBMIT <symbols>,"[{""step"":1,""credits_before"":10,""http_attempts"":[{""attempt_number"":1,""started_at"":""2026-08-16T09:59:11.204Z"",""finished_at"":""2026-08-16T09:59:35.727Z"",""duration_ms"":24522,""status_code"":200,""error_category"":null,""error_message"":null,""usage"":{""input_tokens"":265,""output_tokens"":372,""reasoning_tokens"":null,""cached_tokens"":null,""cache_write_tokens"":null,""total_tokens"":637},""cost_usd"":0.00015563,""generation_id"":""gen-1786874373-8Zt47Cbi5Zu14sf3yj97"",""response_cache_status"":""UNKNOWN"",""observed_provider"":""Groq"",""observed_endpoint"":null,""observed_quantization"":null}],""response_cache_status"":""UNKNOWN"",""raw_action_valid"":false,""action"":null,""parse_error"":""response must be exactly QUERY <symbols> or SUBMIT <symbols>"",""consecutive_invalid_responses"":1},{""step"":2,""credits_before"":10,""http_attempts"":[{""attempt_number"":1,""started_at"":""2026-08-16T10:01:41.000Z"",""finished_at"":""2026-08-16T10:02:04.984Z"",""duration_ms"":23983,""status_code"":200,""error_category"":null,""error_message"":null,""usage"":{""input_tokens"":674,""output_tokens"":9,""reasoning_tokens"":null,""cached_tokens"":null,""cache_write_tokens"":null,""total_tokens"":683},""cost_usd"":7.72e-05,""generation_id"":""gen-1786874524-yuk6qwjHVUll9fNlX91N"",""response_cache_status"":""UNKNOWN"",""observed_provider"":""Groq"",""observed_endpoint"":null,""observed_quantization"":null}],""response_cache_status"":""UNKNOWN"",""raw_action_valid"":true,""action_received"":""QUERY"",""value"":""ABCDEFG"",""action_applied"":""QUERY"",""feedback"":{""exact"":0,""misplaced"":3},""credits_remaining"":9},{""step"":3,""credits_before"":9,""http_attempts"":[{""attempt_number"":1,""started_at"":""2026-08-16T10:03:44.084Z"",""finished_at"":""2026-08-16T10:04:08.126Z"",""duration_ms"":24041,""status_code"":200,""error_category"":null,""error_message"":null,""usage"":{""input_tokens"":717,""output_tokens"":9,""reasoning_tokens"":null,""cached_tokens"":null,""cache_write_tokens"":null,""total_tokens"":726},""cost_usd"":8.193e-05,""generation_id"":""gen-1786874647-8Sva5IcS6HCf0z4ALQ94"",""response_cache_status"":""UNKNOWN"",""observed_provider"":""Groq"",""observed_endpoint"":null,""observed_quantization"":null}],""response_cache_status"":""UNKNOWN"",""raw_action_valid"":true,""action_received"":""QUERY"",""value"":""ABCDEFG"",""action_applied"":""QUERY"",""feedback"":{""exact"":0,""misplaced"":3},""credits_remaining"":8},{""step"":4,""credits_before"":8,""http_attempts"":[{""attempt_number"":1,""started_at"":""2026-08-16T10:05:35.169Z"",""finished_at"":""2026-08-16T10:05:59.227Z"",""duration_ms"":24058,""status_code"":200,""error_category"":null,""error_message"":null,""usage"":{""input_tokens"":760,""output_tokens"":9,""reasoning_tokens"":null,""cached_tokens"":null,""cache_write_tokens"":null,""total_tokens"":769},""cost_usd"":8.666e-05,""generation_id"":""gen-1786874758-AiqqH5ifs4ouMqdD4Cv6"",""response_cache_status"":""UNKNOWN"",""observed_provider"":""Groq"",""observed_endpoint"":null,""observed_quantization"":null}],""response_cache_status"":""UNKNOWN"",""raw_action_valid"":true,""action_received"":""QUERY"",""value"":""ABCDEHI"",""action_applied"":""QUERY"",""feedback"":{""exact"":1,""misplaced"":2},""credits_remaining"":7},{""step"":5,""credits_before"":7,""http_attempts"":[{""attempt_number"":1,""started_at"":""2026-08-16T10:07:26.313Z"",""finished_at"":""2026-08-16T10:07:50.352Z"",""duration_ms"":24039,""status_code"":200,""error_category"":null,""error_message"":null,""usage"":{""input_tokens"":803,""output_tokens"":9,""reasoning_tokens"":null,""cached_tokens"":null,""cache_write_tokens"":null,""total_tokens"":812},""cost_usd"":9.139e-05,""generation_id"":""gen-1786874869-6IcXL9vmTUKw2AwJSFBO"",""response_cache_status"":""UNKNOWN"",""observed_provider"":""Groq"",""observed_endpoint"":null,""observed_quantization"":null}],""response_cache_status"":""UNKNOWN"",""raw_action_valid"":true,""action_received"":""QUERY"",""value"":""ABCDEHJ"",""action_applied"":""QUERY"",""feedback"":{""exact"":1,""misplaced"":3},""credits_remaining"":6},{""step"":6,""credits_before"":6,""http_attempts"":[{""attempt_number"":1,""started_at"":""2026-08-16T10:09:14.562Z"",""finished_at"":""2026-08-16T10:09:38.597Z"",""duration_ms"":24035,""status_code"":200,""error_category"":null,""error_message"":null,""usage"":{""input_tokens"":846,""output_tokens"":9,""reasoning_tokens"":null,""cached_tokens"":null,""cache_write_tokens"":null,""total_tokens"":855},""cost_usd"":9.612e-05,""generation_id"":""gen-1786874977-tOVBXF2RWCjMdXBWvvhz"",""response_cache_status"":""UNKNOWN"",""observed_provider"":""Groq"",""observed_endpoint"":null,""observed_quantization"":null}],""response_cache_status"":""UNKNOWN"",""raw_action_valid"":true,""action_received"":""QUERY"",""value"":""ABCDEIJ"",""action_applied"":""QUERY"",""feedback"":{""exact"":0,""misplaced"":3},""credits_remaining"":5},{""step"":7,""credits_before"":5,""http_attempts"":[{""attempt_number"":1,""started_at"":""2026-08-16T10:11:03.055Z"",""finished_at"":""2026-08-16T10:11:26.806Z"",""duration_ms"":23751,""status_code"":200,""error_category"":null,""error_message"":null,""usage"":{""input_tokens"":889,""output_tokens"":9,""reasoning_tokens"":null,""cached_tokens"":null,""cache_write_tokens"":null,""total_tokens"":898},""cost_usd"":0.00010085,""generation_id"":""gen-1786875085-GCkrnNy1QXWETQCnwewF"",""response_cache_status"":""UNKNOWN"",""observed_provider"":""Groq"",""observed_endpoint"":null,""observed_quantization"":null}],""response_cache_status"":""UNKNOWN"",""raw_action_valid"":true,""action_received"":""QUERY"",""value"":""ABCEFIJ"",""action_applied"":""QUERY"",""feedback"":{""exact"":0,""misplaced"":3},""credits_remaining"":4},{""step"":8,""credits_before"":4,""http_attempts"":[{""attempt_number"":1,""started_at"":""2026-08-16T10:12:44.974Z"",""finished_at"":""2026-08-16T10:13:08.977Z"",""duration_ms"":24003,""status_code"":200,""error_category"":null,""error_message"":null,""usage"":{""input_tokens"":932,""output_tokens"":9,""reasoning_tokens"":null,""cached_tokens"":null,""cache_write_tokens"":null,""total_tokens"":941},""cost_usd"":0.00010558,""generation_id"":""gen-1786875187-I17hi1sSOjz4NYhZqvex"",""response_cache_status"":""UNKNOWN"",""observed_provider"":""Groq"",""observed_endpoint"":null,""observed_quantization"":null}],""response_cache_status"":""UNKNOWN"",""raw_action_valid"":true,""action_received"":""QUERY"",""value"":""ABCEFHJ"",""action_applied"":""QUERY"",""feedback"":{""exact"":1,""misplaced"":3},""credits_remaining"":3},{""step"":9,""credits_before"":3,""http_attempts"":[{""attempt_number"":1,""started_at"":""2026-08-16T10:14:15.393Z"",""finished_at"":""2026-08-16T10:14:39.274Z"",""duration_ms"":23881,""status_code"":200,""error_category"":null,""error_message"":null,""usage"":{""input_tokens"":975,""output_tokens"":9,""reasoning_tokens"":null,""cached_tokens"":null,""cache_write_tokens"":null,""total_tokens"":984},""cost_usd"":0.00011031,""generation_id"":""gen-1786875278-li0IiinAg7M4dpfs3xyq"",""response_cache_status"":""UNKNOWN"",""observed_provider"":""Groq"",""observed_endpoint"":null,""observed_quantization"":null}],""response_cache_status"":""UNKNOWN"",""raw_action_valid"":true,""action_received"":""QUERY"",""value"":""ACEGIHJ"",""action_applied"":""QUERY"",""feedback"":{""exact"":1,""misplaced"":2},""credits_remaining"":2},{""step"":10,""credits_before"":2,""http_attempts"":[{""attempt_number"":1,""started_at"":""2026-08-16T10:15:30.484Z"",""finished_at"":""2026-08-16T10:15:54.421Z"",""duration_ms"":23937,""status_code"":200,""error_category"":null,""error_message"":null,""usage"":{""input_tokens"":1018,""output_tokens"":9,""reasoning_tokens"":null,""cached_tokens"":null,""cache_write_tokens"":null,""total_tokens"":1027},""cost_usd"":0.00011504,""generation_id"":""gen-1786875353-AA2O60IicolvoJaOztVZ"",""response_cache_status"":""UNKNOWN"",""observed_provider"":""Groq"",""observed_endpoint"":null,""observed_quantization"":null}],""response_cache_status"":""UNKNOWN"",""raw_action_valid"":true,""action_received"":""QUERY"",""value"":""ACEGIJA"",""action_applied"":""QUERY"",""feedback"":{""exact"":0,""misplaced"":2},""credits_remaining"":1},{""step"":11,""credits_before"":1,""http_attempts"":[{""attempt_number"":1,""started_at"":""2026-08-16T10:16:21.532Z"",""finished_at"":""2026-08-16T10:16:45.522Z"",""duration_ms"":23990,""status_code"":200,""error_category"":null,""error_message"":null,""usage"":{""input_tokens"":1061,""output_tokens"":10,""reasoning_tokens"":null,""cached_tokens"":null,""cache_write_tokens"":null,""total_tokens"":1071},""cost_usd"":0.00012011,""generation_id"":""gen-1786875404-xUF0bm3cyferNkvmOH9O"",""response_cache_status"":""UNKNOWN"",""observed_provider"":""Groq"",""observed_endpoint"":null,""observed_quantization"":null}],""response_cache_status"":""UNKNOWN"",""raw_action_valid"":true,""action_received"":""SUBMIT"",""value"":""ACEGIJA"",""action_applied"":""SUBMIT"",""coerced_at_zero_credits"":false,""credits_remaining"":1}]"
32aa9584-cf6c-4f8b-b698-a7afa2da429a,32aa9584-cf6c-4f8b-b698-a7afa2da429a,1,,17,scout,llama-4-scout,meta-llama/llama-4-scout,groq,Groq,groq,,,,A,continuation,2026-08-16T09:59:31.861Z,2026-08-16T10:16:54.540Z,1042680,7263c69a53507dad5a28591077ff111e,f017b5e89da1bbbf,GFEFBAF,7,10,10,9,1,AAABAGD,0,0.0,false,partial,11,11,0,1,9434,519,,,,9953,0.0012142,true,true,false,a193e42687075f855a907c617cb6eb43c5979e687d22273bbab4c0919af923ac,"{""max_tokens"":4096,""temperature"":null,""top_p"":null,""top_k"":null,""min_p"":null,""seed"":null,""reasoning"":null,""thinking"":null}","{""endpoint_slug"":""groq"",""quantizations"":null,""allow_fallbacks"":false,""require_parameters"":true}",completed,true,[],,,response must be exactly QUERY <symbols> or SUBMIT <symbols>,"[{""step"":1,""credits_before"":10,""http_attempts"":[{""attempt_number"":1,""started_at"":""2026-08-16T09:59:31.861Z"",""finished_at"":""2026-08-16T09:59:56.796Z"",""duration_ms"":24935,""status_code"":200,""error_category"":null,""error_message"":null,""usage"":{""input_tokens"":259,""output_tokens"":428,""reasoning_tokens"":null,""cached_tokens"":null,""cache_write_tokens"":null,""total_tokens"":687},""cost_usd"":0.00017401,""generation_id"":""gen-1786874394-PwRr5F4xgLxYsq2OzaFX"",""response_cache_status"":""UNKNOWN"",""observed_provider"":""Groq"",""observed_endpoint"":null,""observed_quantization"":null}],""response_cache_status"":""UNKNOWN"",""raw_action_valid"":false,""action"":null,""parse_error"":""response must be exactly QUERY <symbols> or SUBMIT <symbols>"",""consecutive_invalid_responses"":1},{""step"":2,""credits_before"":10,""http_attempts"":[{""attempt_number"":1,""started_at"":""2026-08-16T10:01:52.964Z"",""finished_at"":""2026-08-16T10:02:17.005Z"",""duration_ms"":24041,""status_code"":200,""error_category"":null,""error_message"":null,""usage"":{""input_tokens"":724,""output_tokens"":9,""reasoning_tokens"":null,""cached_tokens"":null,""cache_write_tokens"":null,""total_tokens"":733},""cost_usd"":8.27e-05,""generation_id"":""gen-1786874536-C2lmjnEbgTqlD92GhmIK"",""response_cache_status"":""UNKNOWN"",""observed_provider"":""Groq"",""observed_endpoint"":null,""observed_quantization"":null}],""response_cache_status"":""UNKNOWN"",""raw_action_valid"":true,""action_received"":""QUERY"",""value"":""ABCDEFG"",""action_applied"":""QUERY"",""feedback"":{""exact"":0,""misplaced"":5},""credits_remaining"":9},{""step"":3,""credits_before"":9,""http_attempts"":[{""attempt_number"":1,""started_at"":""2026-08-16T10:03:59.092Z"",""finished_at"":""2026-08-16T10:04:23.129Z"",""duration_ms"":24037,""status_code"":200,""error_category"":null,""error_message"":null,""usage"":{""input_tokens"":767,""output_tokens"":9,""reasoning_tokens"":null,""cached_tokens"":null,""cache_write_tokens"":null,""total_tokens"":776},""cost_usd"":8.743e-05,""generation_id"":""gen-1786874662-IXwtbadG31Jm2EjNhnbg"",""response_cache_status"":""UNKNOWN"",""observed_provider"":""Groq"",""observed_endpoint"":null,""observed_quantization"":null}],""response_cache_status"":""UNKNOWN"",""raw_action_valid"":true,""action_received"":""QUERY"",""value"":""ABCDEGF"",""action_applied"":""QUERY"",""feedback"":{""exact"":1,""misplaced"":4},""credits_remaining"":8},{""step"":4,""credits_before"":8,""http_attempts"":[{""attempt_number"":1,""started_at"":""2026-08-16T10:05:50.421Z"",""finished_at"":""2026-08-16T10:06:14.221Z"",""duration_ms"":23800,""status_code"":200,""error_category"":null,""error_message"":null,""usage"":{""input_tokens"":810,""output_tokens"":9,""reasoning_tokens"":null,""cached_tokens"":null,""cache_write_tokens"":null,""total_tokens"":819},""cost_usd"":9.216e-05,""generation_id"":""gen-1786874773-Wd15Fx6rTTnhcU0r1C3M"",""response_cache_status"":""UNKNOWN"",""observed_provider"":""Groq"",""observed_endpoint"":null,""observed_quantization"":null}],""response_cache_status"":""UNKNOWN"",""raw_action_valid"":true,""action_received"":""QUERY"",""value"":""ABCDEGA"",""action_applied"":""QUERY"",""feedback"":{""exact"":0,""misplaced"":4},""credits_remaining"":7},{""step"":5,""credits_before"":7,""http_attempts"":[{""attempt_number"":1,""started_at"":""2026-08-16T10:07:41.327Z"",""finished_at"":""2026-08-16T10:08:05.397Z"",""duration_ms"":24070,""status_code"":200,""error_category"":null,""error_message"":null,""usage"":{""input_tokens"":853,""output_tokens"":9,""reasoning_tokens"":null,""cached_tokens"":null,""cache_write_tokens"":null,""total_tokens"":862},""cost_usd"":9.689e-05,""generation_id"":""gen-1786874884-uztiIzLaH15hU6bNJJvI"",""response_cache_status"":""UNKNOWN"",""observed_provider"":""Groq"",""observed_endpoint"":null,""observed_quantization"":null}],""response_cache_status"":""UNKNOWN"",""raw_action_valid"":true,""action_received"":""QUERY"",""value"":""ABCAEGD"",""action_applied"":""QUERY"",""feedback"":{""exact"":0,""misplaced"":4},""credits_remaining"":6},{""step"":6,""credits_before"":6,""http_attempts"":[{""attempt_number"":1,""started_at"":""2026-08-16T10:09:29.688Z"",""finished_at"":""2026-08-16T10:09:53.728Z"",""duration_ms"":24040,""status_code"":200,""error_category"":null,""error_message"":null,""usage"":{""input_tokens"":896,""output_tokens"":9,""reasoning_tokens"":null,""cached_tokens"":null,""cache_write_tokens"":null,""total_tokens"":905},""cost_usd"":0.00010162,""generation_id"":""gen-1786874992-dX2m08ETUJa91fahF5pX"",""response_cache_status"":""UNKNOWN"",""observed_provider"":""Groq"",""observed_endpoint"":null,""observed_quantization"":null}],""response_cache_status"":""UNKNOWN"",""raw_action_valid"":true,""action_received"":""QUERY"",""value"":""ABACEGD"",""action_applied"":""QUERY"",""feedback"":{""exact"":0,""misplaced"":4},""credits_remaining"":5},{""step"":7,""credits_before"":5,""http_attempts"":[{""attempt_number"":1,""started_at"":""2026-08-16T10:11:17.890Z"",""finished_at"":""2026-08-16T10:11:41.829Z"",""duration_ms"":23939,""status_code"":200,""error_category"":null,""error_message"":null,""usage"":{""input_tokens"":939,""output_tokens"":9,""reasoning_tokens"":null,""cached_tokens"":null,""cache_write_tokens"":null,""total_tokens"":948},""cost_usd"":0.00010635,""generation_id"":""gen-1786875100-Y60GgYhAI1NyCYchx4xN"",""response_cache_status"":""UNKNOWN"",""observed_provider"":""Groq"",""observed_endpoint"":null,""observed_quantization"":null}],""response_cache_status"":""UNKNOWN"",""raw_action_valid"":true,""action_received"":""QUERY"",""value"":""AABCEGD"",""action_applied"":""QUERY"",""feedback"":{""exact"":0,""misplaced"":4},""credits_remaining"":4},{""step"":8,""credits_before"":4,""http_attempts"":[{""attempt_number"":1,""started_at"":""2026-08-16T10:12:59.950Z"",""finished_at"":""2026-08-16T10:13:24.020Z"",""duration_ms"":24070,""status_code"":200,""error_category"":null,""error_message"":null,""usage"":{""input_tokens"":982,""output_tokens"":9,""reasoning_tokens"":null,""cached_tokens"":null,""cache_write_tokens"":null,""total_tokens"":991},""cost_usd"":0.00011108,""generation_id"":""gen-1786875203-rrdPcxqx789FQRzouiZY"",""response_cache_status"":""UNKNOWN"",""observed_provider"":""Groq"",""observed_endpoint"":null,""observed_quantization"":null}],""response_cache_status"":""UNKNOWN"",""raw_action_valid"":true,""action_received"":""QUERY"",""value"":""AABAEGD"",""action_applied"":""QUERY"",""feedback"":{""exact"":0,""misplaced"":4},""credits_remaining"":3},{""step"":9,""credits_before"":3,""http_attempts"":[{""attempt_number"":1,""started_at"":""2026-08-16T10:14:30.231Z"",""finished_at"":""2026-08-16T10:14:54.315Z"",""duration_ms"":24084,""status_code"":200,""error_category"":null,""error_message"":null,""usage"":{""input_tokens"":1025,""output_tokens"":9,""reasoning_tokens"":null,""cached_tokens"":null,""cache_write_tokens"":null,""total_tokens"":1034},""cost_usd"":0.00011581,""generation_id"":""gen-1786875293-UteWKr9H1WfWjNz1NfwC"",""response_cache_status"":""UNKNOWN"",""observed_provider"":""Groq"",""observed_endpoint"":null,""observed_quantization"":null}],""response_cache_status"":""UNKNOWN"",""raw_action_valid"":true,""action_received"":""QUERY"",""value"":""AAABEGD"",""action_applied"":""QUERY"",""feedback"":{""exact"":0,""misplaced"":4},""credits_remaining"":2},{""step"":10,""credits_before"":2,""http_attempts"":[{""attempt_number"":1,""started_at"":""2026-08-16T10:15:39.645Z"",""finished_at"":""2026-08-16T10:16:03.484Z"",""duration_ms"":23839,""status_code"":200,""error_category"":null,""error_message"":null,""usage"":{""input_tokens"":1068,""output_tokens"":9,""reasoning_tokens"":null,""cached_tokens"":null,""cache_write_tokens"":null,""total_tokens"":1077},""cost_usd"":0.00012054,""generation_id"":""gen-1786875362-dSS92yKoukIjC9e6MrKS"",""response_cache_status"":""UNKNOWN"",""observed_provider"":""Groq"",""observed_endpoint"":null,""observed_quantization"":null}],""response_cache_status"":""UNKNOWN"",""raw_action_valid"":true,""action_received"":""QUERY"",""value"":""AAABAGD"",""action_applied"":""QUERY"",""feedback"":{""exact"":0,""misplaced"":3},""credits_remaining"":1},{""step"":11,""credits_before"":1,""http_attempts"":[{""attempt_number"":1,""started_at"":""2026-08-16T10:16:30.607Z"",""finished_at"":""2026-08-16T10:16:54.539Z"",""duration_ms"":23932,""status_code"":200,""error_category"":null,""error_message"":null,""usage"":{""input_tokens"":1111,""output_tokens"":10,""reasoning_tokens"":null,""cached_tokens"":null,""cache_write_tokens"":null,""total_tokens"":1121},""cost_usd"":0.00012561,""generation_id"":""gen-1786875413-hF7w3zqr4jz1Ch7YAkOx"",""response_cache_status"":""UNKNOWN"",""observed_provider"":""Groq"",""observed_endpoint"":null,""observed_quantization"":null}],""response_cache_status"":""UNKNOWN"",""raw_action_valid"":true,""action_received"":""SUBMIT"",""value"":""AAABAGD"",""action_applied"":""SUBMIT"",""coerced_at_zero_credits"":false,""credits_remaining"":1}]"
6d21c2c5-32da-4115-848c-e7531b7a6878,6d21c2c5-32da-4115-848c-e7531b7a6878,1,,15,scout,llama-4-scout,meta-llama/llama-4-scout,groq,Groq,groq,,,,B,same_model_instance,2026-08-16T09:59:35.727Z,2026-08-16T10:16:57.529Z,1041802,7263c69a53507dad5a28591077ff111e,f689b62dada5cb6d,GFDEEHJ,7,10,10,9,1,AEFBGCD,0,0.0,false,partial,11,11,0,1,8630,432,,,,9062,0.00109618,true,true,false,beac9c73922a2ffe8812688677869d60b795a42f7917e7d966869980810162d3,"{""max_tokens"":4096,""temperature"":null,""top_p"":null,""top_k"":null,""min_p"":null,""seed"":null,""reasoning"":null,""thinking"":null}","{""endpoint_slug"":""groq"",""quantizations"":null,""allow_fallbacks"":false,""require_parameters"":true}",completed,true,[],,,response must be exactly QUERY <symbols> or SUBMIT <symbols>,"[{""step"":1,""credits_before"":10,""http_attempts"":[{""attempt_number"":1,""started_at"":""2026-08-16T09:59:35.728Z"",""finished_at"":""2026-08-16T09:59:59.602Z"",""duration_ms"":23874,""status_code"":200,""error_category"":null,""error_message"":null,""usage"":{""input_tokens"":265,""output_tokens"":341,""reasoning_tokens"":null,""cached_tokens"":null,""cache_write_tokens"":null,""total_tokens"":606},""cost_usd"":0.00014509,""generation_id"":""gen-1786874397-smXaP4rIYBfqhmT9viXP"",""response_cache_status"":""UNKNOWN"",""observed_provider"":""Groq"",""observed_endpoint"":null,""observed_quantization"":null}],""response_cache_status"":""UNKNOWN"",""raw_action_valid"":false,""action"":null,""parse_error"":""response must be exactly QUERY <symbols> or SUBMIT <symbols>"",""consecutive_invalid_responses"":1},{""step"":2,""credits_before"":10,""http_attempts"":[{""attempt_number"":1,""started_at"":""2026-08-16T10:01:55.966Z"",""finished_at"":""2026-08-16T10:02:19.997Z"",""duration_ms"":24030,""status_code"":200,""error_category"":null,""error_message"":null,""usage"":{""input_tokens"":643,""output_tokens"":9,""reasoning_tokens"":null,""cached_tokens"":null,""cache_write_tokens"":null,""total_tokens"":652},""cost_usd"":7.379e-05,""generation_id"":""gen-1786874539-PtUYG5GUcyisSBBY7ld0"",""response_cache_status"":""UNKNOWN"",""observed_provider"":""Groq"",""observed_endpoint"":null,""observed_quantization"":null}],""response_cache_status"":""UNKNOWN"",""raw_action_valid"":true,""action_received"":""QUERY"",""value"":""ABCDEFG"",""action_applied"":""QUERY"",""feedback"":{""exact"":1,""misplaced"":3},""credits_remaining"":9},{""step"":3,""credits_before"":9,""http_attempts"":[{""attempt_number"":1,""started_at"":""2026-08-16T10:04:02.091Z"",""finished_at"":""2026-08-16T10:04:26.219Z"",""duration_ms"":24128,""status_code"":200,""error_category"":null,""error_message"":null,""usage"":{""input_tokens"":686,""output_tokens"":9,""reasoning_tokens"":null,""cached_tokens"":null,""cache_write_tokens"":null,""total_tokens"":695},""cost_usd"":7.852e-05,""generation_id"":""gen-1786874665-ebhXeZFzsoY9Rb924fJH"",""response_cache_status"":""UNKNOWN"",""observed_provider"":""Groq"",""observed_endpoint"":null,""observed_quantization"":null}],""response_cache_status"":""UNKNOWN"",""raw_action_valid"":true,""action_received"":""QUERY"",""value"":""ABCDEFH"",""action_applied"":""QUERY"",""feedback"":{""exact"":1,""misplaced"":3},""credits_remaining"":8},{""step"":4,""credits_before"":8,""http_attempts"":[{""attempt_number"":1,""started_at"":""2026-08-16T10:05:53.218Z"",""finished_at"":""2026-08-16T10:06:17.247Z"",""duration_ms"":24029,""status_code"":200,""error_category"":null,""error_message"":null,""usage"":{""input_tokens"":729,""output_tokens"":9,""reasoning_tokens"":null,""cached_tokens"":null,""cache_write_tokens"":null,""total_tokens"":738},""cost_usd"":8.325e-05,""generation_id"":""gen-1786874776-RRY3GYIa2m4wdKDi4YRO"",""response_cache_status"":""UNKNOWN"",""observed_provider"":""Groq"",""observed_endpoint"":null,""observed_quantization"":null}],""response_cache_status"":""UNKNOWN"",""raw_action_valid"":true,""action_received"":""QUERY"",""value"":""ABCDEGH"",""action_applied"":""QUERY"",""feedback"":{""exact"":1,""misplaced"":3},""credits_remaining"":7},{""step"":5,""credits_before"":7,""http_attempts"":[{""attempt_number"":1,""started_at"":""2026-08-16T10:07:44.440Z"",""finished_at"":""2026-08-16T10:08:08.394Z"",""duration_ms"":23954,""status_code"":200,""error_category"":null,""error_message"":null,""usage"":{""input_tokens"":772,""output_tokens"":9,""reasoning_tokens"":null,""cached_tokens"":null,""cache_write_tokens"":null,""total_tokens"":781},""cost_usd"":8.798e-05,""generation_id"":""gen-1786874887-LEWMcfgbTZuZ4XyFthpE"",""response_cache_status"":""UNKNOWN"",""observed_provider"":""Groq"",""observed_endpoint"":null,""observed_quantization"":null}],""response_cache_status"":""UNKNOWN"",""raw_action_valid"":true,""action_received"":""QUERY"",""value"":""ABCDFGH"",""action_applied"":""QUERY"",""feedback"":{""exact"":0,""misplaced"":4},""credits_remaining"":6},{""step"":6,""credits_before"":6,""http_attempts"":[{""attempt_number"":1,""started_at"":""2026-08-16T10:09:32.581Z"",""finished_at"":""2026-08-16T10:09:56.638Z"",""duration_ms"":24057,""status_code"":200,""error_category"":null,""error_message"":null,""usage"":{""input_tokens"":815,""output_tokens"":9,""reasoning_tokens"":null,""cached_tokens"":null,""cache_write_tokens"":null,""total_tokens"":824},""cost_usd"":9.271e-05,""generation_id"":""gen-1786874995-7zQtnzreyjYFWV4G5zsM"",""response_cache_status"":""UNKNOWN"",""observed_provider"":""Groq"",""observed_endpoint"":null,""observed_quantization"":null}],""response_cache_status"":""UNKNOWN"",""raw_action_valid"":true,""action_received"":""QUERY"",""value"":""ABCEFGH"",""action_applied"":""QUERY"",""feedback"":{""exact"":1,""misplaced"":3},""credits_remaining"":5},{""step"":7,""credits_before"":5,""http_attempts"":[{""attempt_number"":1,""started_at"":""2026-08-16T10:11:20.774Z"",""finished_at"":""2026-08-16T10:11:44.832Z"",""duration_ms"":24058,""status_code"":200,""error_category"":null,""error_message"":null,""usage"":{""input_tokens"":858,""output_tokens"":9,""reasoning_tokens"":null,""cached_tokens"":null,""cache_write_tokens"":null,""total_tokens"":867},""cost_usd"":9.744e-05,""generation_id"":""gen-1786875103-OJ6hzlGgFHPosK4GnzMS"",""response_cache_status"":""UNKNOWN"",""observed_provider"":""Groq"",""observed_endpoint"":null,""observed_quantization"":null}],""response_cache_status"":""UNKNOWN"",""raw_action_valid"":true,""action_received"":""QUERY"",""value"":""ACEFGHB"",""action_applied"":""QUERY"",""feedback"":{""exact"":1,""misplaced"":3},""credits_remaining"":4},{""step"":8,""credits_before"":4,""http_attempts"":[{""attempt_number"":1,""started_at"":""2026-08-16T10:13:02.942Z"",""finished_at"":""2026-08-16T10:13:27.033Z"",""duration_ms"":24091,""status_code"":200,""error_category"":null,""error_message"":null,""usage"":{""input_tokens"":901,""output_tokens"":9,""reasoning_tokens"":null,""cached_tokens"":null,""cache_write_tokens"":null,""total_tokens"":910},""cost_usd"":0.00010217,""generation_id"":""gen-1786875206-pEpVve8JCWINLdl2uXHR"",""response_cache_status"":""UNKNOWN"",""observed_provider"":""Groq"",""observed_endpoint"":null,""observed_quantization"":null}],""response_cache_status"":""UNKNOWN"",""raw_action_valid"":true,""action_received"":""QUERY"",""value"":""ACEFGBD"",""action_applied"":""QUERY"",""feedback"":{""exact"":0,""misplaced"":4},""credits_remaining"":3},{""step"":9,""credits_before"":3,""http_attempts"":[{""attempt_number"":1,""started_at"":""2026-08-16T10:14:33.234Z"",""finished_at"":""2026-08-16T10:14:57.316Z"",""duration_ms"":24081,""status_code"":200,""error_category"":null,""error_message"":null,""usage"":{""input_tokens"":944,""output_tokens"":9,""reasoning_tokens"":null,""cached_tokens"":null,""cache_write_tokens"":null,""total_tokens"":953},""cost_usd"":0.0001069,""generation_id"":""gen-1786875296-z3fcxsuISHePwBT0e0tb"",""response_cache_status"":""UNKNOWN"",""observed_provider"":""Groq"",""observed_endpoint"":null,""observed_quantization"":null}],""response_cache_status"":""UNKNOWN"",""raw_action_valid"":true,""action_received"":""QUERY"",""value"":""AEFGBCD"",""action_applied"":""QUERY"",""feedback"":{""exact"":0,""misplaced"":4},""credits_remaining"":2},{""step"":10,""credits_before"":2,""http_attempts"":[{""attempt_number"":1,""started_at"":""2026-08-16T10:15:42.903Z"",""finished_at"":""2026-08-16T10:16:06.699Z"",""duration_ms"":23796,""status_code"":200,""error_category"":null,""error_message"":null,""usage"":{""input_tokens"":987,""output_tokens"":9,""reasoning_tokens"":null,""cached_tokens"":null,""cache_write_tokens"":null,""total_tokens"":996},""cost_usd"":0.00011163,""generation_id"":""gen-1786875365-VSgAULLSJThhI50yKiON"",""response_cache_status"":""UNKNOWN"",""observed_provider"":""Groq"",""observed_endpoint"":null,""observed_quantization"":null}],""response_cache_status"":""UNKNOWN"",""raw_action_valid"":true,""action_received"":""QUERY"",""value"":""AEFBGCD"",""action_applied"":""QUERY"",""feedback"":{""exact"":0,""misplaced"":4},""credits_remaining"":1},{""step"":11,""credits_before"":1,""http_attempts"":[{""attempt_number"":1,""started_at"":""2026-08-16T10:16:33.540Z"",""finished_at"":""2026-08-16T10:16:57.528Z"",""duration_ms"":23988,""status_code"":200,""error_category"":null,""error_message"":null,""usage"":{""input_tokens"":1030,""output_tokens"":10,""reasoning_tokens"":null,""cached_tokens"":null,""cache_write_tokens"":null,""total_tokens"":1040},""cost_usd"":0.0001167,""generation_id"":""gen-1786875416-A84dHboMBABknsLsV0oF"",""response_cache_status"":""UNKNOWN"",""observed_provider"":""Groq"",""observed_endpoint"":null,""observed_quantization"":null}],""response_cache_status"":""UNKNOWN"",""raw_action_valid"":true,""action_received"":""SUBMIT"",""value"":""AEFBGCD"",""action_applied"":""SUBMIT"",""coerced_at_zero_credits"":false,""credits_remaining"":1}]"
0991820b-7508-4ef4-b345-cbdd1289dcb2,0991820b-7508-4ef4-b345-cbdd1289dcb2,1,,11,scout,llama-4-scout,meta-llama/llama-4-scout,groq,Groq,groq,,,,B,same_model_instance,2026-08-16T10:00:29.087Z,2026-08-16T10:17:00.528Z,991441,7263c69a53507dad5a28591077ff111e,ff249a249503ac0e,EAJHABB,7,10,10,6,4,,,,,,11,11,0,5,10124,566,,,,10690,0.00130608,true,true,false,beac9c73922a2ffe8812688677869d60b795a42f7917e7d966869980810162d3,"{""max_tokens"":4096,""temperature"":null,""top_p"":null,""top_k"":null,""min_p"":null,""seed"":null,""reasoning"":null,""thinking"":null}","{""endpoint_slug"":""groq"",""quantizations"":null,""allow_fallbacks"":false,""require_parameters"":true}",invalid_submission,false,"[""invalid_submission""]",invalid_format,response must contain exactly 7 symbols,response must contain exactly 7 symbols,"[{""step"":1,""credits_before"":10,""http_attempts"":[{""attempt_number"":1,""started_at"":""2026-08-16T10:00:29.087Z"",""finished_at"":""2026-08-16T10:00:53.979Z"",""duration_ms"":24892,""status_code"":200,""error_category"":null,""error_message"":null,""usage"":{""input_tokens"":265,""output_tokens"":487,""reasoning_tokens"":null,""cached_tokens"":null,""cache_write_tokens"":null,""total_tokens"":752},""cost_usd"":0.00019473,""generation_id"":""gen-1786874451-ZV2osJ96rjhIb1Uvm1kb"",""response_cache_status"":""UNKNOWN"",""observed_provider"":""Groq"",""observed_endpoint"":null,""observed_quantization"":null}],""response_cache_status"":""UNKNOWN"",""raw_action_valid"":false,""action"":null,""parse_error"":""response must be exactly QUERY <symbols> or SUBMIT <symbols>"",""consecutive_invalid_responses"":1},{""step"":2,""credits_before"":10,""http_attempts"":[{""attempt_number"":1,""started_at"":""2026-08-16T10:02:19.997Z"",""finished_at"":""2026-08-16T10:02:44.051Z"",""duration_ms"":24053,""status_code"":200,""error_category"":null,""error_message"":null,""usage"":{""input_tokens"":789,""output_tokens"":4,""reasoning_tokens"":null,""cached_tokens"":null,""cache_write_tokens"":null,""total_tokens"":793},""cost_usd"":8.815e-05,""generation_id"":""gen-1786874563-viqJQx5efvNGGY2jTUl3"",""response_cache_status"":""UNKNOWN"",""observed_provider"":""Groq"",""observed_endpoint"":null,""observed_quantization"":null}],""response_cache_status"":""UNKNOWN"",""raw_action_valid"":true,""action_received"":""QUERY"",""value"":""ABCDEFG"",""action_applied"":""QUERY"",""feedback"":{""exact"":0,""misplaced"":3},""credits_remaining"":9},{""step"":3,""credits_before"":9,""http_attempts"":[{""attempt_number"":1,""started_at"":""2026-08-16T10:04:23.129Z"",""finished_at"":""2026-08-16T10:04:47.229Z"",""duration_ms"":24099,""status_code"":200,""error_category"":null,""error_message"":null,""usage"":{""input_tokens"":827,""output_tokens"":6,""reasoning_tokens"":null,""cached_tokens"":null,""cache_write_tokens"":null,""total_tokens"":833},""cost_usd"":9.301e-05,""generation_id"":""gen-1786874686-HhCUxPsLo9W88TTNh5US"",""response_cache_status"":""UNKNOWN"",""observed_provider"":""Groq"",""observed_endpoint"":null,""observed_quantization"":null}],""response_cache_status"":""UNKNOWN"",""raw_action_valid"":true,""action_received"":""QUERY"",""value"":""AABBCCJ"",""action_applied"":""QUERY"",""feedback"":{""exact"":1,""misplaced"":4},""credits_remaining"":8},{""step"":4,""credits_before"":8,""http_attempts"":[{""attempt_number"":1,""started_at"":""2026-08-16T10:06:14.221Z"",""finished_at"":""2026-08-16T10:06:38.333Z"",""duration_ms"":24112,""status_code"":200,""error_category"":null,""error_message"":null,""usage"":{""input_tokens"":867,""output_tokens"":31,""reasoning_tokens"":null,""cached_tokens"":null,""cache_write_tokens"":null,""total_tokens"":898},""cost_usd"":0.00010591,""generation_id"":""gen-1786874797-k2SJ3JzecpyD3eFKO4pX"",""response_cache_status"":""UNKNOWN"",""observed_provider"":""Groq"",""observed_endpoint"":null,""observed_quantization"":null}],""response_cache_status"":""UNKNOWN"",""raw_action_valid"":false,""action"":null,""parse_error"":""response must be exactly QUERY <symbols> or SUBMIT <symbols>"",""consecutive_invalid_responses"":1},{""step"":5,""credits_before"":8,""http_attempts"":[{""attempt_number"":1,""started_at"":""2026-08-16T10:08:05.398Z"",""finished_at"":""2026-08-16T10:08:29.463Z"",""duration_ms"":24066,""status_code"":200,""error_category"":null,""error_message"":null,""usage"":{""input_tokens"":935,""output_tokens"":5,""reasoning_tokens"":null,""cached_tokens"":null,""cache_write_tokens"":null,""total_tokens"":940},""cost_usd"":0.00010455,""generation_id"":""gen-1786874908-sU8VsgioLMKM3GHcOmNk"",""response_cache_status"":""UNKNOWN"",""observed_provider"":""Groq"",""observed_endpoint"":null,""observed_quantization"":null}],""response_cache_status"":""UNKNOWN"",""raw_action_valid"":true,""action_received"":""QUERY"",""value"":""AAABBCC"",""action_applied"":""QUERY"",""feedback"":{""exact"":1,""misplaced"":3},""credits_remaining"":7},{""step"":6,""credits_before"":7,""http_attempts"":[{""attempt_number"":1,""started_at"":""2026-08-16T10:09:53.729Z"",""finished_at"":""2026-08-16T10:10:17.715Z"",""duration_ms"":23987,""status_code"":200,""error_category"":null,""error_message"":null,""usage"":{""input_tokens"":974,""output_tokens"":5,""reasoning_tokens"":null,""cached_tokens"":null,""cache_write_tokens"":null,""total_tokens"":979},""cost_usd"":0.00010884,""generation_id"":""gen-1786875016-glYcKtD1JRZfftC612Ct"",""response_cache_status"":""UNKNOWN"",""observed_provider"":""Groq"",""observed_endpoint"":null,""observed_quantization"":null}],""response_cache_status"":""UNKNOWN"",""raw_action_valid"":true,""action_received"":""QUERY"",""value"":""AAAAAAA"",""action_applied"":""QUERY"",""feedback"":{""exact"":2,""misplaced"":0},""credits_remaining"":6},{""step"":7,""credits_before"":6,""http_attempts"":[{""attempt_number"":1,""started_at"":""2026-08-16T10:11:38.818Z"",""finished_at"":""2026-08-16T10:12:02.858Z"",""duration_ms"":24040,""status_code"":200,""error_category"":null,""error_message"":null,""usage"":{""input_tokens"":1013,""output_tokens"":5,""reasoning_tokens"":null,""cached_tokens"":null,""cache_write_tokens"":null,""total_tokens"":1018},""cost_usd"":0.00011313,""generation_id"":""gen-1786875121-UTEVe7vqpnBj7W7K64zA"",""response_cache_status"":""UNKNOWN"",""observed_provider"":""Groq"",""observed_endpoint"":null,""observed_quantization"":null}],""response_cache_status"":""UNKNOWN"",""raw_action_valid"":true,""action_received"":""QUERY"",""value"":""ABAAAAA"",""action_applied"":""QUERY"",""feedback"":{""exact"":1,""misplaced"":2},""credits_remaining"":5},{""step"":8,""credits_before"":5,""http_attempts"":[{""attempt_number"":1,""started_at"":""2026-08-16T10:13:11.990Z"",""finished_at"":""2026-08-16T10:13:36.107Z"",""duration_ms"":24116,""status_code"":200,""error_category"":null,""error_message"":null,""usage"":{""input_tokens"":1052,""output_tokens"":5,""reasoning_tokens"":null,""cached_tokens"":null,""cache_write_tokens"":null,""total_tokens"":1057},""cost_usd"":0.00011742,""generation_id"":""gen-1786875215-UbExV206ipcopAQnU74v"",""response_cache_status"":""UNKNOWN"",""observed_provider"":""Groq"",""observed_endpoint"":null,""observed_quantization"":null}],""response_cache_status"":""UNKNOWN"",""raw_action_valid"":true,""action_received"":""QUERY"",""value"":""ABABABA"",""action_applied"":""QUERY"",""feedback"":{""exact"":2,""misplaced"":2},""credits_remaining"":4},{""step"":9,""credits_before"":4,""http_attempts"":[{""attempt_number"":1,""started_at"":""2026-08-16T10:14:42.328Z"",""finished_at"":""2026-08-16T10:15:06.373Z"",""duration_ms"":24045,""status_code"":200,""error_category"":null,""error_message"":null,""usage"":{""input_tokens"":1091,""output_tokens"":6,""reasoning_tokens"":null,""cached_tokens"":null,""cache_write_tokens"":null,""total_tokens"":1097},""cost_usd"":0.00012205,""generation_id"":""gen-1786875305-uLawTxf17JqTpHcHXQGs"",""response_cache_status"":""UNKNOWN"",""observed_provider"":""Groq"",""observed_endpoint"":null,""observed_quantization"":null}],""response_cache_status"":""UNKNOWN"",""raw_action_valid"":false,""action"":null,""parse_error"":""response must contain exactly 7 symbols"",""consecutive_invalid_responses"":1},{""step"":10,""credits_before"":4,""http_attempts"":[{""attempt_number"":1,""started_at"":""2026-08-16T10:15:45.513Z"",""finished_at"":""2026-08-16T10:16:09.463Z"",""duration_ms"":23950,""status_code"":200,""error_category"":null,""error_message"":null,""usage"":{""input_tokens"":1134,""output_tokens"":6,""reasoning_tokens"":null,""cached_tokens"":null,""cache_write_tokens"":null,""total_tokens"":1140},""cost_usd"":0.00012678,""generation_id"":""gen-1786875368-JDkpZ05olfsTvsOTLrTs"",""response_cache_status"":""UNKNOWN"",""observed_provider"":""Groq"",""observed_endpoint"":null,""observed_quantization"":null}],""response_cache_status"":""UNKNOWN"",""raw_action_valid"":false,""action"":null,""parse_error"":""response must contain exactly 7 symbols"",""consecutive_invalid_responses"":2},{""step"":11,""credits_before"":4,""http_attempts"":[{""attempt_number"":1,""started_at"":""2026-08-16T10:16:36.556Z"",""finished_at"":""2026-08-16T10:17:00.527Z"",""duration_ms"":23971,""status_code"":200,""error_category"":null,""error_message"":null,""usage"":{""input_tokens"":1177,""output_tokens"":6,""reasoning_tokens"":null,""cached_tokens"":null,""cache_write_tokens"":null,""total_tokens"":1183},""cost_usd"":0.00013151,""generation_id"":""gen-1786875419-na3RVjZoF34MuEnvcV9A"",""response_cache_status"":""UNKNOWN"",""observed_provider"":""Groq"",""observed_endpoint"":null,""observed_quantization"":null}],""response_cache_status"":""UNKNOWN"",""raw_action_valid"":false,""action"":null,""parse_error"":""response must contain exactly 7 symbols"",""consecutive_invalid_responses"":3}]"
af2d6027-23da-4222-9d48-12653f1fda3e,af2d6027-23da-4222-9d48-12653f1fda3e,1,,17,scout,llama-4-scout,meta-llama/llama-4-scout,groq,Groq,groq,,,,B,same_model_instance,2026-08-16T09:56:52.520Z,2026-08-16T10:17:03.533Z,1211013,7263c69a53507dad5a28591077ff111e,0592a2849a0238ca,GFEFBAF,7,10,10,9,1,EAHICGB,0,0.0,false,partial,12,12,0,2,9347,422,,,,9769,0.0011716499999999998,true,true,false,beac9c73922a2ffe8812688677869d60b795a42f7917e7d966869980810162d3,"{""max_tokens"":4096,""temperature"":null,""top_p"":null,""top_k"":null,""min_p"":null,""seed"":null,""reasoning"":null,""thinking"":null}","{""endpoint_slug"":""groq"",""quantizations"":null,""allow_fallbacks"":false,""require_parameters"":true}",completed,true,[],,,response must be exactly QUERY <symbols> or SUBMIT <symbols>,"[{""step"":1,""credits_before"":10,""http_attempts"":[{""attempt_number"":1,""started_at"":""2026-08-16T09:56:52.520Z"",""finished_at"":""2026-08-16T09:57:05.168Z"",""duration_ms"":12648,""status_code"":200,""error_category"":null,""error_message"":null,""usage"":{""input_tokens"":265,""output_tokens"":235,""reasoning_tokens"":null,""cached_tokens"":null,""cache_write_tokens"":null,""total_tokens"":500},""cost_usd"":0.00010905,""generation_id"":""gen-1786874223-1MoacjNwd9q6ePAgt0gQ"",""response_cache_status"":""UNKNOWN"",""observed_provider"":""Groq"",""observed_endpoint"":null,""observed_quantization"":null}],""response_cache_status"":""UNKNOWN"",""raw_action_valid"":false,""action"":null,""parse_error"":""response must be exactly QUERY <symbols> or SUBMIT <symbols>"",""consecutive_invalid_responses"":1},{""step"":2,""credits_before"":10,""http_attempts"":[{""attempt_number"":1,""started_at"":""2026-08-16T10:00:35.312Z"",""finished_at"":""2026-08-16T10:00:58.919Z"",""duration_ms"":23607,""status_code"":200,""error_category"":null,""error_message"":null,""usage"":{""input_tokens"":537,""output_tokens"":9,""reasoning_tokens"":null,""cached_tokens"":null,""cache_write_tokens"":null,""total_tokens"":546},""cost_usd"":6.213e-05,""generation_id"":""gen-1786874457-36Zcg7OMYhrX9DqRCqfv"",""response_cache_status"":""UNKNOWN"",""observed_provider"":""Groq"",""observed_endpoint"":null,""observed_quantization"":null}],""response_cache_status"":""UNKNOWN"",""raw_action_valid"":true,""action_received"":""QUERY"",""value"":""ABCDEFG"",""action_applied"":""QUERY"",""feedback"":{""exact"":0,""misplaced"":5},""credits_remaining"":9},{""step"":3,""credits_before"":9,""http_attempts"":[{""attempt_number"":1,""started_at"":""2026-08-16T10:02:26.001Z"",""finished_at"":""2026-08-16T10:02:50.396Z"",""duration_ms"":24395,""status_code"":200,""error_category"":null,""error_message"":null,""usage"":{""input_tokens"":580,""output_tokens"":96,""reasoning_tokens"":null,""cached_tokens"":null,""cache_write_tokens"":null,""total_tokens"":676},""cost_usd"":9.644e-05,""generation_id"":""gen-1786874569-2MLnyjgkhWdnDuIvGhQN"",""response_cache_status"":""UNKNOWN"",""observed_provider"":""Groq"",""observed_endpoint"":null,""observed_quantization"":null}],""response_cache_status"":""UNKNOWN"",""raw_action_valid"":false,""action"":null,""parse_error"":""response must be exactly QUERY <symbols> or SUBMIT <symbols>"",""consecutive_invalid_responses"":1},{""step"":4,""credits_before"":9,""http_attempts"":[{""attempt_number"":1,""started_at"":""2026-08-16T10:04:29.144Z"",""finished_at"":""2026-08-16T10:04:53.148Z"",""duration_ms"":24004,""status_code"":200,""error_category"":null,""error_message"":null,""usage"":{""input_tokens"":713,""output_tokens"":9,""reasoning_tokens"":null,""cached_tokens"":null,""cache_write_tokens"":null,""total_tokens"":722},""cost_usd"":8.149e-05,""generation_id"":""gen-1786874692-9paYUchj8NjBHHTXoOE5"",""response_cache_status"":""UNKNOWN"",""observed_provider"":""Groq"",""observed_endpoint"":null,""observed_quantization"":null}],""response_cache_status"":""UNKNOWN"",""raw_action_valid"":true,""action_received"":""QUERY"",""value"":""ACEGIBH"",""action_applied"":""QUERY"",""feedback"":{""exact"":1,""misplaced"":3},""credits_remaining"":8},{""step"":5,""credits_before"":8,""http_attempts"":[{""attempt_number"":1,""started_at"":""2026-08-16T10:06:20.249Z"",""finished_at"":""2026-08-16T10:06:44.293Z"",""duration_ms"":24045,""status_code"":200,""error_category"":null,""error_message"":null,""usage"":{""input_tokens"":756,""output_tokens"":9,""reasoning_tokens"":null,""cached_tokens"":null,""cache_write_tokens"":null,""total_tokens"":765},""cost_usd"":8.622e-05,""generation_id"":""gen-1786874803-QFSuCZM1xp8kPAEnQViq"",""response_cache_status"":""UNKNOWN"",""observed_provider"":""Groq"",""observed_endpoint"":null,""observed_quantization"":null}],""response_cache_status"":""UNKNOWN"",""raw_action_valid"":true,""action_received"":""QUERY"",""value"":""EGIACBH"",""action_applied"":""QUERY"",""feedback"":{""exact"":0,""misplaced"":4},""credits_remaining"":7},{""step"":6,""credits_before"":7,""http_attempts"":[{""attempt_number"":1,""started_at"":""2026-08-16T10:08:11.426Z"",""finished_at"":""2026-08-16T10:08:35.453Z"",""duration_ms"":24027,""status_code"":200,""error_category"":null,""error_message"":null,""usage"":{""input_tokens"":799,""output_tokens"":9,""reasoning_tokens"":null,""cached_tokens"":null,""cache_write_tokens"":null,""total_tokens"":808},""cost_usd"":9.095e-05,""generation_id"":""gen-1786874914-0sVXvJWUfWuySccOnLjh"",""response_cache_status"":""UNKNOWN"",""observed_provider"":""Groq"",""observed_endpoint"":null,""observed_quantization"":null}],""response_cache_status"":""UNKNOWN"",""raw_action_valid"":true,""action_received"":""QUERY"",""value"":""EIACGBH"",""action_applied"":""QUERY"",""feedback"":{""exact"":0,""misplaced"":4},""credits_remaining"":6},{""step"":7,""credits_before"":6,""http_attempts"":[{""attempt_number"":1,""started_at"":""2026-08-16T10:09:59.726Z"",""finished_at"":""2026-08-16T10:10:23.839Z"",""duration_ms"":24112,""status_code"":200,""error_category"":null,""error_message"":null,""usage"":{""input_tokens"":842,""output_tokens"":9,""reasoning_tokens"":null,""cached_tokens"":null,""cache_write_tokens"":null,""total_tokens"":851},""cost_usd"":9.568e-05,""generation_id"":""gen-1786875022-IaZ2VWgtXBdPgZ6TtMiG"",""response_cache_status"":""UNKNOWN"",""observed_provider"":""Groq"",""observed_endpoint"":null,""observed_quantization"":null}],""response_cache_status"":""UNKNOWN"",""raw_action_valid"":true,""action_received"":""QUERY"",""value"":""EICAGBH"",""action_applied"":""QUERY"",""feedback"":{""exact"":0,""misplaced"":4},""credits_remaining"":5},{""step"":8,""credits_before"":5,""http_attempts"":[{""attempt_number"":1,""started_at"":""2026-08-16T10:11:41.829Z"",""finished_at"":""2026-08-16T10:12:05.879Z"",""duration_ms"":24050,""status_code"":200,""error_category"":null,""error_message"":null,""usage"":{""input_tokens"":885,""output_tokens"":9,""reasoning_tokens"":null,""cached_tokens"":null,""cache_write_tokens"":null,""total_tokens"":894},""cost_usd"":0.00010041,""generation_id"":""gen-1786875124-B7aq0T0EECIgK2mKWg6c"",""response_cache_status"":""UNKNOWN"",""observed_provider"":""Groq"",""observed_endpoint"":null,""observed_quantization"":null}],""response_cache_status"":""UNKNOWN"",""raw_action_valid"":true,""action_received"":""QUERY"",""value"":""EAICGBH"",""action_applied"":""QUERY"",""feedback"":{""exact"":0,""misplaced"":4},""credits_remaining"":4},{""step"":9,""credits_before"":4,""http_attempts"":[{""attempt_number"":1,""started_at"":""2026-08-16T10:13:15.044Z"",""finished_at"":""2026-08-16T10:13:39.100Z"",""duration_ms"":24056,""status_code"":200,""error_category"":null,""error_message"":null,""usage"":{""input_tokens"":928,""output_tokens"":9,""reasoning_tokens"":null,""cached_tokens"":null,""cache_write_tokens"":null,""total_tokens"":937},""cost_usd"":0.00010514,""generation_id"":""gen-1786875218-cdzNh39Uok1RS49BQwHz"",""response_cache_status"":""UNKNOWN"",""observed_provider"":""Groq"",""observed_endpoint"":null,""observed_quantization"":null}],""response_cache_status"":""UNKNOWN"",""raw_action_valid"":true,""action_received"":""QUERY"",""value"":""EAICHGB"",""action_applied"":""QUERY"",""feedback"":{""exact"":0,""misplaced"":4},""credits_remaining"":3},{""step"":10,""credits_before"":3,""http_attempts"":[{""attempt_number"":1,""started_at"":""2026-08-16T10:14:45.313Z"",""finished_at"":""2026-08-16T10:15:09.359Z"",""duration_ms"":24046,""status_code"":200,""error_category"":null,""error_message"":null,""usage"":{""input_tokens"":971,""output_tokens"":9,""reasoning_tokens"":null,""cached_tokens"":null,""cache_write_tokens"":null,""total_tokens"":980},""cost_usd"":0.00010987,""generation_id"":""gen-1786875308-IDg3wqKgEQ64VrOewBtv"",""response_cache_status"":""UNKNOWN"",""observed_provider"":""Groq"",""observed_endpoint"":null,""observed_quantization"":null}],""response_cache_status"":""UNKNOWN"",""raw_action_valid"":true,""action_received"":""QUERY"",""value"":""EAIHCGB"",""action_applied"":""QUERY"",""feedback"":{""exact"":0,""misplaced"":4},""credits_remaining"":2},{""step"":11,""credits_before"":2,""http_attempts"":[{""attempt_number"":1,""started_at"":""2026-08-16T10:15:48.431Z"",""finished_at"":""2026-08-16T10:16:12.462Z"",""duration_ms"":24031,""status_code"":200,""error_category"":null,""error_message"":null,""usage"":{""input_tokens"":1014,""output_tokens"":9,""reasoning_tokens"":null,""cached_tokens"":null,""cache_write_tokens"":null,""total_tokens"":1023},""cost_usd"":0.0001146,""generation_id"":""gen-1786875371-k1peNCXHfrd4bGj6AnrI"",""response_cache_status"":""UNKNOWN"",""observed_provider"":""Groq"",""observed_endpoint"":null,""observed_quantization"":null}],""response_cache_status"":""UNKNOWN"",""raw_action_valid"":true,""action_received"":""QUERY"",""value"":""EAHICGB"",""action_applied"":""QUERY"",""feedback"":{""exact"":0,""misplaced"":4},""credits_remaining"":1},{""step"":12,""credits_before"":1,""http_attempts"":[{""attempt_number"":1,""started_at"":""2026-08-16T10:16:39.492Z"",""finished_at"":""2026-08-16T10:17:03.532Z"",""duration_ms"":24040,""status_code"":200,""error_category"":null,""error_message"":null,""usage"":{""input_tokens"":1057,""output_tokens"":10,""reasoning_tokens"":null,""cached_tokens"":null,""cache_write_tokens"":null,""total_tokens"":1067},""cost_usd"":0.00011967,""generation_id"":""gen-1786875422-tV5vUQ0JkQK2MQZzo9AH"",""response_cache_status"":""UNKNOWN"",""observed_provider"":""Groq"",""observed_endpoint"":null,""observed_quantization"":null}],""response_cache_status"":""UNKNOWN"",""raw_action_valid"":true,""action_received"":""SUBMIT"",""value"":""EAHICGB"",""action_applied"":""SUBMIT"",""coerced_at_zero_credits"":false,""credits_remaining"":1}]"
2bf55688-dc5d-40cc-9090-41e9f711bcc0,2bf55688-dc5d-40cc-9090-41e9f711bcc0,1,,9,scout,llama-4-scout,meta-llama/llama-4-scout,groq,Groq,groq,,,,A,continuation,2026-08-16T10:00:11.110Z,2026-08-16T10:17:15.586Z,1024476,7263c69a53507dad5a28591077ff111e,058767bcaf9fa8f6,FJHFGFB,7,10,10,9,1,ABDEFGI,0,0.0,false,partial,11,14,3,1,7034,279,,,,7313,0.0008685999999999999,true,true,false,a193e42687075f855a907c617cb6eb43c5979e687d22273bbab4c0919af923ac,"{""max_tokens"":4096,""temperature"":null,""top_p"":null,""top_k"":null,""min_p"":null,""seed"":null,""reasoning"":null,""thinking"":null}","{""endpoint_slug"":""groq"",""quantizations"":null,""allow_fallbacks"":false,""require_parameters"":true}",completed,true,[],,,response must be exactly QUERY <symbols> or SUBMIT <symbols>,"[{""step"":1,""credits_before"":10,""http_attempts"":[{""attempt_number"":1,""started_at"":""2026-08-16T10:00:11.110Z"",""finished_at"":""2026-08-16T10:00:35.312Z"",""duration_ms"":24202,""status_code"":200,""error_category"":null,""error_message"":null,""usage"":{""input_tokens"":259,""output_tokens"":188,""reasoning_tokens"":null,""cached_tokens"":null,""cache_write_tokens"":null,""total_tokens"":447},""cost_usd"":9.241e-05,""generation_id"":""gen-1786874433-P71EJvuxjmG9yDTDvmmq"",""response_cache_status"":""UNKNOWN"",""observed_provider"":""Groq"",""observed_endpoint"":null,""observed_quantization"":null}],""response_cache_status"":""UNKNOWN"",""raw_action_valid"":false,""action"":null,""parse_error"":""response must be exactly QUERY <symbols> or SUBMIT <symbols>"",""consecutive_invalid_responses"":1},{""step"":2,""credits_before"":10,""http_attempts"":[{""attempt_number"":1,""started_at"":""2026-08-16T10:02:17.006Z"",""finished_at"":""2026-08-16T10:02:41.049Z"",""duration_ms"":24043,""status_code"":429,""error_category"":""rate_limit"",""error_message"":""HTTP 429: Provider returned error"",""usage"":{""input_tokens"":null,""output_tokens"":null,""reasoning_tokens"":null,""cached_tokens"":null,""cache_write_tokens"":null,""total_tokens"":null},""cost_usd"":null,""generation_id"":null,""response_cache_status"":""UNKNOWN"",""observed_provider"":null,""observed_endpoint"":null,""observed_quantization"":null},{""attempt_number"":2,""started_at"":""2026-08-16T10:02:42.100Z"",""finished_at"":""2026-08-16T10:03:05.075Z"",""duration_ms"":22974,""status_code"":429,""error_category"":""rate_limit"",""error_message"":""HTTP 429: Provider returned error"",""usage"":{""input_tokens"":null,""output_tokens"":null,""reasoning_tokens"":null,""cached_tokens"":null,""cache_write_tokens"":null,""total_tokens"":null},""cost_usd"":null,""generation_id"":null,""response_cache_status"":""UNKNOWN"",""observed_provider"":null,""observed_endpoint"":null,""observed_quantization"":null},{""attempt_number"":3,""started_at"":""2026-08-16T10:03:07.356Z"",""finished_at"":""2026-08-16T10:03:29.089Z"",""duration_ms"":21733,""status_code"":429,""error_category"":""rate_limit"",""error_message"":""HTTP 429: Provider returned error"",""usage"":{""input_tokens"":null,""output_tokens"":null,""reasoning_tokens"":null,""cached_tokens"":null,""cache_write_tokens"":null,""total_tokens"":null},""cost_usd"":null,""generation_id"":null,""response_cache_status"":""UNKNOWN"",""observed_provider"":null,""observed_endpoint"":null,""observed_quantization"":null},{""attempt_number"":4,""started_at"":""2026-08-16T10:03:34.079Z"",""finished_at"":""2026-08-16T10:03:56.084Z"",""duration_ms"":22005,""status_code"":200,""error_category"":null,""error_message"":null,""usage"":{""input_tokens"":484,""output_tokens"":9,""reasoning_tokens"":null,""cached_tokens"":null,""cache_write_tokens"":null,""total_tokens"":493},""cost_usd"":5.63e-05,""generation_id"":""gen-1786874635-rQvcl3drEbf0kem26nIX"",""response_cache_status"":""UNKNOWN"",""observed_provider"":""Groq"",""observed_endpoint"":null,""observed_quantization"":null}],""response_cache_status"":""UNKNOWN"",""raw_action_valid"":true,""action_received"":""QUERY"",""value"":""AAAAAAA"",""action_applied"":""QUERY"",""feedback"":{""exact"":0,""misplaced"":0},""credits_remaining"":9},{""step"":3,""credits_before"":9,""http_attempts"":[{""attempt_number"":1,""started_at"":""2026-08-16T10:05:23.175Z"",""finished_at"":""2026-08-16T10:05:47.269Z"",""duration_ms"":24094,""status_code"":200,""error_category"":null,""error_message"":null,""usage"":{""input_tokens"":527,""output_tokens"":9,""reasoning_tokens"":null,""cached_tokens"":null,""cache_write_tokens"":null,""total_tokens"":536},""cost_usd"":6.103e-05,""generation_id"":""gen-1786874746-CBZkaUHWQ9QTxefp11fF"",""response_cache_status"":""UNKNOWN"",""observed_provider"":""Groq"",""observed_endpoint"":null,""observed_quantization"":null}],""response_cache_status"":""UNKNOWN"",""raw_action_valid"":true,""action_received"":""QUERY"",""value"":""BBBBBBB"",""action_applied"":""QUERY"",""feedback"":{""exact"":1,""misplaced"":0},""credits_remaining"":8},{""step"":4,""credits_before"":8,""http_attempts"":[{""attempt_number"":1,""started_at"":""2026-08-16T10:07:14.306Z"",""finished_at"":""2026-08-16T10:07:38.333Z"",""duration_ms"":24027,""status_code"":200,""error_category"":null,""error_message"":null,""usage"":{""input_tokens"":570,""output_tokens"":9,""reasoning_tokens"":null,""cached_tokens"":null,""cache_write_tokens"":null,""total_tokens"":579},""cost_usd"":6.576e-05,""generation_id"":""gen-1786874857-mfHBWfKfT8QFwjZC4Js2"",""response_cache_status"":""UNKNOWN"",""observed_provider"":""Groq"",""observed_endpoint"":null,""observed_quantization"":null}],""response_cache_status"":""UNKNOWN"",""raw_action_valid"":true,""action_received"":""QUERY"",""value"":""CCCCCCC"",""action_applied"":""QUERY"",""feedback"":{""exact"":0,""misplaced"":0},""credits_remaining"":7},{""step"":5,""credits_before"":7,""http_attempts"":[{""attempt_number"":1,""started_at"":""2026-08-16T10:09:05.547Z"",""finished_at"":""2026-08-16T10:09:29.687Z"",""duration_ms"":24140,""status_code"":200,""error_category"":null,""error_message"":null,""usage"":{""input_tokens"":613,""output_tokens"":9,""reasoning_tokens"":null,""cached_tokens"":null,""cache_write_tokens"":null,""total_tokens"":622},""cost_usd"":7.049e-05,""generation_id"":""gen-1786874968-iEfaZag9R3dj4XkcnqIJ"",""response_cache_status"":""UNKNOWN"",""observed_provider"":""Groq"",""observed_endpoint"":null,""observed_quantization"":null}],""response_cache_status"":""UNKNOWN"",""raw_action_valid"":true,""action_received"":""QUERY"",""value"":""ABCDEFG"",""action_applied"":""QUERY"",""feedback"":{""exact"":1,""misplaced"":2},""credits_remaining"":6},{""step"":6,""credits_before"":6,""http_attempts"":[{""attempt_number"":1,""started_at"":""2026-08-16T10:10:53.747Z"",""finished_at"":""2026-08-16T10:11:17.889Z"",""duration_ms"":24142,""status_code"":200,""error_category"":null,""error_message"":null,""usage"":{""input_tokens"":656,""output_tokens"":9,""reasoning_tokens"":null,""cached_tokens"":null,""cache_write_tokens"":null,""total_tokens"":665},""cost_usd"":7.522e-05,""generation_id"":""gen-1786875076-OM50WzjaZFEb2ztRBkdc"",""response_cache_status"":""UNKNOWN"",""observed_provider"":""Groq"",""observed_endpoint"":null,""observed_quantization"":null}],""response_cache_status"":""UNKNOWN"",""raw_action_valid"":true,""action_received"":""QUERY"",""value"":""ABCDEFH"",""action_applied"":""QUERY"",""feedback"":{""exact"":1,""misplaced"":2},""credits_remaining"":5},{""step"":7,""credits_before"":5,""http_attempts"":[{""attempt_number"":1,""started_at"":""2026-08-16T10:12:35.929Z"",""finished_at"":""2026-08-16T10:12:59.949Z"",""duration_ms"":24020,""status_code"":200,""error_category"":null,""error_message"":null,""usage"":{""input_tokens"":699,""output_tokens"":9,""reasoning_tokens"":null,""cached_tokens"":null,""cache_write_tokens"":null,""total_tokens"":708},""cost_usd"":7.995e-05,""generation_id"":""gen-1786875178-q8LnB1IhYzbH0VFvxC6K"",""response_cache_status"":""UNKNOWN"",""observed_provider"":""Groq"",""observed_endpoint"":null,""observed_quantization"":null}],""response_cache_status"":""UNKNOWN"",""raw_action_valid"":true,""action_received"":""QUERY"",""value"":""ABCDEGH"",""action_applied"":""QUERY"",""feedback"":{""exact"":0,""misplaced"":3},""credits_remaining"":4},{""step"":8,""credits_before"":4,""http_attempts"":[{""attempt_number"":1,""started_at"":""2026-08-16T10:14:06.256Z"",""finished_at"":""2026-08-16T10:14:30.230Z"",""duration_ms"":23974,""status_code"":200,""error_category"":null,""error_message"":null,""usage"":{""input_tokens"":742,""output_tokens"":9,""reasoning_tokens"":null,""cached_tokens"":null,""cache_write_tokens"":null,""total_tokens"":751},""cost_usd"":8.468e-05,""generation_id"":""gen-1786875269-J0EwhlgQEpxRvBizmSXV"",""response_cache_status"":""UNKNOWN"",""observed_provider"":""Groq"",""observed_endpoint"":null,""observed_quantization"":null}],""response_cache_status"":""UNKNOWN"",""raw_action_valid"":true,""action_received"":""QUERY"",""value"":""ABCEFGH"",""action_applied"":""QUERY"",""feedback"":{""exact"":0,""misplaced"":4},""credits_remaining"":3},{""step"":9,""credits_before"":3,""http_attempts"":[{""attempt_number"":1,""started_at"":""2026-08-16T10:15:21.394Z"",""finished_at"":""2026-08-16T10:15:45.512Z"",""duration_ms"":24118,""status_code"":200,""error_category"":null,""error_message"":null,""usage"":{""input_tokens"":785,""output_tokens"":9,""reasoning_tokens"":null,""cached_tokens"":null,""cache_write_tokens"":null,""total_tokens"":794},""cost_usd"":8.941e-05,""generation_id"":""gen-1786875344-mM3F1fv4wZiIoFEP4XxS"",""response_cache_status"":""UNKNOWN"",""observed_provider"":""Groq"",""observed_endpoint"":null,""observed_quantization"":null}],""response_cache_status"":""UNKNOWN"",""raw_action_valid"":true,""action_received"":""QUERY"",""value"":""ABCDEGI"",""action_applied"":""QUERY"",""feedback"":{""exact"":0,""misplaced"":2},""credits_remaining"":2},{""step"":10,""credits_before"":2,""http_attempts"":[{""attempt_number"":1,""started_at"":""2026-08-16T10:16:15.516Z"",""finished_at"":""2026-08-16T10:16:39.491Z"",""duration_ms"":23975,""status_code"":200,""error_category"":null,""error_message"":null,""usage"":{""input_tokens"":828,""output_tokens"":9,""reasoning_tokens"":null,""cached_tokens"":null,""cache_write_tokens"":null,""total_tokens"":837},""cost_usd"":9.414e-05,""generation_id"":""gen-1786875398-1Zcrk6tQxbiqxRmbM67x"",""response_cache_status"":""UNKNOWN"",""observed_provider"":""Groq"",""observed_endpoint"":null,""observed_quantization"":null}],""response_cache_status"":""UNKNOWN"",""raw_action_valid"":true,""action_received"":""QUERY"",""value"":""ABDEFGI"",""action_applied"":""QUERY"",""feedback"":{""exact"":0,""misplaced"":3},""credits_remaining"":1},{""step"":11,""credits_before"":1,""http_attempts"":[{""attempt_number"":1,""started_at"":""2026-08-16T10:16:51.538Z"",""finished_at"":""2026-08-16T10:17:15.585Z"",""duration_ms"":24047,""status_code"":200,""error_category"":null,""error_message"":null,""usage"":{""input_tokens"":871,""output_tokens"":10,""reasoning_tokens"":null,""cached_tokens"":null,""cache_write_tokens"":null,""total_tokens"":881},""cost_usd"":9.921e-05,""generation_id"":""gen-1786875434-6ZtfRc2CMLldQJHuvOsC"",""response_cache_status"":""UNKNOWN"",""observed_provider"":""Groq"",""observed_endpoint"":null,""observed_quantization"":null}],""response_cache_status"":""UNKNOWN"",""raw_action_valid"":true,""action_received"":""SUBMIT"",""value"":""ABDEFGI"",""action_applied"":""SUBMIT"",""coerced_at_zero_credits"":false,""credits_remaining"":1}]"
eb4e2b9d-2c1c-44cd-9b17-abaca1c43aac,eb4e2b9d-2c1c-44cd-9b17-abaca1c43aac,1,,10,scout,llama-4-scout,meta-llama/llama-4-scout,groq,Groq,groq,,,,D,none,2026-08-16T09:58:04.766Z,2026-08-16T10:17:18.575Z,1153810,7263c69a53507dad5a28591077ff111e,90ec537f5bf26be9,CJDHJHF,7,10,10,7,3,AABBCCF,1,0.14285714285714285,false,partial,12,13,1,4,8344,353,,,,8697,0.0010378599999999998,true,true,false,35eb269349366de62767de54014a2ee9e18f1c8ac55a4d1100739e287293bf0b,"{""max_tokens"":4096,""temperature"":null,""top_p"":null,""top_k"":null,""min_p"":null,""seed"":null,""reasoning"":null,""thinking"":null}","{""endpoint_slug"":""groq"",""quantizations"":null,""allow_fallbacks"":false,""require_parameters"":true}",completed,true,[],,,response must contain exactly 7 symbols,"[{""step"":1,""credits_before"":10,""http_attempts"":[{""attempt_number"":1,""started_at"":""2026-08-16T09:58:04.766Z"",""finished_at"":""2026-08-16T09:58:29.222Z"",""duration_ms"":24456,""status_code"":200,""error_category"":null,""error_message"":null,""usage"":{""input_tokens"":236,""output_tokens"":188,""reasoning_tokens"":null,""cached_tokens"":null,""cache_write_tokens"":null,""total_tokens"":424},""cost_usd"":8.988e-05,""generation_id"":""gen-1786874307-XLhRb7cHHCNULUwvSpx4"",""response_cache_status"":""UNKNOWN"",""observed_provider"":""Groq"",""observed_endpoint"":null,""observed_quantization"":null}],""response_cache_status"":""UNKNOWN"",""raw_action_valid"":false,""action"":null,""parse_error"":""response must be exactly QUERY <symbols> or SUBMIT <symbols>"",""consecutive_invalid_responses"":1},{""step"":2,""credits_before"":10,""http_attempts"":[{""attempt_number"":1,""started_at"":""2026-08-16T10:01:13.938Z"",""finished_at"":""2026-08-16T10:01:37.927Z"",""duration_ms"":23988,""status_code"":200,""error_category"":null,""error_message"":null,""usage"":{""input_tokens"":461,""output_tokens"":5,""reasoning_tokens"":null,""cached_tokens"":null,""cache_write_tokens"":null,""total_tokens"":466},""cost_usd"":5.241e-05,""generation_id"":""gen-1786874496-E4rTsaBzM0DNI4QoChaI"",""response_cache_status"":""UNKNOWN"",""observed_provider"":""Groq"",""observed_endpoint"":null,""observed_quantization"":null}],""response_cache_status"":""UNKNOWN"",""raw_action_valid"":true,""action_received"":""QUERY"",""value"":""AAAAAAA"",""action_applied"":""QUERY"",""feedback"":{""exact"":0,""misplaced"":0},""credits_remaining"":9},{""step"":3,""credits_before"":9,""http_attempts"":[{""attempt_number"":1,""started_at"":""2026-08-16T10:03:11.196Z"",""finished_at"":""2026-08-16T10:03:35.099Z"",""duration_ms"":23903,""status_code"":429,""error_category"":""rate_limit"",""error_message"":""HTTP 429: Provider returned error"",""usage"":{""input_tokens"":null,""output_tokens"":null,""reasoning_tokens"":null,""cached_tokens"":null,""cache_write_tokens"":null,""total_tokens"":null},""cost_usd"":null,""generation_id"":null,""response_cache_status"":""UNKNOWN"",""observed_provider"":null,""observed_endpoint"":null,""observed_quantization"":null},{""attempt_number"":2,""started_at"":""2026-08-16T10:03:36.013Z"",""finished_at"":""2026-08-16T10:03:59.091Z"",""duration_ms"":23077,""status_code"":200,""error_category"":null,""error_message"":null,""usage"":{""input_tokens"":500,""output_tokens"":4,""reasoning_tokens"":null,""cached_tokens"":null,""cache_write_tokens"":null,""total_tokens"":504},""cost_usd"":5.636e-05,""generation_id"":""gen-1786874638-rwyIxa5IfNaPM10aOJap"",""response_cache_status"":""UNKNOWN"",""observed_provider"":""Groq"",""observed_endpoint"":null,""observed_quantization"":null}],""response_cache_status"":""UNKNOWN"",""raw_action_valid"":true,""action_received"":""QUERY"",""value"":""ABCDEFG"",""action_applied"":""QUERY"",""feedback"":{""exact"":0,""misplaced"":3},""credits_remaining"":8},{""step"":4,""credits_before"":8,""http_attempts"":[{""attempt_number"":1,""started_at"":""2026-08-16T10:05:26.178Z"",""finished_at"":""2026-08-16T10:05:50.420Z"",""duration_ms"":24242,""status_code"":200,""error_category"":null,""error_message"":null,""usage"":{""input_tokens"":538,""output_tokens"":111,""reasoning_tokens"":null,""cached_tokens"":null,""cache_write_tokens"":null,""total_tokens"":649},""cost_usd"":9.692e-05,""generation_id"":""gen-1786874749-RINzqgOAadb8mOUyAjq4"",""response_cache_status"":""UNKNOWN"",""observed_provider"":""Groq"",""observed_endpoint"":null,""observed_quantization"":null}],""response_cache_status"":""UNKNOWN"",""raw_action_valid"":false,""action"":null,""parse_error"":""response must be exactly QUERY <symbols> or SUBMIT <symbols>"",""consecutive_invalid_responses"":1},{""step"":5,""credits_before"":8,""http_attempts"":[{""attempt_number"":1,""started_at"":""2026-08-16T10:07:17.456Z"",""finished_at"":""2026-08-16T10:07:41.326Z"",""duration_ms"":23871,""status_code"":200,""error_category"":null,""error_message"":null,""usage"":{""input_tokens"":686,""output_tokens"":5,""reasoning_tokens"":null,""cached_tokens"":null,""cache_write_tokens"":null,""total_tokens"":691},""cost_usd"":7.716e-05,""generation_id"":""gen-1786874860-p8jpIwqm19sDnCxobMFW"",""response_cache_status"":""UNKNOWN"",""observed_provider"":""Groq"",""observed_endpoint"":null,""observed_quantization"":null}],""response_cache_status"":""UNKNOWN"",""raw_action_valid"":true,""action_received"":""QUERY"",""value"":""AAABBCC"",""action_applied"":""QUERY"",""feedback"":{""exact"":0,""misplaced"":1},""credits_remaining"":7},{""step"":6,""credits_before"":7,""http_attempts"":[{""attempt_number"":1,""started_at"":""2026-08-16T10:09:08.541Z"",""finished_at"":""2026-08-16T10:09:32.580Z"",""duration_ms"":24039,""status_code"":200,""error_category"":null,""error_message"":null,""usage"":{""input_tokens"":725,""output_tokens"":5,""reasoning_tokens"":null,""cached_tokens"":null,""cache_write_tokens"":null,""total_tokens"":730},""cost_usd"":8.145e-05,""generation_id"":""gen-1786874971-YKwUyuhYXEK9FqGDXkHl"",""response_cache_status"":""UNKNOWN"",""observed_provider"":""Groq"",""observed_endpoint"":null,""observed_quantization"":null}],""response_cache_status"":""UNKNOWN"",""raw_action_valid"":true,""action_received"":""QUERY"",""value"":""AABBCCC"",""action_applied"":""QUERY"",""feedback"":{""exact"":0,""misplaced"":1},""credits_remaining"":6},{""step"":7,""credits_before"":6,""http_attempts"":[{""attempt_number"":1,""started_at"":""2026-08-16T10:10:56.873Z"",""finished_at"":""2026-08-16T10:11:20.774Z"",""duration_ms"":23900,""status_code"":200,""error_category"":null,""error_message"":null,""usage"":{""input_tokens"":764,""output_tokens"":5,""reasoning_tokens"":null,""cached_tokens"":null,""cache_write_tokens"":null,""total_tokens"":769},""cost_usd"":8.574e-05,""generation_id"":""gen-1786875079-wvfwgm6ZicuIEeWUWP5L"",""response_cache_status"":""UNKNOWN"",""observed_provider"":""Groq"",""observed_endpoint"":null,""observed_quantization"":null}],""response_cache_status"":""UNKNOWN"",""raw_action_valid"":true,""action_received"":""QUERY"",""value"":""AABBCCD"",""action_applied"":""QUERY"",""feedback"":{""exact"":0,""misplaced"":2},""credits_remaining"":5},{""step"":8,""credits_before"":5,""http_attempts"":[{""attempt_number"":1,""started_at"":""2026-08-16T10:12:39.005Z"",""finished_at"":""2026-08-16T10:13:02.941Z"",""duration_ms"":23936,""status_code"":200,""error_category"":null,""error_message"":null,""usage"":{""input_tokens"":803,""output_tokens"":6,""reasoning_tokens"":null,""cached_tokens"":null,""cache_write_tokens"":null,""total_tokens"":809},""cost_usd"":9.037e-05,""generation_id"":""gen-1786875181-ISBqvkWvMZziIcJ0ulyd"",""response_cache_status"":""UNKNOWN"",""observed_provider"":""Groq"",""observed_endpoint"":null,""observed_quantization"":null}],""response_cache_status"":""UNKNOWN"",""raw_action_valid"":false,""action"":null,""parse_error"":""response must contain exactly 7 symbols"",""consecutive_invalid_responses"":1},{""step"":9,""credits_before"":5,""http_attempts"":[{""attempt_number"":1,""started_at"":""2026-08-16T10:14:09.173Z"",""finished_at"":""2026-08-16T10:14:33.233Z"",""duration_ms"":24060,""status_code"":200,""error_category"":null,""error_message"":null,""usage"":{""input_tokens"":846,""output_tokens"":6,""reasoning_tokens"":null,""cached_tokens"":null,""cache_write_tokens"":null,""total_tokens"":852},""cost_usd"":9.51e-05,""generation_id"":""gen-1786875272-SrWiJzfIydx5WPXn4OWm"",""response_cache_status"":""UNKNOWN"",""observed_provider"":""Groq"",""observed_endpoint"":null,""observed_quantization"":null}],""response_cache_status"":""UNKNOWN"",""raw_action_valid"":false,""action"":null,""parse_error"":""response must contain exactly 7 symbols"",""consecutive_invalid_responses"":2},{""step"":10,""credits_before"":5,""http_attempts"":[{""attempt_number"":1,""started_at"":""2026-08-16T10:15:24.436Z"",""finished_at"":""2026-08-16T10:15:48.430Z"",""duration_ms"":23995,""status_code"":200,""error_category"":null,""error_message"":null,""usage"":{""input_tokens"":889,""output_tokens"":5,""reasoning_tokens"":null,""cached_tokens"":null,""cache_write_tokens"":null,""total_tokens"":894},""cost_usd"":9.949e-05,""generation_id"":""gen-1786875347-xyVXY40zllA8u0xENkz6"",""response_cache_status"":""UNKNOWN"",""observed_provider"":""Groq"",""observed_endpoint"":null,""observed_quantization"":null}],""response_cache_status"":""UNKNOWN"",""raw_action_valid"":true,""action_received"":""QUERY"",""value"":""AABBCCE"",""action_applied"":""QUERY"",""feedback"":{""exact"":0,""misplaced"":1},""credits_remaining"":4},{""step"":11,""credits_before"":4,""http_attempts"":[{""attempt_number"":1,""started_at"":""2026-08-16T10:16:18.640Z"",""finished_at"":""2026-08-16T10:16:42.501Z"",""duration_ms"":23861,""status_code"":200,""error_category"":null,""error_message"":null,""usage"":{""input_tokens"":928,""output_tokens"":6,""reasoning_tokens"":null,""cached_tokens"":null,""cache_write_tokens"":null,""total_tokens"":934},""cost_usd"":0.00010412,""generation_id"":""gen-1786875401-aJWdR6RJRJzg49Rxrj3c"",""response_cache_status"":""UNKNOWN"",""observed_provider"":""Groq"",""observed_endpoint"":null,""observed_quantization"":null}],""response_cache_status"":""UNKNOWN"",""raw_action_valid"":true,""action_received"":""QUERY"",""value"":""AABBCCF"",""action_applied"":""QUERY"",""feedback"":{""exact"":1,""misplaced"":1},""credits_remaining"":3},{""step"":12,""credits_before"":3,""http_attempts"":[{""attempt_number"":1,""started_at"":""2026-08-16T10:16:54.596Z"",""finished_at"":""2026-08-16T10:17:18.574Z"",""duration_ms"":23979,""status_code"":200,""error_category"":null,""error_message"":null,""usage"":{""input_tokens"":968,""output_tokens"":7,""reasoning_tokens"":null,""cached_tokens"":null,""cache_write_tokens"":null,""total_tokens"":975},""cost_usd"":0.00010886,""generation_id"":""gen-1786875437-QPPEs7gZMcSqoyhH7UyR"",""response_cache_status"":""UNKNOWN"",""observed_provider"":""Groq"",""observed_endpoint"":null,""observed_quantization"":null}],""response_cache_status"":""UNKNOWN"",""raw_action_valid"":true,""action_received"":""SUBMIT"",""value"":""AABBCCF"",""action_applied"":""SUBMIT"",""coerced_at_zero_credits"":false,""credits_remaining"":3}]"
eb60054d-cf39-4607-a053-b6f63aae41c1,eb60054d-cf39-4607-a053-b6f63aae41c1,1,,15,scout,llama-4-scout,meta-llama/llama-4-scout,groq,Groq,groq,,,,D,none,2026-08-16T09:58:40.798Z,2026-08-16T10:17:24.595Z,1123797,7263c69a53507dad5a28591077ff111e,bd6b19f68d6c0b53,GFDEEHJ,7,10,10,10,0,ACEAAGA,0,0.0,false,partial,12,13,1,1,9443,449,,,,9892,0.0011913899999999999,true,true,false,35eb269349366de62767de54014a2ee9e18f1c8ac55a4d1100739e287293bf0b,"{""max_tokens"":4096,""temperature"":null,""top_p"":null,""top_k"":null,""min_p"":null,""seed"":null,""reasoning"":null,""thinking"":null}","{""endpoint_slug"":""groq"",""quantizations"":null,""allow_fallbacks"":false,""require_parameters"":true}",completed,true,[],,,response must be exactly QUERY <symbols> or SUBMIT <symbols>,"[{""step"":1,""credits_before"":10,""http_attempts"":[{""attempt_number"":1,""started_at"":""2026-08-16T09:58:40.799Z"",""finished_at"":""2026-08-16T09:59:05.619Z"",""duration_ms"":24820,""status_code"":200,""error_category"":null,""error_message"":null,""usage"":{""input_tokens"":236,""output_tokens"":349,""reasoning_tokens"":null,""cached_tokens"":null,""cache_write_tokens"":null,""total_tokens"":585},""cost_usd"":0.00014462,""generation_id"":""gen-1786874343-CuBdfPxGfPDnU2EhhE2r"",""response_cache_status"":""UNKNOWN"",""observed_provider"":""Groq"",""observed_endpoint"":null,""observed_quantization"":null}],""response_cache_status"":""UNKNOWN"",""raw_action_valid"":false,""action"":null,""parse_error"":""response must be exactly QUERY <symbols> or SUBMIT <symbols>"",""consecutive_invalid_responses"":1},{""step"":2,""credits_before"":10,""http_attempts"":[{""attempt_number"":1,""started_at"":""2026-08-16T10:01:31.963Z"",""finished_at"":""2026-08-16T10:01:55.966Z"",""duration_ms"":24003,""status_code"":200,""error_category"":null,""error_message"":null,""usage"":{""input_tokens"":622,""output_tokens"":9,""reasoning_tokens"":null,""cached_tokens"":null,""cache_write_tokens"":null,""total_tokens"":631},""cost_usd"":7.148e-05,""generation_id"":""gen-1786874515-it8XzMXonmtlxl4NqH7U"",""response_cache_status"":""UNKNOWN"",""observed_provider"":""Groq"",""observed_endpoint"":null,""observed_quantization"":null}],""response_cache_status"":""UNKNOWN"",""raw_action_valid"":true,""action_received"":""QUERY"",""value"":""ABCDEFG"",""action_applied"":""QUERY"",""feedback"":{""exact"":1,""misplaced"":3},""credits_remaining"":9},{""step"":3,""credits_before"":9,""http_attempts"":[{""attempt_number"":1,""started_at"":""2026-08-16T10:03:32.708Z"",""finished_at"":""2026-08-16T10:03:53.121Z"",""duration_ms"":20412,""status_code"":429,""error_category"":""rate_limit"",""error_message"":""HTTP 429: Provider returned error"",""usage"":{""input_tokens"":null,""output_tokens"":null,""reasoning_tokens"":null,""cached_tokens"":null,""cache_write_tokens"":null,""total_tokens"":null},""cost_usd"":null,""generation_id"":null,""response_cache_status"":""UNKNOWN"",""observed_provider"":null,""observed_endpoint"":null,""observed_quantization"":null},{""attempt_number"":2,""started_at"":""2026-08-16T10:03:53.962Z"",""finished_at"":""2026-08-16T10:04:17.236Z"",""duration_ms"":23273,""status_code"":200,""error_category"":null,""error_message"":null,""usage"":{""input_tokens"":665,""output_tokens"":9,""reasoning_tokens"":null,""cached_tokens"":null,""cache_write_tokens"":null,""total_tokens"":674},""cost_usd"":7.621e-05,""generation_id"":""gen-1786874656-3mRfXEnGW0WD52DbBxRp"",""response_cache_status"":""UNKNOWN"",""observed_provider"":""Groq"",""observed_endpoint"":null,""observed_quantization"":null}],""response_cache_status"":""UNKNOWN"",""raw_action_valid"":true,""action_received"":""QUERY"",""value"":""ABCDAEG"",""action_applied"":""QUERY"",""feedback"":{""exact"":0,""misplaced"":3},""credits_remaining"":8},{""step"":4,""credits_before"":8,""http_attempts"":[{""attempt_number"":1,""started_at"":""2026-08-16T10:05:44.187Z"",""finished_at"":""2026-08-16T10:06:08.248Z"",""duration_ms"":24061,""status_code"":200,""error_category"":null,""error_message"":null,""usage"":{""input_tokens"":708,""output_tokens"":9,""reasoning_tokens"":null,""cached_tokens"":null,""cache_write_tokens"":null,""total_tokens"":717},""cost_usd"":8.094e-05,""generation_id"":""gen-1786874767-NjF67ijU9qBmABxL7gdu"",""response_cache_status"":""UNKNOWN"",""observed_provider"":""Groq"",""observed_endpoint"":null,""observed_quantization"":null}],""response_cache_status"":""UNKNOWN"",""raw_action_valid"":true,""action_received"":""QUERY"",""value"":""AACDEFG"",""action_applied"":""QUERY"",""feedback"":{""exact"":1,""misplaced"":3},""credits_remaining"":7},{""step"":5,""credits_before"":7,""http_attempts"":[{""attempt_number"":1,""started_at"":""2026-08-16T10:07:35.327Z"",""finished_at"":""2026-08-16T10:07:59.377Z"",""duration_ms"":24050,""status_code"":200,""error_category"":null,""error_message"":null,""usage"":{""input_tokens"":751,""output_tokens"":9,""reasoning_tokens"":null,""cached_tokens"":null,""cache_write_tokens"":null,""total_tokens"":760},""cost_usd"":8.567e-05,""generation_id"":""gen-1786874878-aFWYyyAhmVBwb4BLqkLC"",""response_cache_status"":""UNKNOWN"",""observed_provider"":""Groq"",""observed_endpoint"":null,""observed_quantization"":null}],""response_cache_status"":""UNKNOWN"",""raw_action_valid"":true,""action_received"":""QUERY"",""value"":""ACCDEFG"",""action_applied"":""QUERY"",""feedback"":{""exact"":1,""misplaced"":3},""credits_remaining"":6},{""step"":6,""credits_before"":6,""http_attempts"":[{""attempt_number"":1,""started_at"":""2026-08-16T10:09:23.577Z"",""finished_at"":""2026-08-16T10:09:47.612Z"",""duration_ms"":24035,""status_code"":200,""error_category"":null,""error_message"":null,""usage"":{""input_tokens"":794,""output_tokens"":9,""reasoning_tokens"":null,""cached_tokens"":null,""cache_write_tokens"":null,""total_tokens"":803},""cost_usd"":9.04e-05,""generation_id"":""gen-1786874986-4PZPYqsybXsK9x8o4zR8"",""response_cache_status"":""UNKNOWN"",""observed_provider"":""Groq"",""observed_endpoint"":null,""observed_quantization"":null}],""response_cache_status"":""UNKNOWN"",""raw_action_valid"":true,""action_received"":""QUERY"",""value"":""ACEDEFG"",""action_applied"":""QUERY"",""feedback"":{""exact"":1,""misplaced"":4},""credits_remaining"":5},{""step"":7,""credits_before"":5,""http_attempts"":[{""attempt_number"":1,""started_at"":""2026-08-16T10:11:11.766Z"",""finished_at"":""2026-08-16T10:11:35.815Z"",""duration_ms"":24049,""status_code"":200,""error_category"":null,""error_message"":null,""usage"":{""input_tokens"":837,""output_tokens"":9,""reasoning_tokens"":null,""cached_tokens"":null,""cache_write_tokens"":null,""total_tokens"":846},""cost_usd"":9.513e-05,""generation_id"":""gen-1786875094-7iK0ZfNESWBx8tmiiG0h"",""response_cache_status"":""UNKNOWN"",""observed_provider"":""Groq"",""observed_endpoint"":null,""observed_quantization"":null}],""response_cache_status"":""UNKNOWN"",""raw_action_valid"":true,""action_received"":""QUERY"",""value"":""ACECEFG"",""action_applied"":""QUERY"",""feedback"":{""exact"":1,""misplaced"":3},""credits_remaining"":4},{""step"":8,""credits_before"":4,""http_attempts"":[{""attempt_number"":1,""started_at"":""2026-08-16T10:12:53.974Z"",""finished_at"":""2026-08-16T10:13:17.991Z"",""duration_ms"":24018,""status_code"":200,""error_category"":null,""error_message"":null,""usage"":{""input_tokens"":880,""output_tokens"":9,""reasoning_tokens"":null,""cached_tokens"":null,""cache_write_tokens"":null,""total_tokens"":889},""cost_usd"":9.986e-05,""generation_id"":""gen-1786875197-a7OQy4in1gqEdmzTXAx4"",""response_cache_status"":""UNKNOWN"",""observed_provider"":""Groq"",""observed_endpoint"":null,""observed_quantization"":null}],""response_cache_status"":""UNKNOWN"",""raw_action_valid"":true,""action_received"":""QUERY"",""value"":""ACECEGG"",""action_applied"":""QUERY"",""feedback"":{""exact"":1,""misplaced"":2},""credits_remaining"":3},{""step"":9,""credits_before"":3,""http_attempts"":[{""attempt_number"":1,""started_at"":""2026-08-16T10:14:24.192Z"",""finished_at"":""2026-08-16T10:14:48.295Z"",""duration_ms"":24103,""status_code"":200,""error_category"":null,""error_message"":null,""usage"":{""input_tokens"":923,""output_tokens"":9,""reasoning_tokens"":null,""cached_tokens"":null,""cache_write_tokens"":null,""total_tokens"":932},""cost_usd"":0.00010459,""generation_id"":""gen-1786875287-RxBQcVtibkwETM5kVPOB"",""response_cache_status"":""UNKNOWN"",""observed_provider"":""Groq"",""observed_endpoint"":null,""observed_quantization"":null}],""response_cache_status"":""UNKNOWN"",""raw_action_valid"":true,""action_received"":""QUERY"",""value"":""ACECEGA"",""action_applied"":""QUERY"",""feedback"":{""exact"":1,""misplaced"":2},""credits_remaining"":2},{""step"":10,""credits_before"":2,""http_attempts"":[{""attempt_number"":1,""started_at"":""2026-08-16T10:15:36.774Z"",""finished_at"":""2026-08-16T10:16:00.430Z"",""duration_ms"":23655,""status_code"":200,""error_category"":null,""error_message"":null,""usage"":{""input_tokens"":966,""output_tokens"":9,""reasoning_tokens"":null,""cached_tokens"":null,""cache_write_tokens"":null,""total_tokens"":975},""cost_usd"":0.00010932,""generation_id"":""gen-1786875359-FNlQ0lpP8LuiaJB7GfvX"",""response_cache_status"":""UNKNOWN"",""observed_provider"":""Groq"",""observed_endpoint"":null,""observed_quantization"":null}],""response_cache_status"":""UNKNOWN"",""raw_action_valid"":true,""action_received"":""QUERY"",""value"":""ACECAGA"",""action_applied"":""QUERY"",""feedback"":{""exact"":0,""misplaced"":2},""credits_remaining"":1},{""step"":11,""credits_before"":1,""http_attempts"":[{""attempt_number"":1,""started_at"":""2026-08-16T10:16:27.581Z"",""finished_at"":""2026-08-16T10:16:51.537Z"",""duration_ms"":23956,""status_code"":200,""error_category"":null,""error_message"":null,""usage"":{""input_tokens"":1009,""output_tokens"":9,""reasoning_tokens"":null,""cached_tokens"":null,""cache_write_tokens"":null,""total_tokens"":1018},""cost_usd"":0.00011405,""generation_id"":""gen-1786875410-8cNEK4c0DqZZvaDCrgeS"",""response_cache_status"":""UNKNOWN"",""observed_provider"":""Groq"",""observed_endpoint"":null,""observed_quantization"":null}],""response_cache_status"":""UNKNOWN"",""raw_action_valid"":true,""action_received"":""QUERY"",""value"":""ACEAAGA"",""action_applied"":""QUERY"",""feedback"":{""exact"":0,""misplaced"":2},""credits_remaining"":0},{""step"":12,""credits_before"":0,""http_attempts"":[{""attempt_number"":1,""started_at"":""2026-08-16T10:17:00.578Z"",""finished_at"":""2026-08-16T10:17:24.593Z"",""duration_ms"":24016,""status_code"":200,""error_category"":null,""error_message"":null,""usage"":{""input_tokens"":1052,""output_tokens"":10,""reasoning_tokens"":null,""cached_tokens"":null,""cache_write_tokens"":null,""total_tokens"":1062},""cost_usd"":0.00011912,""generation_id"":""gen-1786875443-kiVPZy0wjPIqVl5OSxa4"",""response_cache_status"":""UNKNOWN"",""observed_provider"":""Groq"",""observed_endpoint"":null,""observed_quantization"":null}],""response_cache_status"":""UNKNOWN"",""raw_action_valid"":true,""action_received"":""SUBMIT"",""value"":""ACEAAGA"",""action_applied"":""SUBMIT"",""coerced_at_zero_credits"":false,""credits_remaining"":0}]"
2037378b-c6fd-4b01-a851-84dc6019def5,2037378b-c6fd-4b01-a851-84dc6019def5,1,,20,scout,llama-4-scout,meta-llama/llama-4-scout,groq,Groq,groq,,,,B,same_model_instance,2026-08-16T09:58:14.827Z,2026-08-16T10:17:33.602Z,1158775,7263c69a53507dad5a28591077ff111e,7ab9ec107f2efce7,CFEBGDD,7,10,10,9,1,AAAAAAA,0,0.0,false,partial,13,13,0,3,10796,420,,,,11216,0.00133036,true,true,false,beac9c73922a2ffe8812688677869d60b795a42f7917e7d966869980810162d3,"{""max_tokens"":4096,""temperature"":null,""top_p"":null,""top_k"":null,""min_p"":null,""seed"":null,""reasoning"":null,""thinking"":null}","{""endpoint_slug"":""groq"",""quantizations"":null,""allow_fallbacks"":false,""require_parameters"":true}",completed,true,[],,,response must contain exactly 7 symbols,"[{""step"":1,""credits_before"":10,""http_attempts"":[{""attempt_number"":1,""started_at"":""2026-08-16T09:58:14.828Z"",""finished_at"":""2026-08-16T09:58:38.581Z"",""duration_ms"":23753,""status_code"":200,""error_category"":null,""error_message"":null,""usage"":{""input_tokens"":265,""output_tokens"":358,""reasoning_tokens"":null,""cached_tokens"":null,""cache_write_tokens"":null,""total_tokens"":623},""cost_usd"":0.00015087,""generation_id"":""gen-1786874316-itI7KMxqDYTz66aJCGVn"",""response_cache_status"":""UNKNOWN"",""observed_provider"":""Groq"",""observed_endpoint"":null,""observed_quantization"":null}],""response_cache_status"":""UNKNOWN"",""raw_action_valid"":false,""action"":null,""parse_error"":""response must be exactly QUERY <symbols> or SUBMIT <symbols>"",""consecutive_invalid_responses"":1},{""step"":2,""credits_before"":10,""http_attempts"":[{""attempt_number"":1,""started_at"":""2026-08-16T10:01:19.928Z"",""finished_at"":""2026-08-16T10:01:43.999Z"",""duration_ms"":24071,""status_code"":200,""error_category"":null,""error_message"":null,""usage"":{""input_tokens"":660,""output_tokens"":4,""reasoning_tokens"":null,""cached_tokens"":null,""cache_write_tokens"":null,""total_tokens"":664},""cost_usd"":7.396e-05,""generation_id"":""gen-1786874503-eNaD525DgQOQ7xnIAmR5"",""response_cache_status"":""UNKNOWN"",""observed_provider"":""Groq"",""observed_endpoint"":null,""observed_quantization"":null}],""response_cache_status"":""UNKNOWN"",""raw_action_valid"":true,""action_received"":""QUERY"",""value"":""ABCDEFG"",""action_applied"":""QUERY"",""feedback"":{""exact"":0,""misplaced"":6},""credits_remaining"":9},{""step"":3,""credits_before"":9,""http_attempts"":[{""attempt_number"":1,""started_at"":""2026-08-16T10:03:17.100Z"",""finished_at"":""2026-08-16T10:03:41.248Z"",""duration_ms"":24148,""status_code"":200,""error_category"":null,""error_message"":null,""usage"":{""input_tokens"":698,""output_tokens"":6,""reasoning_tokens"":null,""cached_tokens"":null,""cache_write_tokens"":null,""total_tokens"":704},""cost_usd"":7.882e-05,""generation_id"":""gen-1786874620-STFWHHOlppmDgJKKbknf"",""response_cache_status"":""UNKNOWN"",""observed_provider"":""Groq"",""observed_endpoint"":null,""observed_quantization"":null}],""response_cache_status"":""UNKNOWN"",""raw_action_valid"":false,""action"":null,""parse_error"":""response must contain exactly 7 symbols"",""consecutive_invalid_responses"":1},{""step"":4,""credits_before"":9,""http_attempts"":[{""attempt_number"":1,""started_at"":""2026-08-16T10:05:11.154Z"",""finished_at"":""2026-08-16T10:05:35.169Z"",""duration_ms"":24014,""status_code"":200,""error_category"":null,""error_message"":null,""usage"":{""input_tokens"":741,""output_tokens"":5,""reasoning_tokens"":null,""cached_tokens"":null,""cache_write_tokens"":null,""total_tokens"":746},""cost_usd"":8.321e-05,""generation_id"":""gen-1786874734-9MzNX6qqutVCB2EVgOhp"",""response_cache_status"":""UNKNOWN"",""observed_provider"":""Groq"",""observed_endpoint"":null,""observed_quantization"":null}],""response_cache_status"":""UNKNOWN"",""raw_action_valid"":true,""action_received"":""QUERY"",""value"":""AABBCCC"",""action_applied"":""QUERY"",""feedback"":{""exact"":1,""misplaced"":1},""credits_remaining"":8},{""step"":5,""credits_before"":8,""http_attempts"":[{""attempt_number"":1,""started_at"":""2026-08-16T10:07:02.259Z"",""finished_at"":""2026-08-16T10:07:26.312Z"",""duration_ms"":24054,""status_code"":200,""error_category"":null,""error_message"":null,""usage"":{""input_tokens"":780,""output_tokens"":5,""reasoning_tokens"":null,""cached_tokens"":null,""cache_write_tokens"":null,""total_tokens"":785},""cost_usd"":8.75e-05,""generation_id"":""gen-1786874845-XVvCDYqbB3xfglWIQjez"",""response_cache_status"":""UNKNOWN"",""observed_provider"":""Groq"",""observed_endpoint"":null,""observed_quantization"":null}],""response_cache_status"":""UNKNOWN"",""raw_action_valid"":true,""action_received"":""QUERY"",""value"":""AAABBCC"",""action_applied"":""QUERY"",""feedback"":{""exact"":1,""misplaced"":1},""credits_remaining"":7},{""step"":6,""credits_before"":7,""http_attempts"":[{""attempt_number"":1,""started_at"":""2026-08-16T10:08:53.513Z"",""finished_at"":""2026-08-16T10:09:17.599Z"",""duration_ms"":24085,""status_code"":200,""error_category"":null,""error_message"":null,""usage"":{""input_tokens"":819,""output_tokens"":5,""reasoning_tokens"":null,""cached_tokens"":null,""cache_write_tokens"":null,""total_tokens"":824},""cost_usd"":9.179e-05,""generation_id"":""gen-1786874956-mk3n1Wn34ZEa32us3lQh"",""response_cache_status"":""UNKNOWN"",""observed_provider"":""Groq"",""observed_endpoint"":null,""observed_quantization"":null}],""response_cache_status"":""UNKNOWN"",""raw_action_valid"":true,""action_received"":""QUERY"",""value"":""AAAAACC"",""action_applied"":""QUERY"",""feedback"":{""exact"":0,""misplaced"":1},""credits_remaining"":6},{""step"":7,""credits_before"":6,""http_attempts"":[{""attempt_number"":1,""started_at"":""2026-08-16T10:10:41.718Z"",""finished_at"":""2026-08-16T10:11:05.775Z"",""duration_ms"":24057,""status_code"":200,""error_category"":null,""error_message"":null,""usage"":{""input_tokens"":858,""output_tokens"":5,""reasoning_tokens"":null,""cached_tokens"":null,""cache_write_tokens"":null,""total_tokens"":863},""cost_usd"":9.608e-05,""generation_id"":""gen-1786875064-wbR5fXvOxEq2T6dATFJ6"",""response_cache_status"":""UNKNOWN"",""observed_provider"":""Groq"",""observed_endpoint"":null,""observed_quantization"":null}],""response_cache_status"":""UNKNOWN"",""raw_action_valid"":true,""action_received"":""QUERY"",""value"":""AAAAAAA"",""action_applied"":""QUERY"",""feedback"":{""exact"":0,""misplaced"":0},""credits_remaining"":5},{""step"":8,""credits_before"":5,""http_attempts"":[{""attempt_number"":1,""started_at"":""2026-08-16T10:12:24.018Z"",""finished_at"":""2026-08-16T10:12:47.930Z"",""duration_ms"":23912,""status_code"":200,""error_category"":null,""error_message"":null,""usage"":{""input_tokens"":897,""output_tokens"":5,""reasoning_tokens"":null,""cached_tokens"":null,""cache_write_tokens"":null,""total_tokens"":902},""cost_usd"":0.00010037,""generation_id"":""gen-1786875166-CD6OtvNcsaMexlJ7qz5R"",""response_cache_status"":""UNKNOWN"",""observed_provider"":""Groq"",""observed_endpoint"":null,""observed_quantization"":null}],""response_cache_status"":""UNKNOWN"",""raw_action_valid"":true,""action_received"":""QUERY"",""value"":""AAAAAAB"",""action_applied"":""QUERY"",""feedback"":{""exact"":0,""misplaced"":1},""credits_remaining"":4},{""step"":9,""credits_before"":4,""http_attempts"":[{""attempt_number"":1,""started_at"":""2026-08-16T10:13:54.186Z"",""finished_at"":""2026-08-16T10:14:18.202Z"",""duration_ms"":24016,""status_code"":200,""error_category"":null,""error_message"":null,""usage"":{""input_tokens"":936,""output_tokens"":5,""reasoning_tokens"":null,""cached_tokens"":null,""cache_write_tokens"":null,""total_tokens"":941},""cost_usd"":0.00010466,""generation_id"":""gen-1786875257-IjMhXLGKpMJit2jBe7CJ"",""response_cache_status"":""UNKNOWN"",""observed_provider"":""Groq"",""observed_endpoint"":null,""observed_quantization"":null}],""response_cache_status"":""UNKNOWN"",""raw_action_valid"":true,""action_received"":""QUERY"",""value"":""AAAAAAC"",""action_applied"":""QUERY"",""feedback"":{""exact"":0,""misplaced"":1},""credits_remaining"":3},{""step"":10,""credits_before"":3,""http_attempts"":[{""attempt_number"":1,""started_at"":""2026-08-16T10:15:12.353Z"",""finished_at"":""2026-08-16T10:15:36.773Z"",""duration_ms"":24420,""status_code"":200,""error_category"":null,""error_message"":null,""usage"":{""input_tokens"":975,""output_tokens"":5,""reasoning_tokens"":null,""cached_tokens"":null,""cache_write_tokens"":null,""total_tokens"":980},""cost_usd"":0.00010895,""generation_id"":""gen-1786875335-GoPTDegObWI4tsadgBBr"",""response_cache_status"":""UNKNOWN"",""observed_provider"":""Groq"",""observed_endpoint"":null,""observed_quantization"":null}],""response_cache_status"":""UNKNOWN"",""raw_action_valid"":true,""action_received"":""QUERY"",""value"":""AAAAAAD"",""action_applied"":""QUERY"",""feedback"":{""exact"":1,""misplaced"":0},""credits_remaining"":2},{""step"":11,""credits_before"":2,""http_attempts"":[{""attempt_number"":1,""started_at"":""2026-08-16T10:16:09.464Z"",""finished_at"":""2026-08-16T10:16:33.539Z"",""duration_ms"":24075,""status_code"":200,""error_category"":null,""error_message"":null,""usage"":{""input_tokens"":1014,""output_tokens"":6,""reasoning_tokens"":null,""cached_tokens"":null,""cache_write_tokens"":null,""total_tokens"":1020},""cost_usd"":0.00011358,""generation_id"":""gen-1786875392-UUbJY8wungu9rlaqPZr9"",""response_cache_status"":""UNKNOWN"",""observed_provider"":""Groq"",""observed_endpoint"":null,""observed_quantization"":null}],""response_cache_status"":""UNKNOWN"",""raw_action_valid"":false,""action"":null,""parse_error"":""response must contain exactly 7 symbols"",""consecutive_invalid_responses"":1},{""step"":12,""credits_before"":2,""http_attempts"":[{""attempt_number"":1,""started_at"":""2026-08-16T10:16:48.512Z"",""finished_at"":""2026-08-16T10:17:12.586Z"",""duration_ms"":24074,""status_code"":200,""error_category"":null,""error_message"":null,""usage"":{""input_tokens"":1057,""output_tokens"":5,""reasoning_tokens"":null,""cached_tokens"":null,""cache_write_tokens"":null,""total_tokens"":1062},""cost_usd"":0.00011797,""generation_id"":""gen-1786875431-3saWFmTcv1IkF5Ubzvlj"",""response_cache_status"":""UNKNOWN"",""observed_provider"":""Groq"",""observed_endpoint"":null,""observed_quantization"":null}],""response_cache_status"":""UNKNOWN"",""raw_action_valid"":true,""action_received"":""QUERY"",""value"":""AAAAAAE"",""action_applied"":""QUERY"",""feedback"":{""exact"":0,""misplaced"":1},""credits_remaining"":1},{""step"":13,""credits_before"":1,""http_attempts"":[{""attempt_number"":1,""started_at"":""2026-08-16T10:17:12.587Z"",""finished_at"":""2026-08-16T10:17:33.601Z"",""duration_ms"":21015,""status_code"":200,""error_category"":null,""error_message"":null,""usage"":{""input_tokens"":1096,""output_tokens"":6,""reasoning_tokens"":null,""cached_tokens"":null,""cache_write_tokens"":null,""total_tokens"":1102},""cost_usd"":0.0001226,""generation_id"":""gen-1786875452-e0EIFnlz6UW3cXgTtWCY"",""response_cache_status"":""UNKNOWN"",""observed_provider"":""Groq"",""observed_endpoint"":null,""observed_quantization"":null}],""response_cache_status"":""UNKNOWN"",""raw_action_valid"":true,""action_received"":""SUBMIT"",""value"":""AAAAAAA"",""action_applied"":""SUBMIT"",""coerced_at_zero_credits"":false,""credits_remaining"":1}]"
c1522a2a-ddb8-447a-a12e-419fed6093ed,c1522a2a-ddb8-447a-a12e-419fed6093ed,1,,2,scout,llama-4-scout,meta-llama/llama-4-scout,groq,Groq,groq,,,,B,same_model_instance,2026-08-16T09:58:58.841Z,2026-08-16T10:17:45.626Z,1126786,7263c69a53507dad5a28591077ff111e,49c993cb7e85d68e,GICEAIF,7,10,10,10,0,AAAAAAA,1,0.14285714285714285,false,partial,14,15,1,3,9413,238,,,,9651,0.00111635,true,true,false,beac9c73922a2ffe8812688677869d60b795a42f7917e7d966869980810162d3,"{""max_tokens"":4096,""temperature"":null,""top_p"":null,""top_k"":null,""min_p"":null,""seed"":null,""reasoning"":null,""thinking"":null}","{""endpoint_slug"":""groq"",""quantizations"":null,""allow_fallbacks"":false,""require_parameters"":true}",completed,true,[],,,response must contain exactly 7 symbols,"[{""step"":1,""credits_before"":10,""http_attempts"":[{""attempt_number"":1,""started_at"":""2026-08-16T09:58:58.841Z"",""finished_at"":""2026-08-16T09:59:22.833Z"",""duration_ms"":23992,""status_code"":429,""error_category"":""rate_limit"",""error_message"":""HTTP 429: Provider returned error"",""usage"":{""input_tokens"":null,""output_tokens"":null,""reasoning_tokens"":null,""cached_tokens"":null,""cache_write_tokens"":null,""total_tokens"":null},""cost_usd"":null,""generation_id"":null,""response_cache_status"":""UNKNOWN"",""observed_provider"":null,""observed_endpoint"":null,""observed_quantization"":null},{""attempt_number"":2,""started_at"":""2026-08-16T09:59:23.713Z"",""finished_at"":""2026-08-16T09:59:47.202Z"",""duration_ms"":23489,""status_code"":200,""error_category"":null,""error_message"":null,""usage"":{""input_tokens"":265,""output_tokens"":161,""reasoning_tokens"":null,""cached_tokens"":null,""cache_write_tokens"":null,""total_tokens"":426},""cost_usd"":8.389e-05,""generation_id"":""gen-1786874385-1bJyuI1Lwpk8glpfdyEG"",""response_cache_status"":""UNKNOWN"",""observed_provider"":""Groq"",""observed_endpoint"":null,""observed_quantization"":null}],""response_cache_status"":""UNKNOWN"",""raw_action_valid"":false,""action"":null,""parse_error"":""response must be exactly QUERY <symbols> or SUBMIT <symbols>"",""consecutive_invalid_responses"":1},{""step"":2,""credits_before"":10,""http_attempts"":[{""attempt_number"":1,""started_at"":""2026-08-16T10:01:46.957Z"",""finished_at"":""2026-08-16T10:02:10.981Z"",""duration_ms"":24023,""status_code"":200,""error_category"":null,""error_message"":null,""usage"":{""input_tokens"":463,""output_tokens"":5,""reasoning_tokens"":null,""cached_tokens"":null,""cache_write_tokens"":null,""total_tokens"":468},""cost_usd"":5.263e-05,""generation_id"":""gen-1786874530-ppJ1SWCESLSigz2b19Xx"",""response_cache_status"":""UNKNOWN"",""observed_provider"":""Groq"",""observed_endpoint"":null,""observed_quantization"":null}],""response_cache_status"":""UNKNOWN"",""raw_action_valid"":true,""action_received"":""QUERY"",""value"":""AAAAAAA"",""action_applied"":""QUERY"",""feedback"":{""exact"":1,""misplaced"":0},""credits_remaining"":9},{""step"":3,""credits_before"":9,""http_attempts"":[{""attempt_number"":1,""started_at"":""2026-08-16T10:03:50.132Z"",""finished_at"":""2026-08-16T10:04:14.546Z"",""duration_ms"":24414,""status_code"":200,""error_category"":null,""error_message"":null,""usage"":{""input_tokens"":502,""output_tokens"":4,""reasoning_tokens"":null,""cached_tokens"":null,""cache_write_tokens"":null,""total_tokens"":506},""cost_usd"":5.658e-05,""generation_id"":""gen-1786874653-vx5HMmWzgGbvtQL6A0GQ"",""response_cache_status"":""UNKNOWN"",""observed_provider"":""Groq"",""observed_endpoint"":null,""observed_quantization"":null}],""response_cache_status"":""UNKNOWN"",""raw_action_valid"":true,""action_received"":""QUERY"",""value"":""ABCDEFG"",""action_applied"":""QUERY"",""feedback"":{""exact"":1,""misplaced"":4},""credits_remaining"":8},{""step"":4,""credits_before"":8,""http_attempts"":[{""attempt_number"":1,""started_at"":""2026-08-16T10:05:41.183Z"",""finished_at"":""2026-08-16T10:06:05.193Z"",""duration_ms"":24010,""status_code"":200,""error_category"":null,""error_message"":null,""usage"":{""input_tokens"":540,""output_tokens"":5,""reasoning_tokens"":null,""cached_tokens"":null,""cache_write_tokens"":null,""total_tokens"":545},""cost_usd"":6.11e-05,""generation_id"":""gen-1786874764-T7URAAFXeTZvlv2Ua735"",""response_cache_status"":""UNKNOWN"",""observed_provider"":""Groq"",""observed_endpoint"":null,""observed_quantization"":null}],""response_cache_status"":""UNKNOWN"",""raw_action_valid"":true,""action_received"":""QUERY"",""value"":""AAAAAAA"",""action_applied"":""QUERY"",""feedback"":{""exact"":1,""misplaced"":0},""credits_remaining"":7},{""step"":5,""credits_before"":7,""http_attempts"":[{""attempt_number"":1,""started_at"":""2026-08-16T10:07:32.335Z"",""finished_at"":""2026-08-16T10:07:56.350Z"",""duration_ms"":24015,""status_code"":200,""error_category"":null,""error_message"":null,""usage"":{""input_tokens"":579,""output_tokens"":4,""reasoning_tokens"":null,""cached_tokens"":null,""cache_write_tokens"":null,""total_tokens"":583},""cost_usd"":6.505e-05,""generation_id"":""gen-1786874875-akEyoXyd0b7CTTXzMtsa"",""response_cache_status"":""UNKNOWN"",""observed_provider"":""Groq"",""observed_endpoint"":null,""observed_quantization"":null}],""response_cache_status"":""UNKNOWN"",""raw_action_valid"":true,""action_received"":""QUERY"",""value"":""ABCDEFG"",""action_applied"":""QUERY"",""feedback"":{""exact"":1,""misplaced"":4},""credits_remaining"":6},{""step"":6,""credits_before"":6,""http_attempts"":[{""attempt_number"":1,""started_at"":""2026-08-16T10:09:20.574Z"",""finished_at"":""2026-08-16T10:09:44.594Z"",""duration_ms"":24021,""status_code"":200,""error_category"":null,""error_message"":null,""usage"":{""input_tokens"":617,""output_tokens"":4,""reasoning_tokens"":null,""cached_tokens"":null,""cache_write_tokens"":null,""total_tokens"":621},""cost_usd"":6.923e-05,""generation_id"":""gen-1786874983-owsvayoT3Kr2bzMGoJBC"",""response_cache_status"":""UNKNOWN"",""observed_provider"":""Groq"",""observed_endpoint"":null,""observed_quantization"":null}],""response_cache_status"":""UNKNOWN"",""raw_action_valid"":true,""action_received"":""QUERY"",""value"":""ABCDEFG"",""action_applied"":""QUERY"",""feedback"":{""exact"":1,""misplaced"":4},""credits_remaining"":5},{""step"":7,""credits_before"":5,""http_attempts"":[{""attempt_number"":1,""started_at"":""2026-08-16T10:11:08.787Z"",""finished_at"":""2026-08-16T10:11:32.896Z"",""duration_ms"":24109,""status_code"":200,""error_category"":null,""error_message"":null,""usage"":{""input_tokens"":655,""output_tokens"":6,""reasoning_tokens"":null,""cached_tokens"":null,""cache_write_tokens"":null,""total_tokens"":661},""cost_usd"":7.409e-05,""generation_id"":""gen-1786875091-uD6JNoofCwkv3sfP9ZGA"",""response_cache_status"":""UNKNOWN"",""observed_provider"":""Groq"",""observed_endpoint"":null,""observed_quantization"":null}],""response_cache_status"":""UNKNOWN"",""raw_action_valid"":true,""action_received"":""QUERY"",""value"":""GGGGGGG"",""action_applied"":""QUERY"",""feedback"":{""exact"":1,""misplaced"":0},""credits_remaining"":4},{""step"":8,""credits_before"":4,""http_attempts"":[{""attempt_number"":1,""started_at"":""2026-08-16T10:12:51.007Z"",""finished_at"":""2026-08-16T10:13:15.043Z"",""duration_ms"":24036,""status_code"":200,""error_category"":null,""error_message"":null,""usage"":{""input_tokens"":695,""output_tokens"":19,""reasoning_tokens"":null,""cached_tokens"":null,""cache_write_tokens"":null,""total_tokens"":714},""cost_usd"":8.291e-05,""generation_id"":""gen-1786875194-CT88JWIWF1fLAELkQyzS"",""response_cache_status"":""UNKNOWN"",""observed_provider"":""Groq"",""observed_endpoint"":null,""observed_quantization"":null}],""response_cache_status"":""UNKNOWN"",""raw_action_valid"":false,""action"":null,""parse_error"":""response must be exactly QUERY <symbols> or SUBMIT <symbols>"",""consecutive_invalid_responses"":1},{""step"":9,""credits_before"":4,""http_attempts"":[{""attempt_number"":1,""started_at"":""2026-08-16T10:14:21.246Z"",""finished_at"":""2026-08-16T10:14:45.312Z"",""duration_ms"":24066,""status_code"":200,""error_category"":null,""error_message"":null,""usage"":{""input_tokens"":751,""output_tokens"":6,""reasoning_tokens"":null,""cached_tokens"":null,""cache_write_tokens"":null,""total_tokens"":757},""cost_usd"":8.465e-05,""generation_id"":""gen-1786875284-bewvSedhpBzao4oNqA6v"",""response_cache_status"":""UNKNOWN"",""observed_provider"":""Groq"",""observed_endpoint"":null,""observed_quantization"":null}],""response_cache_status"":""UNKNOWN"",""raw_action_valid"":true,""action_received"":""QUERY"",""value"":""JJJJJJJ"",""action_applied"":""QUERY"",""feedback"":{""exact"":0,""misplaced"":0},""credits_remaining"":3},{""step"":10,""credits_before"":3,""http_attempts"":[{""attempt_number"":1,""started_at"":""2026-08-16T10:15:33.545Z"",""finished_at"":""2026-08-16T10:15:57.414Z"",""duration_ms"":23869,""status_code"":200,""error_category"":null,""error_message"":null,""usage"":{""input_tokens"":791,""output_tokens"":5,""reasoning_tokens"":null,""cached_tokens"":null,""cache_write_tokens"":null,""total_tokens"":796},""cost_usd"":8.871e-05,""generation_id"":""gen-1786875356-Gp6A80Ul8OetrFHjf6F8"",""response_cache_status"":""UNKNOWN"",""observed_provider"":""Groq"",""observed_endpoint"":null,""observed_quantization"":null}],""response_cache_status"":""UNKNOWN"",""raw_action_valid"":true,""action_received"":""QUERY"",""value"":""ABCDEFA"",""action_applied"":""QUERY"",""feedback"":{""exact"":1,""misplaced"":3},""credits_remaining"":2},{""step"":11,""credits_before"":2,""http_attempts"":[{""attempt_number"":1,""started_at"":""2026-08-16T10:16:24.513Z"",""finished_at"":""2026-08-16T10:16:48.510Z"",""duration_ms"":23997,""status_code"":200,""error_category"":null,""error_message"":null,""usage"":{""input_tokens"":830,""output_tokens"":4,""reasoning_tokens"":null,""cached_tokens"":null,""cache_write_tokens"":null,""total_tokens"":834},""cost_usd"":9.266e-05,""generation_id"":""gen-1786875407-OP7C2TR5Oy3Kus52uBtr"",""response_cache_status"":""UNKNOWN"",""observed_provider"":""Groq"",""observed_endpoint"":null,""observed_quantization"":null}],""response_cache_status"":""UNKNOWN"",""raw_action_valid"":true,""action_received"":""QUERY"",""value"":""ABCDEFG"",""action_applied"":""QUERY"",""feedback"":{""exact"":1,""misplaced"":4},""credits_remaining"":1},{""step"":12,""credits_before"":1,""http_attempts"":[{""attempt_number"":1,""started_at"":""2026-08-16T10:16:57.583Z"",""finished_at"":""2026-08-16T10:17:21.709Z"",""duration_ms"":24126,""status_code"":200,""error_category"":null,""error_message"":null,""usage"":{""input_tokens"":868,""output_tokens"":4,""reasoning_tokens"":null,""cached_tokens"":null,""cache_write_tokens"":null,""total_tokens"":872},""cost_usd"":9.684e-05,""generation_id"":""gen-1786875440-HDXA3nu9dK1d7isve52E"",""response_cache_status"":""UNKNOWN"",""observed_provider"":""Groq"",""observed_endpoint"":null,""observed_quantization"":null}],""response_cache_status"":""UNKNOWN"",""raw_action_valid"":false,""action"":null,""parse_error"":""response must contain exactly 7 symbols"",""consecutive_invalid_responses"":1},{""step"":13,""credits_before"":1,""http_attempts"":[{""attempt_number"":1,""started_at"":""2026-08-16T10:17:21.709Z"",""finished_at"":""2026-08-16T10:17:36.654Z"",""duration_ms"":14945,""status_code"":200,""error_category"":null,""error_message"":null,""usage"":{""input_tokens"":909,""output_tokens"":5,""reasoning_tokens"":null,""cached_tokens"":null,""cache_write_tokens"":null,""total_tokens"":914},""cost_usd"":0.00010169,""generation_id"":""gen-1786875455-20EA2KWVh8PAP0fpHJCP"",""response_cache_status"":""UNKNOWN"",""observed_provider"":""Groq"",""observed_endpoint"":null,""observed_quantization"":null}],""response_cache_status"":""UNKNOWN"",""raw_action_valid"":true,""action_received"":""QUERY"",""value"":""AAAAAAA"",""action_applied"":""QUERY"",""feedback"":{""exact"":1,""misplaced"":0},""credits_remaining"":0},{""step"":14,""credits_before"":0,""http_attempts"":[{""attempt_number"":1,""started_at"":""2026-08-16T10:17:36.654Z"",""finished_at"":""2026-08-16T10:17:45.626Z"",""duration_ms"":8972,""status_code"":200,""error_category"":null,""error_message"":null,""usage"":{""input_tokens"":948,""output_tokens"":6,""reasoning_tokens"":null,""cached_tokens"":null,""cache_write_tokens"":null,""total_tokens"":954},""cost_usd"":0.00010632,""generation_id"":""gen-1786875464-egGJWwZmIOGJRoJN2p5E"",""response_cache_status"":""UNKNOWN"",""observed_provider"":""Groq"",""observed_endpoint"":null,""observed_quantization"":null}],""response_cache_status"":""UNKNOWN"",""raw_action_valid"":true,""action_received"":""SUBMIT"",""value"":""AAAAAAA"",""action_applied"":""SUBMIT"",""coerced_at_zero_credits"":false,""credits_remaining"":0}]"
4dba1633-2ad0-45e8-86c8-ae16227e14ab,4dba1633-2ad0-45e8-86c8-ae16227e14ab,1,,18,scout,llama-4-scout,meta-llama/llama-4-scout,groq,Groq,groq,,,,B,same_model_instance,2026-08-16T09:56:52.520Z,2026-08-16T10:17:54.684Z,1262164,7263c69a53507dad5a28591077ff111e,a0cdac5d21eb834b,BCGDHGG,7,10,10,7,3,ABAGFEC,0,0.0,false,partial,16,16,0,8,18160,1023,,,,19183,0.0023454200000000004,true,true,false,beac9c73922a2ffe8812688677869d60b795a42f7917e7d966869980810162d3,"{""max_tokens"":4096,""temperature"":null,""top_p"":null,""top_k"":null,""min_p"":null,""seed"":null,""reasoning"":null,""thinking"":null}","{""endpoint_slug"":""groq"",""quantizations"":null,""allow_fallbacks"":false,""require_parameters"":true}",completed,true,[],,,response must be exactly QUERY <symbols> or SUBMIT <symbols>,"[{""step"":1,""credits_before"":10,""http_attempts"":[{""attempt_number"":1,""started_at"":""2026-08-16T09:56:52.520Z"",""finished_at"":""2026-08-16T09:57:11.081Z"",""duration_ms"":18561,""status_code"":200,""error_category"":null,""error_message"":null,""usage"":{""input_tokens"":265,""output_tokens"":184,""reasoning_tokens"":null,""cached_tokens"":null,""cache_write_tokens"":null,""total_tokens"":449},""cost_usd"":9.171e-05,""generation_id"":""gen-1786874229-Hd64SRYMokGMlPcFOi38"",""response_cache_status"":""UNKNOWN"",""observed_provider"":""Groq"",""observed_endpoint"":null,""observed_quantization"":null}],""response_cache_status"":""UNKNOWN"",""raw_action_valid"":false,""action"":null,""parse_error"":""response must be exactly QUERY <symbols> or SUBMIT <symbols>"",""consecutive_invalid_responses"":1},{""step"":2,""credits_before"":10,""http_attempts"":[{""attempt_number"":1,""started_at"":""2026-08-16T10:00:40.933Z"",""finished_at"":""2026-08-16T10:01:04.991Z"",""duration_ms"":24058,""status_code"":200,""error_category"":null,""error_message"":null,""usage"":{""input_tokens"":486,""output_tokens"":9,""reasoning_tokens"":null,""cached_tokens"":null,""cache_write_tokens"":null,""total_tokens"":495},""cost_usd"":5.652e-05,""generation_id"":""gen-1786874463-djodEuz13YpDJbgg1zn6"",""response_cache_status"":""UNKNOWN"",""observed_provider"":""Groq"",""observed_endpoint"":null,""observed_quantization"":null}],""response_cache_status"":""UNKNOWN"",""raw_action_valid"":true,""action_received"":""QUERY"",""value"":""ABCDEFG"",""action_applied"":""QUERY"",""feedback"":{""exact"":2,""misplaced"":2},""credits_remaining"":9},{""step"":3,""credits_before"":9,""http_attempts"":[{""attempt_number"":1,""started_at"":""2026-08-16T10:02:32.028Z"",""finished_at"":""2026-08-16T10:02:56.829Z"",""duration_ms"":24800,""status_code"":200,""error_category"":null,""error_message"":null,""usage"":{""input_tokens"":529,""output_tokens"":169,""reasoning_tokens"":null,""cached_tokens"":null,""cache_write_tokens"":null,""total_tokens"":698},""cost_usd"":0.00011565,""generation_id"":""gen-1786874575-7FeCqQXuoalmvvo67elY"",""response_cache_status"":""UNKNOWN"",""observed_provider"":""Groq"",""observed_endpoint"":null,""observed_quantization"":null}],""response_cache_status"":""UNKNOWN"",""raw_action_valid"":false,""action"":null,""parse_error"":""response must be exactly QUERY <symbols> or SUBMIT <symbols>"",""consecutive_invalid_responses"":1},{""step"":4,""credits_before"":9,""http_attempts"":[{""attempt_number"":1,""started_at"":""2026-08-16T10:04:35.119Z"",""finished_at"":""2026-08-16T10:04:59.179Z"",""duration_ms"":24060,""status_code"":200,""error_category"":null,""error_message"":null,""usage"":{""input_tokens"":735,""output_tokens"":9,""reasoning_tokens"":null,""cached_tokens"":null,""cache_write_tokens"":null,""total_tokens"":744},""cost_usd"":8.391e-05,""generation_id"":""gen-1786874698-q505THAiHunNjPMboLwF"",""response_cache_status"":""UNKNOWN"",""observed_provider"":""Groq"",""observed_endpoint"":null,""observed_quantization"":null}],""response_cache_status"":""UNKNOWN"",""raw_action_valid"":true,""action_received"":""QUERY"",""value"":""ABCHIJG"",""action_applied"":""QUERY"",""feedback"":{""exact"":1,""misplaced"":3},""credits_remaining"":8},{""step"":5,""credits_before"":8,""http_attempts"":[{""attempt_number"":1,""started_at"":""2026-08-16T10:06:26.221Z"",""finished_at"":""2026-08-16T10:06:50.643Z"",""duration_ms"":24422,""status_code"":200,""error_category"":null,""error_message"":null,""usage"":{""input_tokens"":778,""output_tokens"":176,""reasoning_tokens"":null,""cached_tokens"":null,""cache_write_tokens"":null,""total_tokens"":954},""cost_usd"":0.00014542,""generation_id"":""gen-1786874809-uDIrWD4UIFncT4Pf4XNP"",""response_cache_status"":""UNKNOWN"",""observed_provider"":""Groq"",""observed_endpoint"":null,""observed_quantization"":null}],""response_cache_status"":""UNKNOWN"",""raw_action_valid"":false,""action"":null,""parse_error"":""response must be exactly QUERY <symbols> or SUBMIT <symbols>"",""consecutive_invalid_responses"":1},{""step"":6,""credits_before"":8,""http_attempts"":[{""attempt_number"":1,""started_at"":""2026-08-16T10:08:17.436Z"",""finished_at"":""2026-08-16T10:08:41.524Z"",""duration_ms"":24088,""status_code"":200,""error_category"":null,""error_message"":null,""usage"":{""input_tokens"":991,""output_tokens"":9,""reasoning_tokens"":null,""cached_tokens"":null,""cache_write_tokens"":null,""total_tokens"":1000},""cost_usd"":0.00011207,""generation_id"":""gen-1786874920-yMpbVx2GcSM5efozLqIP"",""response_cache_status"":""UNKNOWN"",""observed_provider"":""Groq"",""observed_endpoint"":null,""observed_quantization"":null}],""response_cache_status"":""UNKNOWN"",""raw_action_valid"":true,""action_received"":""QUERY"",""value"":""ABGHIJC"",""action_applied"":""QUERY"",""feedback"":{""exact"":1,""misplaced"":3},""credits_remaining"":7},{""step"":7,""credits_before"":7,""http_attempts"":[{""attempt_number"":1,""started_at"":""2026-08-16T10:10:05.636Z"",""finished_at"":""2026-08-16T10:10:29.919Z"",""duration_ms"":24283,""status_code"":200,""error_category"":null,""error_message"":null,""usage"":{""input_tokens"":1034,""output_tokens"":101,""reasoning_tokens"":null,""cached_tokens"":null,""cache_write_tokens"":null,""total_tokens"":1135},""cost_usd"":0.00014808,""generation_id"":""gen-1786875028-SDEXJagDszhmt1KHdgaI"",""response_cache_status"":""UNKNOWN"",""observed_provider"":""Groq"",""observed_endpoint"":null,""observed_quantization"":null}],""response_cache_status"":""UNKNOWN"",""raw_action_valid"":false,""action"":null,""parse_error"":""response must be exactly QUERY <symbols> or SUBMIT <symbols>"",""consecutive_invalid_responses"":1},{""step"":8,""credits_before"":7,""http_attempts"":[{""attempt_number"":1,""started_at"":""2026-08-16T10:11:47.859Z"",""finished_at"":""2026-08-16T10:12:11.956Z"",""duration_ms"":24097,""status_code"":200,""error_category"":null,""error_message"":null,""usage"":{""input_tokens"":1172,""output_tokens"":9,""reasoning_tokens"":null,""cached_tokens"":null,""cache_write_tokens"":null,""total_tokens"":1181},""cost_usd"":0.00013198,""generation_id"":""gen-1786875130-7z64lHzgwQxZbwsl4lgU"",""response_cache_status"":""UNKNOWN"",""observed_provider"":""Groq"",""observed_endpoint"":null,""observed_quantization"":null}],""response_cache_status"":""UNKNOWN"",""raw_action_valid"":true,""action_received"":""QUERY"",""value"":""AAGGIJC"",""action_applied"":""QUERY"",""feedback"":{""exact"":1,""misplaced"":2},""credits_remaining"":6},{""step"":9,""credits_before"":6,""http_attempts"":[{""attempt_number"":1,""started_at"":""2026-08-16T10:13:21.018Z"",""finished_at"":""2026-08-16T10:13:45.324Z"",""duration_ms"":24307,""status_code"":200,""error_category"":null,""error_message"":null,""usage"":{""input_tokens"":1215,""output_tokens"":89,""reasoning_tokens"":null,""cached_tokens"":null,""cache_write_tokens"":null,""total_tokens"":1304},""cost_usd"":0.00016391,""generation_id"":""gen-1786875224-VvCZ44k0h2CWpEW2muAC"",""response_cache_status"":""UNKNOWN"",""observed_provider"":""Groq"",""observed_endpoint"":null,""observed_quantization"":null}],""response_cache_status"":""UNKNOWN"",""raw_action_valid"":false,""action"":null,""parse_error"":""response must be exactly QUERY <symbols> or SUBMIT <symbols>"",""consecutive_invalid_responses"":1},{""step"":10,""credits_before"":6,""http_attempts"":[{""attempt_number"":1,""started_at"":""2026-08-16T10:14:51.353Z"",""finished_at"":""2026-08-16T10:15:15.372Z"",""duration_ms"":24020,""status_code"":200,""error_category"":null,""error_message"":null,""usage"":{""input_tokens"":1341,""output_tokens"":9,""reasoning_tokens"":null,""cached_tokens"":null,""cache_write_tokens"":null,""total_tokens"":1350},""cost_usd"":0.00015057,""generation_id"":""gen-1786875314-9BrEi12YafBK6Um0RzXJ"",""response_cache_status"":""UNKNOWN"",""observed_provider"":""Groq"",""observed_endpoint"":null,""observed_quantization"":null}],""response_cache_status"":""UNKNOWN"",""raw_action_valid"":true,""action_received"":""QUERY"",""value"":""AAAGIJC"",""action_applied"":""QUERY"",""feedback"":{""exact"":0,""misplaced"":2},""credits_remaining"":5},{""step"":11,""credits_before"":5,""http_attempts"":[{""attempt_number"":1,""started_at"":""2026-08-16T10:15:54.421Z"",""finished_at"":""2026-08-16T10:16:18.639Z"",""duration_ms"":24218,""status_code"":200,""error_category"":null,""error_message"":null,""usage"":{""input_tokens"":1384,""output_tokens"":77,""reasoning_tokens"":null,""cached_tokens"":null,""cache_write_tokens"":null,""total_tokens"":1461},""cost_usd"":0.00017842,""generation_id"":""gen-1786875377-m0ZLXw2SjC4LDlUZ3SZv"",""response_cache_status"":""UNKNOWN"",""observed_provider"":""Groq"",""observed_endpoint"":null,""observed_quantization"":null}],""response_cache_status"":""UNKNOWN"",""raw_action_valid"":false,""action"":null,""parse_error"":""response must be exactly QUERY <symbols> or SUBMIT <symbols>"",""consecutive_invalid_responses"":1},{""step"":12,""credits_before"":5,""http_attempts"":[{""attempt_number"":1,""started_at"":""2026-08-16T10:16:42.502Z"",""finished_at"":""2026-08-16T10:17:06.600Z"",""duration_ms"":24098,""status_code"":200,""error_category"":null,""error_message"":null,""usage"":{""input_tokens"":1498,""output_tokens"":9,""reasoning_tokens"":null,""cached_tokens"":null,""cache_write_tokens"":null,""total_tokens"":1507},""cost_usd"":0.00016784,""generation_id"":""gen-1786875425-nucNg0DN4vpoDKAWW7bi"",""response_cache_status"":""UNKNOWN"",""observed_provider"":""Groq"",""observed_endpoint"":null,""observed_quantization"":null}],""response_cache_status"":""UNKNOWN"",""raw_action_valid"":true,""action_received"":""QUERY"",""value"":""ABCDEFG"",""action_applied"":""QUERY"",""feedback"":{""exact"":2,""misplaced"":2},""credits_remaining"":4},{""step"":13,""credits_before"":4,""http_attempts"":[{""attempt_number"":1,""started_at"":""2026-08-16T10:17:06.601Z"",""finished_at"":""2026-08-16T10:17:27.796Z"",""duration_ms"":21195,""status_code"":200,""error_category"":null,""error_message"":null,""usage"":{""input_tokens"":1541,""output_tokens"":90,""reasoning_tokens"":null,""cached_tokens"":null,""cache_write_tokens"":null,""total_tokens"":1631},""cost_usd"":0.00020011,""generation_id"":""gen-1786875446-7rZBNkePIe9RBoG5LjUX"",""response_cache_status"":""UNKNOWN"",""observed_provider"":""Groq"",""observed_endpoint"":null,""observed_quantization"":null}],""response_cache_status"":""UNKNOWN"",""raw_action_valid"":false,""action"":null,""parse_error"":""response must be exactly QUERY <symbols> or SUBMIT <symbols>"",""consecutive_invalid_responses"":1},{""step"":14,""credits_before"":4,""http_attempts"":[{""attempt_number"":1,""started_at"":""2026-08-16T10:17:27.797Z"",""finished_at"":""2026-08-16T10:17:39.639Z"",""duration_ms"":11842,""status_code"":200,""error_category"":null,""error_message"":null,""usage"":{""input_tokens"":1668,""output_tokens"":9,""reasoning_tokens"":null,""cached_tokens"":null,""cache_write_tokens"":null,""total_tokens"":1677},""cost_usd"":0.00018654,""generation_id"":""gen-1786875458-hgkFIj1y4krGnGHlgIrp"",""response_cache_status"":""UNKNOWN"",""observed_provider"":""Groq"",""observed_endpoint"":null,""observed_quantization"":null}],""response_cache_status"":""UNKNOWN"",""raw_action_valid"":true,""action_received"":""QUERY"",""value"":""ABCAEFG"",""action_applied"":""QUERY"",""feedback"":{""exact"":1,""misplaced"":2},""credits_remaining"":3},{""step"":15,""credits_before"":3,""http_attempts"":[{""attempt_number"":1,""started_at"":""2026-08-16T10:17:39.640Z"",""finished_at"":""2026-08-16T10:17:48.779Z"",""duration_ms"":9139,""status_code"":200,""error_category"":null,""error_message"":null,""usage"":{""input_tokens"":1711,""output_tokens"":64,""reasoning_tokens"":null,""cached_tokens"":null,""cache_write_tokens"":null,""total_tokens"":1775},""cost_usd"":0.00020997,""generation_id"":""gen-1786875467-LhUQrp9fgte4m0z3PIWO"",""response_cache_status"":""UNKNOWN"",""observed_provider"":""Groq"",""observed_endpoint"":null,""observed_quantization"":null}],""response_cache_status"":""UNKNOWN"",""raw_action_valid"":false,""action"":null,""parse_error"":""response must be exactly QUERY <symbols> or SUBMIT <symbols>"",""consecutive_invalid_responses"":1},{""step"":16,""credits_before"":3,""http_attempts"":[{""attempt_number"":1,""started_at"":""2026-08-16T10:17:48.780Z"",""finished_at"":""2026-08-16T10:17:54.683Z"",""duration_ms"":5903,""status_code"":200,""error_category"":null,""error_message"":null,""usage"":{""input_tokens"":1812,""output_tokens"":10,""reasoning_tokens"":null,""cached_tokens"":null,""cache_write_tokens"":null,""total_tokens"":1822},""cost_usd"":0.00020272,""generation_id"":""gen-1786875473-LGvJb50RRY6l0afCLiXt"",""response_cache_status"":""UNKNOWN"",""observed_provider"":""Groq"",""observed_endpoint"":null,""observed_quantization"":null}],""response_cache_status"":""UNKNOWN"",""raw_action_valid"":true,""action_received"":""SUBMIT"",""value"":""ABAGFEC"",""action_applied"":""SUBMIT"",""coerced_at_zero_credits"":false,""credits_remaining"":3}]"
8cee510d-3e01-41a7-8341-e34aad67c01d,8cee510d-3e01-41a7-8341-e34aad67c01d,1,,10,scout,llama-4-scout,meta-llama/llama-4-scout,groq,Groq,groq,,,,A,continuation,2026-08-16T09:58:08.720Z,2026-08-16T10:17:57.676Z,1188955,7263c69a53507dad5a28591077ff111e,e1aa1cb1700f9444,CJDHJHF,7,10,10,7,3,FJAIBCE,1,0.14285714285714285,false,partial,16,16,0,8,15197,770,,,,15967,0.00193347,true,true,false,a193e42687075f855a907c617cb6eb43c5979e687d22273bbab4c0919af923ac,"{""max_tokens"":4096,""temperature"":null,""top_p"":null,""top_k"":null,""min_p"":null,""seed"":null,""reasoning"":null,""thinking"":null}","{""endpoint_slug"":""groq"",""quantizations"":null,""allow_fallbacks"":false,""require_parameters"":true}",completed,true,[],,,response must be exactly QUERY <symbols> or SUBMIT <symbols>,"[{""step"":1,""credits_before"":10,""http_attempts"":[{""attempt_number"":1,""started_at"":""2026-08-16T09:58:08.721Z"",""finished_at"":""2026-08-16T09:58:32.031Z"",""duration_ms"":23311,""status_code"":200,""error_category"":null,""error_message"":null,""usage"":{""input_tokens"":259,""output_tokens"":123,""reasoning_tokens"":null,""cached_tokens"":null,""cache_write_tokens"":null,""total_tokens"":382},""cost_usd"":7.031e-05,""generation_id"":""gen-1786874310-sWpQlIzENItcxIyLkKNH"",""response_cache_status"":""UNKNOWN"",""observed_provider"":""Groq"",""observed_endpoint"":null,""observed_quantization"":null}],""response_cache_status"":""UNKNOWN"",""raw_action_valid"":false,""action"":null,""parse_error"":""response must be exactly QUERY <symbols> or SUBMIT <symbols>"",""consecutive_invalid_responses"":1},{""step"":2,""credits_before"":10,""http_attempts"":[{""attempt_number"":1,""started_at"":""2026-08-16T10:01:17.033Z"",""finished_at"":""2026-08-16T10:01:40.999Z"",""duration_ms"":23966,""status_code"":200,""error_category"":null,""error_message"":null,""usage"":{""input_tokens"":419,""output_tokens"":9,""reasoning_tokens"":null,""cached_tokens"":null,""cache_write_tokens"":null,""total_tokens"":428},""cost_usd"":4.915e-05,""generation_id"":""gen-1786874500-U3ec7qEGS3S8yqQP1WxS"",""response_cache_status"":""UNKNOWN"",""observed_provider"":""Groq"",""observed_endpoint"":null,""observed_quantization"":null}],""response_cache_status"":""UNKNOWN"",""raw_action_valid"":true,""action_received"":""QUERY"",""value"":""ABCDEFG"",""action_applied"":""QUERY"",""feedback"":{""exact"":0,""misplaced"":3},""credits_remaining"":9},{""step"":3,""credits_before"":9,""http_attempts"":[{""attempt_number"":1,""started_at"":""2026-08-16T10:03:14.281Z"",""finished_at"":""2026-08-16T10:03:38.491Z"",""duration_ms"":24210,""status_code"":200,""error_category"":null,""error_message"":null,""usage"":{""input_tokens"":462,""output_tokens"":97,""reasoning_tokens"":null,""cached_tokens"":null,""cache_write_tokens"":null,""total_tokens"":559},""cost_usd"":8.38e-05,""generation_id"":""gen-1786874617-jVzKmNQaTiOeE6BUdwfC"",""response_cache_status"":""UNKNOWN"",""observed_provider"":""Groq"",""observed_endpoint"":null,""observed_quantization"":null}],""response_cache_status"":""UNKNOWN"",""raw_action_valid"":false,""action"":null,""parse_error"":""response must be exactly QUERY <symbols> or SUBMIT <symbols>"",""consecutive_invalid_responses"":1},{""step"":4,""credits_before"":9,""http_attempts"":[{""attempt_number"":1,""started_at"":""2026-08-16T10:05:08.170Z"",""finished_at"":""2026-08-16T10:05:32.198Z"",""duration_ms"":24029,""status_code"":200,""error_category"":null,""error_message"":null,""usage"":{""input_tokens"":596,""output_tokens"":9,""reasoning_tokens"":null,""cached_tokens"":null,""cache_write_tokens"":null,""total_tokens"":605},""cost_usd"":6.862e-05,""generation_id"":""gen-1786874731-TJmSJTWfFLnKVvCisYHs"",""response_cache_status"":""UNKNOWN"",""observed_provider"":""Groq"",""observed_endpoint"":null,""observed_quantization"":null}],""response_cache_status"":""UNKNOWN"",""raw_action_valid"":true,""action_received"":""QUERY"",""value"":""ABCDEFH"",""action_applied"":""QUERY"",""feedback"":{""exact"":0,""misplaced"":4},""credits_remaining"":8},{""step"":5,""credits_before"":8,""http_attempts"":[{""attempt_number"":1,""started_at"":""2026-08-16T10:06:59.262Z"",""finished_at"":""2026-08-16T10:07:23.534Z"",""duration_ms"":24272,""status_code"":200,""error_category"":null,""error_message"":null,""usage"":{""input_tokens"":639,""output_tokens"":99,""reasoning_tokens"":null,""cached_tokens"":null,""cache_write_tokens"":null,""total_tokens"":738},""cost_usd"":0.00010395,""generation_id"":""gen-1786874842-iDELU8FYBuB4qeTmffwG"",""response_cache_status"":""UNKNOWN"",""observed_provider"":""Groq"",""observed_endpoint"":null,""observed_quantization"":null}],""response_cache_status"":""UNKNOWN"",""raw_action_valid"":false,""action"":null,""parse_error"":""response must be exactly QUERY <symbols> or SUBMIT <symbols>"",""consecutive_invalid_responses"":1},{""step"":6,""credits_before"":8,""http_attempts"":[{""attempt_number"":1,""started_at"":""2026-08-16T10:08:50.529Z"",""finished_at"":""2026-08-16T10:09:14.561Z"",""duration_ms"":24032,""status_code"":200,""error_category"":null,""error_message"":null,""usage"":{""input_tokens"":775,""output_tokens"":9,""reasoning_tokens"":null,""cached_tokens"":null,""cache_write_tokens"":null,""total_tokens"":784},""cost_usd"":8.831e-05,""generation_id"":""gen-1786874953-F2Tmc58GsANNQvxZPmQv"",""response_cache_status"":""UNKNOWN"",""observed_provider"":""Groq"",""observed_endpoint"":null,""observed_quantization"":null}],""response_cache_status"":""UNKNOWN"",""raw_action_valid"":true,""action_received"":""QUERY"",""value"":""ABCDEGH"",""action_applied"":""QUERY"",""feedback"":{""exact"":0,""misplaced"":3},""credits_remaining"":7},{""step"":7,""credits_before"":7,""http_attempts"":[{""attempt_number"":1,""started_at"":""2026-08-16T10:10:38.813Z"",""finished_at"":""2026-08-16T10:11:03.054Z"",""duration_ms"":24241,""status_code"":200,""error_category"":null,""error_message"":null,""usage"":{""input_tokens"":818,""output_tokens"":94,""reasoning_tokens"":null,""cached_tokens"":null,""cache_write_tokens"":null,""total_tokens"":912},""cost_usd"":0.00012194,""generation_id"":""gen-1786875061-9NjKGwP6MUembdBqAJRN"",""response_cache_status"":""UNKNOWN"",""observed_provider"":""Groq"",""observed_endpoint"":null,""observed_quantization"":null}],""response_cache_status"":""UNKNOWN"",""raw_action_valid"":false,""action"":null,""parse_error"":""response must be exactly QUERY <symbols> or SUBMIT <symbols>"",""consecutive_invalid_responses"":1},{""step"":8,""credits_before"":7,""http_attempts"":[{""attempt_number"":1,""started_at"":""2026-08-16T10:12:20.938Z"",""finished_at"":""2026-08-16T10:12:44.972Z"",""duration_ms"":24035,""status_code"":200,""error_category"":null,""error_message"":null,""usage"":{""input_tokens"":949,""output_tokens"":9,""reasoning_tokens"":null,""cached_tokens"":null,""cache_write_tokens"":null,""total_tokens"":958},""cost_usd"":0.00010745,""generation_id"":""gen-1786875163-WcLom3ZjNpogRnKtGn1b"",""response_cache_status"":""UNKNOWN"",""observed_provider"":""Groq"",""observed_endpoint"":null,""observed_quantization"":null}],""response_cache_status"":""UNKNOWN"",""raw_action_valid"":true,""action_received"":""QUERY"",""value"":""ADGHIJF"",""action_applied"":""QUERY"",""feedback"":{""exact"":2,""misplaced"":2},""credits_remaining"":6},{""step"":9,""credits_before"":6,""http_attempts"":[{""attempt_number"":1,""started_at"":""2026-08-16T10:13:51.118Z"",""finished_at"":""2026-08-16T10:14:15.391Z"",""duration_ms"":24273,""status_code"":200,""error_category"":null,""error_message"":null,""usage"":{""input_tokens"":992,""output_tokens"":97,""reasoning_tokens"":null,""cached_tokens"":null,""cache_write_tokens"":null,""total_tokens"":1089},""cost_usd"":0.0001421,""generation_id"":""gen-1786875254-w1hFRpHMhzh4yfa6I510"",""response_cache_status"":""UNKNOWN"",""observed_provider"":""Groq"",""observed_endpoint"":null,""observed_quantization"":null}],""response_cache_status"":""UNKNOWN"",""raw_action_valid"":false,""action"":null,""parse_error"":""response must be exactly QUERY <symbols> or SUBMIT <symbols>"",""consecutive_invalid_responses"":1},{""step"":10,""credits_before"":6,""http_attempts"":[{""attempt_number"":1,""started_at"":""2026-08-16T10:15:09.360Z"",""finished_at"":""2026-08-16T10:15:33.544Z"",""duration_ms"":24183,""status_code"":200,""error_category"":null,""error_message"":null,""usage"":{""input_tokens"":1126,""output_tokens"":9,""reasoning_tokens"":null,""cached_tokens"":null,""cache_write_tokens"":null,""total_tokens"":1135},""cost_usd"":0.00012692,""generation_id"":""gen-1786875332-7jkhIh4tzQE3KHjFPNND"",""response_cache_status"":""UNKNOWN"",""observed_provider"":""Groq"",""observed_endpoint"":null,""observed_quantization"":null}],""response_cache_status"":""UNKNOWN"",""raw_action_valid"":true,""action_received"":""QUERY"",""value"":""FJADGHI"",""action_applied"":""QUERY"",""feedback"":{""exact"":2,""misplaced"":2},""credits_remaining"":5},{""step"":11,""credits_before"":5,""http_attempts"":[{""attempt_number"":1,""started_at"":""2026-08-16T10:16:06.700Z"",""finished_at"":""2026-08-16T10:16:30.606Z"",""duration_ms"":23906,""status_code"":200,""error_category"":null,""error_message"":null,""usage"":{""input_tokens"":1169,""output_tokens"":61,""reasoning_tokens"":null,""cached_tokens"":null,""cache_write_tokens"":null,""total_tokens"":1230},""cost_usd"":0.00014933,""generation_id"":""gen-1786875389-GNU5pKdvsNPwkGXaQHw0"",""response_cache_status"":""UNKNOWN"",""observed_provider"":""Groq"",""observed_endpoint"":null,""observed_quantization"":null}],""response_cache_status"":""UNKNOWN"",""raw_action_valid"":false,""action"":null,""parse_error"":""response must be exactly QUERY <symbols> or SUBMIT <symbols>"",""consecutive_invalid_responses"":1},{""step"":12,""credits_before"":5,""http_attempts"":[{""attempt_number"":1,""started_at"":""2026-08-16T10:16:45.574Z"",""finished_at"":""2026-08-16T10:17:09.576Z"",""duration_ms"":24001,""status_code"":200,""error_category"":null,""error_message"":null,""usage"":{""input_tokens"":1267,""output_tokens"":9,""reasoning_tokens"":null,""cached_tokens"":null,""cache_write_tokens"":null,""total_tokens"":1276},""cost_usd"":0.00014243,""generation_id"":""gen-1786875428-5KcLsyNAoEZMm2DdyIH2"",""response_cache_status"":""UNKNOWN"",""observed_provider"":""Groq"",""observed_endpoint"":null,""observed_quantization"":null}],""response_cache_status"":""UNKNOWN"",""raw_action_valid"":true,""action_received"":""QUERY"",""value"":""FJCEBGH"",""action_applied"":""QUERY"",""feedback"":{""exact"":1,""misplaced"":3},""credits_remaining"":4},{""step"":13,""credits_before"":4,""http_attempts"":[{""attempt_number"":1,""started_at"":""2026-08-16T10:17:09.577Z"",""finished_at"":""2026-08-16T10:17:30.737Z"",""duration_ms"":21161,""status_code"":200,""error_category"":null,""error_message"":null,""usage"":{""input_tokens"":1310,""output_tokens"":63,""reasoning_tokens"":null,""cached_tokens"":null,""cache_write_tokens"":null,""total_tokens"":1373},""cost_usd"":0.00016552,""generation_id"":""gen-1786875449-zjHaW4485boZK9hPyYit"",""response_cache_status"":""UNKNOWN"",""observed_provider"":""Groq"",""observed_endpoint"":null,""observed_quantization"":null}],""response_cache_status"":""UNKNOWN"",""raw_action_valid"":false,""action"":null,""parse_error"":""response must be exactly QUERY <symbols> or SUBMIT <symbols>"",""consecutive_invalid_responses"":1},{""step"":14,""credits_before"":4,""http_attempts"":[{""attempt_number"":1,""started_at"":""2026-08-16T10:17:30.738Z"",""finished_at"":""2026-08-16T10:17:42.667Z"",""duration_ms"":11929,""status_code"":200,""error_category"":null,""error_message"":null,""usage"":{""input_tokens"":1410,""output_tokens"":9,""reasoning_tokens"":null,""cached_tokens"":null,""cache_write_tokens"":null,""total_tokens"":1419},""cost_usd"":0.00015816,""generation_id"":""gen-1786875461-Qz5gsmxaulyS9Cnj4Lj0"",""response_cache_status"":""UNKNOWN"",""observed_provider"":""Groq"",""observed_endpoint"":null,""observed_quantization"":null}],""response_cache_status"":""UNKNOWN"",""raw_action_valid"":true,""action_received"":""QUERY"",""value"":""FJAIBCE"",""action_applied"":""QUERY"",""feedback"":{""exact"":1,""misplaced"":2},""credits_remaining"":3},{""step"":15,""credits_before"":3,""http_attempts"":[{""attempt_number"":1,""started_at"":""2026-08-16T10:17:42.669Z"",""finished_at"":""2026-08-16T10:17:52.171Z"",""duration_ms"":9502,""status_code"":200,""error_category"":null,""error_message"":null,""usage"":{""input_tokens"":1453,""output_tokens"":63,""reasoning_tokens"":null,""cached_tokens"":null,""cache_write_tokens"":null,""total_tokens"":1516},""cost_usd"":0.00018125,""generation_id"":""gen-1786875470-hEE3XNHmecX4mnClUina"",""response_cache_status"":""UNKNOWN"",""observed_provider"":""Groq"",""observed_endpoint"":null,""observed_quantization"":null}],""response_cache_status"":""UNKNOWN"",""raw_action_valid"":false,""action"":null,""parse_error"":""response must be exactly QUERY <symbols> or SUBMIT <symbols>"",""consecutive_invalid_responses"":1},{""step"":16,""credits_before"":3,""http_attempts"":[{""attempt_number"":1,""started_at"":""2026-08-16T10:17:52.171Z"",""finished_at"":""2026-08-16T10:17:57.675Z"",""duration_ms"":5504,""status_code"":200,""error_category"":null,""error_message"":null,""usage"":{""input_tokens"":1553,""output_tokens"":10,""reasoning_tokens"":null,""cached_tokens"":null,""cache_write_tokens"":null,""total_tokens"":1563},""cost_usd"":0.00017423,""generation_id"":""gen-1786875476-C8UUNC7rcWVvDRZheAUH"",""response_cache_status"":""UNKNOWN"",""observed_provider"":""Groq"",""observed_endpoint"":null,""observed_quantization"":null}],""response_cache_status"":""UNKNOWN"",""raw_action_valid"":true,""action_received"":""SUBMIT"",""value"":""FJAIBCE"",""action_applied"":""SUBMIT"",""coerced_at_zero_credits"":false,""credits_remaining"":3}]"
9182857b-eabb-48a0-a223-bb1363ef20e1,9182857b-eabb-48a0-a223-bb1363ef20e1,2,b5735f90-32b7-4106-af40-c44e4f9e7e90,9,scout,llama-4-scout,meta-llama/llama-4-scout,groq,Groq,groq,,,,D,none,2026-08-16T10:19:18.768Z,2026-08-16T10:20:16.112Z,57344,0d5af9e69c3222272607ff871dd43e55,63d8ca5c57a94dcc,FJHFGFB,7,10,10,8,2,JJJIJJI,1,0.14285714285714285,false,partial,10,10,0,1,5898,249,,,,6147,0.00073344,true,true,false,35eb269349366de62767de54014a2ee9e18f1c8ac55a4d1100739e287293bf0b,"{""max_tokens"":4096,""temperature"":null,""top_p"":null,""top_k"":null,""min_p"":null,""seed"":null,""reasoning"":null,""thinking"":null}","{""endpoint_slug"":""groq"",""quantizations"":null,""allow_fallbacks"":false,""require_parameters"":true}",completed,true,[],,,response must be exactly QUERY <symbols> or SUBMIT <symbols>,"[{""step"":1,""credits_before"":10,""http_attempts"":[{""attempt_number"":1,""started_at"":""2026-08-16T10:19:18.768Z"",""finished_at"":""2026-08-16T10:19:22.312Z"",""duration_ms"":3543,""status_code"":200,""error_category"":null,""error_message"":null,""usage"":{""input_tokens"":236,""output_tokens"":200,""reasoning_tokens"":null,""cached_tokens"":null,""cache_write_tokens"":null,""total_tokens"":436},""cost_usd"":9.396e-05,""generation_id"":""gen-1786875560-U77xBPE2IGoCHUm4EQFh"",""response_cache_status"":""UNKNOWN"",""observed_provider"":""Groq"",""observed_endpoint"":null,""observed_quantization"":null}],""response_cache_status"":""UNKNOWN"",""raw_action_valid"":false,""action"":null,""parse_error"":""response must be exactly QUERY <symbols> or SUBMIT <symbols>"",""consecutive_invalid_responses"":1},{""step"":2,""credits_before"":10,""http_attempts"":[{""attempt_number"":1,""started_at"":""2026-08-16T10:19:22.312Z"",""finished_at"":""2026-08-16T10:19:27.910Z"",""duration_ms"":5598,""status_code"":200,""error_category"":null,""error_message"":null,""usage"":{""input_tokens"":473,""output_tokens"":4,""reasoning_tokens"":null,""cached_tokens"":null,""cache_write_tokens"":null,""total_tokens"":477},""cost_usd"":5.339e-05,""generation_id"":""gen-1786875566-o2K7rGsnedHPVV5eYbJp"",""response_cache_status"":""UNKNOWN"",""observed_provider"":""Groq"",""observed_endpoint"":null,""observed_quantization"":null}],""response_cache_status"":""UNKNOWN"",""raw_action_valid"":true,""action_received"":""QUERY"",""value"":""ABCDEFG"",""action_applied"":""QUERY"",""feedback"":{""exact"":1,""misplaced"":2},""credits_remaining"":9},{""step"":3,""credits_before"":9,""http_attempts"":[{""attempt_number"":1,""started_at"":""2026-08-16T10:19:27.911Z"",""finished_at"":""2026-08-16T10:19:34.182Z"",""duration_ms"":6271,""status_code"":200,""error_category"":null,""error_message"":null,""usage"":{""input_tokens"":511,""output_tokens"":5,""reasoning_tokens"":null,""cached_tokens"":null,""cache_write_tokens"":null,""total_tokens"":516},""cost_usd"":5.791e-05,""generation_id"":""gen-1786875572-PwRJwtexR5gzePL1q1jf"",""response_cache_status"":""UNKNOWN"",""observed_provider"":""Groq"",""observed_endpoint"":null,""observed_quantization"":null}],""response_cache_status"":""UNKNOWN"",""raw_action_valid"":true,""action_received"":""QUERY"",""value"":""ABCDEFF"",""action_applied"":""QUERY"",""feedback"":{""exact"":1,""misplaced"":2},""credits_remaining"":8},{""step"":4,""credits_before"":8,""http_attempts"":[{""attempt_number"":1,""started_at"":""2026-08-16T10:19:34.182Z"",""finished_at"":""2026-08-16T10:19:39.938Z"",""duration_ms"":5756,""status_code"":200,""error_category"":null,""error_message"":null,""usage"":{""input_tokens"":550,""output_tokens"":6,""reasoning_tokens"":null,""cached_tokens"":null,""cache_write_tokens"":null,""total_tokens"":556},""cost_usd"":6.254e-05,""generation_id"":""gen-1786875578-nGizgeVjHkW9yWndn2h3"",""response_cache_status"":""UNKNOWN"",""observed_provider"":""Groq"",""observed_endpoint"":null,""observed_quantization"":null}],""response_cache_status"":""UNKNOWN"",""raw_action_valid"":true,""action_received"":""QUERY"",""value"":""AABBCCF"",""action_applied"":""QUERY"",""feedback"":{""exact"":0,""misplaced"":2},""credits_remaining"":7},{""step"":5,""credits_before"":7,""http_attempts"":[{""attempt_number"":1,""started_at"":""2026-08-16T10:19:39.939Z"",""finished_at"":""2026-08-16T10:19:45.991Z"",""duration_ms"":6052,""status_code"":200,""error_category"":null,""error_message"":null,""usage"":{""input_tokens"":590,""output_tokens"":5,""reasoning_tokens"":null,""cached_tokens"":null,""cache_write_tokens"":null,""total_tokens"":595},""cost_usd"":6.66e-05,""generation_id"":""gen-1786875584-kZf1EFIgtujeq3L8rH1P"",""response_cache_status"":""UNKNOWN"",""observed_provider"":""Groq"",""observed_endpoint"":null,""observed_quantization"":null}],""response_cache_status"":""UNKNOWN"",""raw_action_valid"":true,""action_received"":""QUERY"",""value"":""AAAAAAA"",""action_applied"":""QUERY"",""feedback"":{""exact"":0,""misplaced"":0},""credits_remaining"":6},{""step"":6,""credits_before"":6,""http_attempts"":[{""attempt_number"":1,""started_at"":""2026-08-16T10:19:45.992Z"",""finished_at"":""2026-08-16T10:19:52.049Z"",""duration_ms"":6057,""status_code"":200,""error_category"":null,""error_message"":null,""usage"":{""input_tokens"":629,""output_tokens"":5,""reasoning_tokens"":null,""cached_tokens"":null,""cache_write_tokens"":null,""total_tokens"":634},""cost_usd"":7.089e-05,""generation_id"":""gen-1786875591-cYoVrlvEcbCHDiaMntMU"",""response_cache_status"":""UNKNOWN"",""observed_provider"":""Groq"",""observed_endpoint"":null,""observed_quantization"":null}],""response_cache_status"":""UNKNOWN"",""raw_action_valid"":true,""action_received"":""QUERY"",""value"":""BCDEFGH"",""action_applied"":""QUERY"",""feedback"":{""exact"":0,""misplaced"":4},""credits_remaining"":5},{""step"":7,""credits_before"":5,""http_attempts"":[{""attempt_number"":1,""started_at"":""2026-08-16T10:19:52.050Z"",""finished_at"":""2026-08-16T10:19:57.999Z"",""duration_ms"":5949,""status_code"":200,""error_category"":null,""error_message"":null,""usage"":{""input_tokens"":668,""output_tokens"":5,""reasoning_tokens"":null,""cached_tokens"":null,""cache_write_tokens"":null,""total_tokens"":673},""cost_usd"":7.518e-05,""generation_id"":""gen-1786875597-xjjTwgcq7d2aRnACWmDU"",""response_cache_status"":""UNKNOWN"",""observed_provider"":""Groq"",""observed_endpoint"":null,""observed_quantization"":null}],""response_cache_status"":""UNKNOWN"",""raw_action_valid"":true,""action_received"":""QUERY"",""value"":""GFEDCBA"",""action_applied"":""QUERY"",""feedback"":{""exact"":0,""misplaced"":3},""credits_remaining"":4},{""step"":8,""credits_before"":4,""http_attempts"":[{""attempt_number"":1,""started_at"":""2026-08-16T10:19:58.000Z"",""finished_at"":""2026-08-16T10:20:04.045Z"",""duration_ms"":6045,""status_code"":200,""error_category"":null,""error_message"":null,""usage"":{""input_tokens"":707,""output_tokens"":6,""reasoning_tokens"":null,""cached_tokens"":null,""cache_write_tokens"":null,""total_tokens"":713},""cost_usd"":7.981e-05,""generation_id"":""gen-1786875603-mBmrtGaehDqnmSDYLQAQ"",""response_cache_status"":""UNKNOWN"",""observed_provider"":""Groq"",""observed_endpoint"":null,""observed_quantization"":null}],""response_cache_status"":""UNKNOWN"",""raw_action_valid"":true,""action_received"":""QUERY"",""value"":""GGHJJJI"",""action_applied"":""QUERY"",""feedback"":{""exact"":1,""misplaced"":2},""credits_remaining"":3},{""step"":9,""credits_before"":3,""http_attempts"":[{""attempt_number"":1,""started_at"":""2026-08-16T10:20:04.046Z"",""finished_at"":""2026-08-16T10:20:10.053Z"",""duration_ms"":6007,""status_code"":200,""error_category"":null,""error_message"":null,""usage"":{""input_tokens"":747,""output_tokens"":6,""reasoning_tokens"":null,""cached_tokens"":null,""cache_write_tokens"":null,""total_tokens"":753},""cost_usd"":8.421e-05,""generation_id"":""gen-1786875609-m9tL4mKOjz0SxX7xB5Zh"",""response_cache_status"":""UNKNOWN"",""observed_provider"":""Groq"",""observed_endpoint"":null,""observed_quantization"":null}],""response_cache_status"":""UNKNOWN"",""raw_action_valid"":true,""action_received"":""QUERY"",""value"":""JJJIJJI"",""action_applied"":""QUERY"",""feedback"":{""exact"":1,""misplaced"":0},""credits_remaining"":2},{""step"":10,""credits_before"":2,""http_attempts"":[{""attempt_number"":1,""started_at"":""2026-08-16T10:20:10.053Z"",""finished_at"":""2026-08-16T10:20:16.112Z"",""duration_ms"":6058,""status_code"":200,""error_category"":null,""error_message"":null,""usage"":{""input_tokens"":787,""output_tokens"":7,""reasoning_tokens"":null,""cached_tokens"":null,""cache_write_tokens"":null,""total_tokens"":794},""cost_usd"":8.895e-05,""generation_id"":""gen-1786875615-dlM0L1gatMPjPFpD62H7"",""response_cache_status"":""UNKNOWN"",""observed_provider"":""Groq"",""observed_endpoint"":null,""observed_quantization"":null}],""response_cache_status"":""UNKNOWN"",""raw_action_valid"":true,""action_received"":""SUBMIT"",""value"":""JJJIJJI"",""action_applied"":""SUBMIT"",""coerced_at_zero_credits"":false,""credits_remaining"":2}]"
bde9a586-363f-4a55-a24a-66b9676076d9,bde9a586-363f-4a55-a24a-66b9676076d9,2,0991820b-7508-4ef4-b345-cbdd1289dcb2,11,scout,llama-4-scout,meta-llama/llama-4-scout,groq,Groq,groq,,,,B,same_model_instance,2026-08-16T10:19:18.767Z,2026-08-16T10:20:19.093Z,60327,0d5af9e69c3222272607ff871dd43e55,9595b4da77128782,EAJHABB,7,10,10,7,3,ABCDEFG,0,0.0,false,partial,11,11,0,3,10170,611,,,,10781,0.00132644,true,true,false,beac9c73922a2ffe8812688677869d60b795a42f7917e7d966869980810162d3,"{""max_tokens"":4096,""temperature"":null,""top_p"":null,""top_k"":null,""min_p"":null,""seed"":null,""reasoning"":null,""thinking"":null}","{""endpoint_slug"":""groq"",""quantizations"":null,""allow_fallbacks"":false,""require_parameters"":true}",completed,true,[],,,response must be exactly QUERY <symbols> or SUBMIT <symbols>,"[{""step"":1,""credits_before"":10,""http_attempts"":[{""attempt_number"":1,""started_at"":""2026-08-16T10:19:18.767Z"",""finished_at"":""2026-08-16T10:19:19.834Z"",""duration_ms"":1067,""status_code"":200,""error_category"":null,""error_message"":null,""usage"":{""input_tokens"":265,""output_tokens"":433,""reasoning_tokens"":null,""cached_tokens"":null,""cache_write_tokens"":null,""total_tokens"":698},""cost_usd"":0.00017637,""generation_id"":""gen-1786875557-J4A8JDX9AjxgwoqF3Pts"",""response_cache_status"":""UNKNOWN"",""observed_provider"":""Groq"",""observed_endpoint"":null,""observed_quantization"":null}],""response_cache_status"":""UNKNOWN"",""raw_action_valid"":false,""action"":null,""parse_error"":""response must be exactly QUERY <symbols> or SUBMIT <symbols>"",""consecutive_invalid_responses"":1},{""step"":2,""credits_before"":10,""http_attempts"":[{""attempt_number"":1,""started_at"":""2026-08-16T10:19:19.835Z"",""finished_at"":""2026-08-16T10:19:24.904Z"",""duration_ms"":5069,""status_code"":200,""error_category"":null,""error_message"":null,""usage"":{""input_tokens"":735,""output_tokens"":4,""reasoning_tokens"":null,""cached_tokens"":null,""cache_write_tokens"":null,""total_tokens"":739},""cost_usd"":8.221e-05,""generation_id"":""gen-1786875563-zGRMZcQeZNxalaFIdwjd"",""response_cache_status"":""UNKNOWN"",""observed_provider"":""Groq"",""observed_endpoint"":null,""observed_quantization"":null}],""response_cache_status"":""UNKNOWN"",""raw_action_valid"":true,""action_received"":""QUERY"",""value"":""ABCDEFG"",""action_applied"":""QUERY"",""feedback"":{""exact"":0,""misplaced"":3},""credits_remaining"":9},{""step"":3,""credits_before"":9,""http_attempts"":[{""attempt_number"":1,""started_at"":""2026-08-16T10:19:24.904Z"",""finished_at"":""2026-08-16T10:19:30.934Z"",""duration_ms"":6030,""status_code"":200,""error_category"":null,""error_message"":null,""usage"":{""input_tokens"":773,""output_tokens"":6,""reasoning_tokens"":null,""cached_tokens"":null,""cache_write_tokens"":null,""total_tokens"":779},""cost_usd"":8.707e-05,""generation_id"":""gen-1786875569-dXrWg0DAJT1wUyV1IAsO"",""response_cache_status"":""UNKNOWN"",""observed_provider"":""Groq"",""observed_endpoint"":null,""observed_quantization"":null}],""response_cache_status"":""UNKNOWN"",""raw_action_valid"":true,""action_received"":""QUERY"",""value"":""AABBCCJ"",""action_applied"":""QUERY"",""feedback"":{""exact"":1,""misplaced"":4},""credits_remaining"":8},{""step"":4,""credits_before"":8,""http_attempts"":[{""attempt_number"":1,""started_at"":""2026-08-16T10:19:30.935Z"",""finished_at"":""2026-08-16T10:19:37.140Z"",""duration_ms"":6206,""status_code"":200,""error_category"":null,""error_message"":null,""usage"":{""input_tokens"":813,""output_tokens"":90,""reasoning_tokens"":null,""cached_tokens"":null,""cache_write_tokens"":null,""total_tokens"":903},""cost_usd"":0.00012003,""generation_id"":""gen-1786875575-em7YseuwRmTo25ruu7Cj"",""response_cache_status"":""UNKNOWN"",""observed_provider"":""Groq"",""observed_endpoint"":null,""observed_quantization"":null}],""response_cache_status"":""UNKNOWN"",""raw_action_valid"":false,""action"":null,""parse_error"":""response must be exactly QUERY <symbols> or SUBMIT <symbols>"",""consecutive_invalid_responses"":1},{""step"":5,""credits_before"":8,""http_attempts"":[{""attempt_number"":1,""started_at"":""2026-08-16T10:19:37.141Z"",""finished_at"":""2026-08-16T10:19:42.950Z"",""duration_ms"":5809,""status_code"":200,""error_category"":null,""error_message"":null,""usage"":{""input_tokens"":940,""output_tokens"":5,""reasoning_tokens"":null,""cached_tokens"":null,""cache_write_tokens"":null,""total_tokens"":945},""cost_usd"":0.0001051,""generation_id"":""gen-1786875581-gagJkQcqq5MeBnFKKpC5"",""response_cache_status"":""UNKNOWN"",""observed_provider"":""Groq"",""observed_endpoint"":null,""observed_quantization"":null}],""response_cache_status"":""UNKNOWN"",""raw_action_valid"":true,""action_received"":""QUERY"",""value"":""AAABBCD"",""action_applied"":""QUERY"",""feedback"":{""exact"":1,""misplaced"":3},""credits_remaining"":7},{""step"":6,""credits_before"":7,""http_attempts"":[{""attempt_number"":1,""started_at"":""2026-08-16T10:19:42.951Z"",""finished_at"":""2026-08-16T10:19:48.987Z"",""duration_ms"":6036,""status_code"":200,""error_category"":null,""error_message"":null,""usage"":{""input_tokens"":979,""output_tokens"":5,""reasoning_tokens"":null,""cached_tokens"":null,""cache_write_tokens"":null,""total_tokens"":984},""cost_usd"":0.00010939,""generation_id"":""gen-1786875588-5qHEtPeEZzgnnmmSoyOl"",""response_cache_status"":""UNKNOWN"",""observed_provider"":""Groq"",""observed_endpoint"":null,""observed_quantization"":null}],""response_cache_status"":""UNKNOWN"",""raw_action_valid"":true,""action_received"":""QUERY"",""value"":""AAAAAAA"",""action_applied"":""QUERY"",""feedback"":{""exact"":2,""misplaced"":0},""credits_remaining"":6},{""step"":7,""credits_before"":6,""http_attempts"":[{""attempt_number"":1,""started_at"":""2026-08-16T10:19:48.988Z"",""finished_at"":""2026-08-16T10:19:55.097Z"",""duration_ms"":6110,""status_code"":200,""error_category"":null,""error_message"":null,""usage"":{""input_tokens"":1018,""output_tokens"":48,""reasoning_tokens"":null,""cached_tokens"":null,""cache_write_tokens"":null,""total_tokens"":1066},""cost_usd"":0.0001283,""generation_id"":""gen-1786875594-SsESAg84g8g6vNQZ4cRF"",""response_cache_status"":""UNKNOWN"",""observed_provider"":""Groq"",""observed_endpoint"":null,""observed_quantization"":null}],""response_cache_status"":""UNKNOWN"",""raw_action_valid"":false,""action"":null,""parse_error"":""response must be exactly QUERY <symbols> or SUBMIT <symbols>"",""consecutive_invalid_responses"":1},{""step"":8,""credits_before"":6,""http_attempts"":[{""attempt_number"":1,""started_at"":""2026-08-16T10:19:55.098Z"",""finished_at"":""2026-08-16T10:20:01.020Z"",""duration_ms"":5922,""status_code"":200,""error_category"":null,""error_message"":null,""usage"":{""input_tokens"":1103,""output_tokens"":5,""reasoning_tokens"":null,""cached_tokens"":null,""cache_write_tokens"":null,""total_tokens"":1108},""cost_usd"":0.00012303,""generation_id"":""gen-1786875600-MEgIHkYeQOwfsJvpJW1Z"",""response_cache_status"":""UNKNOWN"",""observed_provider"":""Groq"",""observed_endpoint"":null,""observed_quantization"":null}],""response_cache_status"":""UNKNOWN"",""raw_action_valid"":true,""action_received"":""QUERY"",""value"":""ABCAADD"",""action_applied"":""QUERY"",""feedback"":{""exact"":1,""misplaced"":2},""credits_remaining"":5},{""step"":9,""credits_before"":5,""http_attempts"":[{""attempt_number"":1,""started_at"":""2026-08-16T10:20:01.021Z"",""finished_at"":""2026-08-16T10:20:07.055Z"",""duration_ms"":6034,""status_code"":200,""error_category"":null,""error_message"":null,""usage"":{""input_tokens"":1142,""output_tokens"":6,""reasoning_tokens"":null,""cached_tokens"":null,""cache_write_tokens"":null,""total_tokens"":1148},""cost_usd"":0.00012766,""generation_id"":""gen-1786875606-lOIZV9BNyQI7t2qjDrzq"",""response_cache_status"":""UNKNOWN"",""observed_provider"":""Groq"",""observed_endpoint"":null,""observed_quantization"":null}],""response_cache_status"":""UNKNOWN"",""raw_action_valid"":true,""action_received"":""QUERY"",""value"":""ABCAEFG"",""action_applied"":""QUERY"",""feedback"":{""exact"":0,""misplaced"":4},""credits_remaining"":4},{""step"":10,""credits_before"":4,""http_attempts"":[{""attempt_number"":1,""started_at"":""2026-08-16T10:20:07.056Z"",""finished_at"":""2026-08-16T10:20:13.079Z"",""duration_ms"":6023,""status_code"":200,""error_category"":null,""error_message"":null,""usage"":{""input_tokens"":1182,""output_tokens"":4,""reasoning_tokens"":null,""cached_tokens"":null,""cache_write_tokens"":null,""total_tokens"":1186},""cost_usd"":0.00013138,""generation_id"":""gen-1786875612-N70Czaq15AydCP48FrDv"",""response_cache_status"":""UNKNOWN"",""observed_provider"":""Groq"",""observed_endpoint"":null,""observed_quantization"":null}],""response_cache_status"":""UNKNOWN"",""raw_action_valid"":true,""action_received"":""QUERY"",""value"":""ABCDEFG"",""action_applied"":""QUERY"",""feedback"":{""exact"":0,""misplaced"":3},""credits_remaining"":3},{""step"":11,""credits_before"":3,""http_attempts"":[{""attempt_number"":1,""started_at"":""2026-08-16T10:20:13.080Z"",""finished_at"":""2026-08-16T10:20:19.093Z"",""duration_ms"":6013,""status_code"":200,""error_category"":null,""error_message"":null,""usage"":{""input_tokens"":1220,""output_tokens"":5,""reasoning_tokens"":null,""cached_tokens"":null,""cache_write_tokens"":null,""total_tokens"":1225},""cost_usd"":0.0001359,""generation_id"":""gen-1786875618-sp2a52ZYc948KmESVyzr"",""response_cache_status"":""UNKNOWN"",""observed_provider"":""Groq"",""observed_endpoint"":null,""observed_quantization"":null}],""response_cache_status"":""UNKNOWN"",""raw_action_valid"":true,""action_received"":""SUBMIT"",""value"":""ABCDEFG"",""action_applied"":""SUBMIT"",""coerced_at_zero_credits"":false,""credits_remaining"":3}]"
